edge_id	from_type	from_id	to_type	to_id	relation_kind	directness	rule_id	year_start	year_end	certainty	supporting_claim_ids	path_text
edge-acae3eaa7595107b	group	roman-empire	place	sardinia	group_place	direct	controls_place	-238	400	probable	clm-rome-controls-sardinia	group:roman-empire → controls_place → place:sardinia
edge-fabab37436c7c977	group	roman-empire	place	malta	group_place	direct	controls_place	-218	400	probable	clm-rome-controls-malta	group:roman-empire → controls_place → place:malta
edge-0be2e5568a6b7253	group	samaritans	place	samaria	group_place	direct	group_present_at	-200	100	attested	clm-group-samaritans-samaria	group:samaritans → group_present_at → place:samaria
edge-0f7f48d968e1042f	group	roman-empire	place	thessalonica	group_place	direct	controls_place	-168	400	probable	clm-rome-controls-thessalonica	group:roman-empire → controls_place → place:thessalonica
edge-813fbffe134427ff	group	roman-empire	place	berea	group_place	direct	controls_place	-168	400	probable	clm-rome-controls-berea	group:roman-empire → controls_place → place:berea
edge-cd488b667aad89bb	group	essenes	place	qumran	group_place	direct	group_present_at	-150	68	probable	clm-essenes-at-qumran	group:essenes → group_present_at → place:qumran
edge-e0836cc06c041755	group	qumran-community	place	qumran	group_place	direct	group_present_at	-150	68	probable	clm-group-qumran-community-qumran	group:qumran-community → group_present_at → place:qumran
edge-746324c235dff499	group	essenes	place	judea	group_place	direct	group_present_at	-150	70	probable	clm-group-essenes-judea	group:essenes → group_present_at → place:judea
edge-1dea1d21ddc67e64	group	roman-empire	place	carthage	group_place	direct	controls_place	-146	400	probable	clm-rome-controls-carthage	group:roman-empire → controls_place → place:carthage
edge-a716d3f06c1f1fdf	group	roman-empire	place	achaia	group_place	direct	controls_place	-146	400	probable	clm-rome-controls-achaia	group:roman-empire → controls_place → place:achaia
edge-30e453529049ba0b	group	roman-empire	place	laodicea	group_place	direct	controls_place	-133	400	probable	clm-rome-controls-laodicea	group:roman-empire → controls_place → place:laodicea
edge-5de2481a62cc0bca	group	roman-empire	place	asia	group_place	direct	controls_place	-133	400	probable	clm-rome-controls-asia	group:roman-empire → controls_place → place:asia
edge-85956cc78f63dc03	group	roman-empire	place	ephesus	group_place	direct	controls_place	-133	400	probable	clm-rome-controls-ephesus	group:roman-empire → controls_place → place:ephesus
edge-97aebccda0225658	group	roman-empire	place	pergamum	group_place	direct	controls_place	-133	400	probable	clm-rome-controls-pergamum	group:roman-empire → controls_place → place:pergamum
edge-9b5d2b608b1f3591	group	roman-empire	place	smyrna	group_place	direct	controls_place	-133	400	probable	clm-rome-controls-smyrna	group:roman-empire → controls_place → place:smyrna
edge-a5d3d45b98089f0c	group	roman-empire	place	patmos	group_place	direct	controls_place	-133	400	probable	clm-rome-controls-patmos	group:roman-empire → controls_place → place:patmos
edge-b5e03f3812559d79	group	roman-empire	place	thyatira	group_place	direct	controls_place	-133	400	probable	clm-rome-controls-thyatira	group:roman-empire → controls_place → place:thyatira
edge-bc4e669d4215db7a	group	roman-empire	place	colossae	group_place	direct	controls_place	-133	400	probable	clm-rome-controls-colossae	group:roman-empire → controls_place → place:colossae
edge-bd2df433e13c9414	group	roman-empire	place	hierapolis	group_place	direct	controls_place	-133	400	probable	clm-rome-controls-hierapolis	group:roman-empire → controls_place → place:hierapolis
edge-bfc5170278db2a7e	group	roman-empire	place	philadelphia-asia	group_place	direct	controls_place	-133	400	probable	clm-rome-controls-philadelphia	group:roman-empire → controls_place → place:philadelphia-asia
edge-c01777a55ed5266b	group	roman-empire	place	miletus	group_place	direct	controls_place	-133	400	probable	clm-rome-controls-miletus	group:roman-empire → controls_place → place:miletus
edge-c8a0c9c9bc00080d	group	roman-empire	place	phrygia	group_place	direct	controls_place	-133	400	probable	clm-rome-controls-phrygia	group:roman-empire → controls_place → place:phrygia
edge-e2ae81573f71fff7	group	roman-empire	place	troas	group_place	direct	controls_place	-133	400	probable	clm-rome-controls-troas	group:roman-empire → controls_place → place:troas
edge-ecb344d4ba846772	group	roman-empire	place	sardis	group_place	direct	controls_place	-133	400	probable	clm-rome-controls-sardis	group:roman-empire → controls_place → place:sardis
edge-4ec711ac98fa3a7a	group	roman-empire	place	gaul	group_place	direct	controls_place	-121	400	probable	clm-rome-controls-gaul	group:roman-empire → controls_place → place:gaul
edge-ace20167604701dc	group	roman-empire	place	athens	group_place	direct	controls_place	-86	400	probable	clm-rome-controls-athens	group:roman-empire → controls_place → place:athens
edge-14c531c2c9cf14c9	group	roman-empire	place	bithynia	group_place	direct	controls_place	-74	400	probable	clm-rome-controls-bithynia	group:roman-empire → controls_place → place:bithynia
edge-847ec3215278f74b	group	roman-empire	place	crete	group_place	direct	controls_place	-67	400	probable	clm-rome-controls-crete	group:roman-empire → controls_place → place:crete
edge-157c779ed4cd17eb	group	roman-empire	place	damascus	group_place	direct	controls_place	-64	272	probable	clm-rome-controls-damascus	group:roman-empire → controls_place → place:damascus
edge-217e9e1a75ac14b9	group	roman-empire	place	tyre	group_place	direct	controls_place	-64	400	probable	clm-rome-controls-tyre	group:roman-empire → controls_place → place:tyre
edge-69aeede2169717a6	group	roman-empire	place	sidon	group_place	direct	controls_place	-64	400	probable	clm-rome-controls-sidon	group:roman-empire → controls_place → place:sidon
edge-b84b76505eba5da8	group	roman-empire	place	neocaesarea	group_place	direct	controls_place	-64	400	probable	clm-rome-controls-neocaesarea	group:roman-empire → controls_place → place:neocaesarea
edge-c4eae5617dbf7631	group	roman-empire	place	antioch	group_place	direct	controls_place	-64	400	probable	clm-rome-controls-antioch	group:roman-empire → controls_place → place:antioch
edge-f2702a844cb5fac8	group	roman-empire	place	pontus	group_place	direct	controls_place	-64	400	probable	clm-rome-controls-pontus	group:roman-empire → controls_place → place:pontus
edge-1ff0962ea7ad2606	group	roman-empire	place	joppa	group_place	direct	controls_place	-63	400	probable	clm-rome-controls-joppa	group:roman-empire → controls_place → place:joppa
edge-2897452994ea432f	group	roman-empire	place	nazareth	group_place	direct	controls_place	-63	400	probable	clm-rome-controls-nazareth	group:roman-empire → controls_place → place:nazareth
edge-2a33a9c1c481afc9	group	roman-empire	place	bethsaida	group_place	direct	controls_place	-63	400	probable	clm-rome-controls-bethsaida	group:roman-empire → controls_place → place:bethsaida
edge-35a38758c037908b	group	roman-empire	place	jerusalem	group_place	direct	controls_place	-63	400	probable	clm-rome-controls-jerusalem	group:roman-empire → controls_place → place:jerusalem
edge-3e2917d409f1a975	group	roman-empire	place	lydda	group_place	direct	controls_place	-63	400	probable	clm-rome-controls-lydda	group:roman-empire → controls_place → place:lydda
edge-623aac0fc7b4152e	group	roman-empire	place	jericho	group_place	direct	controls_place	-63	400	probable	clm-rome-controls-jericho	group:roman-empire → controls_place → place:jericho
edge-95861401d848a084	group	roman-empire	place	caesarea	group_place	direct	controls_place	-63	400	probable	clm-rome-controls-caesarea	group:roman-empire → controls_place → place:caesarea
edge-a956cc0d9fe07ae7	group	roman-empire	place	capernaum	group_place	direct	controls_place	-63	400	probable	clm-rome-controls-capernaum	group:roman-empire → controls_place → place:capernaum
edge-cc639ac626174de6	group	roman-empire	place	bethany-near-jerusalem	group_place	direct	controls_place	-63	400	probable	clm-rome-controls-bethany	group:roman-empire → controls_place → place:bethany-near-jerusalem
edge-e7bc7b45b8ce90ba	group	roman-empire	place	galilee	group_place	direct	controls_place	-63	400	probable	clm-rome-controls-galilee	group:roman-empire → controls_place → place:galilee
edge-f0550fcfdadccf79	group	roman-empire	place	samaria	group_place	direct	controls_place	-63	400	probable	clm-rome-controls-samaria	group:roman-empire → controls_place → place:samaria
edge-03e83ac0ef210ab7	group	roman-empire	place	cyprus	group_place	direct	controls_place	-58	400	probable	clm-rome-controls-cyprus	group:roman-empire → controls_place → place:cyprus
edge-cffcc620a6d07e84	group	roman-empire	place	nicopolis	group_place	direct	controls_place	-31	400	probable	clm-rome-controls-nicopolis	group:roman-empire → controls_place → place:nicopolis
edge-10538cf84cb80cbd	group	roman-empire	place	alexandria	group_place	direct	controls_place	-30	400	probable	clm-rome-controls-alexandria	group:roman-empire → controls_place → place:alexandria
edge-f6e0a8efb87d83fe	group	roman-empire	place	egypt	group_place	direct	controls_place	-30	400	probable	clm-rome-controls-egypt	group:roman-empire → controls_place → place:egypt
edge-0e769174671a28db	group	roman-empire	place	lyons	group_place	direct	controls_place	-27	400	probable	clm-rome-controls-lyons	group:roman-empire → controls_place → place:lyons
edge-87b5bd94eadabf93	group	roman-empire	place	rome	group_place	direct	controls_place	-27	400	probable	clm-rome-controls-rome-city	group:roman-empire → controls_place → place:rome
edge-3db61bb16cb7757a	group	roman-empire	place	derbe	group_place	direct	controls_place	-25	400	probable	clm-rome-controls-derbe	group:roman-empire → controls_place → place:derbe
edge-a1f4240905afc465	group	roman-empire	place	lystra	group_place	direct	controls_place	-25	400	probable	clm-rome-controls-lystra	group:roman-empire → controls_place → place:lystra
edge-a9667f9fe32a6643	group	roman-empire	place	galatia	group_place	direct	controls_place	-25	400	probable	clm-rome-controls-galatia	group:roman-empire → controls_place → place:galatia
edge-1bc56c9a428f53b2	group	roman-empire	place	caesarea-cappadocia	group_place	direct	controls_place	-17	400	probable	clm-rome-controls-caesarea-cappadocia	group:roman-empire → controls_place → place:caesarea-cappadocia
edge-a7ab2e8217c189ec	group	roman-empire	place	cappadocia	group_place	direct	controls_place	-17	400	probable	clm-rome-controls-cappadocia	group:roman-empire → controls_place → place:cappadocia
edge-7c0c57625376d22b	group	zealots	place	judea	group_place	direct	group_present_at	6	70	probable	clm-zealots-at-judea	group:zealots → group_present_at → place:judea
edge-13ed12c3e460069c	person	caiaphas	place	jerusalem	person_place	direct	active_in	18	36	probable	clm-caiaphas-active-jerusalem	person:caiaphas → active_in → place:jerusalem
edge-b01b7f85df155ec0	person	pontius-pilate	place	judea	person_place	direct	active_in	26	36	attested	clm-pilate-active-judea	person:pontius-pilate → active_in → place:judea
edge-d1e97806757010ee	person	herod-antipas	place	galilee	person_place	direct	active_in	26	39	attested	clm-herod-antipas-active-galilee	person:herod-antipas → active_in → place:galilee
edge-eebc4d0fa3ffdc22	event	baptism-of-jesus	place	bethany-beyond-the-jordan	event_place	direct	event_occurs_at	27	27	attested	clm-baptism-at-bethany	event:baptism-of-jesus → event_occurs_at → place:bethany-beyond-the-jordan
edge-13748cfe881ac9ad	group	followers-of-john-the-baptist	place	wilderness-of-judea	group_place	direct	group_present_at	27	28	attested	clm-group-john-judea	group:followers-of-john-the-baptist → group_present_at → place:wilderness-of-judea
edge-1d7937de8f2a129a	person	john-the-baptist	place	wilderness-of-judea	person_place	direct	active_in	27	28	attested	clm-john-active-wilderness	person:john-the-baptist → active_in → place:wilderness-of-judea
edge-95c342b1da8b540a	group	followers-of-john-the-baptist	place	bethany-beyond-the-jordan	group_place	direct	group_present_at	27	28	attested	clm-followers-john-at-bethany	group:followers-of-john-the-baptist → group_present_at → place:bethany-beyond-the-jordan
edge-2e330766b4b7388c	proposition	jesus-teaches-with-unique-authority	place	galilee	proposition_place	derived	person_affirms_proposition+active_in	27	30	probable	clm-jesus-active-galilee|clm-jesus-authority	person:jesus-of-nazareth → person_affirms_proposition → proposition:jesus-teaches-with-unique-authority + person:jesus-of-nazareth → active_in → place:galilee
edge-3300a901a61948bf	proposition	jesus-teaches-with-unique-authority	place	nazareth	proposition_place	derived	person_affirms_proposition+active_in	27	30	probable	clm-jesus-active-nazareth|clm-jesus-authority	person:jesus-of-nazareth → person_affirms_proposition → proposition:jesus-teaches-with-unique-authority + person:jesus-of-nazareth → active_in → place:nazareth
edge-39ae4dc3b5eae396	proposition	kingdom-of-god-has-drawn-near	place	nazareth	proposition_place	derived	person_affirms_proposition+active_in	27	30	probable	clm-jesus-active-nazareth|clm-jesus-kingdom	person:jesus-of-nazareth → person_affirms_proposition → proposition:kingdom-of-god-has-drawn-near + person:jesus-of-nazareth → active_in → place:nazareth
edge-4cb03db3695680df	person	jesus-of-nazareth	place	nazareth	person_place	direct	active_in	27	30	attested	clm-jesus-active-nazareth	person:jesus-of-nazareth → active_in → place:nazareth
edge-55fc19a34d39d8e5	person	simon-peter	place	galilee	person_place	direct	active_in	27	30	attested	clm-peter-active-galilee	person:simon-peter → active_in → place:galilee
edge-701dd25d2390c5c2	proposition	disciples-are-called-to-follow-jesus	place	nazareth	proposition_place	derived	person_affirms_proposition+active_in	27	30	probable	clm-jesus-active-nazareth|clm-jesus-follow	person:jesus-of-nazareth → person_affirms_proposition → proposition:disciples-are-called-to-follow-jesus + person:jesus-of-nazareth → active_in → place:nazareth
edge-70bf1136493923b3	person	james-son-of-zebedee	place	galilee	person_place	direct	active_in	27	30	attested	clm-james-zebedee-active-galilee	person:james-son-of-zebedee → active_in → place:galilee
edge-7cea0f64055b8739	person	mary-mother-of-jesus	place	galilee	person_place	direct	active_in	27	30	probable	clm-mary-mother-active-galilee	person:mary-mother-of-jesus → active_in → place:galilee
edge-859b1af741104018	group	pharisees	place	galilee	group_place	direct	group_present_at	27	30	attested	clm-pharisees-at-galilee	group:pharisees → group_present_at → place:galilee
edge-9bce6142ede29eac	person	john-son-of-zebedee	place	galilee	person_place	direct	active_in	27	30	attested	clm-john-zebedee-active-galilee	person:john-son-of-zebedee → active_in → place:galilee
edge-a10dd21a7e62bd0b	person	jesus-of-nazareth	place	galilee	person_place	direct	active_in	27	30	attested	clm-jesus-active-galilee	person:jesus-of-nazareth → active_in → place:galilee
edge-a9edfeb5f47365fe	proposition	kingdom-of-god-has-drawn-near	place	galilee	proposition_place	derived	person_affirms_proposition+active_in	27	30	probable	clm-jesus-active-galilee|clm-jesus-kingdom	person:jesus-of-nazareth → person_affirms_proposition → proposition:kingdom-of-god-has-drawn-near + person:jesus-of-nazareth → active_in → place:galilee
edge-cfcb788b810cefc3	proposition	disciples-are-called-to-follow-jesus	place	galilee	proposition_place	derived	person_affirms_proposition+active_in	27	30	probable	clm-jesus-active-galilee|clm-jesus-follow	person:jesus-of-nazareth → person_affirms_proposition → proposition:disciples-are-called-to-follow-jesus + person:jesus-of-nazareth → active_in → place:galilee
edge-d5127de703df827e	group	followers-of-john-the-baptist	place	judea	group_place	direct	group_present_at	27	30	probable	clm-followers-john-at-judea	group:followers-of-john-the-baptist → group_present_at → place:judea
edge-e7c8301e70b497c6	group	pharisees	place	judea	group_place	direct	group_present_at	27	30	probable	clm-group-pharisees-judea	group:pharisees → group_present_at → place:judea
edge-f63214162990b973	person	andrew	place	galilee	person_place	direct	active_in	27	30	attested	clm-andrew-active-galilee	person:andrew → active_in → place:galilee
edge-4ac523ad91881a3a	group	herodians	place	judea	group_place	direct	group_present_at	27	40	attested	clm-herodians-at-judea	group:herodians → group_present_at → place:judea
edge-675d0f9a6a420acc	group	roman-empire	place	judea	group_place	direct	controls_place	27	66	attested	clm-group-roman-empire-judea	group:roman-empire → controls_place → place:judea
edge-498235afe5918d06	group	pharisees	place	jerusalem	group_place	direct	group_present_at	27	70	attested	clm-pharisees-at-jerusalem	group:pharisees → group_present_at → place:jerusalem
edge-d294ecf664461af9	group	sadducees	place	jerusalem	group_place	direct	group_present_at	27	70	probable	clm-group-sadducees-jerusalem	group:sadducees → group_present_at → place:jerusalem
edge-78be14b84174d522	event	calling-of-the-first-disciples	place	capernaum	event_place	direct	event_occurs_at	28	28	probable	clm-calling-at-capernaum	event:calling-of-the-first-disciples → event_occurs_at → place:capernaum
edge-cfa06b5196dede79	event	sermon-on-the-mount	place	galilee	event_place	direct	event_occurs_at	28	28	attested	clm-sermon-at-galilee	event:sermon-on-the-mount → event_occurs_at → place:galilee
edge-494b18b7c6522502	person	philip-the-apostle	place	bethsaida	person_place	direct	active_in	28	30	attested	clm-philip-apostle-active-bethsaida	person:philip-the-apostle → active_in → place:bethsaida
edge-4c81a3b952ab2b36	person	judas-iscariot	place	jerusalem	person_place	direct	active_in	28	30	attested	clm-judas-iscariot-active-jerusalem	person:judas-iscariot → active_in → place:jerusalem
edge-521c14a509b7c965	person	judas-iscariot	place	galilee	person_place	direct	active_in	28	30	attested	clm-judas-iscariot-active-galilee	person:judas-iscariot → active_in → place:galilee
edge-5466c331c3131fa4	group	herodians	place	galilee	group_place	direct	group_present_at	28	30	attested	clm-group-herodians-galilee	group:herodians → group_present_at → place:galilee
edge-7030bf2266aff6ed	person	nathanael	place	cana	person_place	direct	active_in	28	30	probable	clm-nathanael-active-cana	person:nathanael → active_in → place:cana
edge-8e434a1e984753f4	person	mary-magdalene	place	galilee	person_place	direct	active_in	28	30	attested	clm-mary-magdalene-active-galilee	person:mary-magdalene → active_in → place:galilee
edge-997945036fa6ba48	person	thomas	place	galilee	person_place	direct	active_in	28	30	probable	clm-thomas-active-galilee	person:thomas → active_in → place:galilee
edge-aed578c22ef07aae	person	matthew-the-apostle	place	galilee	person_place	direct	active_in	28	30	probable	clm-matthew-active-galilee	person:matthew-the-apostle → active_in → place:galilee
edge-b4c629cc4b30067c	person	matthew-the-apostle	place	jerusalem	person_place	direct	active_in	28	30	probable	clm-matthew-active-jerusalem	person:matthew-the-apostle → active_in → place:jerusalem
edge-c64b060f2073fd1b	person	bartholomew	place	galilee	person_place	direct	active_in	28	30	probable	clm-bartholomew-active-galilee	person:bartholomew → active_in → place:galilee
edge-c7698d725c9ded70	group	disciples-of-jesus	place	galilee	group_place	direct	group_present_at	28	30	attested	clm-group-disciples-galilee	group:disciples-of-jesus → group_present_at → place:galilee
edge-f101b29490ad4b0d	person	philip-the-apostle	place	galilee	person_place	direct	active_in	28	30	attested	clm-philip-apostle-active-galilee	person:philip-the-apostle → active_in → place:galilee
edge-33513ad22639ab20	person	martha-of-bethany	place	jerusalem	person_place	direct	active_in	29	30	probable	clm-martha-active-jerusalem	person:martha-of-bethany → active_in → place:jerusalem
edge-62c188070e8df600	person	lazarus-of-bethany	place	bethany-near-jerusalem	person_place	direct	active_in	29	30	attested	clm-lazarus-active-bethany	person:lazarus-of-bethany → active_in → place:bethany-near-jerusalem
edge-8edf3d556dd1e102	person	martha-of-bethany	place	bethany-near-jerusalem	person_place	direct	active_in	29	30	attested	clm-martha-active-bethany	person:martha-of-bethany → active_in → place:bethany-near-jerusalem
edge-1d9562f5ed838bf3	proposition	kingdom-of-god-has-drawn-near	place	judea	proposition_place	derived	person_affirms_proposition+active_in	30	30	probable	clm-jesus-active-judea|clm-jesus-kingdom	person:jesus-of-nazareth → person_affirms_proposition → proposition:kingdom-of-god-has-drawn-near + person:jesus-of-nazareth → active_in → place:judea
edge-1e0edf5fd0892bbb	proposition	disciples-are-called-to-follow-jesus	place	judea	proposition_place	derived	person_affirms_proposition+active_in	30	30	probable	clm-jesus-active-judea|clm-jesus-follow	person:jesus-of-nazareth → person_affirms_proposition → proposition:disciples-are-called-to-follow-jesus + person:jesus-of-nazareth → active_in → place:judea
edge-27fd334cf15e6b84	proposition	jesus-teaches-with-unique-authority	place	judea	proposition_place	derived	person_affirms_proposition+active_in	30	30	probable	clm-jesus-active-judea|clm-jesus-authority	person:jesus-of-nazareth → person_affirms_proposition → proposition:jesus-teaches-with-unique-authority + person:jesus-of-nazareth → active_in → place:judea
edge-297791db10d472a6	person	mary-mother-of-jesus	place	jerusalem	person_place	direct	active_in	30	30	attested	clm-mary-mother-active-jerusalem	person:mary-mother-of-jesus → active_in → place:jerusalem
edge-2a53f4852cab228a	group	herodians	place	jerusalem	group_place	direct	group_present_at	30	30	attested	clm-group-herodians-jerusalem	group:herodians → group_present_at → place:jerusalem
edge-34cf0d3eca9d9dae	event	burial-of-jesus	place	jerusalem	event_place	direct	event_occurs_at	30	30	probable	clm-burial-at-jerusalem	event:burial-of-jesus → event_occurs_at → place:jerusalem
edge-3da0ee249c7881ed	group	disciples-of-jesus	place	judea	group_place	direct	group_present_at	30	30	probable	clm-group-disciples-judea	group:disciples-of-jesus → group_present_at → place:judea
edge-4a23aae4c01cb374	person	joseph-of-arimathea	place	jerusalem	person_place	direct	active_in	30	30	attested	clm-joseph-arimathea-active-jerusalem	person:joseph-of-arimathea → active_in → place:jerusalem
edge-52ca1ad752e48c4d	person	mary-magdalene	place	jerusalem	person_place	direct	active_in	30	30	attested	clm-mary-magdalene-active-jerusalem	person:mary-magdalene → active_in → place:jerusalem
edge-676e322adf44d777	event	jesus-before-pilate	place	jerusalem	event_place	direct	event_occurs_at	30	30	probable	clm-jesus-before-pilate-at-jerusalem	event:jesus-before-pilate → event_occurs_at → place:jerusalem
edge-6da8b99dea6b0b61	event	ascension-of-jesus	place	bethany-near-jerusalem	event_place	direct	event_occurs_at	30	30	probable	clm-ascension-at-bethany	event:ascension-of-jesus → event_occurs_at → place:bethany-near-jerusalem
edge-748dab33f8c9ff74	event	crucifixion-of-jesus	place	jerusalem	event_place	direct	event_occurs_at	30	30	attested	clm-crucifixion-at-jerusalem	event:crucifixion-of-jesus → event_occurs_at → place:jerusalem
edge-7cedd2734ea06c6f	event	temple-cleansing	place	jerusalem	event_place	direct	event_occurs_at	30	30	attested	clm-temple-at-jerusalem	event:temple-cleansing → event_occurs_at → place:jerusalem
edge-8632ce91c1c5cde5	person	nicodemus	place	judea	person_place	direct	active_in	30	30	probable	clm-nicodemus-active-judea	person:nicodemus → active_in → place:judea
edge-8bcb45fb8766fae0	event	pentecost	place	jerusalem	event_place	direct	event_occurs_at	30	30	attested	clm-pentecost-at-jerusalem	event:pentecost → event_occurs_at → place:jerusalem
edge-8d90e916e490f7bf	event	last-supper	place	jerusalem	event_place	direct	event_occurs_at	30	30	probable	clm-last-supper-at-jerusalem	event:last-supper → event_occurs_at → place:jerusalem
edge-9fc5a87894dc0ff9	event	resurrection-of-jesus	place	jerusalem	event_place	direct	event_occurs_at	30	30	probable	clm-resurrection-at-jerusalem	event:resurrection-of-jesus → event_occurs_at → place:jerusalem
edge-ab0623e157adcac2	person	nicodemus	place	jerusalem	person_place	direct	active_in	30	30	attested	clm-nicodemus-active-jerusalem	person:nicodemus → active_in → place:jerusalem
edge-acbdc65ad5df1a18	event	triumphal-entry-into-jerusalem	place	jerusalem	event_place	direct	event_occurs_at	30	30	attested	clm-jesus-entry-at-jerusalem	event:triumphal-entry-into-jerusalem → event_occurs_at → place:jerusalem
edge-d9ec9ccb8fc0fadf	person	joseph-of-arimathea	place	judea	person_place	direct	active_in	30	30	probable	clm-joseph-arimathea-disciple-area	person:joseph-of-arimathea → active_in → place:judea
edge-db6e26a938bc9a0d	person	jesus-of-nazareth	place	judea	person_place	direct	active_in	30	30	probable	clm-jesus-active-judea	person:jesus-of-nazareth → active_in → place:judea
edge-de15df200e0aa878	person	thomas	place	jerusalem	person_place	direct	active_in	30	30	attested	clm-thomas-active-jerusalem	person:thomas → active_in → place:jerusalem
edge-ed4c2e75e60c871b	event	arrest-of-jesus	place	jerusalem	event_place	direct	event_occurs_at	30	30	probable	clm-arrest-at-jerusalem	event:arrest-of-jesus → event_occurs_at → place:jerusalem
edge-8df4dc0bf1b61017	person	philip-the-apostle	place	jerusalem	person_place	direct	active_in	30	40	probable	clm-philip-apostle-active-jerusalem	person:philip-the-apostle → active_in → place:jerusalem
edge-9759561347ebd839	person	andrew	place	jerusalem	person_place	direct	active_in	30	40	probable	clm-andrew-active-jerusalem	person:andrew → active_in → place:jerusalem
edge-02e4c6a59e2edbe4	person	james-son-of-zebedee	place	jerusalem	person_place	direct	active_in	30	44	attested	clm-james-zebedee-active-jerusalem	person:james-son-of-zebedee → active_in → place:jerusalem
edge-bbc41fb160d39f40	person	simon-peter	place	jerusalem	person_place	direct	active_in	30	44	attested	clm-peter-active-jerusalem	person:simon-peter → active_in → place:jerusalem
edge-f6c0c6103029aad4	person	john-son-of-zebedee	place	jerusalem	person_place	direct	active_in	30	50	attested	clm-john-zebedee-active-jerusalem	person:john-son-of-zebedee → active_in → place:jerusalem
edge-0561c55077afc475	proposition	christ-truly-became-flesh	place	samaria	proposition_place	derived	person_opposes_proposition+active_in	30	65	probable	clm-simon-magus-active-samaria|clm-simon-magus-opposes-incarnation	person:simon-magus → person_opposes_proposition → proposition:christ-truly-became-flesh + person:simon-magus → active_in → place:samaria
edge-39e7a3347125303c	proposition	logos-is-pre-existent-son-of-god	place	samaria	proposition_place	derived	person_opposes_proposition+active_in	30	65	probable	clm-ebionites-oppose-logos|clm-simon-magus-active-samaria	person:simon-magus → person_opposes_proposition → proposition:logos-is-pre-existent-son-of-god + person:simon-magus → active_in → place:samaria
edge-57ea431a4afbe412	person	simon-magus	place	samaria	person_place	direct	active_in	30	65	probable	clm-simon-magus-active-samaria	person:simon-magus → active_in → place:samaria
edge-760da72b00d5be4b	proposition	apostolic-succession-transmits-faith	place	samaria	proposition_place	derived	person_opposes_proposition+active_in	30	65	probable	clm-simon-magus-active-samaria|clm-simon-magus-opposes-apostolic-succession	person:simon-magus → person_opposes_proposition → proposition:apostolic-succession-transmits-faith + person:simon-magus → active_in → place:samaria
edge-ca799240b94eb2b8	proposition	old-testament-is-authoritative-scripture	place	samaria	proposition_place	derived	person_opposes_proposition+active_in	30	65	probable	clm-simon-magus-active-samaria|clm-simon-magus-opposes-ot-scripture	person:simon-magus → person_opposes_proposition → proposition:old-testament-is-authoritative-scripture + person:simon-magus → active_in → place:samaria
edge-28927c3488f0809d	group	disciples-of-jesus	place	jerusalem	group_place	direct	group_present_at	30	70	attested	clm-disciples-at-jerusalem-early	group:disciples-of-jesus → group_present_at → place:jerusalem
edge-0c03d05138f763ee	group	jerusalem-church	place	jerusalem	group_place	direct	group_present_at	30	135	attested	clm-group-jerusalem-church-jerusalem	group:jerusalem-church → group_present_at → place:jerusalem
edge-82d5f0dc77a6ca16	person	stephen	place	jerusalem	person_place	direct	active_in	33	34	attested	clm-stephen-active-jerusalem	person:stephen → active_in → place:jerusalem
edge-42f2edaf5d59011b	person	philip-the-evangelist	place	joppa	person_place	direct	active_in	33	35	probable	clm-philip-evang-active-joppa	person:philip-the-evangelist → active_in → place:joppa
edge-dd3902f4d4f6d1ca	person	philip-the-evangelist	place	samaria	person_place	direct	active_in	33	35	attested	clm-philip-evangelist-active-samaria	person:philip-the-evangelist → active_in → place:samaria
edge-ad2bcbb97bd86998	group	disciples-of-jesus	place	samaria	group_place	direct	group_present_at	33	40	attested	clm-group-disciples-samaria	group:disciples-of-jesus → group_present_at → place:samaria
edge-16ccc15a6afcf89c	person	barnabas	place	jerusalem	person_place	direct	active_in	33	42	attested	clm-barnabas-active-jerusalem	person:barnabas → active_in → place:jerusalem
edge-4efac62c5386f9cc	person	john-mark	place	jerusalem	person_place	direct	active_in	33	46	attested	clm-john-mark-active-jerusalem	person:john-mark → active_in → place:jerusalem
edge-dc48b2a310d0be36	person	silas	place	jerusalem	person_place	direct	active_in	33	49	attested	clm-silas-active-jerusalem	person:silas → active_in → place:jerusalem
edge-b462fc6617958086	person	james-the-just	place	jerusalem	person_place	direct	bishop_of	33	62	probable	clm-james-just-bishop-jerusalem	person:james-the-just → bishop_of → place:jerusalem
edge-5a6ef11bb97b8111	person	ananias-of-damascus	place	damascus	person_place	direct	active_in	34	34	attested	clm-ananias-of-damascus-active-damascus	person:ananias-of-damascus → active_in → place:damascus
edge-5d8f63f42b25ecfc	event	pauls-conversion	place	damascus	event_place	direct	event_occurs_at	34	34	attested	clm-conversion-at-damascus	event:pauls-conversion → event_occurs_at → place:damascus
edge-6be41f4e79d58d02	person	judas-damascus-householder	place	damascus	person_place	direct	active_in	34	34	attested	clm-judas-damascus-householder-active-damascus	person:judas-damascus-householder → active_in → place:damascus
edge-7f8b37a0383423d1	event	jerusalem-persecution-after-stephen	place	jerusalem	event_place	direct	event_occurs_at	34	34	attested	clm-jerusalem-persecution-after-stephen-at-jerusalem	event:jerusalem-persecution-after-stephen → event_occurs_at → place:jerusalem
edge-f213f12b56d2f925	event	stephens-martyrdom	place	jerusalem	event_place	direct	event_occurs_at	34	34	attested	clm-stephens-martyrdom-at-jerusalem	event:stephens-martyrdom → event_occurs_at → place:jerusalem
edge-8ee809a28af3523f	person	paul	place	damascus	person_place	direct	active_in	34	36	attested	clm-paul-active-damascus	person:paul → active_in → place:damascus
edge-fd945ac4ad5b6297	group	disciples-of-jesus	place	damascus	group_place	direct	group_present_at	34	50	attested	clm-disciples-at-damascus	group:disciples-of-jesus → group_present_at → place:damascus
edge-194a0eb01f9e948d	person	simon-peter	place	samaria	person_place	direct	active_in	35	45	attested	clm-peter-active-samaria	person:simon-peter → active_in → place:samaria
edge-438584ed65df6dc5	person	paul	place	galilee	person_place	direct	active_in	36	36	probable	clm-paul-active-galilee-area	person:paul → active_in → place:galilee
edge-399006b89e6829bb	person	paul	place	jerusalem	person_place	direct	active_in	36	57	attested	clm-paul-active-jerusalem	person:paul → active_in → place:jerusalem
edge-1213ba9842a463c0	group	disciples-of-jesus	place	joppa	group_place	direct	group_present_at	39	40	attested	clm-group-disciples-joppa	group:disciples-of-jesus → group_present_at → place:joppa
edge-3ab2320b7f30676d	person	simon-the-tanner	place	joppa	person_place	direct	active_in	39	40	attested	clm-simon-the-tanner-active-joppa	person:simon-the-tanner → active_in → place:joppa
edge-492ef823272343bf	person	tabitha	place	joppa	person_place	direct	active_in	39	40	attested	clm-tabitha-active-joppa	person:tabitha → active_in → place:joppa
edge-8d7feb40e3166b01	person	simon-peter	place	joppa	person_place	direct	active_in	39	40	attested	clm-peter-active-joppa	person:simon-peter → active_in → place:joppa
edge-be24034b38b0ab25	person	simon-peter	place	lydda	person_place	direct	active_in	39	40	attested	clm-peter-active-lydda	person:simon-peter → active_in → place:lydda
edge-e8d86273ac4a52b0	person	aeneas	place	lydda	person_place	direct	active_in	39	40	attested	clm-aeneas-active-lydda	person:aeneas → active_in → place:lydda
edge-c377310ebd21b85e	group	disciples-of-jesus	place	lydda	group_place	direct	group_present_at	39	50	probable	clm-disciples-at-lydda	group:disciples-of-jesus → group_present_at → place:lydda
edge-6b87e40904780f97	person	simon-peter	place	caesarea	person_place	direct	active_in	40	40	attested	clm-peter-active-caesarea	person:simon-peter → active_in → place:caesarea
edge-48e4e16288c13e30	person	cornelius	place	caesarea	person_place	direct	active_in	40	41	attested	clm-cornelius-active-caesarea	person:cornelius → active_in → place:caesarea
edge-915166b7afa6dc2c	person	simon-peter	place	antioch	person_place	direct	bishop_of	40	55	probable	clm-peter-bishop-antioch	person:simon-peter → bishop_of → place:antioch
edge-8fd4c786010cd7e5	group	disciples-of-jesus	place	caesarea	group_place	direct	group_present_at	40	62	attested	clm-group-disciples-caesarea	group:disciples-of-jesus → group_present_at → place:caesarea
edge-6a5f1455497851c1	group	disciples-of-jesus	place	antioch	group_place	direct	group_present_at	40	70	attested	clm-disciples-at-antioch	group:disciples-of-jesus → group_present_at → place:antioch
edge-a0484775040185a8	group	antioch-church	place	antioch	group_place	direct	group_present_at	40	400	attested	clm-group-antioch-church-antioch	group:antioch-church → group_present_at → place:antioch
edge-c2c82cb2db988b50	person	herod-agrippa-i	place	jerusalem	person_place	direct	active_in	41	44	attested	clm-herod-agrippa-active-jerusalem	person:herod-agrippa-i → active_in → place:jerusalem
edge-f8eb1503db877042	person	barnabas	place	antioch	person_place	direct	active_in	42	48	attested	clm-barnabas-active-antioch	person:barnabas → active_in → place:antioch
edge-bcd9594efe57a9f7	group	roman-empire	place	britannia	group_place	direct	controls_place	43	400	probable	clm-rome-controls-britannia	group:roman-empire → controls_place → place:britannia
edge-1895c881790bf72f	event	herodian-persecution-of-jerusalem-church	place	jerusalem	event_place	direct	event_occurs_at	44	44	attested	clm-herodian-persecution-at-jerusalem	event:herodian-persecution-of-jerusalem-church → event_occurs_at → place:jerusalem
edge-af393f6535b4c8f6	event	james-son-of-zebedee-martyrdom	place	jerusalem	event_place	direct	event_occurs_at	44	44	probable	clm-james-zebedee-martyrdom-at-jerusalem	event:james-son-of-zebedee-martyrdom → event_occurs_at → place:jerusalem
edge-85e43f3a8ef52d6b	person	agabus	place	antioch	person_place	direct	active_in	44	46	attested	clm-agabus-active-antioch	person:agabus → active_in → place:antioch
edge-fc334cbce532c14a	person	john-mark	place	antioch	person_place	direct	active_in	44	46	attested	clm-john-mark-active-antioch	person:john-mark → active_in → place:antioch
edge-a7f76e57b4ad709c	person	paul	place	antioch	person_place	direct	active_in	44	48	attested	clm-paul-active-antioch	person:paul → active_in → place:antioch
edge-4e8f8d3af0b47b3e	person	luke-the-evangelist	place	antioch	person_place	direct	active_in	44	50	probable	clm-luke-active-antioch	person:luke-the-evangelist → active_in → place:antioch
edge-0bc26f93073c4e3c	person	john-mark	place	salamis	person_place	direct	active_in	46	46	attested	clm-john-mark-active-salamis	person:john-mark → active_in → place:salamis
edge-0e70bc3e66d73b36	person	sergius-paulus	place	paphos	person_place	direct	active_in	46	46	attested	clm-sergius-paulus-active-paphos	person:sergius-paulus → active_in → place:paphos
edge-13d8b4d62ee178d3	person	barnabas	place	cyprus	person_place	direct	active_in	46	46	attested	clm-barnabas-active-cyprus	person:barnabas → active_in → place:cyprus
edge-27227da7aa25f00d	person	barnabas	place	salamis	person_place	direct	active_in	46	46	attested	clm-barnabas-active-salamis	person:barnabas → active_in → place:salamis
edge-34e5d30887f5a6ac	person	paul	place	salamis	person_place	direct	active_in	46	46	attested	clm-paul-active-salamis	person:paul → active_in → place:salamis
edge-40ca2e1639a540f1	person	barnabas	place	paphos	person_place	direct	active_in	46	46	attested	clm-barnabas-active-paphos	person:barnabas → active_in → place:paphos
edge-4b2aeec03c91f5b8	person	manaen	place	antioch	person_place	direct	active_in	46	46	attested	clm-manaen-active-antioch	person:manaen → active_in → place:antioch
edge-60623b4f1f38a483	person	paul	place	cyprus	person_place	direct	active_in	46	46	attested	clm-paul-active-cyprus	person:paul → active_in → place:cyprus
edge-ae0b0223c59d3b5b	group	disciples-of-jesus	place	paphos	group_place	direct	group_present_at	46	46	attested	clm-group-disciples-paphos	group:disciples-of-jesus → group_present_at → place:paphos
edge-bc19a8fd6e9e3252	person	lucius-of-cyrene	place	antioch	person_place	direct	active_in	46	46	attested	clm-lucius-of-cyrene-active-antioch	person:lucius-of-cyrene → active_in → place:antioch
edge-daf63cb6e51c0d98	person	john-mark	place	paphos	person_place	direct	active_in	46	46	attested	clm-john-mark-active-paphos	person:john-mark → active_in → place:paphos
edge-dd5b8c775c0144c0	person	john-mark	place	cyprus	person_place	direct	active_in	46	46	attested	clm-john-mark-active-cyprus	person:john-mark → active_in → place:cyprus
edge-e50d0a61e9daaa41	person	paul	place	paphos	person_place	direct	active_in	46	46	attested	clm-paul-active-paphos	person:paul → active_in → place:paphos
edge-edc7bdc63df3c4f5	person	simeon-called-niger	place	antioch	person_place	direct	active_in	46	46	attested	clm-simeon-called-niger-active-antioch	person:simeon-called-niger → active_in → place:antioch
edge-3437991caa1fd837	person	barnabas	place	derbe	person_place	direct	active_in	46	47	attested	clm-barnabas-active-derbe	person:barnabas → active_in → place:derbe
edge-f16e87be917469d3	person	barnabas	place	galatia	person_place	direct	active_in	46	47	probable	clm-barnabas-active-galatia	person:barnabas → active_in → place:galatia
edge-f204f2641d9f4c2d	person	barnabas	place	lystra	person_place	direct	active_in	46	47	attested	clm-barnabas-active-lystra	person:barnabas → active_in → place:lystra
edge-61fd60bd3f8bcc0e	person	paul	place	derbe	person_place	direct	active_in	46	49	attested	clm-paul-active-derbe	person:paul → active_in → place:derbe
edge-70418232f9ea1819	person	paul	place	galatia	person_place	direct	active_in	46	49	probable	clm-paul-active-galatia	person:paul → active_in → place:galatia
edge-9d088f823cca3acc	person	paul	place	lystra	person_place	direct	active_in	46	49	attested	clm-paul-active-lystra	person:paul → active_in → place:lystra
edge-0fe512e47a2ae194	person	silas	place	lystra	person_place	direct	active_in	49	49	probable	clm-silas-active-lystra	person:silas → active_in → place:lystra
edge-13a78c486df60321	proposition	gentile-believers-need-not-be-circumcised	place	galatia	proposition_place	derived	work_affirms_proposition+addressed_to_place	49	49	probable	clm-galatians-addressed-galatia|clm-galatians-gentiles	work:epistle-to-the-galatians → work_affirms_proposition → proposition:gentile-believers-need-not-be-circumcised + work:epistle-to-the-galatians → addressed_to_place → place:galatia
edge-2b14e86c6b3c7ea3	proposition	gentile-believers-need-not-be-circumcised	place	caesarea	proposition_place	derived	person_affirms_proposition+active_in	49	49	probable	clm-peter-active-caesarea|clm-peter-gentile-inclusion	person:simon-peter → person_affirms_proposition → proposition:gentile-believers-need-not-be-circumcised + person:simon-peter → active_in → place:caesarea
edge-436af4381cc80479	proposition	gentile-believers-need-not-be-circumcised	place	antioch	proposition_place	derived	person_affirms_proposition+bishop_of	49	49	probable	clm-peter-bishop-antioch|clm-peter-gentile-inclusion	person:simon-peter → person_affirms_proposition → proposition:gentile-believers-need-not-be-circumcised + person:simon-peter → bishop_of → place:antioch
edge-669352f172c22300	proposition	gentile-believers-need-not-be-circumcised	place	rome	proposition_place	derived	person_affirms_proposition+bishop_of	49	49	probable	clm-peter-bishop-rome|clm-peter-gentile-inclusion	person:simon-peter → person_affirms_proposition → proposition:gentile-believers-need-not-be-circumcised + person:simon-peter → bishop_of → place:rome
edge-910418bb479e46fc	proposition	gentile-believers-need-not-be-circumcised	place	jerusalem	proposition_place	derived	person_affirms_proposition+active_in	49	49	probable	clm-peter-active-jerusalem|clm-peter-gentile-inclusion	person:simon-peter → person_affirms_proposition → proposition:gentile-believers-need-not-be-circumcised + person:simon-peter → active_in → place:jerusalem
edge-93c2184a32ff1222	proposition	gentile-believers-need-not-be-circumcised	place	galilee	proposition_place	derived	person_affirms_proposition+active_in	49	49	probable	clm-peter-active-galilee|clm-peter-gentile-inclusion	person:simon-peter → person_affirms_proposition → proposition:gentile-believers-need-not-be-circumcised + person:simon-peter → active_in → place:galilee
edge-98d613abb1d2593d	person	titus	place	jerusalem	person_place	direct	active_in	49	49	probable	clm-titus-active-jerusalem	person:titus → active_in → place:jerusalem
edge-b08dbb8e919206c4	work	epistle-to-the-galatians	place	galatia	work_place	direct	addressed_to_place	49	49	attested	clm-galatians-addressed-galatia	work:epistle-to-the-galatians → addressed_to_place → place:galatia
edge-bedc570fb4cb9578	proposition	gentile-believers-need-not-be-circumcised	place	joppa	proposition_place	derived	person_affirms_proposition+active_in	49	49	probable	clm-peter-active-joppa|clm-peter-gentile-inclusion	person:simon-peter → person_affirms_proposition → proposition:gentile-believers-need-not-be-circumcised + person:simon-peter → active_in → place:joppa
edge-bfe20f6f7df90802	proposition	gentile-believers-need-not-be-circumcised	place	samaria	proposition_place	derived	person_affirms_proposition+active_in	49	49	probable	clm-peter-active-samaria|clm-peter-gentile-inclusion	person:simon-peter → person_affirms_proposition → proposition:gentile-believers-need-not-be-circumcised + person:simon-peter → active_in → place:samaria
edge-caaf49f5d5a83c18	proposition	gentile-believers-need-not-be-circumcised	place	jerusalem	proposition_place	derived	person_affirms_proposition+bishop_of	49	49	probable	clm-james-gentile-inclusion|clm-james-just-bishop-jerusalem	person:james-the-just → person_affirms_proposition → proposition:gentile-believers-need-not-be-circumcised + person:james-the-just → bishop_of → place:jerusalem
edge-e33001ace7584321	event	council-of-jerusalem	place	jerusalem	event_place	direct	event_occurs_at	49	49	attested	clm-council-at-jerusalem	event:council-of-jerusalem → event_occurs_at → place:jerusalem
edge-f150d8126fba5fd3	proposition	gentile-believers-need-not-be-circumcised	place	lydda	proposition_place	derived	person_affirms_proposition+active_in	49	49	probable	clm-peter-active-lydda|clm-peter-gentile-inclusion	person:simon-peter → person_affirms_proposition → proposition:gentile-believers-need-not-be-circumcised + person:simon-peter → active_in → place:lydda
edge-f17807c9380a298e	person	timothy	place	lystra	person_place	direct	active_in	49	49	attested	clm-timothy-active-lystra	person:timothy → active_in → place:lystra
edge-18452f950efac55f	person	silas	place	thessalonica	person_place	direct	active_in	49	50	attested	clm-silas-active-thessalonica	person:silas → active_in → place:thessalonica
edge-4ab94d457b470b89	person	paul	place	thessalonica	person_place	direct	active_in	49	50	attested	clm-paul-active-thessalonica	person:paul → active_in → place:thessalonica
edge-653692ee5dd306d7	person	silas	place	antioch	person_place	direct	active_in	49	50	attested	clm-silas-active-antioch	person:silas → active_in → place:antioch
edge-71353d02af3655f3	person	silas	place	philippi	person_place	direct	active_in	49	50	attested	clm-silas-active-philippi	person:silas → active_in → place:philippi
edge-7cacc7552253a371	person	timothy	place	antioch	person_place	direct	active_in	49	50	probable	clm-timothy-active-antioch	person:timothy → active_in → place:antioch
edge-95173df2c165b6c1	person	jason	place	thessalonica	person_place	direct	active_in	49	50	attested	clm-jason-active-thessalonica	person:jason → active_in → place:thessalonica
edge-9c7ef20532881d32	person	timothy	place	thessalonica	person_place	direct	active_in	49	50	probable	clm-timothy-active-thessalonica	person:timothy → active_in → place:thessalonica
edge-193e72f0d49b4c13	person	paul	place	philippi	person_place	direct	active_in	49	57	attested	clm-paul-active-philippi	person:paul → active_in → place:philippi
edge-1971caad4bc3b264	person	luke-the-evangelist	place	troas	person_place	direct	active_in	49	57	probable	clm-luke-active-troas	person:luke-the-evangelist → active_in → place:troas
edge-bbddf5ac36756de8	person	luke-the-evangelist	place	philippi	person_place	direct	active_in	49	57	probable	clm-luke-active-philippi	person:luke-the-evangelist → active_in → place:philippi
edge-be2d769b405fc674	person	timothy	place	philippi	person_place	direct	active_in	49	57	probable	clm-timothy-active-philippi	person:timothy → active_in → place:philippi
edge-b109cdc938746b0a	person	lydia	place	philippi	person_place	direct	active_in	49	60	attested	clm-lydia-active-philippi	person:lydia → active_in → place:philippi
edge-70b528756d2c0ba2	group	disciples-of-jesus	place	thessalonica	group_place	direct	group_present_at	49	70	attested	clm-disciples-at-thessalonica	group:disciples-of-jesus → group_present_at → place:thessalonica
edge-c3dc02392befb83a	group	disciples-of-jesus	place	philippi	group_place	direct	group_present_at	49	70	attested	clm-disciples-at-philippi	group:disciples-of-jesus → group_present_at → place:philippi
edge-f72add90f5eb890f	group	disciples-of-jesus	place	rome	group_place	direct	group_present_at	49	70	attested	clm-group-disciples-rome	group:disciples-of-jesus → group_present_at → place:rome
edge-66f1c14cc06755c1	group	philippian-church	place	philippi	group_place	direct	group_present_at	49	200	attested	clm-group-philippian-church-philippi	group:philippian-church → group_present_at → place:philippi
edge-283347221a1e268c	group	roman-empire	place	philippi	group_place	direct	controls_place	49	400	probable	clm-group-roman-empire-philippi	group:roman-empire → controls_place → place:philippi
edge-02a345bba2509e25	person	paul	place	athens	person_place	direct	active_in	50	50	attested	clm-paul-active-athens	person:paul → active_in → place:athens
edge-4fa8125ae8b2724e	person	timothy	place	berea	person_place	direct	active_in	50	50	attested	clm-timothy-active-berea	person:timothy → active_in → place:berea
edge-60dbab2ee23d3430	person	paul	place	berea	person_place	direct	active_in	50	50	attested	clm-paul-active-berea	person:paul → active_in → place:berea
edge-7d6c6d6f445d14d6	person	damaris	place	athens	person_place	direct	active_in	50	50	attested	clm-damaris-active-athens	person:damaris → active_in → place:athens
edge-9304ee3a311afdd5	work	first-epistle-to-the-thessalonians	place	thessalonica	work_place	direct	addressed_to_place	50	50	attested	clm-first-thessalonians-addressed-thessalonica	work:first-epistle-to-the-thessalonians → addressed_to_place → place:thessalonica
edge-a9e1f5650b0ea95e	proposition	jesus-is-proclaimed-as-raised	place	thessalonica	proposition_place	derived	work_affirms_proposition+addressed_to_place	50	50	probable	clm-first-thessalonians-addressed-thessalonica|clm-first-thessalonians-resurrection	work:first-epistle-to-the-thessalonians → work_affirms_proposition → proposition:jesus-is-proclaimed-as-raised + work:first-epistle-to-the-thessalonians → addressed_to_place → place:thessalonica
edge-e5336177895dee88	person	dionysius	place	athens	person_place	direct	active_in	50	50	attested	clm-dionysius-active-athens	person:dionysius → active_in → place:athens
edge-edb090baff2def0d	group	disciples-of-jesus	place	athens	group_place	direct	group_present_at	50	50	attested	clm-group-disciples-athens	group:disciples-of-jesus → group_present_at → place:athens
edge-fb7b09988f686f8d	person	silas	place	berea	person_place	direct	active_in	50	50	attested	clm-silas-active-berea	person:silas → active_in → place:berea
edge-42a5d7bd623e2268	person	crispus	place	corinth	person_place	direct	active_in	50	52	attested	clm-crispus-active-corinth	person:crispus → active_in → place:corinth
edge-5143bca5e40a3f6a	person	silas	place	corinth	person_place	direct	active_in	50	52	attested	clm-silas-active-corinth	person:silas → active_in → place:corinth
edge-56b2779fc7c38e73	person	aquila	place	corinth	person_place	direct	active_in	50	52	attested	clm-aquila-active-corinth	person:aquila → active_in → place:corinth
edge-7aa5fec146221147	person	priscilla	place	corinth	person_place	direct	active_in	50	52	attested	clm-priscilla-active-corinth	person:priscilla → active_in → place:corinth
edge-b21f7c20f416aa0a	person	titius-justus	place	corinth	person_place	direct	active_in	50	52	attested	clm-titius-justus-active-corinth	person:titius-justus → active_in → place:corinth
edge-ed5066482f52289b	person	paul	place	corinth	person_place	direct	active_in	50	52	attested	clm-paul-active-corinth	person:paul → active_in → place:corinth
edge-54254afc76c9e8e3	person	timothy	place	corinth	person_place	direct	active_in	50	55	probable	clm-timothy-active-corinth	person:timothy → active_in → place:corinth
edge-6ca429d8b1a6702a	person	stephanas	place	corinth	person_place	direct	active_in	50	55	attested	clm-stephanas-active-corinth	person:stephanas → active_in → place:corinth
edge-82b8e65c1bc28a97	proposition	bartholomew-preached-in-india	place	india-malabar	proposition_place	derived	person_affirms_proposition+active_in	50	70	claimed_tradition	clm-bartholomew-active-india|clm-bartholomew-member-india-christians	person:bartholomew → person_affirms_proposition → proposition:bartholomew-preached-in-india + person:bartholomew → active_in → place:india-malabar
edge-83b307e7b2f91f3f	person	bartholomew	place	india-malabar	person_place	direct	active_in	50	70	claimed_tradition	clm-bartholomew-active-india	person:bartholomew → active_in → place:india-malabar
edge-8488af732d8190db	proposition	bartholomew-preached-in-india	place	galilee	proposition_place	derived	person_affirms_proposition+active_in	50	70	claimed_tradition	clm-bartholomew-active-galilee|clm-bartholomew-member-india-christians	person:bartholomew → person_affirms_proposition → proposition:bartholomew-preached-in-india + person:bartholomew → active_in → place:galilee
edge-8cc199d622b266eb	group	roman-empire	place	corinth	group_place	direct	controls_place	50	70	probable	clm-group-roman-empire-corinth	group:roman-empire → controls_place → place:corinth
edge-96cb51d33aa22877	group	disciples-of-jesus	place	corinth	group_place	direct	group_present_at	50	70	attested	clm-disciples-at-corinth	group:disciples-of-jesus → group_present_at → place:corinth
edge-9ebb690d29fccaad	group	thessalonian-church	place	thessalonica	group_place	direct	group_present_at	50	200	attested	clm-group-thessalonian-church-thessalonica	group:thessalonian-church → group_present_at → place:thessalonica
edge-a16539aab70a6ef9	group	corinthian-church	place	corinth	group_place	direct	group_present_at	50	200	attested	clm-group-corinthian-church-corinth	group:corinthian-church → group_present_at → place:corinth
edge-059313827be2e6ff	proposition	final-judgment-is-coming	place	thessalonica	proposition_place	derived	work_affirms_proposition+addressed_to_place	51	51	probable	clm-second-thessalonians-addressed-thessalonica|clm-second-thessalonians-judgment	work:second-epistle-to-the-thessalonians → work_affirms_proposition → proposition:final-judgment-is-coming + work:second-epistle-to-the-thessalonians → addressed_to_place → place:thessalonica
edge-ed77983cc3987a9c	work	second-epistle-to-the-thessalonians	place	thessalonica	work_place	direct	addressed_to_place	51	51	attested	clm-second-thessalonians-addressed-thessalonica	work:second-epistle-to-the-thessalonians → addressed_to_place → place:thessalonica
edge-3886d49336f1c49f	person	sosthenes	place	corinth	person_place	direct	active_in	51	52	attested	clm-sosthenes-active-corinth	person:sosthenes → active_in → place:corinth
edge-eb67128873d6fff2	person	gallio	place	achaia	person_place	direct	active_in	51	52	attested	clm-gallio-active-achaia	person:gallio → active_in → place:achaia
edge-ac1d70cfd5322137	group	followers-of-john-the-baptist	place	ephesus	group_place	direct	group_present_at	52	52	attested	clm-group-followers-john-ephesus	group:followers-of-john-the-baptist → group_present_at → place:ephesus
edge-77f21f67745e5605	person	aquila	place	ephesus	person_place	direct	active_in	52	55	attested	clm-aquila-active-ephesus	person:aquila → active_in → place:ephesus
edge-c1b152fa5cf599a9	person	priscilla	place	ephesus	person_place	direct	active_in	52	55	attested	clm-priscilla-active-ephesus	person:priscilla → active_in → place:ephesus
edge-e6d0d4a4db423d27	person	paul	place	ephesus	person_place	direct	active_in	52	55	attested	clm-paul-active-ephesus	person:paul → active_in → place:ephesus
edge-11be17b0d9bfb3ca	proposition	thomas-preached-in-india	place	galilee	proposition_place	derived	person_affirms_proposition+active_in	52	72	claimed_tradition	clm-thomas-active-galilee|clm-thomas-affirms-thomas-india	person:thomas → person_affirms_proposition → proposition:thomas-preached-in-india + person:thomas → active_in → place:galilee
edge-19e03ea63fd23c7f	proposition	thomas-preached-in-india	place	india-malabar	proposition_place	derived	person_affirms_proposition+active_in	52	72	claimed_tradition	clm-thomas-active-india|clm-thomas-affirms-thomas-india	person:thomas → person_affirms_proposition → proposition:thomas-preached-in-india + person:thomas → active_in → place:india-malabar
edge-f0c828bf59ed1671	person	thomas	place	india-malabar	person_place	direct	active_in	52	72	claimed_tradition	clm-thomas-active-india	person:thomas → active_in → place:india-malabar
edge-f1aa15ec0ab8ec4e	proposition	thomas-preached-in-india	place	jerusalem	proposition_place	derived	person_affirms_proposition+active_in	52	72	claimed_tradition	clm-thomas-active-jerusalem|clm-thomas-affirms-thomas-india	person:thomas → person_affirms_proposition → proposition:thomas-preached-in-india + person:thomas → active_in → place:jerusalem
edge-79cee322c2304675	group	disciples-of-jesus	place	ephesus	group_place	direct	group_present_at	52	95	attested	clm-group-disciples-ephesus	group:disciples-of-jesus → group_present_at → place:ephesus
edge-1cf825a425ea5fb7	group	ephesian-church	place	ephesus	group_place	direct	group_present_at	52	200	probable	clm-group-ephesian-church-ephesus	group:ephesian-church → group_present_at → place:ephesus
edge-f6901f16b703d468	person	apollos	place	ephesus	person_place	direct	active_in	53	54	attested	clm-apollos-active-ephesus	person:apollos → active_in → place:ephesus
edge-caf021d38e8b6a31	person	apollos	place	corinth	person_place	direct	active_in	53	55	attested	clm-apollos-active-corinth	person:apollos → active_in → place:corinth
edge-4d87be0984fa556d	work	first-epistle-to-the-corinthians	place	corinth	work_place	direct	addressed_to_place	54	54	attested	clm-first-corinthians-addressed-corinth	work:first-epistle-to-the-corinthians → addressed_to_place → place:corinth
edge-903d593ddfd89edc	proposition	jesus-is-proclaimed-as-raised	place	ephesus	proposition_place	derived	work_affirms_proposition+written_at	54	54	probable	clm-first-corinthians-resurrection|clm-first-corinthians-written-ephesus	work:first-epistle-to-the-corinthians → work_affirms_proposition → proposition:jesus-is-proclaimed-as-raised + work:first-epistle-to-the-corinthians → written_at → place:ephesus
edge-9cfcde7f9896b2e9	proposition	jesus-is-proclaimed-as-raised	place	corinth	proposition_place	derived	work_affirms_proposition+addressed_to_place	54	54	probable	clm-first-corinthians-addressed-corinth|clm-first-corinthians-resurrection	work:first-epistle-to-the-corinthians → work_affirms_proposition → proposition:jesus-is-proclaimed-as-raised + work:first-epistle-to-the-corinthians → addressed_to_place → place:corinth
edge-ff07fe8977fe1cc5	work	first-epistle-to-the-corinthians	place	ephesus	work_place	direct	written_at	54	54	probable	clm-first-corinthians-written-ephesus	work:first-epistle-to-the-corinthians → written_at → place:ephesus
edge-42264b3a22733cc3	person	aristarchus	place	ephesus	person_place	direct	active_in	54	55	attested	clm-aristarchus-active-ephesus	person:aristarchus → active_in → place:ephesus
edge-6455eadbace1d045	person	tyrannus	place	ephesus	person_place	direct	active_in	54	55	attested	clm-tyrannus-active-ephesus	person:tyrannus → active_in → place:ephesus
edge-6c76d8ffeda09c5b	person	alexander-ephesus-riot	place	ephesus	person_place	direct	active_in	54	55	attested	clm-alexander-ephesus-riot-active-ephesus	person:alexander-ephesus-riot → active_in → place:ephesus
edge-6d9c5481d99e43bd	person	apollos	place	achaia	person_place	direct	active_in	54	55	attested	clm-apollos-active-achaia	person:apollos → active_in → place:achaia
edge-7e36383899f82063	person	stephanas	place	ephesus	person_place	direct	active_in	54	55	probable	clm-stephanas-active-ephesus	person:stephanas → active_in → place:ephesus
edge-d5bee0104318b451	person	demetrius	place	ephesus	person_place	direct	active_in	54	55	attested	clm-demetrius-active-ephesus	person:demetrius → active_in → place:ephesus
edge-ab50c5dd7647c369	person	nero	place	rome	person_place	direct	active_in	54	68	probable	clm-nero-active-rome	person:nero → active_in → place:rome
edge-0b32510774754195	group	disciples-of-jesus	place	achaia	group_place	direct	group_present_at	55	56	attested	clm-group-disciples-achaia	group:disciples-of-jesus → group_present_at → place:achaia
edge-5bf9c9074ebb48ef	proposition	jesus-is-proclaimed-as-raised	place	corinth	proposition_place	derived	work_affirms_proposition+addressed_to_place	55	56	probable	clm-second-corinthians-addressed-corinth|clm-second-corinthians-resurrection	work:second-epistle-to-the-corinthians → work_affirms_proposition → proposition:jesus-is-proclaimed-as-raised + work:second-epistle-to-the-corinthians → addressed_to_place → place:corinth
edge-8741858f2037db9d	work	second-epistle-to-the-corinthians	place	corinth	work_place	direct	addressed_to_place	55	56	attested	clm-second-corinthians-addressed-corinth	work:second-epistle-to-the-corinthians → addressed_to_place → place:corinth
edge-8ca501cb38bab39c	work	second-epistle-to-the-corinthians	place	achaia	work_place	direct	addressed_to_place	55	56	attested	clm-second-corinthians-addressed-achaia	work:second-epistle-to-the-corinthians → addressed_to_place → place:achaia
edge-a5fce0b4a0bb270b	proposition	jesus-is-proclaimed-as-raised	place	achaia	proposition_place	derived	work_affirms_proposition+addressed_to_place	55	56	probable	clm-second-corinthians-addressed-achaia|clm-second-corinthians-resurrection	work:second-epistle-to-the-corinthians → work_affirms_proposition → proposition:jesus-is-proclaimed-as-raised + work:second-epistle-to-the-corinthians → addressed_to_place → place:achaia
edge-2d598ba0ad970206	person	titus	place	corinth	person_place	direct	active_in	55	57	probable	clm-titus-active-corinth	person:titus → active_in → place:corinth
edge-78359f261a338b93	person	onesiphorus	place	ephesus	person_place	direct	active_in	55	66	probable	clm-onesiphorus-active-ephesus	person:onesiphorus → active_in → place:ephesus
edge-701f7fe9f0698c47	person	phoebe	place	corinth	person_place	direct	active_in	56	57	probable	clm-phoebe-active-corinth	person:phoebe → active_in → place:corinth
edge-05dbb492b721e2ce	person	mary-of-rome	place	rome	person_place	direct	active_in	57	57	attested	clm-mary-of-rome-active-rome	person:mary-of-rome → active_in → place:rome
edge-070ba1bd31372034	person	aristarchus	place	thessalonica	person_place	direct	active_in	57	57	attested	clm-aristarchus-active-thessalonica	person:aristarchus → active_in → place:thessalonica
edge-0fc1ee902b8bc338	person	olympas	place	rome	person_place	direct	active_in	57	57	attested	clm-olympas-active-rome	person:olympas → active_in → place:rome
edge-1a4b7d6ae101546c	person	paul	place	miletus	person_place	direct	active_in	57	57	attested	clm-paul-active-miletus	person:paul → active_in → place:miletus
edge-1d72f3db90121c13	person	paul	place	samos	person_place	direct	active_in	57	57	attested	clm-paul-active-samos	person:paul → active_in → place:samos
edge-20faab2fdafc164d	person	hermas	place	rome	person_place	direct	active_in	57	57	attested	clm-hermas-active-rome	person:hermas → active_in → place:rome
edge-21a9ca2da4e4eaa1	person	junia	place	rome	person_place	direct	active_in	57	57	attested	clm-junia-active-rome	person:junia → active_in → place:rome
edge-2259351c34885e1f	person	hermes	place	rome	person_place	direct	active_in	57	57	attested	clm-hermes-active-rome	person:hermes → active_in → place:rome
edge-259ff069ce087da9	person	persis	place	rome	person_place	direct	active_in	57	57	attested	clm-persis-active-rome	person:persis → active_in → place:rome
edge-2afebe39ed0c7fb6	person	patrobas	place	rome	person_place	direct	active_in	57	57	attested	clm-patrobas-active-rome	person:patrobas → active_in → place:rome
edge-36eca06fd336331d	person	mnason	place	cyprus	person_place	direct	active_in	57	57	attested	clm-mnason-active-cyprus	person:mnason → active_in → place:cyprus
edge-38b4fa357a262c41	person	paul	place	assos	person_place	direct	active_in	57	57	attested	clm-paul-active-assos	person:paul → active_in → place:assos
edge-3dfb1047f66979cd	person	rufus-of-rome	place	rome	person_place	direct	active_in	57	57	attested	clm-rufus-of-rome-active-rome	person:rufus-of-rome → active_in → place:rome
edge-4167f031d40352f4	person	julia-of-rome	place	rome	person_place	direct	active_in	57	57	attested	clm-julia-of-rome-active-rome	person:julia-of-rome → active_in → place:rome
edge-470fe4b734aade4b	person	asyncritus	place	rome	person_place	direct	active_in	57	57	attested	clm-asyncritus-active-rome	person:asyncritus → active_in → place:rome
edge-4b06bf3f489fdbec	person	urbanus	place	rome	person_place	direct	active_in	57	57	attested	clm-urbanus-active-rome	person:urbanus → active_in → place:rome
edge-4dc2a5365f46d55c	work	epistle-to-the-romans	place	rome	work_place	direct	addressed_to_place	57	57	attested	clm-romans-addressed-rome	work:epistle-to-the-romans → addressed_to_place → place:rome
edge-4f0fc1939b243bf4	group	disciples-of-jesus	place	troas	group_place	direct	group_present_at	57	57	probable	clm-group-disciples-troas	group:disciples-of-jesus → group_present_at → place:troas
edge-536160a61817aa8b	person	tertullus	place	caesarea	person_place	direct	active_in	57	57	attested	clm-tertullus-active-caesarea	person:tertullus → active_in → place:caesarea
edge-59b35c03b127c5a7	group	disciples-of-jesus	place	tyre	group_place	direct	group_present_at	57	57	attested	clm-group-disciples-tyre	group:disciples-of-jesus → group_present_at → place:tyre
edge-5c2c3b636f7983e6	person	trophimus	place	jerusalem	person_place	direct	active_in	57	57	attested	clm-trophimus-active-jerusalem	person:trophimus → active_in → place:jerusalem
edge-60c880659763e23e	person	phlegon	place	rome	person_place	direct	active_in	57	57	attested	clm-phlegon-active-rome	person:phlegon → active_in → place:rome
edge-63c512f5e9f36c1f	person	tychicus	place	jerusalem	person_place	direct	active_in	57	57	probable	clm-tychicus-active-jerusalem	person:tychicus → active_in → place:jerusalem
edge-6d5c27199e93a800	person	paul	place	judea	person_place	direct	active_in	57	57	probable	clm-paul-active-judea-late	person:paul → active_in → place:judea
edge-702731c3a9b0eba3	person	secundus	place	thessalonica	person_place	direct	active_in	57	57	attested	clm-secundus-active-thessalonica	person:secundus → active_in → place:thessalonica
edge-71275a15a848355e	person	andronicus	place	rome	person_place	direct	active_in	57	57	attested	clm-andronicus-active-rome	person:andronicus → active_in → place:rome
edge-7250167987e45bf8	person	trophimus	place	asia	person_place	direct	active_in	57	57	attested	clm-trophimus-active-asia	person:trophimus → active_in → place:asia
edge-75555b894d8f43f2	person	aristarchus	place	jerusalem	person_place	direct	active_in	57	57	probable	clm-aristarchus-active-jerusalem	person:aristarchus → active_in → place:jerusalem
edge-79dd5fe2f58ff68f	person	gaius-of-derbe	place	jerusalem	person_place	direct	active_in	57	57	probable	clm-gaius-active-jerusalem	person:gaius-of-derbe → active_in → place:jerusalem
edge-7f2b203d4cfe5a94	person	stachys	place	rome	person_place	direct	active_in	57	57	attested	clm-stachys-active-rome	person:stachys → active_in → place:rome
edge-7f41db3f41ca621e	person	philologus	place	rome	person_place	direct	active_in	57	57	attested	clm-philologus-active-rome	person:philologus → active_in → place:rome
edge-7f9d561cfcbead4e	person	paul	place	chios	person_place	direct	active_in	57	57	attested	clm-paul-active-chios	person:paul → active_in → place:chios
edge-86e78fdb1fb09d92	person	agabus	place	judea	person_place	direct	active_in	57	57	attested	clm-agabus-active-judea	person:agabus → active_in → place:judea
edge-915046f9b56c175a	person	priscilla	place	rome	person_place	direct	active_in	57	57	attested	clm-priscilla-active-rome	person:priscilla → active_in → place:rome
edge-9507df7f2311ff20	proposition	jesus-is-proclaimed-as-raised	place	rome	proposition_place	derived	work_affirms_proposition+addressed_to_place	57	57	probable	clm-romans-addressed-rome|clm-romans-resurrection	work:epistle-to-the-romans → work_affirms_proposition → proposition:jesus-is-proclaimed-as-raised + work:epistle-to-the-romans → addressed_to_place → place:rome
edge-9afa11d55c8bef55	person	sopater	place	berea	person_place	direct	active_in	57	57	attested	clm-sopater-active-berea	person:sopater → active_in → place:berea
edge-a8e28bc2123927bc	person	phoebe	place	rome	person_place	direct	active_in	57	57	probable	clm-phoebe-active-rome	person:phoebe → active_in → place:rome
edge-afbf6a53b762aabc	person	ananias-high-priest	place	caesarea	person_place	direct	active_in	57	57	attested	clm-ananias-high-priest-active-caesarea	person:ananias-high-priest → active_in → place:caesarea
edge-b0572bbd8a1e6b59	person	nereus-of-rome	place	rome	person_place	direct	active_in	57	57	attested	clm-nereus-of-rome-active-rome	person:nereus-of-rome → active_in → place:rome
edge-b301a216781c6cd6	person	paul	place	tyre	person_place	direct	active_in	57	57	attested	clm-paul-active-tyre	person:paul → active_in → place:tyre
edge-b9fb96125020af44	person	gaius-of-derbe	place	derbe	person_place	direct	active_in	57	57	attested	clm-gaius-of-derbe-active-derbe	person:gaius-of-derbe → active_in → place:derbe
edge-bc868f20b3c1939b	person	tryphaena	place	rome	person_place	direct	active_in	57	57	attested	clm-tryphaena-active-rome	person:tryphaena → active_in → place:rome
edge-c373104e974c6014	person	tryphosa	place	rome	person_place	direct	active_in	57	57	attested	clm-tryphosa-active-rome	person:tryphosa → active_in → place:rome
edge-c3bd1dc8b596524b	person	secundus	place	jerusalem	person_place	direct	active_in	57	57	probable	clm-secundus-active-jerusalem	person:secundus → active_in → place:jerusalem
edge-c85e0fd1852df3cc	person	tychicus	place	asia	person_place	direct	active_in	57	57	attested	clm-tychicus-active-asia	person:tychicus → active_in → place:asia
edge-cade53655d0cc370	person	paul	place	troas	person_place	direct	active_in	57	57	attested	clm-paul-active-troas	person:paul → active_in → place:troas
edge-dcbd41c48b2d10d8	person	paul	place	mitylene	person_place	direct	active_in	57	57	attested	clm-paul-active-mitylene	person:paul → active_in → place:mitylene
edge-e2d7d8fe88aee64a	person	sopater	place	jerusalem	person_place	direct	active_in	57	57	probable	clm-sopater-active-jerusalem	person:sopater → active_in → place:jerusalem
edge-181991b340f5632b	person	felix	place	caesarea	person_place	direct	active_in	57	59	attested	clm-felix-active-caesarea	person:felix → active_in → place:caesarea
edge-6a1d9e4919cebce4	person	drusilla	place	caesarea	person_place	direct	active_in	57	59	attested	clm-drusilla-active-caesarea	person:drusilla → active_in → place:caesarea
edge-8af6486a7fd4a61a	person	luke-the-evangelist	place	caesarea	person_place	direct	active_in	57	60	probable	clm-luke-active-caesarea	person:luke-the-evangelist → active_in → place:caesarea
edge-5d7f788397aac3e8	person	philip-the-evangelist	place	caesarea	person_place	direct	active_in	57	62	attested	clm-philip-evangelist-active-caesarea	person:philip-the-evangelist → active_in → place:caesarea
edge-80494f2e2680ba08	group	roman-church	place	rome	group_place	direct	group_present_at	57	400	attested	clm-group-roman-church-rome	group:roman-church → group_present_at → place:rome
edge-066da667e82b4e59	person	simon-peter	place	rome	person_place	direct	bishop_of	58	64	probable	clm-peter-bishop-rome	person:simon-peter → bishop_of → place:rome
edge-14b75a06c7ec62eb	person	paul	place	fair-havens	person_place	direct	active_in	59	59	attested	clm-paul-active-fair-havens	person:paul → active_in → place:fair-havens
edge-15b94ac12cb62a96	person	paul	place	myra	person_place	direct	active_in	59	59	attested	clm-paul-active-myra	person:paul → active_in → place:myra
edge-35e9020efa123f88	person	julius	place	caesarea	person_place	direct	active_in	59	59	attested	clm-julius-active-caesarea	person:julius → active_in → place:caesarea
edge-3b5b01e4a2cf7800	person	paul	place	sidon	person_place	direct	active_in	59	59	attested	clm-paul-active-sidon	person:paul → active_in → place:sidon
edge-49f270f5cdbcac43	person	julius	place	sidon	person_place	direct	active_in	59	59	attested	clm-julius-active-sidon	person:julius → active_in → place:sidon
edge-052fb730f95fa589	person	bernice	place	caesarea	person_place	direct	active_in	59	60	attested	clm-bernice-active-caesarea	person:bernice → active_in → place:caesarea
edge-1d2b9ac0d29f20aa	group	disciples-of-jesus	place	sidon	group_place	direct	group_present_at	59	60	probable	clm-disciples-at-sidon	group:disciples-of-jesus → group_present_at → place:sidon
edge-2d3043442c674693	person	agrippa-ii	place	caesarea	person_place	direct	active_in	59	60	attested	clm-agrippa-ii-active-caesarea	person:agrippa-ii → active_in → place:caesarea
edge-4cf568251181864e	person	festus	place	caesarea	person_place	direct	active_in	59	60	attested	clm-festus-active-caesarea	person:festus → active_in → place:caesarea
edge-3ffe1c2983171789	person	paul	place	appii-forum	person_place	direct	active_in	60	60	attested	clm-paul-active-appii-forum	person:paul → active_in → place:appii-forum
edge-543c76c355d40ad5	group	colossian-church	place	colossae	group_place	direct	group_present_at	60	60	attested	clm-group-colossian-church-colossae	group:colossian-church → group_present_at → place:colossae
edge-57f3cf3c9a687c90	person	paul	place	rhegium	person_place	direct	active_in	60	60	attested	clm-paul-active-rhegium	person:paul → active_in → place:rhegium
edge-652354f2f47318b8	group	disciples-of-jesus	place	puteoli	group_place	direct	group_present_at	60	60	attested	clm-group-disciples-puteoli	group:disciples-of-jesus → group_present_at → place:puteoli
edge-69be7b1500a60bfa	person	paul	place	puteoli	person_place	direct	active_in	60	60	attested	clm-paul-active-puteoli	person:paul → active_in → place:puteoli
edge-6ebe4f0560e465ec	person	julius	place	rome	person_place	direct	active_in	60	60	probable	clm-julius-active-rome	person:julius → active_in → place:rome
edge-72afd7dd603b45e0	person	paul	place	syracuse	person_place	direct	active_in	60	60	attested	clm-paul-active-syracuse	person:paul → active_in → place:syracuse
edge-7b57af1d08cddf08	person	publius	place	malta	person_place	direct	active_in	60	60	attested	clm-publius-active-malta	person:publius → active_in → place:malta
edge-84e7f5cae150b2cc	work	epistle-to-the-colossians	place	colossae	work_place	direct	addressed_to_place	60	60	attested	clm-colossians-addressed-colossae	work:epistle-to-the-colossians → addressed_to_place → place:colossae
edge-a09edd8bd97ea989	proposition	jesus-is-proclaimed-as-raised	place	colossae	proposition_place	derived	work_affirms_proposition+addressed_to_place	60	60	probable	clm-colossians-addressed-colossae|clm-colossians-resurrection	work:epistle-to-the-colossians → work_affirms_proposition → proposition:jesus-is-proclaimed-as-raised + work:epistle-to-the-colossians → addressed_to_place → place:colossae
edge-c75658280b4f8f8b	person	paul	place	malta	person_place	direct	active_in	60	60	attested	clm-paul-active-malta	person:paul → active_in → place:malta
edge-df69faced175403b	work	epistle-to-the-ephesians	place	ephesus	work_place	direct	addressed_to_place	60	60	probable	clm-ephesians-addressed-ephesus	work:epistle-to-the-ephesians → addressed_to_place → place:ephesus
edge-f7575d6180f270a1	group	disciples-of-jesus	place	malta	group_place	direct	group_present_at	60	60	probable	clm-disciples-at-malta	group:disciples-of-jesus → group_present_at → place:malta
edge-f9f1207c5d6b6410	proposition	jesus-is-proclaimed-as-raised	place	ephesus	proposition_place	derived	work_affirms_proposition+addressed_to_place	60	60	probable	clm-ephesians-addressed-ephesus|clm-ephesians-resurrection	work:epistle-to-the-ephesians → work_affirms_proposition → proposition:jesus-is-proclaimed-as-raised + work:epistle-to-the-ephesians → addressed_to_place → place:ephesus
edge-fd2659184f738979	person	paul	place	three-taverns	person_place	direct	active_in	60	60	attested	clm-paul-active-three-taverns	person:paul → active_in → place:three-taverns
edge-2989f685a0a8e585	person	onesimus	place	colossae	person_place	direct	active_in	60	62	attested	clm-onesimus-active-colossae	person:onesimus → active_in → place:colossae
edge-31a5c20a34512fb9	person	epaphras	place	hierapolis	person_place	direct	active_in	60	62	attested	clm-epaphras-active-hierapolis	person:epaphras → active_in → place:hierapolis
edge-3743f44fce68b2ee	person	epaphroditus	place	philippi	person_place	direct	active_in	60	62	attested	clm-epaphroditus-active-philippi	person:epaphroditus → active_in → place:philippi
edge-39de3d752d3b0c52	person	epaphras	place	colossae	person_place	direct	active_in	60	62	attested	clm-epaphras-active-colossae	person:epaphras → active_in → place:colossae
edge-48f184d95c386809	group	disciples-of-jesus	place	colossae	group_place	direct	group_present_at	60	62	probable	clm-disciples-at-colossae	group:disciples-of-jesus → group_present_at → place:colossae
edge-4a9cb1e30f1a1fea	person	aristarchus	place	rome	person_place	direct	active_in	60	62	probable	clm-aristarchus-active-rome	person:aristarchus → active_in → place:rome
edge-4c22f00c27a76717	person	syntyche	place	philippi	person_place	direct	active_in	60	62	attested	clm-syntyche-active-philippi	person:syntyche → active_in → place:philippi
edge-4cb4d5efca51989b	group	disciples-of-jesus	place	laodicea	group_place	direct	group_present_at	60	62	probable	clm-disciples-at-laodicea	group:disciples-of-jesus → group_present_at → place:laodicea
edge-4e1b2860a6c312ef	group	disciples-of-jesus	place	hierapolis	group_place	direct	group_present_at	60	62	probable	clm-group-disciples-hierapolis	group:disciples-of-jesus → group_present_at → place:hierapolis
edge-528fda45ced7b0bc	person	archippus	place	colossae	person_place	direct	active_in	60	62	probable	clm-archippus-active-colossae	person:archippus → active_in → place:colossae
edge-7622a8666c545ffb	person	paul	place	rome	person_place	direct	active_in	60	62	attested	clm-paul-active-rome	person:paul → active_in → place:rome
edge-86f81a6e58e45e0d	person	euodia	place	philippi	person_place	direct	active_in	60	62	attested	clm-euodia-active-philippi	person:euodia → active_in → place:philippi
edge-c3a5d432e4e381c4	person	epaphras	place	laodicea	person_place	direct	active_in	60	62	attested	clm-epaphras-active-laodicea	person:epaphras → active_in → place:laodicea
edge-c3efa88cf054ea21	person	demas	place	rome	person_place	direct	active_in	60	62	probable	clm-demas-active-rome	person:demas → active_in → place:rome
edge-eeb93127754eff60	person	epaphras	place	rome	person_place	direct	active_in	60	62	probable	clm-epaphras-active-rome	person:epaphras → active_in → place:rome
edge-f87891c134e8d993	person	nympha	place	laodicea	person_place	direct	active_in	60	62	attested	clm-nympha-active-laodicea	person:nympha → active_in → place:laodicea
edge-83c30a1aca4aed9c	person	luke-the-evangelist	place	rome	person_place	direct	active_in	60	64	attested	clm-luke-active-rome	person:luke-the-evangelist → active_in → place:rome
edge-f5ab8040933757d8	person	john-mark	place	rome	person_place	direct	active_in	60	64	probable	clm-john-mark-active-rome	person:john-mark → active_in → place:rome
edge-325fda54b81e5c86	person	timothy	place	rome	person_place	direct	active_in	60	65	probable	clm-timothy-active-rome	person:timothy → active_in → place:rome
edge-5120ebe83e356cca	person	onesiphorus	place	rome	person_place	direct	active_in	60	66	attested	clm-onesiphorus-active-rome	person:onesiphorus → active_in → place:rome
edge-0b826bb79a87f009	person	titus	place	crete	person_place	direct	bishop_of	60	80	probable	clm-titus-bishop-crete	person:titus → bishop_of → place:crete
edge-d44838cb58de2725	person	timothy	place	ephesus	person_place	direct	bishop_of	60	80	probable	clm-timothy-bishop-ephesus	person:timothy → bishop_of → place:ephesus
edge-480bf57ff8860404	group	laodicean-church	place	laodicea	group_place	direct	group_present_at	60	200	attested	clm-group-laodicean-church-laodicea	group:laodicean-church → group_present_at → place:laodicea
edge-b8d2fe35f11deb09	group	roman-church	place	puteoli	group_place	direct	group_present_at	60	200	probable	clm-roman-church-at-puteoli	group:roman-church → group_present_at → place:puteoli
edge-725049630259dd9f	work	epistle-to-the-philippians	place	philippi	work_place	direct	addressed_to_place	61	61	attested	clm-philippians-addressed-philippi	work:epistle-to-the-philippians → addressed_to_place → place:philippi
edge-9d72cff9bb61320e	work	epistle-to-philemon	place	colossae	work_place	direct	addressed_to_place	61	61	probable	clm-philemon-addressed-colossae	work:epistle-to-philemon → addressed_to_place → place:colossae
edge-9f0798cf197cf83b	proposition	jesus-is-proclaimed-as-raised	place	philippi	proposition_place	derived	work_affirms_proposition+addressed_to_place	61	61	probable	clm-philippians-addressed-philippi|clm-philippians-resurrection	work:epistle-to-the-philippians → work_affirms_proposition → proposition:jesus-is-proclaimed-as-raised + work:epistle-to-the-philippians → addressed_to_place → place:philippi
edge-d1ff3d16ba18db68	event	james-the-just-martyrdom	place	jerusalem	event_place	direct	event_occurs_at	62	62	probable	clm-james-just-martyrdom-at-jerusalem	event:james-the-just-martyrdom → event_occurs_at → place:jerusalem
edge-0f84516f66f32a4b	proposition	jesus-is-proclaimed-as-raised	place	galatia	proposition_place	derived	work_affirms_proposition+addressed_to_place	62	64	probable	clm-first-peter-addressed-galatia|clm-first-peter-resurrection	work:first-epistle-of-peter → work_affirms_proposition → proposition:jesus-is-proclaimed-as-raised + work:first-epistle-of-peter → addressed_to_place → place:galatia
edge-1643dcf4dc941c27	work	first-epistle-of-peter	place	bithynia	work_place	direct	addressed_to_place	62	64	attested	clm-first-peter-addressed-bithynia	work:first-epistle-of-peter → addressed_to_place → place:bithynia
edge-2120521cb16dfbce	group	disciples-of-jesus	place	bithynia	group_place	direct	group_present_at	62	64	attested	clm-group-disciples-bithynia	group:disciples-of-jesus → group_present_at → place:bithynia
edge-3b3b03fbf06aa5ae	proposition	jesus-is-proclaimed-as-raised	place	cappadocia	proposition_place	derived	work_affirms_proposition+addressed_to_place	62	64	probable	clm-first-peter-addressed-cappadocia|clm-first-peter-resurrection	work:first-epistle-of-peter → work_affirms_proposition → proposition:jesus-is-proclaimed-as-raised + work:first-epistle-of-peter → addressed_to_place → place:cappadocia
edge-40f7fac42c88b7c2	proposition	jesus-is-proclaimed-as-raised	place	pontus	proposition_place	derived	work_affirms_proposition+addressed_to_place	62	64	probable	clm-first-peter-addressed-pontus|clm-first-peter-resurrection	work:first-epistle-of-peter → work_affirms_proposition → proposition:jesus-is-proclaimed-as-raised + work:first-epistle-of-peter → addressed_to_place → place:pontus
edge-42539e2a74b77cb9	group	disciples-of-jesus	place	cappadocia	group_place	direct	group_present_at	62	64	attested	clm-group-disciples-cappadocia	group:disciples-of-jesus → group_present_at → place:cappadocia
edge-49e338722c423966	proposition	jesus-is-proclaimed-as-raised	place	bithynia	proposition_place	derived	work_affirms_proposition+addressed_to_place	62	64	probable	clm-first-peter-addressed-bithynia|clm-first-peter-resurrection	work:first-epistle-of-peter → work_affirms_proposition → proposition:jesus-is-proclaimed-as-raised + work:first-epistle-of-peter → addressed_to_place → place:bithynia
edge-5ac96133777a06d5	work	first-epistle-of-peter	place	pontus	work_place	direct	addressed_to_place	62	64	attested	clm-first-peter-addressed-pontus	work:first-epistle-of-peter → addressed_to_place → place:pontus
edge-5fddf3f7f57f459c	work	first-epistle-of-peter	place	galatia	work_place	direct	addressed_to_place	62	64	attested	clm-first-peter-addressed-galatia	work:first-epistle-of-peter → addressed_to_place → place:galatia
edge-64a82bccfdb4d17a	proposition	baptism-effects-regeneration	place	bithynia	proposition_place	derived	work_affirms_proposition+addressed_to_place	62	64	probable	clm-1pet-affirms-baptism-regen|clm-first-peter-addressed-bithynia	work:first-epistle-of-peter → work_affirms_proposition → proposition:baptism-effects-regeneration + work:first-epistle-of-peter → addressed_to_place → place:bithynia
edge-6584e30b221c9866	proposition	baptism-effects-regeneration	place	pontus	proposition_place	derived	work_affirms_proposition+addressed_to_place	62	64	probable	clm-1pet-affirms-baptism-regen|clm-first-peter-addressed-pontus	work:first-epistle-of-peter → work_affirms_proposition → proposition:baptism-effects-regeneration + work:first-epistle-of-peter → addressed_to_place → place:pontus
edge-6909595bf556ef0d	proposition	baptism-effects-regeneration	place	asia	proposition_place	derived	work_affirms_proposition+addressed_to_place	62	64	probable	clm-1pet-affirms-baptism-regen|clm-first-peter-addressed-asia	work:first-epistle-of-peter → work_affirms_proposition → proposition:baptism-effects-regeneration + work:first-epistle-of-peter → addressed_to_place → place:asia
edge-6a3a02f9f69db961	group	disciples-of-jesus	place	asia	group_place	direct	group_present_at	62	64	attested	clm-group-disciples-asia	group:disciples-of-jesus → group_present_at → place:asia
edge-7829ca68a04e3d56	work	first-epistle-of-peter	place	cappadocia	work_place	direct	addressed_to_place	62	64	attested	clm-first-peter-addressed-cappadocia	work:first-epistle-of-peter → addressed_to_place → place:cappadocia
edge-8ddc5771922abc87	proposition	baptism-effects-regeneration	place	galatia	proposition_place	derived	work_affirms_proposition+addressed_to_place	62	64	probable	clm-1pet-affirms-baptism-regen|clm-first-peter-addressed-galatia	work:first-epistle-of-peter → work_affirms_proposition → proposition:baptism-effects-regeneration + work:first-epistle-of-peter → addressed_to_place → place:galatia
edge-93f8c437297cdb4c	proposition	jesus-is-proclaimed-as-raised	place	asia	proposition_place	derived	work_affirms_proposition+addressed_to_place	62	64	probable	clm-first-peter-addressed-asia|clm-first-peter-resurrection	work:first-epistle-of-peter → work_affirms_proposition → proposition:jesus-is-proclaimed-as-raised + work:first-epistle-of-peter → addressed_to_place → place:asia
edge-a08467da4d8812e2	group	disciples-of-jesus	place	galatia	group_place	direct	group_present_at	62	64	attested	clm-group-disciples-galatia	group:disciples-of-jesus → group_present_at → place:galatia
edge-a09251c26c580264	work	first-epistle-of-peter	place	asia	work_place	direct	addressed_to_place	62	64	attested	clm-first-peter-addressed-asia	work:first-epistle-of-peter → addressed_to_place → place:asia
edge-e48baf4d54cc192b	group	disciples-of-jesus	place	pontus	group_place	direct	group_present_at	62	64	attested	clm-group-disciples-pontus	group:disciples-of-jesus → group_present_at → place:pontus
edge-e4efa765309d98e8	proposition	baptism-effects-regeneration	place	cappadocia	proposition_place	derived	work_affirms_proposition+addressed_to_place	62	64	probable	clm-1pet-affirms-baptism-regen|clm-first-peter-addressed-cappadocia	work:first-epistle-of-peter → work_affirms_proposition → proposition:baptism-effects-regeneration + work:first-epistle-of-peter → addressed_to_place → place:cappadocia
edge-bcc68035ba146f2e	person	paul	place	crete	person_place	direct	active_in	63	64	probable	clm-paul-active-crete	person:paul → active_in → place:crete
edge-dab6d4356922e643	group	disciples-of-jesus	place	crete	group_place	direct	group_present_at	63	64	attested	clm-group-disciples-crete	group:disciples-of-jesus → group_present_at → place:crete
edge-51014a11fa974625	event	neronian-persecution	place	rome	event_place	direct	event_occurs_at	64	64	attested	clm-neronian-persecution-at-rome	event:neronian-persecution → event_occurs_at → place:rome
edge-59844f9a9b932b25	work	epistle-to-titus	place	crete	work_place	direct	addressed_to_place	64	64	attested	clm-titus-addressed-crete	work:epistle-to-titus → addressed_to_place → place:crete
edge-709646096b6ac777	work	first-epistle-to-timothy	place	ephesus	work_place	direct	addressed_to_place	64	64	attested	clm-first-timothy-addressed-ephesus	work:first-epistle-to-timothy → addressed_to_place → place:ephesus
edge-90837c16b212a395	event	great-fire-of-rome	place	rome	event_place	direct	event_occurs_at	64	64	attested	clm-fire-at-rome	event:great-fire-of-rome → event_occurs_at → place:rome
edge-d3c515a86ef2e8f3	person	paul	place	nicopolis	person_place	direct	active_in	64	64	probable	clm-paul-active-nicopolis	person:paul → active_in → place:nicopolis
edge-37d8f5670c6a9393	person	titus	place	dalmatia	person_place	direct	active_in	66	66	attested	clm-titus-active-dalmatia	person:titus → active_in → place:dalmatia
edge-83f8d4aa06ede6f4	person	carpus	place	troas	person_place	direct	active_in	66	66	attested	clm-carpus-active-troas	person:carpus → active_in → place:troas
edge-84c91c9e29cbd9ec	person	erastus	place	corinth	person_place	direct	active_in	66	66	attested	clm-erastus-active-corinth-late	person:erastus → active_in → place:corinth
edge-cc997c2a3f47112d	person	tychicus	place	ephesus	person_place	direct	active_in	66	66	attested	clm-tychicus-active-ephesus	person:tychicus → active_in → place:ephesus
edge-d6d7fe58cde8c8b9	person	trophimus	place	miletus	person_place	direct	active_in	66	66	attested	clm-trophimus-active-miletus	person:trophimus → active_in → place:miletus
edge-ec47a656d5d8d516	person	demas	place	thessalonica	person_place	direct	active_in	66	66	attested	clm-demas-active-thessalonica-late	person:demas → active_in → place:thessalonica
edge-edc6e0c5a40b3772	person	crescens	place	galatia	person_place	direct	active_in	66	66	attested	clm-crescens-active-galatia	person:crescens → active_in → place:galatia
edge-aa7bec1fa1cf65ff	group	zealots	place	jerusalem	group_place	direct	group_present_at	66	70	attested	clm-group-zealots-jerusalem	group:zealots → group_present_at → place:jerusalem
edge-ff9380da77af4740	event	sack-of-jerusalem	place	jerusalem	event_place	direct	event_occurs_at	70	70	attested	clm-sack-at-jerusalem	event:sack-of-jerusalem → event_occurs_at → place:jerusalem
edge-095adc43464ea37d	person	john-son-of-zebedee	place	asia	person_place	direct	active_in	70	100	probable	clm-john-zebedee-active-asia	person:john-son-of-zebedee → active_in → place:asia
edge-f5a916850b858611	person	john-son-of-zebedee	place	ephesus	person_place	direct	bishop_of	70	100	probable	clm-john-zebedee-bishop-ephesus	person:john-son-of-zebedee → bishop_of → place:ephesus
edge-4c8c93f9a6e7f43f	group	nicolaitans	place	pergamum	group_place	direct	group_present_at	70	120	probable	clm-group-nicolaitans-pergamum	group:nicolaitans → group_present_at → place:pergamum
edge-f73d9ed8c3177e71	group	nicolaitans	place	ephesus	group_place	direct	group_present_at	70	120	probable	clm-group-nicolaitans-ephesus	group:nicolaitans → group_present_at → place:ephesus
edge-92744e61f6e941b9	group	ebionites	place	judea	group_place	direct	group_present_at	70	200	probable	clm-ebionites-at-judea	group:ebionites → group_present_at → place:judea
edge-889d8ecee36dd03b	group	alexandrian-church	place	alexandria	group_place	direct	group_present_at	70	400	probable	clm-alexandrian-church-present	group:alexandrian-church → group_present_at → place:alexandria
edge-e07090c757cae6f6	group	alexandrian-church	place	egypt	group_place	direct	group_present_at	70	400	probable	clm-alexandrian-church-at-egypt	group:alexandrian-church → group_present_at → place:egypt
edge-c48e755eafa1688f	person	clement-of-rome	place	rome	person_place	direct	bishop_of	90	99	probable	clm-clement-bishop-rome	person:clement-of-rome → bishop_of → place:rome
edge-14376bb35ba49c16	proposition	logos-is-pre-existent-son-of-god	place	jerusalem	proposition_place	derived	person_affirms_proposition+active_in	90	100	probable	clm-john-person-affirms-logos|clm-john-zebedee-active-jerusalem	person:john-son-of-zebedee → person_affirms_proposition → proposition:logos-is-pre-existent-son-of-god + person:john-son-of-zebedee → active_in → place:jerusalem
edge-420f671759aa0503	proposition	logos-is-pre-existent-son-of-god	place	patmos	proposition_place	derived	person_affirms_proposition+active_in	90	100	probable	clm-john-active-patmos|clm-john-person-affirms-logos	person:john-son-of-zebedee → person_affirms_proposition → proposition:logos-is-pre-existent-son-of-god + person:john-son-of-zebedee → active_in → place:patmos
edge-77bbc94e907a845b	proposition	logos-is-pre-existent-son-of-god	place	ephesus	proposition_place	derived	person_affirms_proposition+bishop_of	90	100	probable	clm-john-person-affirms-logos|clm-john-zebedee-bishop-ephesus	person:john-son-of-zebedee → person_affirms_proposition → proposition:logos-is-pre-existent-son-of-god + person:john-son-of-zebedee → bishop_of → place:ephesus
edge-bd68fbb1a311cc6a	proposition	logos-is-pre-existent-son-of-god	place	galilee	proposition_place	derived	person_affirms_proposition+active_in	90	100	probable	clm-john-person-affirms-logos|clm-john-zebedee-active-galilee	person:john-son-of-zebedee → person_affirms_proposition → proposition:logos-is-pre-existent-son-of-god + person:john-son-of-zebedee → active_in → place:galilee
edge-f6713e37546e3b7f	proposition	logos-is-pre-existent-son-of-god	place	asia	proposition_place	derived	person_affirms_proposition+active_in	90	100	probable	clm-john-person-affirms-logos|clm-john-zebedee-active-asia	person:john-son-of-zebedee → person_affirms_proposition → proposition:logos-is-pre-existent-son-of-god + person:john-son-of-zebedee → active_in → place:asia
edge-7892d45e3a3263f8	proposition	old-testament-is-authoritative-scripture	place	ephesus	proposition_place	derived	person_opposes_proposition+active_in	90	120	probable	clm-cerinthus-active-ephesus|clm-cerinthus-opposes-ot-scripture	person:cerinthus → person_opposes_proposition → proposition:old-testament-is-authoritative-scripture + person:cerinthus → active_in → place:ephesus
edge-81b25bce48942d01	proposition	christ-truly-suffered-and-died	place	ephesus	proposition_place	derived	person_opposes_proposition+active_in	90	120	probable	clm-cerinthus-active-ephesus|clm-cerinthus-opposes-passion	person:cerinthus → person_opposes_proposition → proposition:christ-truly-suffered-and-died + person:cerinthus → active_in → place:ephesus
edge-8cf39b6cfaf0eaef	proposition	jesus-born-of-virgin	place	ephesus	proposition_place	derived	person_opposes_proposition+active_in	90	120	probable	clm-cerinthus-active-ephesus|clm-cerinthus-opposes-virgin-birth	person:cerinthus → person_opposes_proposition → proposition:jesus-born-of-virgin + person:cerinthus → active_in → place:ephesus
edge-8d03b2ddb83c9758	person	cerinthus	place	ephesus	person_place	direct	active_in	90	120	probable	clm-cerinthus-active-ephesus	person:cerinthus → active_in → place:ephesus
edge-b61aa425fcf8b23b	proposition	logos-is-pre-existent-son-of-god	place	ephesus	proposition_place	derived	person_opposes_proposition+active_in	90	120	probable	clm-cerinthus-active-ephesus|clm-cerinthus-opposes-logos-preexistence	person:cerinthus → person_opposes_proposition → proposition:logos-is-pre-existent-son-of-god + person:cerinthus → active_in → place:ephesus
edge-d491070894f31fcf	proposition	christ-truly-became-flesh	place	ephesus	proposition_place	derived	person_opposes_proposition+active_in	90	120	probable	clm-cerinthus-active-ephesus|clm-cerinthus-opposes-incarnation	person:cerinthus → person_opposes_proposition → proposition:christ-truly-became-flesh + person:cerinthus → active_in → place:ephesus
edge-66e6c71d05996c3c	group	cerinthians	place	ephesus	group_place	direct	group_present_at	90	130	probable	clm-cerinthians-at-ephesus	group:cerinthians → group_present_at → place:ephesus
edge-079f3039bb488de1	proposition	martyrdom-witnesses-to-christ	place	sardis	proposition_place	derived	work_affirms_proposition+addressed_to_place	95	95	probable	clm-revelation-addressed-sardis|clm-revelation-affirms-martyrdom-witness	work:revelation-of-john → work_affirms_proposition → proposition:martyrdom-witnesses-to-christ + work:revelation-of-john → addressed_to_place → place:sardis
edge-09ea42a430714202	proposition	martyrs-relics-honored	place	ephesus	proposition_place	derived	work_affirms_proposition+addressed_to_place	95	95	probable	clm-revelation-addressed-ephesus|clm-revelation-affirms-relics	work:revelation-of-john → work_affirms_proposition → proposition:martyrs-relics-honored + work:revelation-of-john → addressed_to_place → place:ephesus
edge-18fdd00ab6e75d2b	proposition	martyrdom-witnesses-to-christ	place	patmos	proposition_place	derived	work_affirms_proposition+written_at	95	95	probable	clm-revelation-affirms-martyrdom-witness|clm-revelation-written-patmos	work:revelation-of-john → work_affirms_proposition → proposition:martyrdom-witnesses-to-christ + work:revelation-of-john → written_at → place:patmos
edge-1911b576eb4f1619	proposition	martyrs-relics-honored	place	thyatira	proposition_place	derived	work_affirms_proposition+addressed_to_place	95	95	probable	clm-revelation-addressed-thyatira|clm-revelation-affirms-relics	work:revelation-of-john → work_affirms_proposition → proposition:martyrs-relics-honored + work:revelation-of-john → addressed_to_place → place:thyatira
edge-265ce94dbe8f7759	proposition	final-judgment-is-coming	place	smyrna	proposition_place	derived	work_affirms_proposition+addressed_to_place	95	95	probable	clm-revelation-addressed-smyrna|clm-revelation-judgment	work:revelation-of-john → work_affirms_proposition → proposition:final-judgment-is-coming + work:revelation-of-john → addressed_to_place → place:smyrna
edge-2cf010651f5fe5eb	work	revelation-of-john	place	patmos	work_place	direct	written_at	95	95	attested	clm-revelation-written-patmos	work:revelation-of-john → written_at → place:patmos
edge-2e3e9476ac2a9f97	proposition	martyrdom-witnesses-to-christ	place	laodicea	proposition_place	derived	work_affirms_proposition+addressed_to_place	95	95	probable	clm-revelation-addressed-laodicea|clm-revelation-affirms-martyrdom-witness	work:revelation-of-john → work_affirms_proposition → proposition:martyrdom-witnesses-to-christ + work:revelation-of-john → addressed_to_place → place:laodicea
edge-3833092b9e93bc17	work	revelation-of-john	place	laodicea	work_place	direct	addressed_to_place	95	95	attested	clm-revelation-addressed-laodicea	work:revelation-of-john → addressed_to_place → place:laodicea
edge-3d562e765a866d7a	proposition	martyrs-relics-honored	place	sardis	proposition_place	derived	work_affirms_proposition+addressed_to_place	95	95	probable	clm-revelation-addressed-sardis|clm-revelation-affirms-relics	work:revelation-of-john → work_affirms_proposition → proposition:martyrs-relics-honored + work:revelation-of-john → addressed_to_place → place:sardis
edge-3e34e26d88b6f7fe	work	revelation-of-john	place	ephesus	work_place	direct	addressed_to_place	95	95	attested	clm-revelation-addressed-ephesus	work:revelation-of-john → addressed_to_place → place:ephesus
edge-411203cc16b8f1ac	work	revelation-of-john	place	pergamum	work_place	direct	addressed_to_place	95	95	attested	clm-revelation-addressed-pergamum	work:revelation-of-john → addressed_to_place → place:pergamum
edge-477eb7e8c93df8af	proposition	martyrs-relics-honored	place	laodicea	proposition_place	derived	work_affirms_proposition+addressed_to_place	95	95	probable	clm-revelation-addressed-laodicea|clm-revelation-affirms-relics	work:revelation-of-john → work_affirms_proposition → proposition:martyrs-relics-honored + work:revelation-of-john → addressed_to_place → place:laodicea
edge-4b49d11430918273	person	john-son-of-zebedee	place	patmos	person_place	direct	active_in	95	95	attested	clm-john-active-patmos	person:john-son-of-zebedee → active_in → place:patmos
edge-5b925ce4078b520a	proposition	final-judgment-is-coming	place	laodicea	proposition_place	derived	work_affirms_proposition+addressed_to_place	95	95	probable	clm-revelation-addressed-laodicea|clm-revelation-judgment	work:revelation-of-john → work_affirms_proposition → proposition:final-judgment-is-coming + work:revelation-of-john → addressed_to_place → place:laodicea
edge-5dc7bccfbcbdb1b9	proposition	martyrs-relics-honored	place	philadelphia-asia	proposition_place	derived	work_affirms_proposition+addressed_to_place	95	95	probable	clm-revelation-addressed-philadelphia|clm-revelation-affirms-relics	work:revelation-of-john → work_affirms_proposition → proposition:martyrs-relics-honored + work:revelation-of-john → addressed_to_place → place:philadelphia-asia
edge-61a2babd72592805	proposition	martyrs-relics-honored	place	pergamum	proposition_place	derived	work_affirms_proposition+addressed_to_place	95	95	probable	clm-revelation-addressed-pergamum|clm-revelation-affirms-relics	work:revelation-of-john → work_affirms_proposition → proposition:martyrs-relics-honored + work:revelation-of-john → addressed_to_place → place:pergamum
edge-65a5d62efcb598da	proposition	martyrdom-witnesses-to-christ	place	philadelphia-asia	proposition_place	derived	work_affirms_proposition+addressed_to_place	95	95	probable	clm-revelation-addressed-philadelphia|clm-revelation-affirms-martyrdom-witness	work:revelation-of-john → work_affirms_proposition → proposition:martyrdom-witnesses-to-christ + work:revelation-of-john → addressed_to_place → place:philadelphia-asia
edge-6d968edd5f2503a7	work	revelation-of-john	place	thyatira	work_place	direct	addressed_to_place	95	95	attested	clm-revelation-addressed-thyatira	work:revelation-of-john → addressed_to_place → place:thyatira
edge-718e83d26632bae6	event	john-on-patmos	place	patmos	event_place	direct	event_occurs_at	95	95	probable	clm-john-on-patmos-at-patmos	event:john-on-patmos → event_occurs_at → place:patmos
edge-731c3076036831c5	proposition	final-judgment-is-coming	place	ephesus	proposition_place	derived	work_affirms_proposition+addressed_to_place	95	95	probable	clm-revelation-addressed-ephesus|clm-revelation-judgment	work:revelation-of-john → work_affirms_proposition → proposition:final-judgment-is-coming + work:revelation-of-john → addressed_to_place → place:ephesus
edge-73bf44ac0718a2c5	person	antipas-of-pergamum	place	pergamum	person_place	direct	active_in	95	95	attested	clm-antipas-active-pergamum	person:antipas-of-pergamum → active_in → place:pergamum
edge-776b77315bdb5a2a	proposition	final-judgment-is-coming	place	thyatira	proposition_place	derived	work_affirms_proposition+addressed_to_place	95	95	probable	clm-revelation-addressed-thyatira|clm-revelation-judgment	work:revelation-of-john → work_affirms_proposition → proposition:final-judgment-is-coming + work:revelation-of-john → addressed_to_place → place:thyatira
edge-7935bca4d84e70c5	proposition	martyrdom-witnesses-to-christ	place	ephesus	proposition_place	derived	work_affirms_proposition+addressed_to_place	95	95	probable	clm-revelation-addressed-ephesus|clm-revelation-affirms-martyrdom-witness	work:revelation-of-john → work_affirms_proposition → proposition:martyrdom-witnesses-to-christ + work:revelation-of-john → addressed_to_place → place:ephesus
edge-83df963d729bc88b	proposition	final-judgment-is-coming	place	sardis	proposition_place	derived	work_affirms_proposition+addressed_to_place	95	95	probable	clm-revelation-addressed-sardis|clm-revelation-judgment	work:revelation-of-john → work_affirms_proposition → proposition:final-judgment-is-coming + work:revelation-of-john → addressed_to_place → place:sardis
edge-8537b7c6637991f0	proposition	final-judgment-is-coming	place	pergamum	proposition_place	derived	work_affirms_proposition+addressed_to_place	95	95	probable	clm-revelation-addressed-pergamum|clm-revelation-judgment	work:revelation-of-john → work_affirms_proposition → proposition:final-judgment-is-coming + work:revelation-of-john → addressed_to_place → place:pergamum
edge-97f2e61225ca6554	proposition	final-judgment-is-coming	place	philadelphia-asia	proposition_place	derived	work_affirms_proposition+addressed_to_place	95	95	probable	clm-revelation-addressed-philadelphia|clm-revelation-judgment	work:revelation-of-john → work_affirms_proposition → proposition:final-judgment-is-coming + work:revelation-of-john → addressed_to_place → place:philadelphia-asia
edge-9ffb06831c0409d7	proposition	martyrdom-witnesses-to-christ	place	thyatira	proposition_place	derived	work_affirms_proposition+addressed_to_place	95	95	probable	clm-revelation-addressed-thyatira|clm-revelation-affirms-martyrdom-witness	work:revelation-of-john → work_affirms_proposition → proposition:martyrdom-witnesses-to-christ + work:revelation-of-john → addressed_to_place → place:thyatira
edge-a80450a611ba504e	work	revelation-of-john	place	philadelphia-asia	work_place	direct	addressed_to_place	95	95	attested	clm-revelation-addressed-philadelphia	work:revelation-of-john → addressed_to_place → place:philadelphia-asia
edge-bcb1c5b8d8186f1a	proposition	martyrs-relics-honored	place	patmos	proposition_place	derived	work_affirms_proposition+written_at	95	95	probable	clm-revelation-affirms-relics|clm-revelation-written-patmos	work:revelation-of-john → work_affirms_proposition → proposition:martyrs-relics-honored + work:revelation-of-john → written_at → place:patmos
edge-be3c03863fe722e8	work	revelation-of-john	place	smyrna	work_place	direct	addressed_to_place	95	95	attested	clm-revelation-addressed-smyrna	work:revelation-of-john → addressed_to_place → place:smyrna
edge-d2b139e4e7f26387	proposition	martyrs-relics-honored	place	smyrna	proposition_place	derived	work_affirms_proposition+addressed_to_place	95	95	probable	clm-revelation-addressed-smyrna|clm-revelation-affirms-relics	work:revelation-of-john → work_affirms_proposition → proposition:martyrs-relics-honored + work:revelation-of-john → addressed_to_place → place:smyrna
edge-e0115ed952b565cf	event	antipas-martyrdom	place	pergamum	event_place	direct	event_occurs_at	95	95	attested	clm-antipas-martyrdom-at-pergamum	event:antipas-martyrdom → event_occurs_at → place:pergamum
edge-e688155e04c5110c	proposition	martyrdom-witnesses-to-christ	place	smyrna	proposition_place	derived	work_affirms_proposition+addressed_to_place	95	95	probable	clm-revelation-addressed-smyrna|clm-revelation-affirms-martyrdom-witness	work:revelation-of-john → work_affirms_proposition → proposition:martyrdom-witnesses-to-christ + work:revelation-of-john → addressed_to_place → place:smyrna
edge-edf1d48b57536346	proposition	final-judgment-is-coming	place	patmos	proposition_place	derived	work_affirms_proposition+written_at	95	95	probable	clm-revelation-judgment|clm-revelation-written-patmos	work:revelation-of-john → work_affirms_proposition → proposition:final-judgment-is-coming + work:revelation-of-john → written_at → place:patmos
edge-f05283f943a34eb7	work	revelation-of-john	place	sardis	work_place	direct	addressed_to_place	95	95	attested	clm-revelation-addressed-sardis	work:revelation-of-john → addressed_to_place → place:sardis
edge-f765a2e996fd7732	proposition	martyrdom-witnesses-to-christ	place	pergamum	proposition_place	derived	work_affirms_proposition+addressed_to_place	95	95	probable	clm-revelation-addressed-pergamum|clm-revelation-affirms-martyrdom-witness	work:revelation-of-john → work_affirms_proposition → proposition:martyrdom-witnesses-to-christ + work:revelation-of-john → addressed_to_place → place:pergamum
edge-00ade5f0aee26a9a	proposition	logos-is-pre-existent-son-of-god	place	corinth	proposition_place	derived	work_affirms_proposition+addressed_to_place	95	96	probable	clm-1clement-addressed-corinth|clm-1clement-affirms-logos	work:first-epistle-of-clement → work_affirms_proposition → proposition:logos-is-pre-existent-son-of-god + work:first-epistle-of-clement → addressed_to_place → place:corinth
edge-18eb6494c6f28820	proposition	threefold-ministry-required	place	rome	proposition_place	derived	work_affirms_proposition+written_at	95	96	probable	clm-1clement-affirms-threefold|clm-1clement-written-rome	work:first-epistle-of-clement → work_affirms_proposition → proposition:threefold-ministry-required + work:first-epistle-of-clement → written_at → place:rome
edge-2a32d81f91462726	work	first-epistle-of-clement	place	rome	work_place	direct	written_at	95	96	attested	clm-1clement-written-rome	work:first-epistle-of-clement → written_at → place:rome
edge-31b4e7a3ae3f0805	proposition	threefold-ministry-required	place	corinth	proposition_place	derived	work_affirms_proposition+addressed_to_place	95	96	probable	clm-1clement-addressed-corinth|clm-1clement-affirms-threefold	work:first-epistle-of-clement → work_affirms_proposition → proposition:threefold-ministry-required + work:first-epistle-of-clement → addressed_to_place → place:corinth
edge-3e8f2a1f4112a52a	proposition	bishop-succession-guarantees-apostolic-faith	place	rome	proposition_place	derived	work_affirms_proposition+written_at	95	96	probable	clm-1clement-affirms-episcopal-chair|clm-1clement-written-rome	work:first-epistle-of-clement → work_affirms_proposition → proposition:bishop-succession-guarantees-apostolic-faith + work:first-epistle-of-clement → written_at → place:rome
edge-40e57cfff5309439	proposition	frequent-eucharistic-assembly	place	rome	proposition_place	derived	work_affirms_proposition+written_at	95	96	probable	clm-1clement-affirms-frequent-eucharist|clm-1clement-written-rome	work:first-epistle-of-clement → work_affirms_proposition → proposition:frequent-eucharistic-assembly + work:first-epistle-of-clement → written_at → place:rome
edge-44a8563dea11a905	proposition	rule-of-faith-received-from-apostles	place	corinth	proposition_place	derived	work_affirms_proposition+addressed_to_place	95	96	probable	clm-1clement-addressed-corinth|clm-1clement-affirms-rule-of-faith	work:first-epistle-of-clement → work_affirms_proposition → proposition:rule-of-faith-received-from-apostles + work:first-epistle-of-clement → addressed_to_place → place:corinth
edge-483dfa71f1998d24	proposition	bodies-will-be-raised-at-last-day	place	corinth	proposition_place	derived	work_affirms_proposition+addressed_to_place	95	96	probable	clm-1clement-addressed-corinth|clm-1clement-affirms-bodily-resurrection	work:first-epistle-of-clement → work_affirms_proposition → proposition:bodies-will-be-raised-at-last-day + work:first-epistle-of-clement → addressed_to_place → place:corinth
edge-4b45986b1533f910	proposition	fasting-is-required	place	corinth	proposition_place	derived	work_affirms_proposition+addressed_to_place	95	96	probable	clm-1clement-addressed-corinth|clm-1clement-affirms-fasting	work:first-epistle-of-clement → work_affirms_proposition → proposition:fasting-is-required + work:first-epistle-of-clement → addressed_to_place → place:corinth
edge-516c039c5f8f0502	proposition	martyrdom-witnesses-to-christ	place	corinth	proposition_place	derived	work_affirms_proposition+addressed_to_place	95	96	probable	clm-1clement-addressed-corinth|clm-1clement-affirms-martyrdom-witness	work:first-epistle-of-clement → work_affirms_proposition → proposition:martyrdom-witnesses-to-christ + work:first-epistle-of-clement → addressed_to_place → place:corinth
edge-5362b79e04c10a76	proposition	ordination-conferred-by-laying-on-of-hands	place	rome	proposition_place	derived	work_affirms_proposition+written_at	95	96	probable	clm-1clement-affirms-ordination|clm-1clement-written-rome	work:first-epistle-of-clement → work_affirms_proposition → proposition:ordination-conferred-by-laying-on-of-hands + work:first-epistle-of-clement → written_at → place:rome
edge-588a0020c203f7c4	proposition	christ-truly-became-flesh	place	rome	proposition_place	derived	work_affirms_proposition+written_at	95	96	probable	clm-1clement-affirms-incarnation|clm-1clement-written-rome	work:first-epistle-of-clement → work_affirms_proposition → proposition:christ-truly-became-flesh + work:first-epistle-of-clement → written_at → place:rome
edge-6cdeca89bceb2df7	proposition	martyrdom-witnesses-to-christ	place	rome	proposition_place	derived	work_affirms_proposition+written_at	95	96	probable	clm-1clement-affirms-martyrdom-witness|clm-1clement-written-rome	work:first-epistle-of-clement → work_affirms_proposition → proposition:martyrdom-witnesses-to-christ + work:first-epistle-of-clement → written_at → place:rome
edge-758840b23f9edfe6	proposition	ordination-conferred-by-laying-on-of-hands	place	corinth	proposition_place	derived	work_affirms_proposition+addressed_to_place	95	96	probable	clm-1clement-addressed-corinth|clm-1clement-affirms-ordination	work:first-epistle-of-clement → work_affirms_proposition → proposition:ordination-conferred-by-laying-on-of-hands + work:first-epistle-of-clement → addressed_to_place → place:corinth
edge-767b9621b135e77c	proposition	apostolic-succession-transmits-faith	place	corinth	proposition_place	derived	work_affirms_proposition+addressed_to_place	95	96	probable	clm-1clement-addressed-corinth|clm-1clement-affirms-succession	work:first-epistle-of-clement → work_affirms_proposition → proposition:apostolic-succession-transmits-faith + work:first-epistle-of-clement → addressed_to_place → place:corinth
edge-797ff642d57a9e97	proposition	old-testament-is-authoritative-scripture	place	rome	proposition_place	derived	work_affirms_proposition+written_at	95	96	probable	clm-1clement-affirms-ot-scripture|clm-1clement-written-rome	work:first-epistle-of-clement → work_affirms_proposition → proposition:old-testament-is-authoritative-scripture + work:first-epistle-of-clement → written_at → place:rome
edge-82a44ef0e9f5b21d	proposition	apostolic-succession-transmits-faith	place	rome	proposition_place	derived	work_affirms_proposition+written_at	95	96	probable	clm-1clement-affirms-succession|clm-1clement-written-rome	work:first-epistle-of-clement → work_affirms_proposition → proposition:apostolic-succession-transmits-faith + work:first-epistle-of-clement → written_at → place:rome
edge-87fd42728da7edf4	work	first-epistle-of-clement	place	corinth	work_place	direct	addressed_to_place	95	96	attested	clm-1clement-addressed-corinth	work:first-epistle-of-clement → addressed_to_place → place:corinth
edge-946d4e01970002e4	event	domitian-persecution	place	rome	event_place	direct	event_occurs_at	95	96	probable	clm-domitian-persecution-at-rome	event:domitian-persecution → event_occurs_at → place:rome
edge-a83496c2dffff035	proposition	bishop-succession-guarantees-apostolic-faith	place	corinth	proposition_place	derived	work_affirms_proposition+addressed_to_place	95	96	probable	clm-1clement-addressed-corinth|clm-1clement-affirms-episcopal-chair	work:first-epistle-of-clement → work_affirms_proposition → proposition:bishop-succession-guarantees-apostolic-faith + work:first-epistle-of-clement → addressed_to_place → place:corinth
edge-a94ce9b5573099d7	proposition	bodies-will-be-raised-at-last-day	place	rome	proposition_place	derived	work_affirms_proposition+written_at	95	96	probable	clm-1clement-affirms-bodily-resurrection|clm-1clement-written-rome	work:first-epistle-of-clement → work_affirms_proposition → proposition:bodies-will-be-raised-at-last-day + work:first-epistle-of-clement → written_at → place:rome
edge-b03608cd09111f8b	proposition	old-testament-is-authoritative-scripture	place	corinth	proposition_place	derived	work_affirms_proposition+addressed_to_place	95	96	probable	clm-1clement-addressed-corinth|clm-1clement-affirms-ot-scripture	work:first-epistle-of-clement → work_affirms_proposition → proposition:old-testament-is-authoritative-scripture + work:first-epistle-of-clement → addressed_to_place → place:corinth
edge-c0213988523ec3ac	proposition	rule-of-faith-received-from-apostles	place	rome	proposition_place	derived	work_affirms_proposition+written_at	95	96	probable	clm-1clement-affirms-rule-of-faith|clm-1clement-written-rome	work:first-epistle-of-clement → work_affirms_proposition → proposition:rule-of-faith-received-from-apostles + work:first-epistle-of-clement → written_at → place:rome
edge-c28f10cec2269893	proposition	fasting-is-required	place	rome	proposition_place	derived	work_affirms_proposition+written_at	95	96	probable	clm-1clement-affirms-fasting|clm-1clement-written-rome	work:first-epistle-of-clement → work_affirms_proposition → proposition:fasting-is-required + work:first-epistle-of-clement → written_at → place:rome
edge-d25c86a321641500	proposition	repentance-is-required	place	corinth	proposition_place	derived	work_affirms_proposition+addressed_to_place	95	96	probable	clm-1clement-addressed-corinth|clm-1clement-affirms-repentance	work:first-epistle-of-clement → work_affirms_proposition → proposition:repentance-is-required + work:first-epistle-of-clement → addressed_to_place → place:corinth
edge-d9f534dc51d382b1	proposition	christ-truly-became-flesh	place	corinth	proposition_place	derived	work_affirms_proposition+addressed_to_place	95	96	probable	clm-1clement-addressed-corinth|clm-1clement-affirms-incarnation	work:first-epistle-of-clement → work_affirms_proposition → proposition:christ-truly-became-flesh + work:first-epistle-of-clement → addressed_to_place → place:corinth
edge-ef4d170d4b38f2a6	proposition	frequent-eucharistic-assembly	place	corinth	proposition_place	derived	work_affirms_proposition+addressed_to_place	95	96	probable	clm-1clement-addressed-corinth|clm-1clement-affirms-frequent-eucharist	work:first-epistle-of-clement → work_affirms_proposition → proposition:frequent-eucharistic-assembly + work:first-epistle-of-clement → addressed_to_place → place:corinth
edge-f7e717009c6a7173	proposition	logos-is-pre-existent-son-of-god	place	rome	proposition_place	derived	work_affirms_proposition+written_at	95	96	probable	clm-1clement-affirms-logos|clm-1clement-written-rome	work:first-epistle-of-clement → work_affirms_proposition → proposition:logos-is-pre-existent-son-of-god + work:first-epistle-of-clement → written_at → place:rome
edge-fb712b5f7d39ac81	proposition	repentance-is-required	place	rome	proposition_place	derived	work_affirms_proposition+written_at	95	96	probable	clm-1clement-affirms-repentance|clm-1clement-written-rome	work:first-epistle-of-clement → work_affirms_proposition → proposition:repentance-is-required + work:first-epistle-of-clement → written_at → place:rome
edge-5576370611cf4e67	proposition	bodies-will-be-raised-at-last-day	place	hierapolis	proposition_place	derived	work_affirms_proposition+written_at	95	110	probable	clm-papias-fragments-written-hierapolis|clm-papias-frags-affirms-bodily-resurrection	work:papias-fragments → work_affirms_proposition → proposition:bodies-will-be-raised-at-last-day + work:papias-fragments → written_at → place:hierapolis
edge-5c2b7e6d990446b3	work	papias-fragments	place	hierapolis	work_place	direct	written_at	95	110	probable	clm-papias-fragments-written-hierapolis	work:papias-fragments → written_at → place:hierapolis
edge-af79da58e8becbb8	proposition	rule-of-faith-received-from-apostles	place	hierapolis	proposition_place	derived	work_affirms_proposition+written_at	95	110	probable	clm-papias-fragments-written-hierapolis|clm-papias-frags-affirms-rule-of-faith	work:papias-fragments → work_affirms_proposition → proposition:rule-of-faith-received-from-apostles + work:papias-fragments → written_at → place:hierapolis
edge-b9edc8f4527f9060	proposition	apostolic-succession-transmits-faith	place	hierapolis	proposition_place	derived	work_affirms_proposition+written_at	95	110	probable	clm-papias-fragments-written-hierapolis|clm-papias-frags-affirms-apostolic-succession	work:papias-fragments → work_affirms_proposition → proposition:apostolic-succession-transmits-faith + work:papias-fragments → written_at → place:hierapolis
edge-6fb70b8e25ed58d2	person	papias-of-hierapolis	place	hierapolis	person_place	direct	bishop_of	95	130	attested	clm-papias-bishop-hierapolis	person:papias-of-hierapolis → bishop_of → place:hierapolis
edge-321a33201a5a9b49	group	smyrna-church	place	smyrna	group_place	direct	group_present_at	95	200	attested	clm-group-smyrna-church-smyrna	group:smyrna-church → group_present_at → place:smyrna
edge-364485cbef73b682	group	pergamum-church	place	pergamum	group_place	direct	group_present_at	95	200	attested	clm-group-pergamum-church-pergamum	group:pergamum-church → group_present_at → place:pergamum
edge-3fb47977e515025d	group	thyatira-church	place	thyatira	group_place	direct	group_present_at	95	200	attested	clm-group-thyatira-church-thyatira	group:thyatira-church → group_present_at → place:thyatira
edge-85864c6c5c7bf8bb	group	sardis-church	place	sardis	group_place	direct	group_present_at	95	200	attested	clm-group-sardis-church-sardis	group:sardis-church → group_present_at → place:sardis
edge-ecc1a41a5a97ff79	group	philadelphia-church	place	philadelphia-asia	group_place	direct	group_present_at	95	200	attested	clm-group-philadelphia-church-philadelphia-asia	group:philadelphia-church → group_present_at → place:philadelphia-asia
edge-3d83f5dc7b2e86ef	person	ignatius-of-antioch	place	antioch	person_place	direct	bishop_of	98	110	probable	clm-ignatius-bishop-antioch	person:ignatius-of-antioch → bishop_of → place:antioch
edge-3e6e896a574a9d5a	group	docetists	place	ephesus	group_place	direct	group_present_at	100	120	probable	clm-docetists-at-ephesus	group:docetists → group_present_at → place:ephesus
edge-926dead27a9d51db	group	docetists	place	smyrna	group_place	direct	group_present_at	100	120	attested	clm-docetists-at-smyrna	group:docetists → group_present_at → place:smyrna
edge-bb64821489c2b68a	group	docetists	place	antioch	group_place	direct	group_present_at	100	120	probable	clm-docetists-at-antioch	group:docetists → group_present_at → place:antioch
edge-fca42418f354d7aa	person	justin-martyr	place	flavia-neapolis	person_place	direct	active_in	100	130	probable	clm-justin-active-flavia-neapolis	person:justin-martyr → active_in → place:flavia-neapolis
edge-12fba476d2165f6c	proposition	old-testament-is-authoritative-scripture	place	antioch	proposition_place	derived	person_opposes_proposition+active_in	100	135	probable	clm-saturninus-active-antioch|clm-saturninus-opposes-ot-scripture	person:saturninus → person_opposes_proposition → proposition:old-testament-is-authoritative-scripture + person:saturninus → active_in → place:antioch
edge-8642536c09bfb3b6	proposition	christ-truly-suffered-and-died	place	antioch	proposition_place	derived	person_opposes_proposition+active_in	100	135	probable	clm-saturninus-active-antioch|clm-saturninus-opposes-passion	person:saturninus → person_opposes_proposition → proposition:christ-truly-suffered-and-died + person:saturninus → active_in → place:antioch
edge-877da3f6cdc4359b	proposition	christ-truly-became-flesh	place	antioch	proposition_place	derived	person_opposes_proposition+active_in	100	135	probable	clm-saturninus-active-antioch|clm-saturninus-opposes-incarnation	person:saturninus → person_opposes_proposition → proposition:christ-truly-became-flesh + person:saturninus → active_in → place:antioch
edge-9d05649bee1ad76f	person	saturninus	place	antioch	person_place	direct	active_in	100	135	probable	clm-saturninus-active-antioch	person:saturninus → active_in → place:antioch
edge-a7e45a6930ba437d	proposition	bodies-will-be-raised-at-last-day	place	antioch	proposition_place	derived	person_opposes_proposition+active_in	100	135	probable	clm-saturninus-active-antioch|clm-saturninus-opposes-resurrection	person:saturninus → person_opposes_proposition → proposition:bodies-will-be-raised-at-last-day + person:saturninus → active_in → place:antioch
edge-d5ecfd30fb69ca2a	proposition	logos-is-pre-existent-son-of-god	place	antioch	proposition_place	derived	person_opposes_proposition+active_in	100	135	probable	clm-saturninus-active-antioch|clm-saturninus-opposes-logos	person:saturninus → person_opposes_proposition → proposition:logos-is-pre-existent-son-of-god + person:saturninus → active_in → place:antioch
edge-d69eea9332f3109c	proposition	jesus-born-of-virgin	place	antioch	proposition_place	derived	person_opposes_proposition+active_in	100	135	probable	clm-saturninus-active-antioch|clm-saturninus-opposes-virgin-birth	person:saturninus → person_opposes_proposition → proposition:jesus-born-of-virgin + person:saturninus → active_in → place:antioch
edge-c9093ed1143f6ce4	person	valentinus	place	alexandria	person_place	direct	active_in	100	138	probable	clm-valentinus-active-alexandria	person:valentinus → active_in → place:alexandria
edge-02966639603cbc69	person	marcion-of-sinope	place	pontus	person_place	direct	active_in	100	140	probable	clm-marcion-active-pontus	person:marcion-of-sinope → active_in → place:pontus
edge-f624ac99b181c8a5	person	marcion-of-sinope	place	sinope	person_place	direct	active_in	100	140	probable	clm-marcion-active-sinope	person:marcion-of-sinope → active_in → place:sinope
edge-28c1285f6fee7ff7	proposition	baptism-with-water-commanded	place	rome	proposition_place	derived	work_affirms_proposition+written_at	100	150	probable	clm-hermas-affirms-baptism-water|clm-hermas-written-rome	work:shepherd-of-hermas → work_affirms_proposition → proposition:baptism-with-water-commanded + work:shepherd-of-hermas → written_at → place:rome
edge-3882343961e4e6d0	proposition	rule-of-faith-received-from-apostles	place	rome	proposition_place	derived	work_affirms_proposition+written_at	100	150	probable	clm-hermas-affirms-rule-of-faith|clm-hermas-written-rome	work:shepherd-of-hermas → work_affirms_proposition → proposition:rule-of-faith-received-from-apostles + work:shepherd-of-hermas → written_at → place:rome
edge-95bd1bf1cb9282bb	proposition	fasting-is-required	place	rome	proposition_place	derived	work_affirms_proposition+written_at	100	150	probable	clm-hermas-affirms-fasting|clm-hermas-written-rome	work:shepherd-of-hermas → work_affirms_proposition → proposition:fasting-is-required + work:shepherd-of-hermas → written_at → place:rome
edge-a1bc58e7aa8ba2aa	group	docetists	place	rome	group_place	direct	group_present_at	100	150	probable	clm-docetists-at-rome	group:docetists → group_present_at → place:rome
edge-aed9e43580a5d7be	proposition	baptism-effects-regeneration	place	rome	proposition_place	derived	work_affirms_proposition+written_at	100	150	probable	clm-hermas-affirms-baptism-regen|clm-hermas-written-rome	work:shepherd-of-hermas → work_affirms_proposition → proposition:baptism-effects-regeneration + work:shepherd-of-hermas → written_at → place:rome
edge-b0adb980cac0c65c	work	shepherd-of-hermas	place	rome	work_place	direct	written_at	100	150	probable	clm-hermas-written-rome	work:shepherd-of-hermas → written_at → place:rome
edge-b2790a945755660b	proposition	christ-truly-became-flesh	place	rome	proposition_place	derived	work_affirms_proposition+written_at	100	150	probable	clm-hermas-affirms-incarnation|clm-hermas-written-rome	work:shepherd-of-hermas → work_affirms_proposition → proposition:christ-truly-became-flesh + work:shepherd-of-hermas → written_at → place:rome
edge-b295ccd13015451c	group	docetists	place	phrygia	group_place	direct	group_present_at	100	150	probable	clm-docetists-at-phrygia	group:docetists → group_present_at → place:phrygia
edge-b4e2f67989e4ceb6	proposition	catechumenate-precedes-baptism	place	rome	proposition_place	derived	work_affirms_proposition+written_at	100	150	probable	clm-hermas-affirms-catechumenate|clm-hermas-written-rome	work:shepherd-of-hermas → work_affirms_proposition → proposition:catechumenate-precedes-baptism + work:shepherd-of-hermas → written_at → place:rome
edge-c119a3aa0334f230	proposition	post-baptismal-sin-forgiven-by-penance	place	rome	proposition_place	derived	work_affirms_proposition+written_at	100	150	probable	clm-hermas-affirms-penance|clm-hermas-written-rome	work:shepherd-of-hermas → work_affirms_proposition → proposition:post-baptismal-sin-forgiven-by-penance + work:shepherd-of-hermas → written_at → place:rome
edge-d9feb59661ef8601	person	hermas-shepherd	place	rome	person_place	direct	active_in	100	150	probable	clm-hermas-shepherd-active-rome	person:hermas-shepherd → active_in → place:rome
edge-f5bb4e5448394a6c	group	docetists	place	asia	group_place	direct	group_present_at	100	150	probable	clm-docetists-at-asia	group:docetists → group_present_at → place:asia
edge-27699d198ca629a6	proposition	eucharist-is-body-and-blood	place	rome	proposition_place	derived	person_affirms_proposition+active_in	100	155	probable	clm-polycarp-active-rome|clm-polycarp-affirms-eucharist	person:polycarp-of-smyrna → person_affirms_proposition → proposition:eucharist-is-body-and-blood + person:polycarp-of-smyrna → active_in → place:rome
edge-7562cc05ba367867	proposition	fasting-is-required	place	smyrna	proposition_place	derived	person_affirms_proposition+bishop_of	100	155	probable	clm-polycarp-affirms-fasting|clm-polycarp-bishop-smyrna	person:polycarp-of-smyrna → person_affirms_proposition → proposition:fasting-is-required + person:polycarp-of-smyrna → bishop_of → place:smyrna
edge-ca08e6155e512530	proposition	fasting-is-required	place	ephesus	proposition_place	derived	person_affirms_proposition+active_in	100	155	probable	clm-polycarp-active-ephesus|clm-polycarp-affirms-fasting	person:polycarp-of-smyrna → person_affirms_proposition → proposition:fasting-is-required + person:polycarp-of-smyrna → active_in → place:ephesus
edge-cf12fae8217d794a	proposition	fasting-is-required	place	rome	proposition_place	derived	person_affirms_proposition+active_in	100	155	probable	clm-polycarp-active-rome|clm-polycarp-affirms-fasting	person:polycarp-of-smyrna → person_affirms_proposition → proposition:fasting-is-required + person:polycarp-of-smyrna → active_in → place:rome
edge-d580d8e6e2cc6c9f	person	polycarp-of-smyrna	place	smyrna	person_place	direct	bishop_of	100	155	attested	clm-polycarp-bishop-smyrna	person:polycarp-of-smyrna → bishop_of → place:smyrna
edge-dbc89d7b7d42b8b2	proposition	eucharist-is-body-and-blood	place	ephesus	proposition_place	derived	person_affirms_proposition+active_in	100	155	probable	clm-polycarp-active-ephesus|clm-polycarp-affirms-eucharist	person:polycarp-of-smyrna → person_affirms_proposition → proposition:eucharist-is-body-and-blood + person:polycarp-of-smyrna → active_in → place:ephesus
edge-eb526b9dca92afb2	proposition	eucharist-is-body-and-blood	place	smyrna	proposition_place	derived	person_affirms_proposition+bishop_of	100	155	probable	clm-polycarp-affirms-eucharist|clm-polycarp-bishop-smyrna	person:polycarp-of-smyrna → person_affirms_proposition → proposition:eucharist-is-body-and-blood + person:polycarp-of-smyrna → bishop_of → place:smyrna
edge-eaf82e4b854a920d	group	ebionites	place	samaria	group_place	direct	group_present_at	100	250	probable	clm-ebionites-at-samaria	group:ebionites → group_present_at → place:samaria
edge-fc3e32e403669d0e	group	ebionites	place	jerusalem	group_place	direct	group_present_at	100	250	probable	clm-ebionites-at-jerusalem	group:ebionites → group_present_at → place:jerusalem
edge-be6e7a846256e1f3	group	ebionites	place	antioch	group_place	direct	group_present_at	100	300	probable	clm-ebionites-at-antioch	group:ebionites → group_present_at → place:antioch
edge-ed2c3173f44f3f46	group	ebionites	place	egypt	group_place	direct	group_present_at	100	300	probable	clm-ebionites-at-egypt	group:ebionites → group_present_at → place:egypt
edge-0bd27663e91d99b8	group	caesarean-church	place	caesarea	group_place	direct	group_present_at	100	400	attested	clm-caesarean-church-at-caesarea	group:caesarean-church → group_present_at → place:caesarea
edge-d6a3b2d7d4fae7ed	group	roman-empire	place	bostra	group_place	direct	controls_place	106	400	probable	clm-rome-controls-bostra	group:roman-empire → controls_place → place:bostra
edge-785fd7c7aecca351	proposition	episcopal-unity-grounds-church-unity	place	troas	proposition_place	derived	person_affirms_proposition+active_in	107	110	probable	clm-ignatius-active-troas|clm-ignatius-affirms-episcopal-unity	person:ignatius-of-antioch → person_affirms_proposition → proposition:episcopal-unity-grounds-church-unity + person:ignatius-of-antioch → active_in → place:troas
edge-a30179638debbcfb	proposition	episcopal-unity-grounds-church-unity	place	antioch	proposition_place	derived	person_affirms_proposition+bishop_of	107	110	probable	clm-ignatius-affirms-episcopal-unity|clm-ignatius-bishop-antioch	person:ignatius-of-antioch → person_affirms_proposition → proposition:episcopal-unity-grounds-church-unity + person:ignatius-of-antioch → bishop_of → place:antioch
edge-ade186e8a0bb9e83	proposition	episcopal-unity-grounds-church-unity	place	smyrna	proposition_place	derived	person_affirms_proposition+active_in	107	110	probable	clm-ignatius-active-smyrna|clm-ignatius-affirms-episcopal-unity	person:ignatius-of-antioch → person_affirms_proposition → proposition:episcopal-unity-grounds-church-unity + person:ignatius-of-antioch → active_in → place:smyrna
edge-d5fd65bc768cf9fb	proposition	episcopal-unity-grounds-church-unity	place	ephesus	proposition_place	derived	person_affirms_proposition+active_in	107	110	probable	clm-ignatius-active-ephesus-route|clm-ignatius-affirms-episcopal-unity	person:ignatius-of-antioch → person_affirms_proposition → proposition:episcopal-unity-grounds-church-unity + person:ignatius-of-antioch → active_in → place:ephesus
edge-4ad9f16f174696cb	proposition	christ-truly-suffered-and-died	place	ephesus	proposition_place	derived	work_affirms_proposition+addressed_to_place	107	115	probable	clm-epistles-ignatius-addressed-ephesus|clm-ignatius-smyrn-affirms-passion	work:epistles-of-ignatius → work_affirms_proposition → proposition:christ-truly-suffered-and-died + work:epistles-of-ignatius → addressed_to_place → place:ephesus
edge-55def6105a09a5fc	proposition	christ-truly-suffered-and-died	place	smyrna	proposition_place	derived	work_affirms_proposition+addressed_to_place	107	115	probable	clm-epistles-ignatius-addressed-smyrna|clm-ignatius-smyrn-affirms-passion	work:epistles-of-ignatius → work_affirms_proposition → proposition:christ-truly-suffered-and-died + work:epistles-of-ignatius → addressed_to_place → place:smyrna
edge-8d0b873e7fac5128	proposition	christ-truly-suffered-and-died	place	rome	proposition_place	derived	work_affirms_proposition+addressed_to_place	107	115	probable	clm-epistles-ignatius-addressed-rome|clm-ignatius-smyrn-affirms-passion	work:epistles-of-ignatius → work_affirms_proposition → proposition:christ-truly-suffered-and-died + work:epistles-of-ignatius → addressed_to_place → place:rome
edge-a3faa635e72becad	proposition	christ-truly-suffered-and-died	place	smyrna	proposition_place	derived	work_affirms_proposition+written_at	107	115	probable	clm-epistles-ignatius-written-smyrna|clm-ignatius-smyrn-affirms-passion	work:epistles-of-ignatius → work_affirms_proposition → proposition:christ-truly-suffered-and-died + work:epistles-of-ignatius → written_at → place:smyrna
edge-c48390cdb2a07c7f	proposition	christ-truly-suffered-and-died	place	philadelphia-asia	proposition_place	derived	work_affirms_proposition+addressed_to_place	107	115	probable	clm-epistles-ignatius-addressed-philadelphia|clm-ignatius-smyrn-affirms-passion	work:epistles-of-ignatius → work_affirms_proposition → proposition:christ-truly-suffered-and-died + work:epistles-of-ignatius → addressed_to_place → place:philadelphia-asia
edge-4fea10cdcb2bc0aa	event	ignatius-martyrdom	place	rome	event_place	direct	event_occurs_at	108	110	attested	clm-ignatius-martyrdom-at-rome	event:ignatius-martyrdom → event_occurs_at → place:rome
edge-04ba734f07522855	proposition	jesus-born-of-virgin	place	smyrna	proposition_place	derived	work_affirms_proposition+addressed_to_place	110	110	probable	clm-epistles-ignatius-addressed-smyrna|clm-ignatius-eph-affirms-virgin-birth	work:epistles-of-ignatius → work_affirms_proposition → proposition:jesus-born-of-virgin + work:epistles-of-ignatius → addressed_to_place → place:smyrna
edge-06c197c55a8e6802	proposition	baptism-effects-regeneration	place	smyrna	proposition_place	derived	work_affirms_proposition+addressed_to_place	110	110	probable	clm-epistles-ignatius-addressed-smyrna|clm-ignatius-affirms-baptism-regen	work:epistles-of-ignatius → work_affirms_proposition → proposition:baptism-effects-regeneration + work:epistles-of-ignatius → addressed_to_place → place:smyrna
edge-06fb0d4657be75cd	work	epistles-of-ignatius	place	ephesus	work_place	direct	addressed_to_place	110	110	attested	clm-epistles-ignatius-addressed-ephesus	work:epistles-of-ignatius → addressed_to_place → place:ephesus
edge-0a7311c9eaec99f1	proposition	bishop-succession-guarantees-apostolic-faith	place	smyrna	proposition_place	derived	work_affirms_proposition+written_at	110	110	probable	clm-epistles-ignatius-written-smyrna|clm-ignatius-affirms-episcopal-chair	work:epistles-of-ignatius → work_affirms_proposition → proposition:bishop-succession-guarantees-apostolic-faith + work:epistles-of-ignatius → written_at → place:smyrna
edge-0b490e4a3e7ab234	proposition	repentance-is-required	place	rome	proposition_place	derived	work_affirms_proposition+addressed_to_place	110	110	probable	clm-epistles-ignatius-addressed-rome|clm-ignatius-affirms-repentance	work:epistles-of-ignatius → work_affirms_proposition → proposition:repentance-is-required + work:epistles-of-ignatius → addressed_to_place → place:rome
edge-0bfd8855516a9066	proposition	fasting-is-required	place	philadelphia-asia	proposition_place	derived	work_affirms_proposition+addressed_to_place	110	110	probable	clm-epistles-ignatius-addressed-philadelphia|clm-ignatius-affirms-fasting	work:epistles-of-ignatius → work_affirms_proposition → proposition:fasting-is-required + work:epistles-of-ignatius → addressed_to_place → place:philadelphia-asia
edge-0c58328e2e15c2b6	proposition	eucharist-is-medicine-of-immortality	place	rome	proposition_place	derived	work_affirms_proposition+addressed_to_place	110	110	probable	clm-epistles-ignatius-addressed-rome|clm-ignatius-eph-affirms-eucharist-immortality	work:epistles-of-ignatius → work_affirms_proposition → proposition:eucharist-is-medicine-of-immortality + work:epistles-of-ignatius → addressed_to_place → place:rome
edge-0d4c59ef890d9d72	proposition	rule-of-faith-received-from-apostles	place	smyrna	proposition_place	derived	work_affirms_proposition+addressed_to_place	110	110	probable	clm-epistles-ignatius-addressed-smyrna|clm-ignatius-affirms-rule-of-faith	work:epistles-of-ignatius → work_affirms_proposition → proposition:rule-of-faith-received-from-apostles + work:epistles-of-ignatius → addressed_to_place → place:smyrna
edge-136f0612282edc1c	proposition	final-judgment-is-coming	place	smyrna	proposition_place	derived	work_affirms_proposition+addressed_to_place	110	110	probable	clm-epistles-ignatius-addressed-smyrna|clm-ignatius-affirms-judgment	work:epistles-of-ignatius → work_affirms_proposition → proposition:final-judgment-is-coming + work:epistles-of-ignatius → addressed_to_place → place:smyrna
edge-13caca88c0ca737f	proposition	jesus-born-of-virgin	place	philadelphia-asia	proposition_place	derived	work_affirms_proposition+addressed_to_place	110	110	probable	clm-epistles-ignatius-addressed-philadelphia|clm-ignatius-eph-affirms-virgin-birth	work:epistles-of-ignatius → work_affirms_proposition → proposition:jesus-born-of-virgin + work:epistles-of-ignatius → addressed_to_place → place:philadelphia-asia
edge-166496ba9cea6492	proposition	frequent-eucharistic-assembly	place	smyrna	proposition_place	derived	work_affirms_proposition+written_at	110	110	probable	clm-epistles-ignatius-written-smyrna|clm-ignatius-frequent-assembly	work:epistles-of-ignatius → work_affirms_proposition → proposition:frequent-eucharistic-assembly + work:epistles-of-ignatius → written_at → place:smyrna
edge-1ec2ab195f7e149f	proposition	eucharist-is-body-and-blood	place	philadelphia-asia	proposition_place	derived	work_affirms_proposition+addressed_to_place	110	110	probable	clm-epistles-ignatius-addressed-philadelphia|clm-ignatius-eucharist-flesh	work:epistles-of-ignatius → work_affirms_proposition → proposition:eucharist-is-body-and-blood + work:epistles-of-ignatius → addressed_to_place → place:philadelphia-asia
edge-2477bc29006dbd83	proposition	logos-is-pre-existent-son-of-god	place	ephesus	proposition_place	derived	work_affirms_proposition+addressed_to_place	110	110	probable	clm-epistles-ignatius-addressed-ephesus|clm-ignatius-affirms-logos	work:epistles-of-ignatius → work_affirms_proposition → proposition:logos-is-pre-existent-son-of-god + work:epistles-of-ignatius → addressed_to_place → place:ephesus
edge-270a8f8aa30f97bb	proposition	eucharist-is-medicine-of-immortality	place	smyrna	proposition_place	derived	work_affirms_proposition+written_at	110	110	probable	clm-epistles-ignatius-written-smyrna|clm-ignatius-eph-affirms-eucharist-immortality	work:epistles-of-ignatius → work_affirms_proposition → proposition:eucharist-is-medicine-of-immortality + work:epistles-of-ignatius → written_at → place:smyrna
edge-2b4ec9a0b8813303	proposition	bishops-govern-local-church	place	rome	proposition_place	derived	work_affirms_proposition+addressed_to_place	110	110	probable	clm-epistles-ignatius-addressed-rome|clm-ignatius-affirms-monarchical-bishop	work:epistles-of-ignatius → work_affirms_proposition → proposition:bishops-govern-local-church + work:epistles-of-ignatius → addressed_to_place → place:rome
edge-2c40819aa8f31457	work	epistles-of-ignatius	place	smyrna	work_place	direct	addressed_to_place	110	110	attested	clm-epistles-ignatius-addressed-smyrna	work:epistles-of-ignatius → addressed_to_place → place:smyrna
edge-2d1921ea71ea8b65	proposition	bodies-will-be-raised-at-last-day	place	smyrna	proposition_place	derived	work_affirms_proposition+written_at	110	110	probable	clm-epistles-ignatius-written-smyrna|clm-ignatius-affirms-bodily-resurrection	work:epistles-of-ignatius → work_affirms_proposition → proposition:bodies-will-be-raised-at-last-day + work:epistles-of-ignatius → written_at → place:smyrna
edge-2e1f1db6496d8ae7	proposition	repentance-is-required	place	philadelphia-asia	proposition_place	derived	work_affirms_proposition+addressed_to_place	110	110	probable	clm-epistles-ignatius-addressed-philadelphia|clm-ignatius-affirms-repentance	work:epistles-of-ignatius → work_affirms_proposition → proposition:repentance-is-required + work:epistles-of-ignatius → addressed_to_place → place:philadelphia-asia
edge-2e7aa707b88b364d	proposition	bishops-govern-local-church	place	philadelphia-asia	proposition_place	derived	work_affirms_proposition+addressed_to_place	110	110	probable	clm-epistles-ignatius-addressed-philadelphia|clm-ignatius-affirms-monarchical-bishop	work:epistles-of-ignatius → work_affirms_proposition → proposition:bishops-govern-local-church + work:epistles-of-ignatius → addressed_to_place → place:philadelphia-asia
edge-2ec858fe6230c5e8	proposition	old-testament-is-authoritative-scripture	place	philadelphia-asia	proposition_place	derived	work_affirms_proposition+addressed_to_place	110	110	probable	clm-epistles-ignatius-addressed-philadelphia|clm-ignatius-affirms-ot-scripture	work:epistles-of-ignatius → work_affirms_proposition → proposition:old-testament-is-authoritative-scripture + work:epistles-of-ignatius → addressed_to_place → place:philadelphia-asia
edge-30e095b38f7c88d0	proposition	ordination-conferred-by-laying-on-of-hands	place	smyrna	proposition_place	derived	work_affirms_proposition+written_at	110	110	probable	clm-epistles-ignatius-written-smyrna|clm-ignatius-affirms-ordination	work:epistles-of-ignatius → work_affirms_proposition → proposition:ordination-conferred-by-laying-on-of-hands + work:epistles-of-ignatius → written_at → place:smyrna
edge-343fc7299e957319	proposition	jesus-born-of-virgin	place	ephesus	proposition_place	derived	work_affirms_proposition+addressed_to_place	110	110	probable	clm-epistles-ignatius-addressed-ephesus|clm-ignatius-eph-affirms-virgin-birth	work:epistles-of-ignatius → work_affirms_proposition → proposition:jesus-born-of-virgin + work:epistles-of-ignatius → addressed_to_place → place:ephesus
edge-356744ca7070f1b7	proposition	christ-truly-became-flesh	place	ephesus	proposition_place	derived	work_affirms_proposition+addressed_to_place	110	110	probable	clm-epistles-ignatius-addressed-ephesus|clm-ignatius-affirms-incarnation	work:epistles-of-ignatius → work_affirms_proposition → proposition:christ-truly-became-flesh + work:epistles-of-ignatius → addressed_to_place → place:ephesus
edge-37d71c0085bab1d2	person	ignatius-of-antioch	place	troas	person_place	direct	active_in	110	110	probable	clm-ignatius-active-troas	person:ignatius-of-antioch → active_in → place:troas
edge-38d78d2376a4cd05	proposition	rule-of-faith-received-from-apostles	place	rome	proposition_place	derived	work_affirms_proposition+addressed_to_place	110	110	probable	clm-epistles-ignatius-addressed-rome|clm-ignatius-affirms-rule-of-faith	work:epistles-of-ignatius → work_affirms_proposition → proposition:rule-of-faith-received-from-apostles + work:epistles-of-ignatius → addressed_to_place → place:rome
edge-397339b6745202fa	person	ignatius-of-antioch	place	ephesus	person_place	direct	active_in	110	110	probable	clm-ignatius-active-ephesus-route	person:ignatius-of-antioch → active_in → place:ephesus
edge-39a9267030ef0b7d	proposition	threefold-ministry-required	place	smyrna	proposition_place	derived	work_affirms_proposition+written_at	110	110	probable	clm-epistles-ignatius-written-smyrna|clm-ignatius-affirms-threefold	work:epistles-of-ignatius → work_affirms_proposition → proposition:threefold-ministry-required + work:epistles-of-ignatius → written_at → place:smyrna
edge-3a2ebb88a6ebb6ea	proposition	ordination-conferred-by-laying-on-of-hands	place	rome	proposition_place	derived	work_affirms_proposition+addressed_to_place	110	110	probable	clm-epistles-ignatius-addressed-rome|clm-ignatius-affirms-ordination	work:epistles-of-ignatius → work_affirms_proposition → proposition:ordination-conferred-by-laying-on-of-hands + work:epistles-of-ignatius → addressed_to_place → place:rome
edge-3bed2610249da1e7	proposition	old-testament-is-authoritative-scripture	place	smyrna	proposition_place	derived	work_affirms_proposition+addressed_to_place	110	110	probable	clm-epistles-ignatius-addressed-smyrna|clm-ignatius-affirms-ot-scripture	work:epistles-of-ignatius → work_affirms_proposition → proposition:old-testament-is-authoritative-scripture + work:epistles-of-ignatius → addressed_to_place → place:smyrna
edge-40ab3c78acbbcb35	proposition	old-testament-is-authoritative-scripture	place	ephesus	proposition_place	derived	work_affirms_proposition+addressed_to_place	110	110	probable	clm-epistles-ignatius-addressed-ephesus|clm-ignatius-affirms-ot-scripture	work:epistles-of-ignatius → work_affirms_proposition → proposition:old-testament-is-authoritative-scripture + work:epistles-of-ignatius → addressed_to_place → place:ephesus
edge-40f7364ee18c5105	proposition	bishop-succession-guarantees-apostolic-faith	place	smyrna	proposition_place	derived	work_affirms_proposition+addressed_to_place	110	110	probable	clm-epistles-ignatius-addressed-smyrna|clm-ignatius-affirms-episcopal-chair	work:epistles-of-ignatius → work_affirms_proposition → proposition:bishop-succession-guarantees-apostolic-faith + work:epistles-of-ignatius → addressed_to_place → place:smyrna
edge-42bfbfb5898c379a	proposition	martyrdom-witnesses-to-christ	place	rome	proposition_place	derived	work_affirms_proposition+addressed_to_place	110	110	probable	clm-epistles-ignatius-addressed-rome|clm-ignatius-affirms-martyrdom-witness	work:epistles-of-ignatius → work_affirms_proposition → proposition:martyrdom-witnesses-to-christ + work:epistles-of-ignatius → addressed_to_place → place:rome
edge-432a0535f34cfbe8	proposition	ordination-conferred-by-laying-on-of-hands	place	ephesus	proposition_place	derived	work_affirms_proposition+addressed_to_place	110	110	probable	clm-epistles-ignatius-addressed-ephesus|clm-ignatius-affirms-ordination	work:epistles-of-ignatius → work_affirms_proposition → proposition:ordination-conferred-by-laying-on-of-hands + work:epistles-of-ignatius → addressed_to_place → place:ephesus
edge-44dab46187309620	proposition	jesus-born-of-virgin	place	smyrna	proposition_place	derived	work_affirms_proposition+written_at	110	110	probable	clm-epistles-ignatius-written-smyrna|clm-ignatius-eph-affirms-virgin-birth	work:epistles-of-ignatius → work_affirms_proposition → proposition:jesus-born-of-virgin + work:epistles-of-ignatius → written_at → place:smyrna
edge-4977c99e7d275c78	proposition	eucharist-is-body-and-blood	place	rome	proposition_place	derived	work_affirms_proposition+addressed_to_place	110	110	probable	clm-epistles-ignatius-addressed-rome|clm-ignatius-eucharist-flesh	work:epistles-of-ignatius → work_affirms_proposition → proposition:eucharist-is-body-and-blood + work:epistles-of-ignatius → addressed_to_place → place:rome
edge-4cf63ccf3dd151b5	proposition	fasting-is-required	place	smyrna	proposition_place	derived	work_affirms_proposition+addressed_to_place	110	110	probable	clm-epistles-ignatius-addressed-smyrna|clm-ignatius-affirms-fasting	work:epistles-of-ignatius → work_affirms_proposition → proposition:fasting-is-required + work:epistles-of-ignatius → addressed_to_place → place:smyrna
edge-4d4b077c1a524587	proposition	final-judgment-is-coming	place	philadelphia-asia	proposition_place	derived	work_affirms_proposition+addressed_to_place	110	110	probable	clm-epistles-ignatius-addressed-philadelphia|clm-ignatius-affirms-judgment	work:epistles-of-ignatius → work_affirms_proposition → proposition:final-judgment-is-coming + work:epistles-of-ignatius → addressed_to_place → place:philadelphia-asia
edge-4f545e8e8c2ef692	proposition	martyrdom-witnesses-to-christ	place	smyrna	proposition_place	derived	work_affirms_proposition+written_at	110	110	probable	clm-epistles-ignatius-written-smyrna|clm-ignatius-affirms-martyrdom-witness	work:epistles-of-ignatius → work_affirms_proposition → proposition:martyrdom-witnesses-to-christ + work:epistles-of-ignatius → written_at → place:smyrna
edge-510c5527b575d87d	proposition	martyrdom-witnesses-to-christ	place	smyrna	proposition_place	derived	work_affirms_proposition+addressed_to_place	110	110	probable	clm-epistles-ignatius-addressed-smyrna|clm-ignatius-affirms-martyrdom-witness	work:epistles-of-ignatius → work_affirms_proposition → proposition:martyrdom-witnesses-to-christ + work:epistles-of-ignatius → addressed_to_place → place:smyrna
edge-531d620bb596c844	proposition	eucharist-is-body-and-blood	place	smyrna	proposition_place	derived	work_affirms_proposition+addressed_to_place	110	110	probable	clm-epistles-ignatius-addressed-smyrna|clm-ignatius-eucharist-flesh	work:epistles-of-ignatius → work_affirms_proposition → proposition:eucharist-is-body-and-blood + work:epistles-of-ignatius → addressed_to_place → place:smyrna
edge-55ed47fc9cbc9ee8	proposition	apostolic-succession-transmits-faith	place	rome	proposition_place	derived	work_affirms_proposition+addressed_to_place	110	110	probable	clm-epistles-ignatius-addressed-rome|clm-ignatius-affirms-succession	work:epistles-of-ignatius → work_affirms_proposition → proposition:apostolic-succession-transmits-faith + work:epistles-of-ignatius → addressed_to_place → place:rome
edge-5721f189e6128246	proposition	martyrdom-witnesses-to-christ	place	ephesus	proposition_place	derived	work_affirms_proposition+addressed_to_place	110	110	probable	clm-epistles-ignatius-addressed-ephesus|clm-ignatius-affirms-martyrdom-witness	work:epistles-of-ignatius → work_affirms_proposition → proposition:martyrdom-witnesses-to-christ + work:epistles-of-ignatius → addressed_to_place → place:ephesus
edge-58b4fc666c323f2f	proposition	repentance-is-required	place	smyrna	proposition_place	derived	work_affirms_proposition+written_at	110	110	probable	clm-epistles-ignatius-written-smyrna|clm-ignatius-affirms-repentance	work:epistles-of-ignatius → work_affirms_proposition → proposition:repentance-is-required + work:epistles-of-ignatius → written_at → place:smyrna
edge-59d3126ee62f9914	proposition	bodies-will-be-raised-at-last-day	place	ephesus	proposition_place	derived	work_affirms_proposition+addressed_to_place	110	110	probable	clm-epistles-ignatius-addressed-ephesus|clm-ignatius-affirms-bodily-resurrection	work:epistles-of-ignatius → work_affirms_proposition → proposition:bodies-will-be-raised-at-last-day + work:epistles-of-ignatius → addressed_to_place → place:ephesus
edge-5ade58b6b98ebbe2	proposition	baptism-effects-regeneration	place	philadelphia-asia	proposition_place	derived	work_affirms_proposition+addressed_to_place	110	110	probable	clm-epistles-ignatius-addressed-philadelphia|clm-ignatius-affirms-baptism-regen	work:epistles-of-ignatius → work_affirms_proposition → proposition:baptism-effects-regeneration + work:epistles-of-ignatius → addressed_to_place → place:philadelphia-asia
edge-5fee795acd2dbeff	proposition	christ-truly-became-flesh	place	philadelphia-asia	proposition_place	derived	work_affirms_proposition+addressed_to_place	110	110	probable	clm-epistles-ignatius-addressed-philadelphia|clm-ignatius-affirms-incarnation	work:epistles-of-ignatius → work_affirms_proposition → proposition:christ-truly-became-flesh + work:epistles-of-ignatius → addressed_to_place → place:philadelphia-asia
edge-618f882872d6a2ee	proposition	eucharist-is-medicine-of-immortality	place	philadelphia-asia	proposition_place	derived	work_affirms_proposition+addressed_to_place	110	110	probable	clm-epistles-ignatius-addressed-philadelphia|clm-ignatius-eph-affirms-eucharist-immortality	work:epistles-of-ignatius → work_affirms_proposition → proposition:eucharist-is-medicine-of-immortality + work:epistles-of-ignatius → addressed_to_place → place:philadelphia-asia
edge-67c8718824baa100	proposition	bishop-succession-guarantees-apostolic-faith	place	ephesus	proposition_place	derived	work_affirms_proposition+addressed_to_place	110	110	probable	clm-epistles-ignatius-addressed-ephesus|clm-ignatius-affirms-episcopal-chair	work:epistles-of-ignatius → work_affirms_proposition → proposition:bishop-succession-guarantees-apostolic-faith + work:epistles-of-ignatius → addressed_to_place → place:ephesus
edge-6946e133c4f89ece	proposition	threefold-ministry-required	place	smyrna	proposition_place	derived	work_affirms_proposition+addressed_to_place	110	110	probable	clm-epistles-ignatius-addressed-smyrna|clm-ignatius-affirms-threefold	work:epistles-of-ignatius → work_affirms_proposition → proposition:threefold-ministry-required + work:epistles-of-ignatius → addressed_to_place → place:smyrna
edge-696d049b40d4569f	proposition	apostolic-succession-transmits-faith	place	ephesus	proposition_place	derived	work_affirms_proposition+addressed_to_place	110	110	probable	clm-epistles-ignatius-addressed-ephesus|clm-ignatius-affirms-succession	work:epistles-of-ignatius → work_affirms_proposition → proposition:apostolic-succession-transmits-faith + work:epistles-of-ignatius → addressed_to_place → place:ephesus
edge-6a935dea9fc8b7a4	proposition	jesus-born-of-virgin	place	rome	proposition_place	derived	work_affirms_proposition+addressed_to_place	110	110	probable	clm-epistles-ignatius-addressed-rome|clm-ignatius-eph-affirms-virgin-birth	work:epistles-of-ignatius → work_affirms_proposition → proposition:jesus-born-of-virgin + work:epistles-of-ignatius → addressed_to_place → place:rome
edge-6ceced2042b898b7	proposition	frequent-eucharistic-assembly	place	rome	proposition_place	derived	work_affirms_proposition+addressed_to_place	110	110	probable	clm-epistles-ignatius-addressed-rome|clm-ignatius-frequent-assembly	work:epistles-of-ignatius → work_affirms_proposition → proposition:frequent-eucharistic-assembly + work:epistles-of-ignatius → addressed_to_place → place:rome
edge-6e2a7756a0b7932e	proposition	old-testament-is-authoritative-scripture	place	smyrna	proposition_place	derived	work_affirms_proposition+written_at	110	110	probable	clm-epistles-ignatius-written-smyrna|clm-ignatius-affirms-ot-scripture	work:epistles-of-ignatius → work_affirms_proposition → proposition:old-testament-is-authoritative-scripture + work:epistles-of-ignatius → written_at → place:smyrna
edge-71597f078ac2e1a1	proposition	baptism-effects-regeneration	place	rome	proposition_place	derived	work_affirms_proposition+addressed_to_place	110	110	probable	clm-epistles-ignatius-addressed-rome|clm-ignatius-affirms-baptism-regen	work:epistles-of-ignatius → work_affirms_proposition → proposition:baptism-effects-regeneration + work:epistles-of-ignatius → addressed_to_place → place:rome
edge-71d4a92f9c270d9f	proposition	threefold-ministry-required	place	rome	proposition_place	derived	work_affirms_proposition+addressed_to_place	110	110	probable	clm-epistles-ignatius-addressed-rome|clm-ignatius-affirms-threefold	work:epistles-of-ignatius → work_affirms_proposition → proposition:threefold-ministry-required + work:epistles-of-ignatius → addressed_to_place → place:rome
edge-79e3d1666dd9ce7f	proposition	bishop-authority-over-eucharist	place	philadelphia-asia	proposition_place	derived	work_affirms_proposition+addressed_to_place	110	110	probable	clm-epistles-ignatius-addressed-philadelphia|clm-ignatius-bishop-eucharist	work:epistles-of-ignatius → work_affirms_proposition → proposition:bishop-authority-over-eucharist + work:epistles-of-ignatius → addressed_to_place → place:philadelphia-asia
edge-7eda23dfc72e9546	proposition	frequent-eucharistic-assembly	place	smyrna	proposition_place	derived	work_affirms_proposition+addressed_to_place	110	110	probable	clm-epistles-ignatius-addressed-smyrna|clm-ignatius-frequent-assembly	work:epistles-of-ignatius → work_affirms_proposition → proposition:frequent-eucharistic-assembly + work:epistles-of-ignatius → addressed_to_place → place:smyrna
edge-8188dd3cb12ac444	proposition	logos-is-pre-existent-son-of-god	place	smyrna	proposition_place	derived	work_affirms_proposition+written_at	110	110	probable	clm-epistles-ignatius-written-smyrna|clm-ignatius-affirms-logos	work:epistles-of-ignatius → work_affirms_proposition → proposition:logos-is-pre-existent-son-of-god + work:epistles-of-ignatius → written_at → place:smyrna
edge-87cc11c1f9e4c275	proposition	bodies-will-be-raised-at-last-day	place	philadelphia-asia	proposition_place	derived	work_affirms_proposition+addressed_to_place	110	110	probable	clm-epistles-ignatius-addressed-philadelphia|clm-ignatius-affirms-bodily-resurrection	work:epistles-of-ignatius → work_affirms_proposition → proposition:bodies-will-be-raised-at-last-day + work:epistles-of-ignatius → addressed_to_place → place:philadelphia-asia
edge-88e66d93ffe4ddae	proposition	final-judgment-is-coming	place	rome	proposition_place	derived	work_affirms_proposition+addressed_to_place	110	110	probable	clm-epistles-ignatius-addressed-rome|clm-ignatius-affirms-judgment	work:epistles-of-ignatius → work_affirms_proposition → proposition:final-judgment-is-coming + work:epistles-of-ignatius → addressed_to_place → place:rome
edge-8bf256cbfe6d6cfc	proposition	repentance-is-required	place	smyrna	proposition_place	derived	work_affirms_proposition+addressed_to_place	110	110	probable	clm-epistles-ignatius-addressed-smyrna|clm-ignatius-affirms-repentance	work:epistles-of-ignatius → work_affirms_proposition → proposition:repentance-is-required + work:epistles-of-ignatius → addressed_to_place → place:smyrna
edge-8c69e6e8c3995df4	proposition	fasting-is-required	place	ephesus	proposition_place	derived	work_affirms_proposition+addressed_to_place	110	110	probable	clm-epistles-ignatius-addressed-ephesus|clm-ignatius-affirms-fasting	work:epistles-of-ignatius → work_affirms_proposition → proposition:fasting-is-required + work:epistles-of-ignatius → addressed_to_place → place:ephesus
edge-8d8aad2dede5f9b9	work	epistles-of-ignatius	place	rome	work_place	direct	addressed_to_place	110	110	attested	clm-epistles-ignatius-addressed-rome	work:epistles-of-ignatius → addressed_to_place → place:rome
edge-94c53cbc1b318bef	proposition	baptism-effects-regeneration	place	ephesus	proposition_place	derived	work_affirms_proposition+addressed_to_place	110	110	probable	clm-epistles-ignatius-addressed-ephesus|clm-ignatius-affirms-baptism-regen	work:epistles-of-ignatius → work_affirms_proposition → proposition:baptism-effects-regeneration + work:epistles-of-ignatius → addressed_to_place → place:ephesus
edge-95ebf708cbb50806	proposition	repentance-is-required	place	ephesus	proposition_place	derived	work_affirms_proposition+addressed_to_place	110	110	probable	clm-epistles-ignatius-addressed-ephesus|clm-ignatius-affirms-repentance	work:epistles-of-ignatius → work_affirms_proposition → proposition:repentance-is-required + work:epistles-of-ignatius → addressed_to_place → place:ephesus
edge-9701a33db8315d4f	proposition	rule-of-faith-received-from-apostles	place	philadelphia-asia	proposition_place	derived	work_affirms_proposition+addressed_to_place	110	110	probable	clm-epistles-ignatius-addressed-philadelphia|clm-ignatius-affirms-rule-of-faith	work:epistles-of-ignatius → work_affirms_proposition → proposition:rule-of-faith-received-from-apostles + work:epistles-of-ignatius → addressed_to_place → place:philadelphia-asia
edge-97c32c3b120c2300	proposition	fasting-is-required	place	rome	proposition_place	derived	work_affirms_proposition+addressed_to_place	110	110	probable	clm-epistles-ignatius-addressed-rome|clm-ignatius-affirms-fasting	work:epistles-of-ignatius → work_affirms_proposition → proposition:fasting-is-required + work:epistles-of-ignatius → addressed_to_place → place:rome
edge-9ab3184da61551f9	proposition	rule-of-faith-received-from-apostles	place	smyrna	proposition_place	derived	work_affirms_proposition+written_at	110	110	probable	clm-epistles-ignatius-written-smyrna|clm-ignatius-affirms-rule-of-faith	work:epistles-of-ignatius → work_affirms_proposition → proposition:rule-of-faith-received-from-apostles + work:epistles-of-ignatius → written_at → place:smyrna
edge-9dde0babe3be26c4	proposition	apostolic-succession-transmits-faith	place	smyrna	proposition_place	derived	work_affirms_proposition+addressed_to_place	110	110	probable	clm-epistles-ignatius-addressed-smyrna|clm-ignatius-affirms-succession	work:epistles-of-ignatius → work_affirms_proposition → proposition:apostolic-succession-transmits-faith + work:epistles-of-ignatius → addressed_to_place → place:smyrna
edge-a41fb4b2dd15ccad	work	epistles-of-ignatius	place	smyrna	work_place	direct	written_at	110	110	probable	clm-epistles-ignatius-written-smyrna	work:epistles-of-ignatius → written_at → place:smyrna
edge-a4c5aceb4200a13d	person	ignatius-of-antioch	place	smyrna	person_place	direct	active_in	110	110	probable	clm-ignatius-active-smyrna	person:ignatius-of-antioch → active_in → place:smyrna
edge-a9c9aaedf9f59d23	proposition	bodies-will-be-raised-at-last-day	place	smyrna	proposition_place	derived	work_affirms_proposition+addressed_to_place	110	110	probable	clm-epistles-ignatius-addressed-smyrna|clm-ignatius-affirms-bodily-resurrection	work:epistles-of-ignatius → work_affirms_proposition → proposition:bodies-will-be-raised-at-last-day + work:epistles-of-ignatius → addressed_to_place → place:smyrna
edge-aa8f5696f40d7797	proposition	final-judgment-is-coming	place	ephesus	proposition_place	derived	work_affirms_proposition+addressed_to_place	110	110	probable	clm-epistles-ignatius-addressed-ephesus|clm-ignatius-affirms-judgment	work:epistles-of-ignatius → work_affirms_proposition → proposition:final-judgment-is-coming + work:epistles-of-ignatius → addressed_to_place → place:ephesus
edge-ad6a9d77e7637a46	proposition	frequent-eucharistic-assembly	place	ephesus	proposition_place	derived	work_affirms_proposition+addressed_to_place	110	110	probable	clm-epistles-ignatius-addressed-ephesus|clm-ignatius-frequent-assembly	work:epistles-of-ignatius → work_affirms_proposition → proposition:frequent-eucharistic-assembly + work:epistles-of-ignatius → addressed_to_place → place:ephesus
edge-b04bde8a9d71dfed	proposition	apostolic-succession-transmits-faith	place	philadelphia-asia	proposition_place	derived	work_affirms_proposition+addressed_to_place	110	110	probable	clm-epistles-ignatius-addressed-philadelphia|clm-ignatius-affirms-succession	work:epistles-of-ignatius → work_affirms_proposition → proposition:apostolic-succession-transmits-faith + work:epistles-of-ignatius → addressed_to_place → place:philadelphia-asia
edge-b2e43a6b09f259b4	proposition	apostolic-succession-transmits-faith	place	smyrna	proposition_place	derived	work_affirms_proposition+written_at	110	110	probable	clm-epistles-ignatius-written-smyrna|clm-ignatius-affirms-succession	work:epistles-of-ignatius → work_affirms_proposition → proposition:apostolic-succession-transmits-faith + work:epistles-of-ignatius → written_at → place:smyrna
edge-ba7caa799f0d1bba	proposition	bishops-govern-local-church	place	ephesus	proposition_place	derived	work_affirms_proposition+addressed_to_place	110	110	probable	clm-epistles-ignatius-addressed-ephesus|clm-ignatius-affirms-monarchical-bishop	work:epistles-of-ignatius → work_affirms_proposition → proposition:bishops-govern-local-church + work:epistles-of-ignatius → addressed_to_place → place:ephesus
edge-bcd401d122a37f31	proposition	ordination-conferred-by-laying-on-of-hands	place	smyrna	proposition_place	derived	work_affirms_proposition+addressed_to_place	110	110	probable	clm-epistles-ignatius-addressed-smyrna|clm-ignatius-affirms-ordination	work:epistles-of-ignatius → work_affirms_proposition → proposition:ordination-conferred-by-laying-on-of-hands + work:epistles-of-ignatius → addressed_to_place → place:smyrna
edge-bd931065dbcffc55	proposition	eucharist-is-body-and-blood	place	smyrna	proposition_place	derived	work_affirms_proposition+written_at	110	110	probable	clm-epistles-ignatius-written-smyrna|clm-ignatius-eucharist-flesh	work:epistles-of-ignatius → work_affirms_proposition → proposition:eucharist-is-body-and-blood + work:epistles-of-ignatius → written_at → place:smyrna
edge-be6530b5285ef60f	proposition	eucharist-is-medicine-of-immortality	place	smyrna	proposition_place	derived	work_affirms_proposition+addressed_to_place	110	110	probable	clm-epistles-ignatius-addressed-smyrna|clm-ignatius-eph-affirms-eucharist-immortality	work:epistles-of-ignatius → work_affirms_proposition → proposition:eucharist-is-medicine-of-immortality + work:epistles-of-ignatius → addressed_to_place → place:smyrna
edge-be836c983d3bc415	proposition	bishop-authority-over-eucharist	place	ephesus	proposition_place	derived	work_affirms_proposition+addressed_to_place	110	110	probable	clm-epistles-ignatius-addressed-ephesus|clm-ignatius-bishop-eucharist	work:epistles-of-ignatius → work_affirms_proposition → proposition:bishop-authority-over-eucharist + work:epistles-of-ignatius → addressed_to_place → place:ephesus
edge-c0046c857f1e4143	proposition	logos-is-pre-existent-son-of-god	place	philadelphia-asia	proposition_place	derived	work_affirms_proposition+addressed_to_place	110	110	probable	clm-epistles-ignatius-addressed-philadelphia|clm-ignatius-affirms-logos	work:epistles-of-ignatius → work_affirms_proposition → proposition:logos-is-pre-existent-son-of-god + work:epistles-of-ignatius → addressed_to_place → place:philadelphia-asia
edge-c06822e3df57598a	proposition	logos-is-pre-existent-son-of-god	place	rome	proposition_place	derived	work_affirms_proposition+addressed_to_place	110	110	probable	clm-epistles-ignatius-addressed-rome|clm-ignatius-affirms-logos	work:epistles-of-ignatius → work_affirms_proposition → proposition:logos-is-pre-existent-son-of-god + work:epistles-of-ignatius → addressed_to_place → place:rome
edge-c16ad9d37b43afd6	work	epistles-of-ignatius	place	philadelphia-asia	work_place	direct	addressed_to_place	110	110	probable	clm-epistles-ignatius-addressed-philadelphia	work:epistles-of-ignatius → addressed_to_place → place:philadelphia-asia
edge-c22d31f5c3034f73	proposition	martyrdom-witnesses-to-christ	place	philadelphia-asia	proposition_place	derived	work_affirms_proposition+addressed_to_place	110	110	probable	clm-epistles-ignatius-addressed-philadelphia|clm-ignatius-affirms-martyrdom-witness	work:epistles-of-ignatius → work_affirms_proposition → proposition:martyrdom-witnesses-to-christ + work:epistles-of-ignatius → addressed_to_place → place:philadelphia-asia
edge-c54da181f477c8d6	proposition	bishop-succession-guarantees-apostolic-faith	place	rome	proposition_place	derived	work_affirms_proposition+addressed_to_place	110	110	probable	clm-epistles-ignatius-addressed-rome|clm-ignatius-affirms-episcopal-chair	work:epistles-of-ignatius → work_affirms_proposition → proposition:bishop-succession-guarantees-apostolic-faith + work:epistles-of-ignatius → addressed_to_place → place:rome
edge-c66d7ed495b53f3a	proposition	old-testament-is-authoritative-scripture	place	rome	proposition_place	derived	work_affirms_proposition+addressed_to_place	110	110	probable	clm-epistles-ignatius-addressed-rome|clm-ignatius-affirms-ot-scripture	work:epistles-of-ignatius → work_affirms_proposition → proposition:old-testament-is-authoritative-scripture + work:epistles-of-ignatius → addressed_to_place → place:rome
edge-c7a8a6c68975ae69	proposition	fasting-is-required	place	smyrna	proposition_place	derived	work_affirms_proposition+written_at	110	110	probable	clm-epistles-ignatius-written-smyrna|clm-ignatius-affirms-fasting	work:epistles-of-ignatius → work_affirms_proposition → proposition:fasting-is-required + work:epistles-of-ignatius → written_at → place:smyrna
edge-c7eb50791bc1dcc2	proposition	bishop-succession-guarantees-apostolic-faith	place	philadelphia-asia	proposition_place	derived	work_affirms_proposition+addressed_to_place	110	110	probable	clm-epistles-ignatius-addressed-philadelphia|clm-ignatius-affirms-episcopal-chair	work:epistles-of-ignatius → work_affirms_proposition → proposition:bishop-succession-guarantees-apostolic-faith + work:epistles-of-ignatius → addressed_to_place → place:philadelphia-asia
edge-c93a5c410eca7c0c	proposition	eucharist-is-medicine-of-immortality	place	ephesus	proposition_place	derived	work_affirms_proposition+addressed_to_place	110	110	probable	clm-epistles-ignatius-addressed-ephesus|clm-ignatius-eph-affirms-eucharist-immortality	work:epistles-of-ignatius → work_affirms_proposition → proposition:eucharist-is-medicine-of-immortality + work:epistles-of-ignatius → addressed_to_place → place:ephesus
edge-cbf52092fb3bbf91	proposition	christ-truly-became-flesh	place	rome	proposition_place	derived	work_affirms_proposition+addressed_to_place	110	110	probable	clm-epistles-ignatius-addressed-rome|clm-ignatius-affirms-incarnation	work:epistles-of-ignatius → work_affirms_proposition → proposition:christ-truly-became-flesh + work:epistles-of-ignatius → addressed_to_place → place:rome
edge-cc4a65857d3ba3e9	proposition	threefold-ministry-required	place	philadelphia-asia	proposition_place	derived	work_affirms_proposition+addressed_to_place	110	110	probable	clm-epistles-ignatius-addressed-philadelphia|clm-ignatius-affirms-threefold	work:epistles-of-ignatius → work_affirms_proposition → proposition:threefold-ministry-required + work:epistles-of-ignatius → addressed_to_place → place:philadelphia-asia
edge-cca6ed37cdcad855	proposition	baptism-effects-regeneration	place	smyrna	proposition_place	derived	work_affirms_proposition+written_at	110	110	probable	clm-epistles-ignatius-written-smyrna|clm-ignatius-affirms-baptism-regen	work:epistles-of-ignatius → work_affirms_proposition → proposition:baptism-effects-regeneration + work:epistles-of-ignatius → written_at → place:smyrna
edge-ced62059a151988e	proposition	final-judgment-is-coming	place	smyrna	proposition_place	derived	work_affirms_proposition+written_at	110	110	probable	clm-epistles-ignatius-written-smyrna|clm-ignatius-affirms-judgment	work:epistles-of-ignatius → work_affirms_proposition → proposition:final-judgment-is-coming + work:epistles-of-ignatius → written_at → place:smyrna
edge-cf1b9af6eb857123	proposition	christ-truly-became-flesh	place	smyrna	proposition_place	derived	work_affirms_proposition+written_at	110	110	probable	clm-epistles-ignatius-written-smyrna|clm-ignatius-affirms-incarnation	work:epistles-of-ignatius → work_affirms_proposition → proposition:christ-truly-became-flesh + work:epistles-of-ignatius → written_at → place:smyrna
edge-cf57db5db4a399ed	proposition	christ-truly-became-flesh	place	smyrna	proposition_place	derived	work_affirms_proposition+addressed_to_place	110	110	probable	clm-epistles-ignatius-addressed-smyrna|clm-ignatius-affirms-incarnation	work:epistles-of-ignatius → work_affirms_proposition → proposition:christ-truly-became-flesh + work:epistles-of-ignatius → addressed_to_place → place:smyrna
edge-d02530c6f999d7f1	proposition	bishop-authority-over-eucharist	place	smyrna	proposition_place	derived	work_affirms_proposition+written_at	110	110	probable	clm-epistles-ignatius-written-smyrna|clm-ignatius-bishop-eucharist	work:epistles-of-ignatius → work_affirms_proposition → proposition:bishop-authority-over-eucharist + work:epistles-of-ignatius → written_at → place:smyrna
edge-d64b8bfef886a75b	proposition	threefold-ministry-required	place	ephesus	proposition_place	derived	work_affirms_proposition+addressed_to_place	110	110	probable	clm-epistles-ignatius-addressed-ephesus|clm-ignatius-affirms-threefold	work:epistles-of-ignatius → work_affirms_proposition → proposition:threefold-ministry-required + work:epistles-of-ignatius → addressed_to_place → place:ephesus
edge-d746911d48afcce1	proposition	bishop-authority-over-eucharist	place	smyrna	proposition_place	derived	work_affirms_proposition+addressed_to_place	110	110	probable	clm-epistles-ignatius-addressed-smyrna|clm-ignatius-bishop-eucharist	work:epistles-of-ignatius → work_affirms_proposition → proposition:bishop-authority-over-eucharist + work:epistles-of-ignatius → addressed_to_place → place:smyrna
edge-dd6d4a328701a922	proposition	bishops-govern-local-church	place	smyrna	proposition_place	derived	work_affirms_proposition+written_at	110	110	probable	clm-epistles-ignatius-written-smyrna|clm-ignatius-affirms-monarchical-bishop	work:epistles-of-ignatius → work_affirms_proposition → proposition:bishops-govern-local-church + work:epistles-of-ignatius → written_at → place:smyrna
edge-e10e43dc36a52daa	proposition	frequent-eucharistic-assembly	place	philadelphia-asia	proposition_place	derived	work_affirms_proposition+addressed_to_place	110	110	probable	clm-epistles-ignatius-addressed-philadelphia|clm-ignatius-frequent-assembly	work:epistles-of-ignatius → work_affirms_proposition → proposition:frequent-eucharistic-assembly + work:epistles-of-ignatius → addressed_to_place → place:philadelphia-asia
edge-e26595f34bbae2ef	proposition	logos-is-pre-existent-son-of-god	place	smyrna	proposition_place	derived	work_affirms_proposition+addressed_to_place	110	110	probable	clm-epistles-ignatius-addressed-smyrna|clm-ignatius-affirms-logos	work:epistles-of-ignatius → work_affirms_proposition → proposition:logos-is-pre-existent-son-of-god + work:epistles-of-ignatius → addressed_to_place → place:smyrna
edge-e6bcad5a461eddaa	proposition	rule-of-faith-received-from-apostles	place	ephesus	proposition_place	derived	work_affirms_proposition+addressed_to_place	110	110	probable	clm-epistles-ignatius-addressed-ephesus|clm-ignatius-affirms-rule-of-faith	work:epistles-of-ignatius → work_affirms_proposition → proposition:rule-of-faith-received-from-apostles + work:epistles-of-ignatius → addressed_to_place → place:ephesus
edge-eb85f70e197ed9f7	proposition	bishop-authority-over-eucharist	place	rome	proposition_place	derived	work_affirms_proposition+addressed_to_place	110	110	probable	clm-epistles-ignatius-addressed-rome|clm-ignatius-bishop-eucharist	work:epistles-of-ignatius → work_affirms_proposition → proposition:bishop-authority-over-eucharist + work:epistles-of-ignatius → addressed_to_place → place:rome
edge-ebd1e39a5b5d6487	proposition	bodies-will-be-raised-at-last-day	place	rome	proposition_place	derived	work_affirms_proposition+addressed_to_place	110	110	probable	clm-epistles-ignatius-addressed-rome|clm-ignatius-affirms-bodily-resurrection	work:epistles-of-ignatius → work_affirms_proposition → proposition:bodies-will-be-raised-at-last-day + work:epistles-of-ignatius → addressed_to_place → place:rome
edge-eee93dee6600155a	proposition	bishops-govern-local-church	place	smyrna	proposition_place	derived	work_affirms_proposition+addressed_to_place	110	110	probable	clm-epistles-ignatius-addressed-smyrna|clm-ignatius-affirms-monarchical-bishop	work:epistles-of-ignatius → work_affirms_proposition → proposition:bishops-govern-local-church + work:epistles-of-ignatius → addressed_to_place → place:smyrna
edge-fa2a43cbd5c06827	proposition	ordination-conferred-by-laying-on-of-hands	place	philadelphia-asia	proposition_place	derived	work_affirms_proposition+addressed_to_place	110	110	probable	clm-epistles-ignatius-addressed-philadelphia|clm-ignatius-affirms-ordination	work:epistles-of-ignatius → work_affirms_proposition → proposition:ordination-conferred-by-laying-on-of-hands + work:epistles-of-ignatius → addressed_to_place → place:philadelphia-asia
edge-fb910c3358643cd1	proposition	eucharist-is-body-and-blood	place	ephesus	proposition_place	derived	work_affirms_proposition+addressed_to_place	110	110	probable	clm-epistles-ignatius-addressed-ephesus|clm-ignatius-eucharist-flesh	work:epistles-of-ignatius → work_affirms_proposition → proposition:eucharist-is-body-and-blood + work:epistles-of-ignatius → addressed_to_place → place:ephesus
edge-3379a387bede3561	proposition	christ-truly-suffered-and-died	place	smyrna	proposition_place	derived	work_affirms_proposition+written_at	110	120	probable	clm-polycarp-letter-written-smyrna|clm-polycarp-phil-affirms-passion	work:epistle-of-polycarp-to-philippians → work_affirms_proposition → proposition:christ-truly-suffered-and-died + work:epistle-of-polycarp-to-philippians → written_at → place:smyrna
edge-7bcc1ff684f7ba5b	proposition	christ-truly-suffered-and-died	place	philippi	proposition_place	derived	work_affirms_proposition+addressed_to_place	110	120	probable	clm-polycarp-letter-addressed-philippi|clm-polycarp-phil-affirms-passion	work:epistle-of-polycarp-to-philippians → work_affirms_proposition → proposition:christ-truly-suffered-and-died + work:epistle-of-polycarp-to-philippians → addressed_to_place → place:philippi
edge-00d24a3f5fb20869	proposition	repentance-is-required	place	philippi	proposition_place	derived	work_affirms_proposition+addressed_to_place	110	135	probable	clm-polycarp-letter-addressed-philippi|clm-polycarp-phil-affirms-repentance	work:epistle-of-polycarp-to-philippians → work_affirms_proposition → proposition:repentance-is-required + work:epistle-of-polycarp-to-philippians → addressed_to_place → place:philippi
edge-170c6621d07f0982	proposition	jesus-born-of-virgin	place	smyrna	proposition_place	derived	work_affirms_proposition+written_at	110	135	probable	clm-polycarp-letter-written-smyrna|clm-polycarp-phil-affirms-virgin-birth	work:epistle-of-polycarp-to-philippians → work_affirms_proposition → proposition:jesus-born-of-virgin + work:epistle-of-polycarp-to-philippians → written_at → place:smyrna
edge-224d2e43edc2e180	proposition	logos-is-pre-existent-son-of-god	place	smyrna	proposition_place	derived	work_affirms_proposition+written_at	110	135	probable	clm-polycarp-letter-affirms-logos|clm-polycarp-letter-written-smyrna	work:epistle-of-polycarp-to-philippians → work_affirms_proposition → proposition:logos-is-pre-existent-son-of-god + work:epistle-of-polycarp-to-philippians → written_at → place:smyrna
edge-2c197ad2f0665c22	proposition	martyrdom-witnesses-to-christ	place	smyrna	proposition_place	derived	work_affirms_proposition+written_at	110	135	probable	clm-polycarp-letter-affirms-martyrdom-witness|clm-polycarp-letter-written-smyrna	work:epistle-of-polycarp-to-philippians → work_affirms_proposition → proposition:martyrdom-witnesses-to-christ + work:epistle-of-polycarp-to-philippians → written_at → place:smyrna
edge-2cdb3c75c2a5a300	proposition	eucharist-is-body-and-blood	place	smyrna	proposition_place	derived	work_affirms_proposition+written_at	110	135	probable	clm-polycarp-letter-affirms-eucharist|clm-polycarp-letter-written-smyrna	work:epistle-of-polycarp-to-philippians → work_affirms_proposition → proposition:eucharist-is-body-and-blood + work:epistle-of-polycarp-to-philippians → written_at → place:smyrna
edge-3697c80e51127eb9	proposition	fasting-is-required	place	philippi	proposition_place	derived	work_affirms_proposition+addressed_to_place	110	135	probable	clm-polycarp-letter-addressed-philippi|clm-polycarp-phil-affirms-fasting	work:epistle-of-polycarp-to-philippians → work_affirms_proposition → proposition:fasting-is-required + work:epistle-of-polycarp-to-philippians → addressed_to_place → place:philippi
edge-41701dc61f38415f	proposition	bodies-will-be-raised-at-last-day	place	philippi	proposition_place	derived	work_affirms_proposition+addressed_to_place	110	135	probable	clm-polycarp-letter-addressed-philippi|clm-polycarp-letter-affirms-bodily-resurrection	work:epistle-of-polycarp-to-philippians → work_affirms_proposition → proposition:bodies-will-be-raised-at-last-day + work:epistle-of-polycarp-to-philippians → addressed_to_place → place:philippi
edge-48f717d26853a30e	proposition	eucharist-is-body-and-blood	place	philippi	proposition_place	derived	work_affirms_proposition+addressed_to_place	110	135	probable	clm-polycarp-letter-addressed-philippi|clm-polycarp-letter-affirms-eucharist	work:epistle-of-polycarp-to-philippians → work_affirms_proposition → proposition:eucharist-is-body-and-blood + work:epistle-of-polycarp-to-philippians → addressed_to_place → place:philippi
edge-5ba4084fb629230e	proposition	final-judgment-is-coming	place	philippi	proposition_place	derived	work_affirms_proposition+addressed_to_place	110	135	probable	clm-polycarp-letter-addressed-philippi|clm-polycarp-phil-affirms-judgment	work:epistle-of-polycarp-to-philippians → work_affirms_proposition → proposition:final-judgment-is-coming + work:epistle-of-polycarp-to-philippians → addressed_to_place → place:philippi
edge-67200bccc4fc1e8b	proposition	bodies-will-be-raised-at-last-day	place	smyrna	proposition_place	derived	work_affirms_proposition+written_at	110	135	probable	clm-polycarp-letter-affirms-bodily-resurrection|clm-polycarp-letter-written-smyrna	work:epistle-of-polycarp-to-philippians → work_affirms_proposition → proposition:bodies-will-be-raised-at-last-day + work:epistle-of-polycarp-to-philippians → written_at → place:smyrna
edge-692fcb58aeafa434	proposition	final-judgment-is-coming	place	smyrna	proposition_place	derived	work_affirms_proposition+written_at	110	135	probable	clm-polycarp-letter-written-smyrna|clm-polycarp-phil-affirms-judgment	work:epistle-of-polycarp-to-philippians → work_affirms_proposition → proposition:final-judgment-is-coming + work:epistle-of-polycarp-to-philippians → written_at → place:smyrna
edge-73ac1600c2d751d5	proposition	rule-of-faith-received-from-apostles	place	smyrna	proposition_place	derived	work_affirms_proposition+written_at	110	135	probable	clm-polycarp-letter-affirms-rule-of-faith|clm-polycarp-letter-written-smyrna	work:epistle-of-polycarp-to-philippians → work_affirms_proposition → proposition:rule-of-faith-received-from-apostles + work:epistle-of-polycarp-to-philippians → written_at → place:smyrna
edge-7a0dfc59c7e36c27	proposition	repentance-is-required	place	smyrna	proposition_place	derived	work_affirms_proposition+written_at	110	135	probable	clm-polycarp-letter-written-smyrna|clm-polycarp-phil-affirms-repentance	work:epistle-of-polycarp-to-philippians → work_affirms_proposition → proposition:repentance-is-required + work:epistle-of-polycarp-to-philippians → written_at → place:smyrna
edge-85c9933a76c4d9b7	proposition	fasting-is-required	place	smyrna	proposition_place	derived	work_affirms_proposition+written_at	110	135	probable	clm-polycarp-letter-written-smyrna|clm-polycarp-phil-affirms-fasting	work:epistle-of-polycarp-to-philippians → work_affirms_proposition → proposition:fasting-is-required + work:epistle-of-polycarp-to-philippians → written_at → place:smyrna
edge-88d73e43b7c74ee7	proposition	apostolic-succession-transmits-faith	place	smyrna	proposition_place	derived	work_affirms_proposition+written_at	110	135	probable	clm-polycarp-letter-affirms-apostolic-succession|clm-polycarp-letter-written-smyrna	work:epistle-of-polycarp-to-philippians → work_affirms_proposition → proposition:apostolic-succession-transmits-faith + work:epistle-of-polycarp-to-philippians → written_at → place:smyrna
edge-913319e9b1363974	proposition	christ-truly-became-flesh	place	philippi	proposition_place	derived	work_affirms_proposition+addressed_to_place	110	135	probable	clm-polycarp-letter-addressed-philippi|clm-polycarp-letter-affirms-incarnation	work:epistle-of-polycarp-to-philippians → work_affirms_proposition → proposition:christ-truly-became-flesh + work:epistle-of-polycarp-to-philippians → addressed_to_place → place:philippi
edge-9e2be86ac0c9e58f	proposition	threefold-ministry-required	place	philippi	proposition_place	derived	work_affirms_proposition+addressed_to_place	110	135	probable	clm-polycarp-letter-addressed-philippi|clm-polycarp-letter-affirms-threefold	work:epistle-of-polycarp-to-philippians → work_affirms_proposition → proposition:threefold-ministry-required + work:epistle-of-polycarp-to-philippians → addressed_to_place → place:philippi
edge-a890c8a0e0278ca9	proposition	old-testament-is-authoritative-scripture	place	smyrna	proposition_place	derived	work_affirms_proposition+written_at	110	135	probable	clm-polycarp-letter-written-smyrna|clm-polycarp-phil-affirms-ot-scripture	work:epistle-of-polycarp-to-philippians → work_affirms_proposition → proposition:old-testament-is-authoritative-scripture + work:epistle-of-polycarp-to-philippians → written_at → place:smyrna
edge-b0f9a3a144af87e5	proposition	christ-truly-became-flesh	place	smyrna	proposition_place	derived	work_affirms_proposition+written_at	110	135	probable	clm-polycarp-letter-affirms-incarnation|clm-polycarp-letter-written-smyrna	work:epistle-of-polycarp-to-philippians → work_affirms_proposition → proposition:christ-truly-became-flesh + work:epistle-of-polycarp-to-philippians → written_at → place:smyrna
edge-b2c61fed92c570ec	proposition	apostolic-succession-transmits-faith	place	philippi	proposition_place	derived	work_affirms_proposition+addressed_to_place	110	135	probable	clm-polycarp-letter-addressed-philippi|clm-polycarp-letter-affirms-apostolic-succession	work:epistle-of-polycarp-to-philippians → work_affirms_proposition → proposition:apostolic-succession-transmits-faith + work:epistle-of-polycarp-to-philippians → addressed_to_place → place:philippi
edge-b55a8a3198014686	proposition	rule-of-faith-received-from-apostles	place	philippi	proposition_place	derived	work_affirms_proposition+addressed_to_place	110	135	probable	clm-polycarp-letter-addressed-philippi|clm-polycarp-letter-affirms-rule-of-faith	work:epistle-of-polycarp-to-philippians → work_affirms_proposition → proposition:rule-of-faith-received-from-apostles + work:epistle-of-polycarp-to-philippians → addressed_to_place → place:philippi
edge-c1a50121a2228295	proposition	threefold-ministry-required	place	smyrna	proposition_place	derived	work_affirms_proposition+written_at	110	135	probable	clm-polycarp-letter-affirms-threefold|clm-polycarp-letter-written-smyrna	work:epistle-of-polycarp-to-philippians → work_affirms_proposition → proposition:threefold-ministry-required + work:epistle-of-polycarp-to-philippians → written_at → place:smyrna
edge-c4e53888279d8e98	proposition	old-testament-is-authoritative-scripture	place	philippi	proposition_place	derived	work_affirms_proposition+addressed_to_place	110	135	probable	clm-polycarp-letter-addressed-philippi|clm-polycarp-phil-affirms-ot-scripture	work:epistle-of-polycarp-to-philippians → work_affirms_proposition → proposition:old-testament-is-authoritative-scripture + work:epistle-of-polycarp-to-philippians → addressed_to_place → place:philippi
edge-cc97ac9fb59632e0	proposition	jesus-born-of-virgin	place	philippi	proposition_place	derived	work_affirms_proposition+addressed_to_place	110	135	probable	clm-polycarp-letter-addressed-philippi|clm-polycarp-phil-affirms-virgin-birth	work:epistle-of-polycarp-to-philippians → work_affirms_proposition → proposition:jesus-born-of-virgin + work:epistle-of-polycarp-to-philippians → addressed_to_place → place:philippi
edge-dad7f9009e6b4b60	work	epistle-of-polycarp-to-philippians	place	philippi	work_place	direct	addressed_to_place	110	135	attested	clm-polycarp-letter-addressed-philippi	work:epistle-of-polycarp-to-philippians → addressed_to_place → place:philippi
edge-e07585db5c4b481e	work	epistle-of-polycarp-to-philippians	place	smyrna	work_place	direct	written_at	110	135	probable	clm-polycarp-letter-written-smyrna	work:epistle-of-polycarp-to-philippians → written_at → place:smyrna
edge-f6783791e89606ca	proposition	martyrdom-witnesses-to-christ	place	philippi	proposition_place	derived	work_affirms_proposition+addressed_to_place	110	135	probable	clm-polycarp-letter-addressed-philippi|clm-polycarp-letter-affirms-martyrdom-witness	work:epistle-of-polycarp-to-philippians → work_affirms_proposition → proposition:martyrdom-witnesses-to-christ + work:epistle-of-polycarp-to-philippians → addressed_to_place → place:philippi
edge-f815a4bb3a52b275	proposition	logos-is-pre-existent-son-of-god	place	philippi	proposition_place	derived	work_affirms_proposition+addressed_to_place	110	135	probable	clm-polycarp-letter-addressed-philippi|clm-polycarp-letter-affirms-logos	work:epistle-of-polycarp-to-philippians → work_affirms_proposition → proposition:logos-is-pre-existent-son-of-god + work:epistle-of-polycarp-to-philippians → addressed_to_place → place:philippi
edge-8f8ea2b151555120	person	polycarp-of-smyrna	place	ephesus	person_place	direct	active_in	110	140	probable	clm-polycarp-active-ephesus	person:polycarp-of-smyrna → active_in → place:ephesus
edge-e7173886adbd7251	group	roman-empire	place	edessa	group_place	direct	controls_place	114	244	probable	clm-rome-controls-edessa	group:roman-empire → controls_place → place:edessa
edge-5f379cbbd92ea058	proposition	bodies-will-be-raised-at-last-day	place	alexandria	proposition_place	derived	person_opposes_proposition+active_in	117	145	probable	clm-basilides-active-alexandria|clm-basilides-opposes-resurrection	person:basilides → person_opposes_proposition → proposition:bodies-will-be-raised-at-last-day + person:basilides → active_in → place:alexandria
edge-63cd5d58f90517f5	proposition	christ-truly-became-flesh	place	alexandria	proposition_place	derived	person_opposes_proposition+active_in	117	145	probable	clm-basilides-active-alexandria|clm-basilides-opposes-incarnation	person:basilides → person_opposes_proposition → proposition:christ-truly-became-flesh + person:basilides → active_in → place:alexandria
edge-af16e3d008fa9a75	proposition	old-testament-is-authoritative-scripture	place	alexandria	proposition_place	derived	person_opposes_proposition+active_in	117	145	probable	clm-basilides-active-alexandria|clm-basilides-opposes-ot-scripture	person:basilides → person_opposes_proposition → proposition:old-testament-is-authoritative-scripture + person:basilides → active_in → place:alexandria
edge-b00277c112e6428d	proposition	christ-truly-suffered-and-died	place	alexandria	proposition_place	derived	person_opposes_proposition+active_in	117	145	probable	clm-basilides-active-alexandria|clm-basilides-opposes-passion	person:basilides → person_opposes_proposition → proposition:christ-truly-suffered-and-died + person:basilides → active_in → place:alexandria
edge-dd69da1d5ee9ee96	person	basilides	place	alexandria	person_place	direct	active_in	117	145	probable	clm-basilides-active-alexandria	person:basilides → active_in → place:alexandria
edge-de9b51baa535380f	proposition	logos-is-pre-existent-son-of-god	place	alexandria	proposition_place	derived	person_opposes_proposition+active_in	117	145	probable	clm-basilides-active-alexandria|clm-basilides-opposes-logos	person:basilides → person_opposes_proposition → proposition:logos-is-pre-existent-son-of-god + person:basilides → active_in → place:alexandria
edge-ef6576a083bc486f	proposition	jesus-born-of-virgin	place	alexandria	proposition_place	derived	person_opposes_proposition+active_in	117	145	probable	clm-basilides-active-alexandria|clm-basilides-opposes-virgin-birth	person:basilides → person_opposes_proposition → proposition:jesus-born-of-virgin + person:basilides → active_in → place:alexandria
edge-a54b1c20fab6be81	person	aristides-of-athens	place	athens	person_place	direct	active_in	120	130	probable	clm-aristides-active-athens	person:aristides-of-athens → active_in → place:athens
edge-04930c4c7fc638e3	proposition	logos-is-pre-existent-son-of-god	place	rome	proposition_place	derived	work_affirms_proposition+addressed_to_place	125	130	probable	clm-aristides-apol-addressed-rome|clm-aristides-apol-affirms-logos	work:apology-of-aristides → work_affirms_proposition → proposition:logos-is-pre-existent-son-of-god + work:apology-of-aristides → addressed_to_place → place:rome
edge-194bbc2b90cb9111	proposition	jesus-born-of-virgin	place	rome	proposition_place	derived	work_affirms_proposition+addressed_to_place	125	130	probable	clm-aristides-apol-addressed-rome|clm-aristides-apol-affirms-virgin-birth	work:apology-of-aristides → work_affirms_proposition → proposition:jesus-born-of-virgin + work:apology-of-aristides → addressed_to_place → place:rome
edge-c0a84006a4e7c19d	person	aristides-of-athens	place	rome	person_place	direct	active_in	125	130	probable	clm-aristides-active-rome	person:aristides-of-athens → active_in → place:rome
edge-f66193b152893ad6	work	apology-of-aristides	place	rome	work_place	direct	addressed_to_place	125	130	probable	clm-aristides-apol-addressed-rome	work:apology-of-aristides → addressed_to_place → place:rome
edge-10ebefab43685ed6	proposition	bodies-will-be-raised-at-last-day	place	rome	proposition_place	derived	person_opposes_proposition+active_in	130	160	probable	clm-marcion-active-rome|clm-marcion-opposes-resurrection	person:marcion-of-sinope → person_opposes_proposition → proposition:bodies-will-be-raised-at-last-day + person:marcion-of-sinope → active_in → place:rome
edge-110b209c719c4496	proposition	christ-truly-suffered-and-died	place	pontus	proposition_place	derived	person_opposes_proposition+active_in	130	160	probable	clm-marcion-active-pontus|clm-marcion-opposes-passion	person:marcion-of-sinope → person_opposes_proposition → proposition:christ-truly-suffered-and-died + person:marcion-of-sinope → active_in → place:pontus
edge-23292ef5109b20bf	proposition	bodies-will-be-raised-at-last-day	place	sinope	proposition_place	derived	person_opposes_proposition+active_in	130	160	probable	clm-marcion-active-sinope|clm-marcion-opposes-resurrection	person:marcion-of-sinope → person_opposes_proposition → proposition:bodies-will-be-raised-at-last-day + person:marcion-of-sinope → active_in → place:sinope
edge-2579c1267f48abcb	proposition	christ-truly-suffered-and-died	place	sinope	proposition_place	derived	person_opposes_proposition+active_in	130	160	probable	clm-marcion-active-sinope|clm-marcion-opposes-passion	person:marcion-of-sinope → person_opposes_proposition → proposition:christ-truly-suffered-and-died + person:marcion-of-sinope → active_in → place:sinope
edge-4c47b7501e7c132a	proposition	christ-truly-suffered-and-died	place	rome	proposition_place	derived	person_opposes_proposition+active_in	130	160	probable	clm-marcion-active-rome|clm-marcion-opposes-passion	person:marcion-of-sinope → person_opposes_proposition → proposition:christ-truly-suffered-and-died + person:marcion-of-sinope → active_in → place:rome
edge-52a7103e475c9e24	proposition	rule-of-faith-received-from-apostles	place	sinope	proposition_place	derived	person_opposes_proposition+active_in	130	160	probable	clm-marcion-active-sinope|clm-marcion-opposes-rule-of-faith	person:marcion-of-sinope → person_opposes_proposition → proposition:rule-of-faith-received-from-apostles + person:marcion-of-sinope → active_in → place:sinope
edge-80c29efb9a49fd3e	proposition	apostolic-succession-transmits-faith	place	sinope	proposition_place	derived	person_opposes_proposition+active_in	130	160	probable	clm-marcion-active-sinope|clm-marcion-opposes-apostolic-succession	person:marcion-of-sinope → person_opposes_proposition → proposition:apostolic-succession-transmits-faith + person:marcion-of-sinope → active_in → place:sinope
edge-9609d16f5cafb3d7	proposition	jesus-born-of-virgin	place	rome	proposition_place	derived	person_opposes_proposition+active_in	130	160	probable	clm-marcion-active-rome|clm-marcion-opposes-virgin-birth	person:marcion-of-sinope → person_opposes_proposition → proposition:jesus-born-of-virgin + person:marcion-of-sinope → active_in → place:rome
edge-9ba779562343d442	proposition	rule-of-faith-received-from-apostles	place	rome	proposition_place	derived	person_opposes_proposition+active_in	130	160	probable	clm-marcion-active-rome|clm-marcion-opposes-rule-of-faith	person:marcion-of-sinope → person_opposes_proposition → proposition:rule-of-faith-received-from-apostles + person:marcion-of-sinope → active_in → place:rome
edge-b3fcbe117a660075	proposition	rule-of-faith-received-from-apostles	place	pontus	proposition_place	derived	person_opposes_proposition+active_in	130	160	probable	clm-marcion-active-pontus|clm-marcion-opposes-rule-of-faith	person:marcion-of-sinope → person_opposes_proposition → proposition:rule-of-faith-received-from-apostles + person:marcion-of-sinope → active_in → place:pontus
edge-b6068e87ca11fff4	proposition	apostolic-succession-transmits-faith	place	rome	proposition_place	derived	person_opposes_proposition+active_in	130	160	probable	clm-marcion-active-rome|clm-marcion-opposes-apostolic-succession	person:marcion-of-sinope → person_opposes_proposition → proposition:apostolic-succession-transmits-faith + person:marcion-of-sinope → active_in → place:rome
edge-c583dd34fc6bdac3	proposition	bodies-will-be-raised-at-last-day	place	pontus	proposition_place	derived	person_opposes_proposition+active_in	130	160	probable	clm-marcion-active-pontus|clm-marcion-opposes-resurrection	person:marcion-of-sinope → person_opposes_proposition → proposition:bodies-will-be-raised-at-last-day + person:marcion-of-sinope → active_in → place:pontus
edge-c98105cc087e85ff	proposition	jesus-born-of-virgin	place	sinope	proposition_place	derived	person_opposes_proposition+active_in	130	160	probable	clm-marcion-active-sinope|clm-marcion-opposes-virgin-birth	person:marcion-of-sinope → person_opposes_proposition → proposition:jesus-born-of-virgin + person:marcion-of-sinope → active_in → place:sinope
edge-e5fe8c980e9fc06c	proposition	apostolic-succession-transmits-faith	place	pontus	proposition_place	derived	person_opposes_proposition+active_in	130	160	probable	clm-marcion-active-pontus|clm-marcion-opposes-apostolic-succession	person:marcion-of-sinope → person_opposes_proposition → proposition:apostolic-succession-transmits-faith + person:marcion-of-sinope → active_in → place:pontus
edge-fe497823fd81a67e	proposition	jesus-born-of-virgin	place	pontus	proposition_place	derived	person_opposes_proposition+active_in	130	160	probable	clm-marcion-active-pontus|clm-marcion-opposes-virgin-birth	person:marcion-of-sinope → person_opposes_proposition → proposition:jesus-born-of-virgin + person:marcion-of-sinope → active_in → place:pontus
edge-5ac4704a411904c6	person	justin-martyr	place	ephesus	person_place	direct	active_in	135	150	probable	clm-justin-active-ephesus	person:justin-martyr → active_in → place:ephesus
edge-10257b9d829c5d9e	proposition	christ-truly-became-flesh	place	rome	proposition_place	derived	person_opposes_proposition+active_in	138	160	probable	clm-valentinus-active-rome|clm-valentinus-opposes-incarnation	person:valentinus → person_opposes_proposition → proposition:christ-truly-became-flesh + person:valentinus → active_in → place:rome
edge-10579e6cbb474a1b	proposition	apostolic-succession-transmits-faith	place	rome	proposition_place	derived	person_opposes_proposition+active_in	138	160	probable	clm-valentinus-active-rome|clm-valentinus-opposes-apostolic-succession	person:valentinus → person_opposes_proposition → proposition:apostolic-succession-transmits-faith + person:valentinus → active_in → place:rome
edge-13cefc76d621d8a5	proposition	christ-truly-suffered-and-died	place	rome	proposition_place	derived	person_opposes_proposition+active_in	138	160	probable	clm-valentinus-active-rome|clm-valentinus-opposes-passion	person:valentinus → person_opposes_proposition → proposition:christ-truly-suffered-and-died + person:valentinus → active_in → place:rome
edge-240e549172393884	proposition	rule-of-faith-received-from-apostles	place	alexandria	proposition_place	derived	person_opposes_proposition+active_in	138	160	probable	clm-valentinus-active-alexandria|clm-valentinus-opposes-rule-of-faith	person:valentinus → person_opposes_proposition → proposition:rule-of-faith-received-from-apostles + person:valentinus → active_in → place:alexandria
edge-3d30b53966d925f6	person	valentinus	place	rome	person_place	direct	active_in	138	160	attested	clm-valentinus-active-rome	person:valentinus → active_in → place:rome
edge-5473d3938dbb413c	proposition	old-testament-is-authoritative-scripture	place	rome	proposition_place	derived	person_opposes_proposition+active_in	138	160	probable	clm-valentinus-active-rome|clm-valentinus-opposes-ot-scripture	person:valentinus → person_opposes_proposition → proposition:old-testament-is-authoritative-scripture + person:valentinus → active_in → place:rome
edge-5508e3131dcf7218	proposition	apostolic-succession-transmits-faith	place	alexandria	proposition_place	derived	person_opposes_proposition+active_in	138	160	probable	clm-valentinus-active-alexandria|clm-valentinus-opposes-apostolic-succession	person:valentinus → person_opposes_proposition → proposition:apostolic-succession-transmits-faith + person:valentinus → active_in → place:alexandria
edge-77f51006e3b19ba4	proposition	rule-of-faith-received-from-apostles	place	rome	proposition_place	derived	person_opposes_proposition+active_in	138	160	probable	clm-valentinus-active-rome|clm-valentinus-opposes-rule-of-faith	person:valentinus → person_opposes_proposition → proposition:rule-of-faith-received-from-apostles + person:valentinus → active_in → place:rome
edge-7c6f70c07cbbe7e8	proposition	bodies-will-be-raised-at-last-day	place	rome	proposition_place	derived	person_opposes_proposition+active_in	138	160	probable	clm-valentinus-active-rome|clm-valentinus-opposes-resurrection	person:valentinus → person_opposes_proposition → proposition:bodies-will-be-raised-at-last-day + person:valentinus → active_in → place:rome
edge-86c843ab1ee36e8a	proposition	old-testament-is-authoritative-scripture	place	alexandria	proposition_place	derived	person_opposes_proposition+active_in	138	160	probable	clm-valentinus-active-alexandria|clm-valentinus-opposes-ot-scripture	person:valentinus → person_opposes_proposition → proposition:old-testament-is-authoritative-scripture + person:valentinus → active_in → place:alexandria
edge-c293c9d14bb6bc44	proposition	christ-truly-suffered-and-died	place	alexandria	proposition_place	derived	person_opposes_proposition+active_in	138	160	probable	clm-valentinus-active-alexandria|clm-valentinus-opposes-passion	person:valentinus → person_opposes_proposition → proposition:christ-truly-suffered-and-died + person:valentinus → active_in → place:alexandria
edge-c45b8d882237f5fd	proposition	bodies-will-be-raised-at-last-day	place	alexandria	proposition_place	derived	person_opposes_proposition+active_in	138	160	probable	clm-valentinus-active-alexandria|clm-valentinus-opposes-resurrection	person:valentinus → person_opposes_proposition → proposition:bodies-will-be-raised-at-last-day + person:valentinus → active_in → place:alexandria
edge-f449f7299a019890	proposition	christ-truly-became-flesh	place	alexandria	proposition_place	derived	person_opposes_proposition+active_in	138	160	probable	clm-valentinus-active-alexandria|clm-valentinus-opposes-incarnation	person:valentinus → person_opposes_proposition → proposition:christ-truly-became-flesh + person:valentinus → active_in → place:alexandria
edge-0070757ff1057cc1	group	valentinians	place	rome	group_place	direct	group_present_at	138	190	attested	clm-valentinians-present-rome	group:valentinians → group_present_at → place:rome
edge-71097d4a4c605bd5	work	marcion-antitheses	place	rome	work_place	direct	written_at	140	144	probable	clm-marcion-antitheses-written-rome	work:marcion-antitheses → written_at → place:rome
edge-bf723840e4a9b835	proposition	old-testament-is-authoritative-scripture	place	rome	proposition_place	derived	work_opposes_proposition+written_at	140	144	probable	clm-marcion-antitheses-opposes-ot-scripture|clm-marcion-antitheses-written-rome	work:marcion-antitheses → work_opposes_proposition → proposition:old-testament-is-authoritative-scripture + work:marcion-antitheses → written_at → place:rome
edge-2e96e333f9ecf505	person	marcion-of-sinope	place	rome	person_place	direct	active_in	140	160	probable	clm-marcion-active-rome	person:marcion-of-sinope → active_in → place:rome
edge-fb01bd1fed2e6182	person	hegesippus	place	jerusalem	person_place	direct	active_in	140	160	probable	clm-hegesippus-active-jerusalem	person:hegesippus → active_in → place:jerusalem
edge-8e6d718d61c0713f	group	valentinians	place	egypt	group_place	direct	group_present_at	140	250	probable	clm-valentinians-at-egypt	group:valentinians → group_present_at → place:egypt
edge-b8f53014edef7309	group	valentinians	place	alexandria	group_place	direct	group_present_at	140	250	probable	clm-valentinians-at-alexandria	group:valentinians → group_present_at → place:alexandria
edge-bf7f0e461e24e918	event	marcion-excommunication	place	rome	event_place	direct	event_occurs_at	144	144	probable	clm-marcion-excommunication-at-rome	event:marcion-excommunication → event_occurs_at → place:rome
edge-4b8d793911ca1a4c	group	marcionites	place	asia	group_place	direct	group_present_at	144	300	probable	clm-marcionites-at-asia	group:marcionites → group_present_at → place:asia
edge-50462564c5f2d07a	group	marcionites	place	pontus	group_place	direct	group_present_at	144	300	probable	clm-marcionites-at-pontus	group:marcionites → group_present_at → place:pontus
edge-febbe9d5389eecbd	group	marcionites	place	rome	group_place	direct	group_present_at	144	300	attested	clm-marcionites-present-rome	group:marcionites → group_present_at → place:rome
edge-328eb2bb3e447414	person	irenaeus-of-lyons	place	smyrna	person_place	direct	active_in	145	165	probable	clm-irenaeus-active-smyrna	person:irenaeus-of-lyons → active_in → place:smyrna
edge-3b09c4a3177bd743	person	polycarp-of-smyrna	place	rome	person_place	direct	active_in	150	155	probable	clm-polycarp-active-rome	person:polycarp-of-smyrna → active_in → place:rome
edge-38e57018b42648ed	person	justin-martyr	place	rome	person_place	direct	active_in	150	165	probable	clm-justin-active-rome	person:justin-martyr → active_in → place:rome
edge-51f67a2f95b6ec32	proposition	fasting-is-required	place	flavia-neapolis	proposition_place	derived	person_affirms_proposition+active_in	150	165	probable	clm-justin-active-flavia-neapolis|clm-justin-affirms-fasting	person:justin-martyr → person_affirms_proposition → proposition:fasting-is-required + person:justin-martyr → active_in → place:flavia-neapolis
edge-60c569de728c1df8	proposition	fasting-is-required	place	ephesus	proposition_place	derived	person_affirms_proposition+active_in	150	165	probable	clm-justin-active-ephesus|clm-justin-affirms-fasting	person:justin-martyr → person_affirms_proposition → proposition:fasting-is-required + person:justin-martyr → active_in → place:ephesus
edge-b7b4420296627d18	proposition	fasting-is-required	place	rome	proposition_place	derived	person_affirms_proposition+active_in	150	165	probable	clm-justin-active-rome|clm-justin-affirms-fasting	person:justin-martyr → person_affirms_proposition → proposition:fasting-is-required + person:justin-martyr → active_in → place:rome
edge-c525c4bb0059a279	person	tatian-the-assyrian	place	rome	person_place	direct	active_in	150	165	probable	clm-tatian-active-rome	person:tatian-the-assyrian → active_in → place:rome
edge-1b224d3f04cf1cb7	group	valentinians	place	antioch	group_place	direct	group_present_at	150	250	probable	clm-valentinians-at-antioch	group:valentinians → group_present_at → place:antioch
edge-beb8ae797c079378	group	valentinians	place	ephesus	group_place	direct	group_present_at	150	250	probable	clm-valentinians-at-ephesus	group:valentinians → group_present_at → place:ephesus
edge-0ca12520d506ea11	group	marcionites	place	carthage	group_place	direct	group_present_at	150	300	probable	clm-marcionites-at-carthage	group:marcionites → group_present_at → place:carthage
edge-1507c2cb70b4cd4b	group	marcionites	place	galatia	group_place	direct	group_present_at	150	300	probable	clm-marcionites-at-galatia	group:marcionites → group_present_at → place:galatia
edge-3b365793feaca69d	group	marcionites	place	alexandria	group_place	direct	group_present_at	150	300	probable	clm-marcionites-at-alexandria	group:marcionites → group_present_at → place:alexandria
edge-3ddd057abfcc71dc	group	marcionites	place	egypt	group_place	direct	group_present_at	150	300	probable	clm-marcionites-at-egypt	group:marcionites → group_present_at → place:egypt
edge-42d01da467731c55	group	marcionites	place	antioch	group_place	direct	group_present_at	150	300	probable	clm-marcionites-at-antioch	group:marcionites → group_present_at → place:antioch
edge-6b7e792724feb33f	group	marcionites	place	ephesus	group_place	direct	group_present_at	150	300	probable	clm-marcionites-at-ephesus	group:marcionites → group_present_at → place:ephesus
edge-8e8c6f6652797cd2	group	marcionites	place	smyrna	group_place	direct	group_present_at	150	300	probable	clm-marcionites-at-smyrna	group:marcionites → group_present_at → place:smyrna
edge-25bb7c28797ead9a	person	bardaisan-of-edessa	place	edessa	person_place	direct	active_in	154	222	attested	clm-bardaisan-active-edessa	person:bardaisan-of-edessa → active_in → place:edessa
edge-066b9881fcd34580	proposition	bishop-succession-guarantees-apostolic-faith	place	rome	proposition_place	derived	work_affirms_proposition+written_at	155	155	probable	clm-justin-apol-affirms-episcopal-chair|clm-justin-first-apology-written-rome	work:first-apology-of-justin → work_affirms_proposition → proposition:bishop-succession-guarantees-apostolic-faith + work:first-apology-of-justin → written_at → place:rome
edge-29086d7ac119dc72	proposition	eucharist-is-body-and-blood	place	rome	proposition_place	derived	work_affirms_proposition+written_at	155	155	probable	clm-justin-eucharist-flesh|clm-justin-first-apology-written-rome	work:first-apology-of-justin → work_affirms_proposition → proposition:eucharist-is-body-and-blood + work:first-apology-of-justin → written_at → place:rome
edge-2ae8678f279faee0	proposition	baptism-effects-regeneration	place	rome	proposition_place	derived	work_affirms_proposition+written_at	155	155	probable	clm-justin-affirms-baptism-regen|clm-justin-first-apology-written-rome	work:first-apology-of-justin → work_affirms_proposition → proposition:baptism-effects-regeneration + work:first-apology-of-justin → written_at → place:rome
edge-2eecd0fb1bf7295e	proposition	jesus-born-of-virgin	place	rome	proposition_place	derived	work_affirms_proposition+written_at	155	155	probable	clm-justin-apol-affirms-virgin-birth|clm-justin-first-apology-written-rome	work:first-apology-of-justin → work_affirms_proposition → proposition:jesus-born-of-virgin + work:first-apology-of-justin → written_at → place:rome
edge-3cd0ee555c39efe0	event	polycarp-martyrdom	place	smyrna	event_place	direct	event_occurs_at	155	155	attested	clm-polycarp-martyrdom-at-smyrna	event:polycarp-martyrdom → event_occurs_at → place:smyrna
edge-3d708d9b1eef3a2a	proposition	bodies-will-be-raised-at-last-day	place	rome	proposition_place	derived	work_affirms_proposition+written_at	155	155	probable	clm-justin-apol-affirms-bodily-resurrection|clm-justin-first-apology-written-rome	work:first-apology-of-justin → work_affirms_proposition → proposition:bodies-will-be-raised-at-last-day + work:first-apology-of-justin → written_at → place:rome
edge-3ded9ceef3cfa155	proposition	baptism-administered-in-trinitarian-name	place	rome	proposition_place	derived	work_affirms_proposition+written_at	155	155	probable	clm-justin-apol-affirms-trinitarian-baptism|clm-justin-first-apology-written-rome	work:first-apology-of-justin → work_affirms_proposition → proposition:baptism-administered-in-trinitarian-name + work:first-apology-of-justin → written_at → place:rome
edge-55e19d19fa927685	proposition	baptismal-anointing-with-oil	place	rome	proposition_place	derived	work_affirms_proposition+written_at	155	155	probable	clm-justin-apol-affirms-baptismal-anointing|clm-justin-first-apology-written-rome	work:first-apology-of-justin → work_affirms_proposition → proposition:baptismal-anointing-with-oil + work:first-apology-of-justin → written_at → place:rome
edge-59e12dbed2612c15	work	first-apology-of-justin	place	rome	work_place	direct	written_at	155	155	probable	clm-justin-first-apology-written-rome	work:first-apology-of-justin → written_at → place:rome
edge-775b2c68dd396ca6	proposition	rule-of-faith-received-from-apostles	place	rome	proposition_place	derived	work_affirms_proposition+written_at	155	155	probable	clm-justin-apol-affirms-rule-of-faith|clm-justin-first-apology-written-rome	work:first-apology-of-justin → work_affirms_proposition → proposition:rule-of-faith-received-from-apostles + work:first-apology-of-justin → written_at → place:rome
edge-83f7b254be3efcc8	proposition	eucharist-is-sacrifice	place	rome	proposition_place	derived	work_affirms_proposition+written_at	155	155	probable	clm-justin-apol-affirms-eucharist-sacrifice|clm-justin-first-apology-written-rome	work:first-apology-of-justin → work_affirms_proposition → proposition:eucharist-is-sacrifice + work:first-apology-of-justin → written_at → place:rome
edge-86ecd753f44385ec	proposition	apostolic-succession-transmits-faith	place	rome	proposition_place	derived	work_affirms_proposition+written_at	155	155	probable	clm-justin-apol-affirms-apostolic-succession|clm-justin-first-apology-written-rome	work:first-apology-of-justin → work_affirms_proposition → proposition:apostolic-succession-transmits-faith + work:first-apology-of-justin → written_at → place:rome
edge-8df43e41011dc88a	proposition	eucharist-offered-on-sunday	place	rome	proposition_place	derived	work_affirms_proposition+written_at	155	155	probable	clm-justin-eucharist-sunday|clm-justin-first-apology-written-rome	work:first-apology-of-justin → work_affirms_proposition → proposition:eucharist-offered-on-sunday + work:first-apology-of-justin → written_at → place:rome
edge-a1fb33293c9f0a96	proposition	logos-is-pre-existent-son-of-god	place	rome	proposition_place	derived	work_affirms_proposition+written_at	155	155	probable	clm-justin-apol-affirms-logos|clm-justin-first-apology-written-rome	work:first-apology-of-justin → work_affirms_proposition → proposition:logos-is-pre-existent-son-of-god + work:first-apology-of-justin → written_at → place:rome
edge-ba9ce143ee7dafa6	proposition	christ-truly-became-flesh	place	rome	proposition_place	derived	work_affirms_proposition+written_at	155	155	probable	clm-justin-apol-affirms-incarnation|clm-justin-first-apology-written-rome	work:first-apology-of-justin → work_affirms_proposition → proposition:christ-truly-became-flesh + work:first-apology-of-justin → written_at → place:rome
edge-d354f00bcfc335aa	proposition	baptism-with-water-commanded	place	rome	proposition_place	derived	work_affirms_proposition+written_at	155	155	probable	clm-justin-baptism-water|clm-justin-first-apology-written-rome	work:first-apology-of-justin → work_affirms_proposition → proposition:baptism-with-water-commanded + work:first-apology-of-justin → written_at → place:rome
edge-e97762dd11d55c76	proposition	catechumenate-precedes-baptism	place	rome	proposition_place	derived	work_affirms_proposition+written_at	155	155	probable	clm-justin-apol-affirms-catechumenate|clm-justin-first-apology-written-rome	work:first-apology-of-justin → work_affirms_proposition → proposition:catechumenate-precedes-baptism + work:first-apology-of-justin → written_at → place:rome
edge-f1c30940b435590e	proposition	eucharist-fulfills-malachi-pure-offering	place	rome	proposition_place	derived	work_affirms_proposition+written_at	155	155	probable	clm-justin-apol-affirms-eucharist-malachi|clm-justin-first-apology-written-rome	work:first-apology-of-justin → work_affirms_proposition → proposition:eucharist-fulfills-malachi-pure-offering + work:first-apology-of-justin → written_at → place:rome
edge-0f0802e8bce4a0fc	proposition	christ-truly-became-flesh	place	rome	proposition_place	derived	work_affirms_proposition+written_at	155	160	probable	clm-dial-trypho-affirms-incarnation|clm-dialogue-trypho-written-rome	work:dialogue-with-trypho → work_affirms_proposition → proposition:christ-truly-became-flesh + work:dialogue-with-trypho → written_at → place:rome
edge-11ca2aa30e226c69	proposition	eucharist-is-sacrifice	place	rome	proposition_place	derived	work_affirms_proposition+written_at	155	160	probable	clm-dial-trypho-affirms-eucharist-sacrifice|clm-dialogue-trypho-written-rome	work:dialogue-with-trypho → work_affirms_proposition → proposition:eucharist-is-sacrifice + work:dialogue-with-trypho → written_at → place:rome
edge-15929ce7bca87114	proposition	rule-of-faith-received-from-apostles	place	rome	proposition_place	derived	work_affirms_proposition+written_at	155	160	probable	clm-dial-trypho-affirms-rule-of-faith|clm-dialogue-trypho-written-rome	work:dialogue-with-trypho → work_affirms_proposition → proposition:rule-of-faith-received-from-apostles + work:dialogue-with-trypho → written_at → place:rome
edge-28888c073ab4e041	proposition	martyrdom-witnesses-to-christ	place	smyrna	proposition_place	derived	work_affirms_proposition+written_at	155	160	probable	clm-martyrdom-polycarp-affirms-martyrdom-witness|clm-martyrdom-polycarp-written-smyrna	work:martyrdom-of-polycarp → work_affirms_proposition → proposition:martyrdom-witnesses-to-christ + work:martyrdom-of-polycarp → written_at → place:smyrna
edge-2b4e6eb63c8c15e8	proposition	catechumenate-precedes-baptism	place	rome	proposition_place	derived	work_affirms_proposition+written_at	155	160	probable	clm-dial-trypho-affirms-catechumenate|clm-dialogue-trypho-written-rome	work:dialogue-with-trypho → work_affirms_proposition → proposition:catechumenate-precedes-baptism + work:dialogue-with-trypho → written_at → place:rome
edge-2be3e8d1bd78ba64	work	martyrdom-of-polycarp	place	smyrna	work_place	direct	written_at	155	160	probable	clm-martyrdom-polycarp-written-smyrna	work:martyrdom-of-polycarp → written_at → place:smyrna
edge-338f58946ea2964f	proposition	fasting-is-required	place	rome	proposition_place	derived	work_affirms_proposition+written_at	155	160	probable	clm-dial-trypho-affirms-fasting|clm-dialogue-trypho-written-rome	work:dialogue-with-trypho → work_affirms_proposition → proposition:fasting-is-required + work:dialogue-with-trypho → written_at → place:rome
edge-36e16da32a58a52a	work	dialogue-with-trypho	place	rome	work_place	direct	written_at	155	160	probable	clm-dialogue-trypho-written-rome	work:dialogue-with-trypho → written_at → place:rome
edge-395a73b42bfbdb69	person	hegesippus	place	antioch	person_place	direct	active_in	155	160	probable	clm-hegesippus-active-antioch	person:hegesippus → active_in → place:antioch
edge-3c6080a56c65448b	proposition	apostolic-succession-transmits-faith	place	rome	proposition_place	derived	work_affirms_proposition+written_at	155	160	probable	clm-dial-trypho-affirms-apostolic-succession|clm-dialogue-trypho-written-rome	work:dialogue-with-trypho → work_affirms_proposition → proposition:apostolic-succession-transmits-faith + work:dialogue-with-trypho → written_at → place:rome
edge-42dc9257cba80247	proposition	jesus-born-of-virgin	place	rome	proposition_place	derived	work_affirms_proposition+written_at	155	160	probable	clm-dial-trypho-affirms-virgin-birth|clm-dialogue-trypho-written-rome	work:dialogue-with-trypho → work_affirms_proposition → proposition:jesus-born-of-virgin + work:dialogue-with-trypho → written_at → place:rome
edge-4d9bc29c48192032	proposition	logos-is-pre-existent-son-of-god	place	rome	proposition_place	derived	work_affirms_proposition+written_at	155	160	probable	clm-dial-trypho-affirms-logos|clm-dialogue-trypho-written-rome	work:dialogue-with-trypho → work_affirms_proposition → proposition:logos-is-pre-existent-son-of-god + work:dialogue-with-trypho → written_at → place:rome
edge-672ab8b6a85fd665	proposition	bodies-will-be-raised-at-last-day	place	rome	proposition_place	derived	work_affirms_proposition+written_at	155	160	probable	clm-dial-trypho-affirms-bodily-resurrection|clm-dialogue-trypho-written-rome	work:dialogue-with-trypho → work_affirms_proposition → proposition:bodies-will-be-raised-at-last-day + work:dialogue-with-trypho → written_at → place:rome
edge-a32eccb4026a736f	proposition	martyrs-relics-honored	place	smyrna	proposition_place	derived	work_affirms_proposition+written_at	155	160	probable	clm-martyrdom-polycarp-affirms-relic-honor|clm-martyrdom-polycarp-written-smyrna	work:martyrdom-of-polycarp → work_affirms_proposition → proposition:martyrs-relics-honored + work:martyrdom-of-polycarp → written_at → place:smyrna
edge-b6ab260fdc03ece0	proposition	eucharist-is-sacrifice	place	smyrna	proposition_place	derived	work_affirms_proposition+written_at	155	160	probable	clm-martyrdom-polycarp-affirms-sacrifice|clm-martyrdom-polycarp-written-smyrna	work:martyrdom-of-polycarp → work_affirms_proposition → proposition:eucharist-is-sacrifice + work:martyrdom-of-polycarp → written_at → place:smyrna
edge-c1743e64a70757c1	proposition	eucharist-is-body-and-blood	place	rome	proposition_place	derived	work_affirms_proposition+written_at	155	160	probable	clm-dial-trypho-affirms-eucharist-body-blood|clm-dialogue-trypho-written-rome	work:dialogue-with-trypho → work_affirms_proposition → proposition:eucharist-is-body-and-blood + work:dialogue-with-trypho → written_at → place:rome
edge-c520d363306c8efd	proposition	baptism-effects-regeneration	place	rome	proposition_place	derived	work_affirms_proposition+written_at	155	160	probable	clm-dial-trypho-affirms-baptism-regen|clm-dialogue-trypho-written-rome	work:dialogue-with-trypho → work_affirms_proposition → proposition:baptism-effects-regeneration + work:dialogue-with-trypho → written_at → place:rome
edge-f460df185375880a	proposition	eucharist-fulfills-malachi-pure-offering	place	rome	proposition_place	derived	work_affirms_proposition+written_at	155	160	probable	clm-dial-trypho-affirms-eucharist-malachi|clm-dialogue-trypho-written-rome	work:dialogue-with-trypho → work_affirms_proposition → proposition:eucharist-fulfills-malachi-pure-offering + work:dialogue-with-trypho → written_at → place:rome
edge-3cfce027a8e42560	proposition	logos-is-pre-existent-son-of-god	place	rome	proposition_place	derived	work_affirms_proposition+written_at	155	165	probable	clm-oration-greeks-affirms-logos|clm-oration-greeks-written-rome	work:oration-to-the-greeks → work_affirms_proposition → proposition:logos-is-pre-existent-son-of-god + work:oration-to-the-greeks → written_at → place:rome
edge-60cd07d7d9484413	proposition	bodies-will-be-raised-at-last-day	place	rome	proposition_place	derived	work_affirms_proposition+written_at	155	165	probable	clm-oration-greeks-affirms-bodily-resurrection|clm-oration-greeks-written-rome	work:oration-to-the-greeks → work_affirms_proposition → proposition:bodies-will-be-raised-at-last-day + work:oration-to-the-greeks → written_at → place:rome
edge-64168c90b3c2f0b3	proposition	old-testament-is-authoritative-scripture	place	rome	proposition_place	derived	work_affirms_proposition+written_at	155	165	probable	clm-dial-trypho-affirms-ot-scripture|clm-dialogue-trypho-written-rome	work:dialogue-with-trypho → work_affirms_proposition → proposition:old-testament-is-authoritative-scripture + work:dialogue-with-trypho → written_at → place:rome
edge-ad926ee4bf99d002	work	oration-to-the-greeks	place	rome	work_place	direct	written_at	155	165	probable	clm-oration-greeks-written-rome	work:oration-to-the-greeks → written_at → place:rome
edge-b9309a4f266faa13	proposition	martyrdom-witnesses-to-christ	place	rome	proposition_place	derived	person_affirms_proposition+active_in	155	165	probable	clm-justin-active-rome|clm-justin-person-affirms-martyrdom-witness	person:justin-martyr → person_affirms_proposition → proposition:martyrdom-witnesses-to-christ + person:justin-martyr → active_in → place:rome
edge-c17215639b9cacfe	proposition	martyrdom-witnesses-to-christ	place	ephesus	proposition_place	derived	person_affirms_proposition+active_in	155	165	probable	clm-justin-active-ephesus|clm-justin-person-affirms-martyrdom-witness	person:justin-martyr → person_affirms_proposition → proposition:martyrdom-witnesses-to-christ + person:justin-martyr → active_in → place:ephesus
edge-e4e5831abf78dbe5	proposition	christ-truly-became-flesh	place	rome	proposition_place	derived	work_affirms_proposition+written_at	155	165	probable	clm-oration-greeks-affirms-incarnation|clm-oration-greeks-written-rome	work:oration-to-the-greeks → work_affirms_proposition → proposition:christ-truly-became-flesh + work:oration-to-the-greeks → written_at → place:rome
edge-f4b29e005de02766	proposition	old-testament-is-authoritative-scripture	place	rome	proposition_place	derived	work_affirms_proposition+written_at	155	165	probable	clm-oration-greeks-affirms-ot-scripture|clm-oration-greeks-written-rome	work:oration-to-the-greeks → work_affirms_proposition → proposition:old-testament-is-authoritative-scripture + work:oration-to-the-greeks → written_at → place:rome
edge-f4bae3d14b642622	proposition	martyrdom-witnesses-to-christ	place	flavia-neapolis	proposition_place	derived	person_affirms_proposition+active_in	155	165	probable	clm-justin-active-flavia-neapolis|clm-justin-person-affirms-martyrdom-witness	person:justin-martyr → person_affirms_proposition → proposition:martyrdom-witnesses-to-christ + person:justin-martyr → active_in → place:flavia-neapolis
edge-28281374ae0407d1	person	anicetus	place	rome	person_place	direct	bishop_of	155	166	probable	clm-anicetus-bishop-rome	person:anicetus → bishop_of → place:rome
edge-2306c6643e8fbf11	person	hegesippus	place	corinth	person_place	direct	active_in	155	170	probable	clm-hegesippus-active-corinth	person:hegesippus → active_in → place:corinth
edge-abc3520b55466bd6	person	hegesippus	place	rome	person_place	direct	active_in	155	175	probable	clm-hegesippus-active-rome	person:hegesippus → active_in → place:rome
edge-1dbfd1b747566168	proposition	prophetic-gifts-continue-after-apostles	place	phrygia	proposition_place	derived	person_affirms_proposition+active_in	155	179	probable	clm-maximilla-active-phrygia|clm-maximilla-affirms-continuing-prophecy	person:maximilla → person_affirms_proposition → proposition:prophetic-gifts-continue-after-apostles + person:maximilla → active_in → place:phrygia
edge-8f09bc344c1d8d17	person	maximilla	place	phrygia	person_place	direct	active_in	155	179	attested	clm-maximilla-active-phrygia	person:maximilla → active_in → place:phrygia
edge-0cfae8e9625d7374	person	montanus	place	phrygia	person_place	direct	active_in	155	180	attested	clm-montanus-active-phrygia	person:montanus → active_in → place:phrygia
edge-11cfe183e4a3aa40	proposition	christ-truly-suffered-and-died	place	sardis	proposition_place	derived	person_affirms_proposition+bishop_of	155	180	probable	clm-melito-affirms-passion|clm-melito-bishop-sardis	person:melito-of-sardis → person_affirms_proposition → proposition:christ-truly-suffered-and-died + person:melito-of-sardis → bishop_of → place:sardis
edge-3f48121037d58b7f	proposition	prophetic-gifts-continue-after-apostles	place	phrygia	proposition_place	derived	person_affirms_proposition+active_in	155	180	probable	clm-montanus-active-phrygia|clm-montanus-affirms-continuing-prophecy	person:montanus → person_affirms_proposition → proposition:prophetic-gifts-continue-after-apostles + person:montanus → active_in → place:phrygia
edge-4a328ccadab6cac7	proposition	old-testament-is-authoritative-scripture	place	sardis	proposition_place	derived	person_affirms_proposition+bishop_of	155	180	probable	clm-melito-affirms-ot-scripture|clm-melito-bishop-sardis	person:melito-of-sardis → person_affirms_proposition → proposition:old-testament-is-authoritative-scripture + person:melito-of-sardis → bishop_of → place:sardis
edge-58057360fbcb43d9	proposition	apostolic-succession-transmits-faith	place	corinth	proposition_place	derived	person_affirms_proposition+active_in	155	180	probable	clm-hegesippus-active-corinth|clm-hegesippus-person-affirms-apostolic-succession	person:hegesippus → person_affirms_proposition → proposition:apostolic-succession-transmits-faith + person:hegesippus → active_in → place:corinth
edge-616a10c5b017c44d	proposition	apostolic-succession-transmits-faith	place	jerusalem	proposition_place	derived	person_affirms_proposition+active_in	155	180	probable	clm-hegesippus-active-jerusalem|clm-hegesippus-person-affirms-apostolic-succession	person:hegesippus → person_affirms_proposition → proposition:apostolic-succession-transmits-faith + person:hegesippus → active_in → place:jerusalem
edge-944d50f5632c2fd0	proposition	rule-of-faith-received-from-apostles	place	jerusalem	proposition_place	derived	person_affirms_proposition+active_in	155	180	probable	clm-hegesippus-active-jerusalem|clm-hegesippus-person-affirms-rule-of-faith	person:hegesippus → person_affirms_proposition → proposition:rule-of-faith-received-from-apostles + person:hegesippus → active_in → place:jerusalem
edge-9f39c4f2b9562f08	proposition	apostolic-succession-transmits-faith	place	antioch	proposition_place	derived	person_affirms_proposition+active_in	155	180	probable	clm-hegesippus-active-antioch|clm-hegesippus-person-affirms-apostolic-succession	person:hegesippus → person_affirms_proposition → proposition:apostolic-succession-transmits-faith + person:hegesippus → active_in → place:antioch
edge-ab1655815682a10c	person	melito-of-sardis	place	sardis	person_place	direct	bishop_of	155	180	probable	clm-melito-bishop-sardis	person:melito-of-sardis → bishop_of → place:sardis
edge-d8bfb10f95c9b768	proposition	apostolic-succession-transmits-faith	place	phrygia	proposition_place	derived	person_opposes_proposition+active_in	155	180	probable	clm-montanus-active-phrygia|clm-montanus-opposes-apostolic-succession	person:montanus → person_opposes_proposition → proposition:apostolic-succession-transmits-faith + person:montanus → active_in → place:phrygia
edge-e096de9e92999ced	proposition	rule-of-faith-received-from-apostles	place	antioch	proposition_place	derived	person_affirms_proposition+active_in	155	180	probable	clm-hegesippus-active-antioch|clm-hegesippus-person-affirms-rule-of-faith	person:hegesippus → person_affirms_proposition → proposition:rule-of-faith-received-from-apostles + person:hegesippus → active_in → place:antioch
edge-e561b1e22543ebe7	proposition	rule-of-faith-received-from-apostles	place	corinth	proposition_place	derived	person_affirms_proposition+active_in	155	180	probable	clm-hegesippus-active-corinth|clm-hegesippus-person-affirms-rule-of-faith	person:hegesippus → person_affirms_proposition → proposition:rule-of-faith-received-from-apostles + person:hegesippus → active_in → place:corinth
edge-e66dac82ca86dbf5	proposition	rule-of-faith-received-from-apostles	place	rome	proposition_place	derived	person_affirms_proposition+active_in	155	180	probable	clm-hegesippus-active-rome|clm-hegesippus-person-affirms-rule-of-faith	person:hegesippus → person_affirms_proposition → proposition:rule-of-faith-received-from-apostles + person:hegesippus → active_in → place:rome
edge-ef1969dbe9f37414	proposition	apostolic-succession-transmits-faith	place	rome	proposition_place	derived	person_affirms_proposition+active_in	155	180	probable	clm-hegesippus-active-rome|clm-hegesippus-person-affirms-apostolic-succession	person:hegesippus → person_affirms_proposition → proposition:apostolic-succession-transmits-faith + person:hegesippus → active_in → place:rome
edge-0117b57b5bd10bf1	proposition	eucharist-is-body-and-blood	place	sardis	proposition_place	derived	work_affirms_proposition+written_at	160	170	probable	clm-melito-pascha-affirms-eucharist|clm-melito-pascha-written-sardis	work:homily-on-the-passover → work_affirms_proposition → proposition:eucharist-is-body-and-blood + work:homily-on-the-passover → written_at → place:sardis
edge-2ee11e5fb32ab79b	proposition	old-testament-is-authoritative-scripture	place	sardis	proposition_place	derived	work_affirms_proposition+written_at	160	170	probable	clm-melito-pascha-affirms-ot-scripture|clm-melito-pascha-written-sardis	work:homily-on-the-passover → work_affirms_proposition → proposition:old-testament-is-authoritative-scripture + work:homily-on-the-passover → written_at → place:sardis
edge-4a4d5c0386c46785	proposition	martyrdom-witnesses-to-christ	place	sardis	proposition_place	derived	work_affirms_proposition+written_at	160	170	probable	clm-melito-pascha-affirms-martyrdom-witness|clm-melito-pascha-written-sardis	work:homily-on-the-passover → work_affirms_proposition → proposition:martyrdom-witnesses-to-christ + work:homily-on-the-passover → written_at → place:sardis
edge-57472ee36141328c	work	homily-on-the-passover	place	sardis	work_place	direct	written_at	160	170	probable	clm-melito-pascha-written-sardis	work:homily-on-the-passover → written_at → place:sardis
edge-79fac3e07eabf30b	proposition	bodies-will-be-raised-at-last-day	place	sardis	proposition_place	derived	work_affirms_proposition+written_at	160	170	probable	clm-melito-pascha-affirms-resurrection|clm-melito-pascha-written-sardis	work:homily-on-the-passover → work_affirms_proposition → proposition:bodies-will-be-raised-at-last-day + work:homily-on-the-passover → written_at → place:sardis
edge-aebf37bb1c48942a	proposition	jesus-born-of-virgin	place	sardis	proposition_place	derived	work_affirms_proposition+written_at	160	170	probable	clm-melito-pascha-affirms-virgin-birth|clm-melito-pascha-written-sardis	work:homily-on-the-passover → work_affirms_proposition → proposition:jesus-born-of-virgin + work:homily-on-the-passover → written_at → place:sardis
edge-dab1156315b9866c	proposition	logos-is-pre-existent-son-of-god	place	sardis	proposition_place	derived	work_affirms_proposition+written_at	160	170	probable	clm-melito-pascha-affirms-logos|clm-melito-pascha-written-sardis	work:homily-on-the-passover → work_affirms_proposition → proposition:logos-is-pre-existent-son-of-god + work:homily-on-the-passover → written_at → place:sardis
edge-df174bfd17666253	proposition	christ-truly-became-flesh	place	sardis	proposition_place	derived	work_affirms_proposition+written_at	160	170	probable	clm-melito-pascha-affirms-incarnation|clm-melito-pascha-written-sardis	work:homily-on-the-passover → work_affirms_proposition → proposition:christ-truly-became-flesh + work:homily-on-the-passover → written_at → place:sardis
edge-e6381b41db0977ba	proposition	christ-truly-suffered-and-died	place	sardis	proposition_place	derived	work_affirms_proposition+written_at	160	170	probable	clm-melito-pascha-affirms-passion|clm-melito-pascha-written-sardis	work:homily-on-the-passover → work_affirms_proposition → proposition:christ-truly-suffered-and-died + work:homily-on-the-passover → written_at → place:sardis
edge-03f3c5910388fa97	person	pantaenus	place	alexandria	person_place	direct	active_in	160	200	attested	clm-pantaenus-active-alexandria	person:pantaenus → active_in → place:alexandria
edge-9b01160ca4909270	group	valentinians	place	carthage	group_place	direct	group_present_at	160	250	probable	clm-valentinians-at-carthage	group:valentinians → group_present_at → place:carthage
edge-be69deec117d0076	event	justin-martyrdom	place	rome	event_place	direct	event_occurs_at	165	165	probable	clm-justin-martyrdom-at-rome	event:justin-martyrdom → event_occurs_at → place:rome
edge-085148b2d8082786	proposition	encratism-is-required	place	edessa	proposition_place	derived	person_affirms_proposition+active_in	165	180	probable	clm-tatian-active-edessa|clm-tatian-affirms-encratism	person:tatian-the-assyrian → person_affirms_proposition → proposition:encratism-is-required + person:tatian-the-assyrian → active_in → place:edessa
edge-6bf609469a8aed66	proposition	encratism-is-required	place	rome	proposition_place	derived	person_affirms_proposition+active_in	165	180	probable	clm-tatian-active-rome|clm-tatian-affirms-encratism	person:tatian-the-assyrian → person_affirms_proposition → proposition:encratism-is-required + person:tatian-the-assyrian → active_in → place:rome
edge-9b0f6d52d31f1242	person	tatian-the-assyrian	place	antioch	person_place	direct	active_in	165	180	probable	clm-tatian-active-antioch	person:tatian-the-assyrian → active_in → place:antioch
edge-f61b93c6f0fb03db	proposition	encratism-is-required	place	antioch	proposition_place	derived	person_affirms_proposition+active_in	165	180	probable	clm-tatian-active-antioch|clm-tatian-affirms-encratism	person:tatian-the-assyrian → person_affirms_proposition → proposition:encratism-is-required + person:tatian-the-assyrian → active_in → place:antioch
edge-bbcea1deb5697eab	proposition	rule-of-faith-received-from-apostles	place	corinth	proposition_place	derived	person_affirms_proposition+bishop_of	166	174	probable	clm-dionysius-corinth-affirms-rule-of-faith|clm-dionysius-corinth-bishop-corinth	person:dionysius-of-corinth → person_affirms_proposition → proposition:rule-of-faith-received-from-apostles + person:dionysius-of-corinth → bishop_of → place:corinth
edge-c9c377e96f1bc5f6	person	dionysius-of-corinth	place	corinth	person_place	direct	bishop_of	166	174	attested	clm-dionysius-corinth-bishop-corinth	person:dionysius-of-corinth → bishop_of → place:corinth
edge-cfd872ce5bf950d1	proposition	apostolic-succession-transmits-faith	place	corinth	proposition_place	derived	person_affirms_proposition+bishop_of	166	174	probable	clm-dionysius-corinth-affirms-apostolic-succession|clm-dionysius-corinth-bishop-corinth	person:dionysius-of-corinth → person_affirms_proposition → proposition:apostolic-succession-transmits-faith + person:dionysius-of-corinth → bishop_of → place:corinth
edge-fc5617b7a5fdd6fb	person	theophilus-of-antioch	place	antioch	person_place	direct	bishop_of	169	183	probable	clm-theophilus-bishop-antioch	person:theophilus-of-antioch → bishop_of → place:antioch
edge-3c712a20efbd5d06	work	diatessaron	place	edessa	work_place	direct	written_at	170	170	possible	clm-diatessaron-written-edessa	work:diatessaron → written_at → place:edessa
edge-6bbd3198645d2764	proposition	encratism-is-required	place	edessa	proposition_place	derived	work_mentions_proposition+written_at	170	170	probable	clm-diatessaron-mentions-encratism|clm-diatessaron-written-edessa	work:diatessaron → work_mentions_proposition → proposition:encratism-is-required + work:diatessaron → written_at → place:edessa
edge-93205c75f29b3238	proposition	gospel-harmony-is-authoritative	place	edessa	proposition_place	derived	work_affirms_proposition+written_at	170	170	probable	clm-diatessaron-affirms-gospel-harmony|clm-diatessaron-written-edessa	work:diatessaron → work_affirms_proposition → proposition:gospel-harmony-is-authoritative + work:diatessaron → written_at → place:edessa
edge-4da88e1c8038b117	person	clement-of-alexandria	place	athens	person_place	direct	active_in	170	175	probable	clm-clement-alex-active-athens	person:clement-of-alexandria → active_in → place:athens
edge-794c579e26d380f4	person	athenagoras-of-athens	place	athens	person_place	direct	active_in	170	177	probable	clm-athenagoras-active-athens	person:athenagoras-of-athens → active_in → place:athens
edge-36302f4e1f6e448e	proposition	gospel-harmony-is-authoritative	place	edessa	proposition_place	derived	person_affirms_proposition+active_in	170	180	probable	clm-tatian-active-edessa|clm-tatian-affirms-gospel-harmony	person:tatian-the-assyrian → person_affirms_proposition → proposition:gospel-harmony-is-authoritative + person:tatian-the-assyrian → active_in → place:edessa
edge-c7459280ce12de24	proposition	gospel-harmony-is-authoritative	place	rome	proposition_place	derived	person_affirms_proposition+active_in	170	180	probable	clm-tatian-active-rome|clm-tatian-affirms-gospel-harmony	person:tatian-the-assyrian → person_affirms_proposition → proposition:gospel-harmony-is-authoritative + person:tatian-the-assyrian → active_in → place:rome
edge-f2f41f87f6d09fe9	proposition	gospel-harmony-is-authoritative	place	antioch	proposition_place	derived	person_affirms_proposition+active_in	170	180	probable	clm-tatian-active-antioch|clm-tatian-affirms-gospel-harmony	person:tatian-the-assyrian → person_affirms_proposition → proposition:gospel-harmony-is-authoritative + person:tatian-the-assyrian → active_in → place:antioch
edge-3a58f8cf0e3cb7e7	person	polycrates-of-ephesus	place	ephesus	person_place	direct	bishop_of	170	196	probable	clm-polycrates-bishop-ephesus	person:polycrates-of-ephesus → bishop_of → place:ephesus
edge-5d1733b6a7180825	proposition	rule-of-faith-received-from-apostles	place	ephesus	proposition_place	derived	person_affirms_proposition+bishop_of	170	196	probable	clm-polycrates-bishop-ephesus|clm-polycrates-person-affirms-rule-of-faith	person:polycrates-of-ephesus → person_affirms_proposition → proposition:rule-of-faith-received-from-apostles + person:polycrates-of-ephesus → bishop_of → place:ephesus
edge-ba8a3d7b4d5d4924	person	clement-of-alexandria	place	alexandria	person_place	direct	active_in	170	202	probable	clm-clement-active-in-alexandria	person:clement-of-alexandria → active_in → place:alexandria
edge-aaca00ab775fc96b	group	valentinians	place	gaul	group_place	direct	group_present_at	170	250	probable	clm-valentinians-at-gaul	group:valentinians → group_present_at → place:gaul
edge-6786858cf825fd3f	group	montanists	place	asia	group_place	direct	group_present_at	170	300	probable	clm-montanists-at-asia	group:montanists → group_present_at → place:asia
edge-f643294c8933ee59	group	montanists	place	phrygia	group_place	direct	group_present_at	170	300	probable	clm-montanists-at-phrygia	group:montanists → group_present_at → place:phrygia
edge-3e9cc2e6bd0a1295	person	tatian-the-assyrian	place	edessa	person_place	direct	active_in	172	180	probable	clm-tatian-active-edessa	person:tatian-the-assyrian → active_in → place:edessa
edge-9b38d1b99112d2c9	person	eleutherus	place	rome	person_place	direct	bishop_of	174	189	probable	clm-eleutherus-bishop-rome	person:eleutherus → bishop_of → place:rome
edge-0c9e2c32eee4a110	proposition	jesus-born-of-virgin	place	rome	proposition_place	derived	work_affirms_proposition+addressed_to_place	177	177	probable	clm-athenagoras-emb-addressed-rome|clm-athenagoras-emb-affirms-virgin-birth	work:embassy-for-the-christians → work_affirms_proposition → proposition:jesus-born-of-virgin + work:embassy-for-the-christians → addressed_to_place → place:rome
edge-105a69ee20684973	proposition	fasting-is-required	place	athens	proposition_place	derived	work_affirms_proposition+written_at	177	177	probable	clm-athenagoras-emb-affirms-fasting|clm-athenagoras-emb-written-athens	work:embassy-for-the-christians → work_affirms_proposition → proposition:fasting-is-required + work:embassy-for-the-christians → written_at → place:athens
edge-138f34ed5ff308cb	proposition	jesus-born-of-virgin	place	athens	proposition_place	derived	work_affirms_proposition+written_at	177	177	probable	clm-athenagoras-emb-affirms-virgin-birth|clm-athenagoras-emb-written-athens	work:embassy-for-the-christians → work_affirms_proposition → proposition:jesus-born-of-virgin + work:embassy-for-the-christians → written_at → place:athens
edge-14451ea6f4e4cd2b	proposition	christ-truly-became-flesh	place	athens	proposition_place	derived	work_affirms_proposition+written_at	177	177	probable	clm-athenagoras-emb-affirms-incarnation|clm-athenagoras-emb-written-athens	work:embassy-for-the-christians → work_affirms_proposition → proposition:christ-truly-became-flesh + work:embassy-for-the-christians → written_at → place:athens
edge-1d849d7bb700416e	proposition	bodies-will-be-raised-at-last-day	place	athens	proposition_place	derived	work_affirms_proposition+written_at	177	177	probable	clm-athenagoras-emb-affirms-resurrection|clm-athenagoras-emb-written-athens	work:embassy-for-the-christians → work_affirms_proposition → proposition:bodies-will-be-raised-at-last-day + work:embassy-for-the-christians → written_at → place:athens
edge-6fb64aa9acb05548	proposition	bodies-will-be-raised-at-last-day	place	rome	proposition_place	derived	work_affirms_proposition+addressed_to_place	177	177	probable	clm-athenagoras-emb-addressed-rome|clm-athenagoras-emb-affirms-resurrection	work:embassy-for-the-christians → work_affirms_proposition → proposition:bodies-will-be-raised-at-last-day + work:embassy-for-the-christians → addressed_to_place → place:rome
edge-70ab6c4f708f3c40	work	embassy-for-the-christians	place	athens	work_place	direct	written_at	177	177	probable	clm-athenagoras-emb-written-athens	work:embassy-for-the-christians → written_at → place:athens
edge-b577ffc7cfecc399	work	embassy-for-the-christians	place	rome	work_place	direct	addressed_to_place	177	177	probable	clm-athenagoras-emb-addressed-rome	work:embassy-for-the-christians → addressed_to_place → place:rome
edge-c03c70033c5c3cef	proposition	logos-is-pre-existent-son-of-god	place	rome	proposition_place	derived	work_affirms_proposition+addressed_to_place	177	177	probable	clm-athenagoras-emb-addressed-rome|clm-athenagoras-emb-affirms-logos	work:embassy-for-the-christians → work_affirms_proposition → proposition:logos-is-pre-existent-son-of-god + work:embassy-for-the-christians → addressed_to_place → place:rome
edge-c3da281f5c45d019	event	lyons-persecution	place	lyons	event_place	direct	event_occurs_at	177	177	probable	clm-lyons-persecution-at-lyons	event:lyons-persecution → event_occurs_at → place:lyons
edge-d22576cfe2353137	proposition	christ-truly-became-flesh	place	rome	proposition_place	derived	work_affirms_proposition+addressed_to_place	177	177	probable	clm-athenagoras-emb-addressed-rome|clm-athenagoras-emb-affirms-incarnation	work:embassy-for-the-christians → work_affirms_proposition → proposition:christ-truly-became-flesh + work:embassy-for-the-christians → addressed_to_place → place:rome
edge-d88a5171eedfd1c9	proposition	fasting-is-required	place	rome	proposition_place	derived	work_affirms_proposition+addressed_to_place	177	177	probable	clm-athenagoras-emb-addressed-rome|clm-athenagoras-emb-affirms-fasting	work:embassy-for-the-christians → work_affirms_proposition → proposition:fasting-is-required + work:embassy-for-the-christians → addressed_to_place → place:rome
edge-e59b57c301073ad5	proposition	logos-is-pre-existent-son-of-god	place	athens	proposition_place	derived	work_affirms_proposition+written_at	177	177	probable	clm-athenagoras-emb-affirms-logos|clm-athenagoras-emb-written-athens	work:embassy-for-the-christians → work_affirms_proposition → proposition:logos-is-pre-existent-son-of-god + work:embassy-for-the-christians → written_at → place:athens
edge-f05a265aaa69051e	person	irenaeus-of-lyons	place	rome	person_place	direct	active_in	177	177	probable	clm-irenaeus-active-rome	person:irenaeus-of-lyons → active_in → place:rome
edge-5a6b0422bd773715	proposition	christ-truly-suffered-and-died	place	lyons	proposition_place	derived	work_affirms_proposition+written_at	177	185	probable	clm-against-heresies-written-lyons|clm-ah-affirms-passion	work:against-heresies → work_affirms_proposition → proposition:christ-truly-suffered-and-died + work:against-heresies → written_at → place:lyons
edge-8c0fc7820b529f31	proposition	old-testament-is-authoritative-scripture	place	lyons	proposition_place	derived	work_affirms_proposition+written_at	177	185	probable	clm-against-heresies-written-lyons|clm-ah-affirms-ot-scripture	work:against-heresies → work_affirms_proposition → proposition:old-testament-is-authoritative-scripture + work:against-heresies → written_at → place:lyons
edge-17fd02d97ce3625e	person	abgar-viii-of-edessa	place	edessa	person_place	direct	active_in	177	212	attested	clm-abgar-viii-active-edessa	person:abgar-viii-of-edessa → active_in → place:edessa
edge-1085d6463acc6e12	proposition	trinity-is-three-persons-one-substance	place	antioch	proposition_place	derived	work_affirms_proposition+written_at	178	183	probable	clm-ad-autolycum-affirms-trinity|clm-ad-autolycum-written-antioch	work:ad-autolycum → work_affirms_proposition → proposition:trinity-is-three-persons-one-substance + work:ad-autolycum → written_at → place:antioch
edge-3276ccf9c4ffbd49	proposition	christ-truly-became-flesh	place	antioch	proposition_place	derived	work_affirms_proposition+written_at	178	183	probable	clm-ad-autolycum-affirms-incarnation|clm-ad-autolycum-written-antioch	work:ad-autolycum → work_affirms_proposition → proposition:christ-truly-became-flesh + work:ad-autolycum → written_at → place:antioch
edge-5439e00066a8bde2	proposition	bodies-will-be-raised-at-last-day	place	antioch	proposition_place	derived	work_affirms_proposition+written_at	178	183	probable	clm-ad-autolycum-affirms-bodily-resurrection|clm-ad-autolycum-written-antioch	work:ad-autolycum → work_affirms_proposition → proposition:bodies-will-be-raised-at-last-day + work:ad-autolycum → written_at → place:antioch
edge-80c6ef6b9f37da33	work	ad-autolycum	place	antioch	work_place	direct	written_at	178	183	probable	clm-ad-autolycum-written-antioch	work:ad-autolycum → written_at → place:antioch
edge-d8075a3697fc2ad7	proposition	logos-is-pre-existent-son-of-god	place	antioch	proposition_place	derived	work_affirms_proposition+written_at	178	183	probable	clm-ad-autolycum-affirms-logos|clm-ad-autolycum-written-antioch	work:ad-autolycum → work_affirms_proposition → proposition:logos-is-pre-existent-son-of-god + work:ad-autolycum → written_at → place:antioch
edge-4f25c3e9e13620d8	person	irenaeus-of-lyons	place	lyons	person_place	direct	active_in	178	202	probable	clm-irenaeus-active-lyons	person:irenaeus-of-lyons → active_in → place:lyons
edge-114f885908f4f825	proposition	bartholomew-preached-in-india	place	india-malabar	proposition_place	derived	person_affirms_proposition+active_in	180	185	possible	clm-pantaenus-active-india|clm-person-pantaenus-affirms-bartholomew	person:pantaenus → person_affirms_proposition → proposition:bartholomew-preached-in-india + person:pantaenus → active_in → place:india-malabar
edge-1341c77a8146049d	person	pantaenus	place	india-malabar	person_place	direct	active_in	180	185	possible	clm-pantaenus-active-india	person:pantaenus → active_in → place:india-malabar
edge-139b1de07525a07e	proposition	post-baptismal-sin-forgiven-by-penance	place	lyons	proposition_place	derived	work_affirms_proposition+written_at	180	185	probable	clm-against-heresies-written-lyons|clm-irenaeus-ah-affirms-penance	work:against-heresies → work_affirms_proposition → proposition:post-baptismal-sin-forgiven-by-penance + work:against-heresies → written_at → place:lyons
edge-19b20d0f9190334b	proposition	christ-truly-became-flesh	place	lyons	proposition_place	derived	work_affirms_proposition+written_at	180	185	probable	clm-against-heresies-written-lyons|clm-irenaeus-ah-affirms-incarnation	work:against-heresies → work_affirms_proposition → proposition:christ-truly-became-flesh + work:against-heresies → written_at → place:lyons
edge-24cc1783b8a5bc55	proposition	catechumenate-precedes-baptism	place	lyons	proposition_place	derived	work_affirms_proposition+written_at	180	185	probable	clm-against-heresies-written-lyons|clm-ah-affirms-catechumenate	work:against-heresies → work_affirms_proposition → proposition:catechumenate-precedes-baptism + work:against-heresies → written_at → place:lyons
edge-34478048aec4444e	event	irenaeus-writes-against-heresies	place	lyons	event_place	direct	event_occurs_at	180	185	probable	clm-irenaeus-ah-at-lyons	event:irenaeus-writes-against-heresies → event_occurs_at → place:lyons
edge-3df91583852f6347	proposition	ordination-conferred-by-laying-on-of-hands	place	lyons	proposition_place	derived	work_affirms_proposition+written_at	180	185	probable	clm-against-heresies-written-lyons|clm-ah-affirms-ordination	work:against-heresies → work_affirms_proposition → proposition:ordination-conferred-by-laying-on-of-hands + work:against-heresies → written_at → place:lyons
edge-42819eca62ae7386	proposition	martyrdom-witnesses-to-christ	place	lyons	proposition_place	derived	work_affirms_proposition+written_at	180	185	probable	clm-against-heresies-written-lyons|clm-irenaeus-ah-affirms-martyrdom-witness	work:against-heresies → work_affirms_proposition → proposition:martyrdom-witnesses-to-christ + work:against-heresies → written_at → place:lyons
edge-466b7b2c176956c8	proposition	christians-must-not-serve-in-military	place	lyons	proposition_place	derived	work_affirms_proposition+written_at	180	185	probable	clm-against-heresies-written-lyons|clm-ah-affirms-military-refusal	work:against-heresies → work_affirms_proposition → proposition:christians-must-not-serve-in-military + work:against-heresies → written_at → place:lyons
edge-4edd1df091f08279	proposition	gospel-reached-india	place	alexandria	proposition_place	derived	person_affirms_proposition+active_in	180	185	possible	clm-pantaenus-active-alexandria|clm-person-pantaenus-affirms-india	person:pantaenus → person_affirms_proposition → proposition:gospel-reached-india + person:pantaenus → active_in → place:alexandria
edge-57ebed8a964d02a2	proposition	eucharist-offered-on-sunday	place	lyons	proposition_place	derived	work_affirms_proposition+written_at	180	185	probable	clm-against-heresies-written-lyons|clm-irenaeus-ah-affirms-eucharist-sunday	work:against-heresies → work_affirms_proposition → proposition:eucharist-offered-on-sunday + work:against-heresies → written_at → place:lyons
edge-5dc8c65cb9662af4	proposition	baptism-administered-in-trinitarian-name	place	lyons	proposition_place	derived	work_affirms_proposition+written_at	180	185	probable	clm-against-heresies-written-lyons|clm-irenaeus-ah-affirms-trinitarian-baptism	work:against-heresies → work_affirms_proposition → proposition:baptism-administered-in-trinitarian-name + work:against-heresies → written_at → place:lyons
edge-61ba81856c0eb1e2	proposition	jesus-born-of-virgin	place	lyons	proposition_place	derived	work_affirms_proposition+written_at	180	185	probable	clm-against-heresies-written-lyons|clm-irenaeus-ah-affirms-virgin-birth	work:against-heresies → work_affirms_proposition → proposition:jesus-born-of-virgin + work:against-heresies → written_at → place:lyons
edge-6744ce0216c484f1	work	against-heresies	place	lyons	work_place	direct	written_at	180	185	probable	clm-against-heresies-written-lyons	work:against-heresies → written_at → place:lyons
edge-80b6a36ff1a80925	proposition	bodies-will-be-raised-at-last-day	place	lyons	proposition_place	derived	work_affirms_proposition+written_at	180	185	probable	clm-against-heresies-written-lyons|clm-irenaeus-ah-affirms-bodily-resurrection	work:against-heresies → work_affirms_proposition → proposition:bodies-will-be-raised-at-last-day + work:against-heresies → written_at → place:lyons
edge-8131e30acedea17f	proposition	logos-is-pre-existent-son-of-god	place	lyons	proposition_place	derived	work_affirms_proposition+written_at	180	185	probable	clm-against-heresies-written-lyons|clm-irenaeus-ah-affirms-logos	work:against-heresies → work_affirms_proposition → proposition:logos-is-pre-existent-son-of-god + work:against-heresies → written_at → place:lyons
edge-82a952aeb27f5235	proposition	apostolic-succession-transmits-faith	place	lyons	proposition_place	derived	work_affirms_proposition+written_at	180	185	probable	clm-against-heresies-written-lyons|clm-irenaeus-ah-affirms-apostolic-succession	work:against-heresies → work_affirms_proposition → proposition:apostolic-succession-transmits-faith + work:against-heresies → written_at → place:lyons
edge-8908495079b76081	proposition	eucharist-fulfills-malachi-pure-offering	place	lyons	proposition_place	derived	work_affirms_proposition+written_at	180	185	probable	clm-against-heresies-written-lyons|clm-irenaeus-ah-affirms-malachi-eucharist	work:against-heresies → work_affirms_proposition → proposition:eucharist-fulfills-malachi-pure-offering + work:against-heresies → written_at → place:lyons
edge-8b785c8c71762a73	proposition	baptism-effects-regeneration	place	lyons	proposition_place	derived	work_affirms_proposition+written_at	180	185	probable	clm-against-heresies-written-lyons|clm-irenaeus-ah-affirms-baptism-regen	work:against-heresies → work_affirms_proposition → proposition:baptism-effects-regeneration + work:against-heresies → written_at → place:lyons
edge-8ef57da9080fa956	proposition	eucharist-is-sacrifice	place	lyons	proposition_place	derived	work_affirms_proposition+written_at	180	185	probable	clm-against-heresies-written-lyons|clm-irenaeus-ah-affirms-eucharist-sacrifice	work:against-heresies → work_affirms_proposition → proposition:eucharist-is-sacrifice + work:against-heresies → written_at → place:lyons
edge-94ed2b9156660654	proposition	bartholomew-preached-in-india	place	alexandria	proposition_place	derived	person_affirms_proposition+active_in	180	185	possible	clm-pantaenus-active-alexandria|clm-person-pantaenus-affirms-bartholomew	person:pantaenus → person_affirms_proposition → proposition:bartholomew-preached-in-india + person:pantaenus → active_in → place:alexandria
edge-96aadaba57c63d40	proposition	rule-of-faith-received-from-apostles	place	lyons	proposition_place	derived	work_affirms_proposition+written_at	180	185	probable	clm-against-heresies-written-lyons|clm-irenaeus-ah-affirms-rule-of-faith	work:against-heresies → work_affirms_proposition → proposition:rule-of-faith-received-from-apostles + work:against-heresies → written_at → place:lyons
edge-a50efdbf5b66627a	proposition	eucharist-is-body-and-blood	place	lyons	proposition_place	derived	work_affirms_proposition+written_at	180	185	probable	clm-against-heresies-written-lyons|clm-irenaeus-ah-affirms-eucharist-body-blood	work:against-heresies → work_affirms_proposition → proposition:eucharist-is-body-and-blood + work:against-heresies → written_at → place:lyons
edge-af78a2e01a68b24d	proposition	frequent-eucharistic-assembly	place	lyons	proposition_place	derived	work_affirms_proposition+written_at	180	185	probable	clm-against-heresies-written-lyons|clm-irenaeus-ah-affirms-frequent-eucharist	work:against-heresies → work_affirms_proposition → proposition:frequent-eucharistic-assembly + work:against-heresies → written_at → place:lyons
edge-b7a4ae717e77cb5b	proposition	gospel-reached-india	place	india-malabar	proposition_place	derived	person_affirms_proposition+active_in	180	185	possible	clm-pantaenus-active-india|clm-person-pantaenus-affirms-india	person:pantaenus → person_affirms_proposition → proposition:gospel-reached-india + person:pantaenus → active_in → place:india-malabar
edge-b9a434431214405e	proposition	bishop-succession-guarantees-apostolic-faith	place	lyons	proposition_place	derived	work_affirms_proposition+written_at	180	185	probable	clm-against-heresies-written-lyons|clm-irenaeus-ah-affirms-episcopal-chair	work:against-heresies → work_affirms_proposition → proposition:bishop-succession-guarantees-apostolic-faith + work:against-heresies → written_at → place:lyons
edge-d1547680bbcc94ad	proposition	fasting-is-required	place	lyons	proposition_place	derived	work_affirms_proposition+written_at	180	185	probable	clm-against-heresies-written-lyons|clm-irenaeus-ah-affirms-fasting	work:against-heresies → work_affirms_proposition → proposition:fasting-is-required + work:against-heresies → written_at → place:lyons
edge-d430f4272322b4a5	proposition	baptismal-anointing-with-oil	place	lyons	proposition_place	derived	work_affirms_proposition+written_at	180	185	probable	clm-against-heresies-written-lyons|clm-ah-affirms-baptismal-anointing	work:against-heresies → work_affirms_proposition → proposition:baptismal-anointing-with-oil + work:against-heresies → written_at → place:lyons
edge-e9e1bb9b8c0f0309	proposition	infants-and-children-are-baptized	place	lyons	proposition_place	derived	work_affirms_proposition+written_at	180	185	probable	clm-against-heresies-written-lyons|clm-irenaeus-ah-affirms-infant-baptism	work:against-heresies → work_affirms_proposition → proposition:infants-and-children-are-baptized + work:against-heresies → written_at → place:lyons
edge-f41d3c52e85e94ab	proposition	prayer-is-offered-without-ceasing	place	lyons	proposition_place	derived	work_affirms_proposition+written_at	180	185	probable	clm-against-heresies-written-lyons|clm-irenaeus-ah-affirms-continual-prayer	work:against-heresies → work_affirms_proposition → proposition:prayer-is-offered-without-ceasing + work:against-heresies → written_at → place:lyons
edge-b629d81e4a559f60	group	montanists	place	galatia	group_place	direct	group_present_at	180	300	probable	clm-montanists-at-galatia	group:montanists → group_present_at → place:galatia
edge-ae30b76357edcccc	group	carthage-church	place	carthage	group_place	direct	group_present_at	180	400	probable	clm-carthage-church-at-carthage	group:carthage-church → group_present_at → place:carthage
edge-b429cf3c7617c7db	proposition	apostolic-succession-transmits-faith	place	rome	proposition_place	derived	person_affirms_proposition+bishop_of	189	199	probable	clm-victor-affirms-succession|clm-victor-bishop-rome	person:victor-i-of-rome → person_affirms_proposition → proposition:apostolic-succession-transmits-faith + person:victor-i-of-rome → bishop_of → place:rome
edge-d4d9bfada10644ca	person	victor-i-of-rome	place	rome	person_place	direct	bishop_of	189	199	probable	clm-victor-bishop-rome	person:victor-i-of-rome → bishop_of → place:rome
edge-eb1ed23c65021037	proposition	bishop-succession-guarantees-apostolic-faith	place	rome	proposition_place	derived	person_affirms_proposition+bishop_of	189	199	probable	clm-victor-bishop-rome|clm-victor-person-affirms-episcopal-chair	person:victor-i-of-rome → person_affirms_proposition → proposition:bishop-succession-guarantees-apostolic-faith + person:victor-i-of-rome → bishop_of → place:rome
edge-77ccb4c2abee177f	person	demetrius-of-alexandria	place	alexandria	person_place	direct	bishop_of	189	232	attested	clm-demetrius-bishop-of-alexandria	person:demetrius-of-alexandria → bishop_of → place:alexandria
edge-3e44f6335aa69f7e	person	tertullian	place	rome	person_place	direct	active_in	190	195	probable	clm-tertullian-active-rome	person:tertullian → active_in → place:rome
edge-460fc29e63c0dde5	event	quartodeciman-controversy	place	rome	event_place	direct	event_occurs_at	190	195	attested	clm-quartodeciman-at-rome	event:quartodeciman-controversy → event_occurs_at → place:rome
edge-2e25623c40943f73	proposition	old-testament-is-authoritative-scripture	place	alexandria	proposition_place	derived	person_affirms_proposition+active_in	190	202	probable	clm-clement-active-in-alexandria|clm-clement-alex-affirms-ot-scripture	person:clement-of-alexandria → person_affirms_proposition → proposition:old-testament-is-authoritative-scripture + person:clement-of-alexandria → active_in → place:alexandria
edge-57d5031dd0c1392e	proposition	christ-truly-became-flesh	place	alexandria	proposition_place	derived	person_affirms_proposition+active_in	190	202	probable	clm-clement-active-in-alexandria|clm-clement-alex-affirms-incarnation	person:clement-of-alexandria → person_affirms_proposition → proposition:christ-truly-became-flesh + person:clement-of-alexandria → active_in → place:alexandria
edge-580dbee1b9c237cc	proposition	christ-truly-became-flesh	place	athens	proposition_place	derived	person_affirms_proposition+active_in	190	202	probable	clm-clement-alex-active-athens|clm-clement-alex-affirms-incarnation	person:clement-of-alexandria → person_affirms_proposition → proposition:christ-truly-became-flesh + person:clement-of-alexandria → active_in → place:athens
edge-a9583af8b1642c9b	proposition	old-testament-is-authoritative-scripture	place	athens	proposition_place	derived	person_affirms_proposition+active_in	190	202	probable	clm-clement-alex-active-athens|clm-clement-alex-affirms-ot-scripture	person:clement-of-alexandria → person_affirms_proposition → proposition:old-testament-is-authoritative-scripture + person:clement-of-alexandria → active_in → place:athens
edge-5c9273c2b898dcd6	group	montanists	place	rome	group_place	direct	group_present_at	190	220	probable	clm-montanists-at-rome	group:montanists → group_present_at → place:rome
edge-8d3f7ef3e3125e40	person	bardaisan-of-edessa	place	armenia	person_place	direct	active_in	190	222	attested	clm-bardaisan-active-armenia	person:bardaisan-of-edessa → active_in → place:armenia
edge-cee731c916b838dd	proposition	christ-truly-became-flesh	place	armenia	proposition_place	derived	person_affirms_proposition+active_in	190	222	probable	clm-bardaisan-active-armenia|clm-bardaisan-affirms-incarnation	person:bardaisan-of-edessa → person_affirms_proposition → proposition:christ-truly-became-flesh + person:bardaisan-of-edessa → active_in → place:armenia
edge-f858cf2030d43db9	proposition	christ-truly-became-flesh	place	edessa	proposition_place	derived	person_affirms_proposition+active_in	190	222	probable	clm-bardaisan-active-edessa|clm-bardaisan-affirms-incarnation	person:bardaisan-of-edessa → person_affirms_proposition → proposition:christ-truly-became-flesh + person:bardaisan-of-edessa → active_in → place:edessa
edge-a5c10ee52d44a838	group	montanists	place	carthage	group_place	direct	group_present_at	190	250	probable	clm-montanists-at-carthage	group:montanists → group_present_at → place:carthage
edge-7a443c70916ec503	group	bardesanites	place	edessa	group_place	direct	group_present_at	190	400	probable	clm-bardesanites-at-edessa	group:bardesanites → group_present_at → place:edessa
edge-26c8a79482c146d6	proposition	baptism-effects-regeneration	place	alexandria	proposition_place	derived	work_affirms_proposition+written_at	195	195	probable	clm-prot-affirms-baptism-regeneration|clm-protrepticus-written-at-alexandria	work:protrepticus → work_affirms_proposition → proposition:baptism-effects-regeneration + work:protrepticus → written_at → place:alexandria
edge-52c3b605c52055e6	work	protrepticus	place	alexandria	work_place	direct	written_at	195	195	probable	clm-protrepticus-written-at-alexandria	work:protrepticus → written_at → place:alexandria
edge-5e6e6b5315f7f621	proposition	logos-is-pre-existent-son-of-god	place	alexandria	proposition_place	derived	work_affirms_proposition+written_at	195	195	probable	clm-prot-affirms-logos-preexistence|clm-protrepticus-written-at-alexandria	work:protrepticus → work_affirms_proposition → proposition:logos-is-pre-existent-son-of-god + work:protrepticus → written_at → place:alexandria
edge-84561fc2b5ef45e8	proposition	christ-truly-became-flesh	place	alexandria	proposition_place	derived	work_affirms_proposition+written_at	195	195	probable	clm-prot-affirms-incarnation|clm-protrepticus-written-at-alexandria	work:protrepticus → work_affirms_proposition → proposition:christ-truly-became-flesh + work:protrepticus → written_at → place:alexandria
edge-648eb1cff207b1aa	work	quis-dives-salvetur	place	alexandria	work_place	direct	written_at	195	215	probable	clm-qds-written-at-alexandria	work:quis-dives-salvetur → written_at → place:alexandria
edge-de3d094408801e73	proposition	almsgiving-is-required	place	alexandria	proposition_place	derived	work_affirms_proposition+written_at	195	215	probable	clm-qds-affirms-almsgiving|clm-qds-written-at-alexandria	work:quis-dives-salvetur → work_affirms_proposition → proposition:almsgiving-is-required + work:quis-dives-salvetur → written_at → place:alexandria
edge-e2e2fc0baf2a0662	proposition	post-baptismal-sin-forgiven-by-penance	place	alexandria	proposition_place	derived	work_affirms_proposition+written_at	195	215	probable	clm-qds-affirms-penance|clm-qds-written-at-alexandria	work:quis-dives-salvetur → work_affirms_proposition → proposition:post-baptismal-sin-forgiven-by-penance + work:quis-dives-salvetur → written_at → place:alexandria
edge-242a2e147260918f	proposition	fasting-is-required	place	rome	proposition_place	derived	person_affirms_proposition+active_in	195	220	probable	clm-tertullian-active-rome|clm-tertullian-affirms-fasting	person:tertullian → person_affirms_proposition → proposition:fasting-is-required + person:tertullian → active_in → place:rome
edge-3823b5a5d6bb5114	person	tertullian	place	carthage	person_place	direct	active_in	195	220	attested	clm-tertullian-active-carthage	person:tertullian → active_in → place:carthage
edge-605d23addb331a57	proposition	threefold-ministry-required	place	carthage	proposition_place	derived	person_affirms_proposition+originated_in	195	220	probable	clm-tertullian-affirms-threefold-ministry|clm-tertullian-originated-carthage	person:tertullian → person_affirms_proposition → proposition:threefold-ministry-required + person:tertullian → originated_in → place:carthage
edge-60fed8805026535b	proposition	catechumenate-precedes-baptism	place	carthage	proposition_place	derived	person_affirms_proposition+active_in	195	220	probable	clm-tertullian-active-carthage|clm-tertullian-affirms-catechumenate	person:tertullian → person_affirms_proposition → proposition:catechumenate-precedes-baptism + person:tertullian → active_in → place:carthage
edge-68176bdfd6b3c8d6	proposition	catechumenate-precedes-baptism	place	rome	proposition_place	derived	person_affirms_proposition+active_in	195	220	probable	clm-tertullian-active-rome|clm-tertullian-affirms-catechumenate	person:tertullian → person_affirms_proposition → proposition:catechumenate-precedes-baptism + person:tertullian → active_in → place:rome
edge-6bf7074c55a691c6	proposition	fasting-is-required	place	carthage	proposition_place	derived	person_affirms_proposition+originated_in	195	220	probable	clm-tertullian-affirms-fasting|clm-tertullian-originated-carthage	person:tertullian → person_affirms_proposition → proposition:fasting-is-required + person:tertullian → originated_in → place:carthage
edge-6e32ba0dba52d43e	proposition	eucharist-is-sacrifice	place	carthage	proposition_place	derived	person_affirms_proposition+active_in	195	220	probable	clm-tertullian-active-carthage|clm-tertullian-affirms-eucharist-sacrifice	person:tertullian → person_affirms_proposition → proposition:eucharist-is-sacrifice + person:tertullian → active_in → place:carthage
edge-72a3e8650f53847c	proposition	catechumenate-precedes-baptism	place	carthage	proposition_place	derived	person_affirms_proposition+originated_in	195	220	probable	clm-tertullian-affirms-catechumenate|clm-tertullian-originated-carthage	person:tertullian → person_affirms_proposition → proposition:catechumenate-precedes-baptism + person:tertullian → originated_in → place:carthage
edge-744b5199114b0e35	proposition	eucharist-is-sacrifice	place	carthage	proposition_place	derived	person_affirms_proposition+originated_in	195	220	probable	clm-tertullian-affirms-eucharist-sacrifice|clm-tertullian-originated-carthage	person:tertullian → person_affirms_proposition → proposition:eucharist-is-sacrifice + person:tertullian → originated_in → place:carthage
edge-8fa47265ab94c105	proposition	threefold-ministry-required	place	carthage	proposition_place	derived	person_affirms_proposition+active_in	195	220	probable	clm-tertullian-active-carthage|clm-tertullian-affirms-threefold-ministry	person:tertullian → person_affirms_proposition → proposition:threefold-ministry-required + person:tertullian → active_in → place:carthage
edge-a90806a4125c9214	proposition	fasting-is-required	place	carthage	proposition_place	derived	person_affirms_proposition+active_in	195	220	probable	clm-tertullian-active-carthage|clm-tertullian-affirms-fasting	person:tertullian → person_affirms_proposition → proposition:fasting-is-required + person:tertullian → active_in → place:carthage
edge-ada9deebb9390941	proposition	eucharist-is-sacrifice	place	rome	proposition_place	derived	person_affirms_proposition+active_in	195	220	probable	clm-tertullian-active-rome|clm-tertullian-affirms-eucharist-sacrifice	person:tertullian → person_affirms_proposition → proposition:eucharist-is-sacrifice + person:tertullian → active_in → place:rome
edge-aedacd18208311a6	proposition	threefold-ministry-required	place	rome	proposition_place	derived	person_affirms_proposition+active_in	195	220	probable	clm-tertullian-active-rome|clm-tertullian-affirms-threefold-ministry	person:tertullian → person_affirms_proposition → proposition:threefold-ministry-required + person:tertullian → active_in → place:rome
edge-b6e5f8d49792092a	proposition	apostolic-succession-transmits-faith	place	carthage	proposition_place	derived	person_affirms_proposition+originated_in	195	220	probable	clm-tertullian-affirms-succession|clm-tertullian-originated-carthage	person:tertullian → person_affirms_proposition → proposition:apostolic-succession-transmits-faith + person:tertullian → originated_in → place:carthage
edge-cabfbff8d1251ac4	proposition	apostolic-succession-transmits-faith	place	rome	proposition_place	derived	person_affirms_proposition+active_in	195	220	probable	clm-tertullian-active-rome|clm-tertullian-affirms-succession	person:tertullian → person_affirms_proposition → proposition:apostolic-succession-transmits-faith + person:tertullian → active_in → place:rome
edge-eb063a3cb7d9d3dd	proposition	apostolic-succession-transmits-faith	place	carthage	proposition_place	derived	person_affirms_proposition+active_in	195	220	probable	clm-tertullian-active-carthage|clm-tertullian-affirms-succession	person:tertullian → person_affirms_proposition → proposition:apostolic-succession-transmits-faith + person:tertullian → active_in → place:carthage
edge-50faf440c30886a1	work	book-of-laws-of-countries	place	edessa	work_place	direct	written_at	196	196	probable	clm-laws-countries-written-edessa	work:book-of-laws-of-countries → written_at → place:edessa
edge-f2af3429908978f9	proposition	free-will-grounds-moral-responsibility	place	edessa	proposition_place	derived	work_affirms_proposition+written_at	196	196	probable	clm-laws-countries-affirms-free-will|clm-laws-countries-written-edessa	work:book-of-laws-of-countries → work_affirms_proposition → proposition:free-will-grounds-moral-responsibility + work:book-of-laws-of-countries → written_at → place:edessa
edge-061b47d3bbc08137	proposition	martyrdom-witnesses-to-christ	place	carthage	proposition_place	derived	work_affirms_proposition+written_at	197	197	probable	clm-apol-affirms-martyrdom|clm-apologeticum-written-carthage	work:apologeticum → work_affirms_proposition → proposition:martyrdom-witnesses-to-christ + work:apologeticum → written_at → place:carthage
edge-4c0040c4298fd557	work	apologeticum	place	carthage	work_place	direct	written_at	197	197	probable	clm-apologeticum-written-carthage	work:apologeticum → written_at → place:carthage
edge-a42d3a0f554c2ee9	work	de-spectaculis	place	carthage	work_place	direct	written_at	197	202	probable	clm-de-spect-written-carthage	work:de-spectaculis → written_at → place:carthage
edge-a68401deb6138ac2	proposition	christians-avoid-public-spectacles	place	carthage	proposition_place	derived	work_affirms_proposition+written_at	197	202	probable	clm-de-spect-affirms-spectacles|clm-de-spect-written-carthage	work:de-spectaculis → work_affirms_proposition → proposition:christians-avoid-public-spectacles + work:de-spectaculis → written_at → place:carthage
edge-66b468fe30db9754	proposition	virginity-is-honored-calling	place	alexandria	proposition_place	derived	work_affirms_proposition+written_at	198	198	probable	clm-paed-affirms-virginity-honored|clm-paedagogus-written-at-alexandria	work:paedagogus → work_affirms_proposition → proposition:virginity-is-honored-calling + work:paedagogus → written_at → place:alexandria
edge-7615cf04985997ca	proposition	catechumenate-precedes-baptism	place	alexandria	proposition_place	derived	work_affirms_proposition+written_at	198	198	probable	clm-paed-affirms-catechumenate|clm-paedagogus-written-at-alexandria	work:paedagogus → work_affirms_proposition → proposition:catechumenate-precedes-baptism + work:paedagogus → written_at → place:alexandria
edge-88346e7876dbe7de	proposition	christians-avoid-public-spectacles	place	alexandria	proposition_place	derived	work_affirms_proposition+written_at	198	198	probable	clm-paed-affirms-spectacles-avoided|clm-paedagogus-written-at-alexandria	work:paedagogus → work_affirms_proposition → proposition:christians-avoid-public-spectacles + work:paedagogus → written_at → place:alexandria
edge-9c1880c2636f05dd	proposition	baptism-effects-regeneration	place	alexandria	proposition_place	derived	work_affirms_proposition+written_at	198	198	probable	clm-paed-affirms-baptism-regeneration|clm-paedagogus-written-at-alexandria	work:paedagogus → work_affirms_proposition → proposition:baptism-effects-regeneration + work:paedagogus → written_at → place:alexandria
edge-c0d5d427902df2d9	proposition	fasting-is-required	place	alexandria	proposition_place	derived	work_affirms_proposition+written_at	198	198	probable	clm-paed-affirms-fasting-required|clm-paedagogus-written-at-alexandria	work:paedagogus → work_affirms_proposition → proposition:fasting-is-required + work:paedagogus → written_at → place:alexandria
edge-d61d95f6874b1649	proposition	eucharist-is-body-and-blood	place	alexandria	proposition_place	derived	work_affirms_proposition+written_at	198	198	probable	clm-paed-affirms-eucharist-body-blood|clm-paedagogus-written-at-alexandria	work:paedagogus → work_affirms_proposition → proposition:eucharist-is-body-and-blood + work:paedagogus → written_at → place:alexandria
edge-d66e45ad5150a913	proposition	baptism-is-illumination	place	alexandria	proposition_place	derived	work_affirms_proposition+written_at	198	198	probable	clm-paed-affirms-baptism-illumination|clm-paedagogus-written-at-alexandria	work:paedagogus → work_affirms_proposition → proposition:baptism-is-illumination + work:paedagogus → written_at → place:alexandria
edge-e9bd49417e949e55	work	paedagogus	place	alexandria	work_place	direct	written_at	198	198	probable	clm-paedagogus-written-at-alexandria	work:paedagogus → written_at → place:alexandria
edge-ea21b06201839829	proposition	christ-truly-became-flesh	place	alexandria	proposition_place	derived	work_affirms_proposition+written_at	198	198	probable	clm-paed-affirms-incarnation|clm-paedagogus-written-at-alexandria	work:paedagogus → work_affirms_proposition → proposition:christ-truly-became-flesh + work:paedagogus → written_at → place:alexandria
edge-eef5517968ee40bd	proposition	baptismal-anointing-with-oil	place	alexandria	proposition_place	derived	work_affirms_proposition+written_at	198	198	probable	clm-paed-affirms-anointing|clm-paedagogus-written-at-alexandria	work:paedagogus → work_affirms_proposition → proposition:baptismal-anointing-with-oil + work:paedagogus → written_at → place:alexandria
edge-05d2f6ffa1d49dec	proposition	post-baptismal-sin-forgiven-by-penance	place	carthage	proposition_place	derived	work_affirms_proposition+written_at	198	200	probable	clm-de-paen-affirms-penance|clm-de-paen-written-carthage	work:de-paenitentia → work_affirms_proposition → proposition:post-baptismal-sin-forgiven-by-penance + work:de-paenitentia → written_at → place:carthage
edge-456fa50174de29cb	work	de-baptismo	place	carthage	work_place	direct	written_at	198	200	probable	clm-de-bapt-written-carthage	work:de-baptismo → written_at → place:carthage
edge-63f512ffdd9a0116	work	de-oratione	place	carthage	work_place	direct	written_at	198	200	probable	clm-de-orat-written-carthage	work:de-oratione → written_at → place:carthage
edge-833907366d472959	proposition	baptism-effects-regeneration	place	carthage	proposition_place	derived	work_affirms_proposition+written_at	198	200	probable	clm-de-bapt-affirms-regeneration|clm-de-bapt-written-carthage	work:de-baptismo → work_affirms_proposition → proposition:baptism-effects-regeneration + work:de-baptismo → written_at → place:carthage
edge-97d47fe9bab1c357	proposition	infants-and-children-are-baptized	place	carthage	proposition_place	derived	work_opposes_proposition+written_at	198	200	probable	clm-de-bapt-opposes-infant-baptism|clm-de-bapt-written-carthage	work:de-baptismo → work_opposes_proposition → proposition:infants-and-children-are-baptized + work:de-baptismo → written_at → place:carthage
edge-d3c2c9312fcb9d00	proposition	catechumenate-precedes-baptism	place	carthage	proposition_place	derived	work_affirms_proposition+written_at	198	200	probable	clm-de-bapt-affirms-catechumenate|clm-de-bapt-written-carthage	work:de-baptismo → work_affirms_proposition → proposition:catechumenate-precedes-baptism + work:de-baptismo → written_at → place:carthage
edge-e5185994270c56a1	proposition	baptism-administered-in-trinitarian-name	place	carthage	proposition_place	derived	work_affirms_proposition+written_at	198	200	probable	clm-de-bapt-affirms-trinitarian-name|clm-de-bapt-written-carthage	work:de-baptismo → work_affirms_proposition → proposition:baptism-administered-in-trinitarian-name + work:de-baptismo → written_at → place:carthage
edge-f29c54802c82b56c	proposition	baptismal-anointing-with-oil	place	carthage	proposition_place	derived	work_affirms_proposition+written_at	198	200	probable	clm-de-bapt-affirms-anointing|clm-de-bapt-written-carthage	work:de-baptismo → work_affirms_proposition → proposition:baptismal-anointing-with-oil + work:de-baptismo → written_at → place:carthage
edge-f4a961557760df04	work	de-paenitentia	place	carthage	work_place	direct	written_at	198	200	probable	clm-de-paen-written-carthage	work:de-paenitentia → written_at → place:carthage
edge-01a0f5eb1f8c8d57	proposition	prayer-is-offered-without-ceasing	place	alexandria	proposition_place	derived	work_affirms_proposition+written_at	198	203	probable	clm-strom-affirms-continual-prayer|clm-stromateis-written-at-alexandria	work:stromateis → work_affirms_proposition → proposition:prayer-is-offered-without-ceasing + work:stromateis → written_at → place:alexandria
edge-09969235f26aff7a	proposition	fasting-is-required	place	alexandria	proposition_place	derived	work_affirms_proposition+written_at	198	203	probable	clm-strom-affirms-fasting|clm-stromateis-written-at-alexandria	work:stromateis → work_affirms_proposition → proposition:fasting-is-required + work:stromateis → written_at → place:alexandria
edge-2fc7346a5bc7ca5b	proposition	rule-of-faith-received-from-apostles	place	alexandria	proposition_place	derived	work_affirms_proposition+written_at	198	203	probable	clm-strom-affirms-rule-of-faith|clm-stromateis-written-at-alexandria	work:stromateis → work_affirms_proposition → proposition:rule-of-faith-received-from-apostles + work:stromateis → written_at → place:alexandria
edge-63bc6cb6220ac9a6	proposition	christ-truly-became-flesh	place	alexandria	proposition_place	derived	work_affirms_proposition+written_at	198	203	probable	clm-strom-affirms-incarnation|clm-stromateis-written-at-alexandria	work:stromateis → work_affirms_proposition → proposition:christ-truly-became-flesh + work:stromateis → written_at → place:alexandria
edge-66a7929c5431ddd9	work	stromateis	place	alexandria	work_place	direct	written_at	198	203	probable	clm-stromateis-written-at-alexandria	work:stromateis → written_at → place:alexandria
edge-825a6f61eceb8ee8	proposition	virginity-is-honored-calling	place	alexandria	proposition_place	derived	work_affirms_proposition+written_at	198	203	probable	clm-strom-affirms-virginity-honored|clm-stromateis-written-at-alexandria	work:stromateis → work_affirms_proposition → proposition:virginity-is-honored-calling + work:stromateis → written_at → place:alexandria
edge-92575cc7d03262ac	proposition	greek-philosophy-prepared-gentiles-for-gospel	place	alexandria	proposition_place	derived	work_affirms_proposition+written_at	198	203	probable	clm-strom-affirms-philosophy-schoolmaster|clm-stromateis-written-at-alexandria	work:stromateis → work_affirms_proposition → proposition:greek-philosophy-prepared-gentiles-for-gospel + work:stromateis → written_at → place:alexandria
edge-989cbe8e769b6e75	proposition	logos-is-pre-existent-son-of-god	place	alexandria	proposition_place	derived	work_affirms_proposition+written_at	198	203	probable	clm-strom-affirms-logos|clm-stromateis-written-at-alexandria	work:stromateis → work_affirms_proposition → proposition:logos-is-pre-existent-son-of-god + work:stromateis → written_at → place:alexandria
edge-ffdf023f00131f17	proposition	apostolic-succession-transmits-faith	place	alexandria	proposition_place	derived	work_affirms_proposition+written_at	198	203	probable	clm-strom-affirms-apostolic-succession|clm-stromateis-written-at-alexandria	work:stromateis → work_affirms_proposition → proposition:apostolic-succession-transmits-faith + work:stromateis → written_at → place:alexandria
edge-58bfd7755cd74eed	work	adversus-judaeos-tertullian	place	carthage	work_place	direct	written_at	198	208	probable	clm-adv-jud-written-carthage	work:adversus-judaeos-tertullian → written_at → place:carthage
edge-517ab87f6f4ab5fa	person	zephyrinus	place	rome	person_place	direct	bishop_of	199	217	attested	clm-zephyrinus-bishop-rome	person:zephyrinus → bishop_of → place:rome
edge-020841338fbd19c2	work	on-christ-and-antichrist	place	rome	work_place	direct	written_at	200	200	probable	clm-ca-written-rome	work:on-christ-and-antichrist → written_at → place:rome
edge-11b0acbd92e7cb35	proposition	bodies-will-be-raised-at-last-day	place	rome	proposition_place	derived	work_affirms_proposition+written_at	200	200	probable	clm-ca-affirms-resurrection|clm-ca-written-rome	work:on-christ-and-antichrist → work_affirms_proposition → proposition:bodies-will-be-raised-at-last-day + work:on-christ-and-antichrist → written_at → place:rome
edge-2c3173b4ade3872a	work	de-praescriptione-haereticorum	place	carthage	work_place	direct	written_at	200	200	probable	clm-praescr-written-carthage	work:de-praescriptione-haereticorum → written_at → place:carthage
edge-8606156ea06a4bd7	proposition	christ-truly-became-flesh	place	rome	proposition_place	derived	work_affirms_proposition+written_at	200	200	probable	clm-ca-affirms-incarnation|clm-ca-written-rome	work:on-christ-and-antichrist → work_affirms_proposition → proposition:christ-truly-became-flesh + work:on-christ-and-antichrist → written_at → place:rome
edge-92e3186a626153ea	proposition	old-testament-is-authoritative-scripture	place	rome	proposition_place	derived	work_affirms_proposition+written_at	200	200	probable	clm-ca-affirms-ot-scripture|clm-ca-written-rome	work:on-christ-and-antichrist → work_affirms_proposition → proposition:old-testament-is-authoritative-scripture + work:on-christ-and-antichrist → written_at → place:rome
edge-aaeaf62906e61ea4	proposition	rule-of-faith-received-from-apostles	place	carthage	proposition_place	derived	work_affirms_proposition+written_at	200	200	probable	clm-praescr-affirms-rule-of-faith|clm-praescr-written-carthage	work:de-praescriptione-haereticorum → work_affirms_proposition → proposition:rule-of-faith-received-from-apostles + work:de-praescriptione-haereticorum → written_at → place:carthage
edge-b6e9fdd42766abdc	proposition	christ-truly-became-flesh	place	carthage	proposition_place	derived	work_affirms_proposition+written_at	200	200	probable	clm-praescr-affirms-incarnation|clm-praescr-written-carthage	work:de-praescriptione-haereticorum → work_affirms_proposition → proposition:christ-truly-became-flesh + work:de-praescriptione-haereticorum → written_at → place:carthage
edge-c79bfac5c97d588c	proposition	final-judgment-is-coming	place	rome	proposition_place	derived	work_affirms_proposition+written_at	200	200	probable	clm-ca-affirms-judgment|clm-ca-written-rome	work:on-christ-and-antichrist → work_affirms_proposition → proposition:final-judgment-is-coming + work:on-christ-and-antichrist → written_at → place:rome
edge-cf1da23e155cb4d2	proposition	bishop-succession-guarantees-apostolic-faith	place	carthage	proposition_place	derived	work_affirms_proposition+written_at	200	200	probable	clm-praescr-affirms-apostolic-succession|clm-praescr-written-carthage	work:de-praescriptione-haereticorum → work_affirms_proposition → proposition:bishop-succession-guarantees-apostolic-faith + work:de-praescriptione-haereticorum → written_at → place:carthage
edge-80d81b3f3fd119d6	proposition	christ-dominion-is-universal	place	carthage	proposition_place	derived	work_mentions_proposition+written_at	200	208	probable	clm-adv-jud-mentions-universal|clm-adv-jud-written-carthage	work:adversus-judaeos-tertullian → work_mentions_proposition → proposition:christ-dominion-is-universal + work:adversus-judaeos-tertullian → written_at → place:carthage
edge-8179677eea4a5ac9	proposition	christianity-established-in-ethiopia	place	carthage	proposition_place	derived	work_mentions_proposition+written_at	200	208	possible	clm-adv-jud-mentions-ethiopia|clm-adv-jud-written-carthage	work:adversus-judaeos-tertullian → work_mentions_proposition → proposition:christianity-established-in-ethiopia + work:adversus-judaeos-tertullian → written_at → place:carthage
edge-93786f8235ec6103	proposition	christianity-reached-britannia	place	carthage	proposition_place	derived	work_affirms_proposition+written_at	200	208	possible	clm-adv-jud-affirms-britannia-reached|clm-adv-jud-written-carthage	work:adversus-judaeos-tertullian → work_affirms_proposition → proposition:christianity-reached-britannia + work:adversus-judaeos-tertullian → written_at → place:carthage
edge-ca2310c9e90304c9	proposition	christianity-established-in-arabia	place	carthage	proposition_place	derived	work_mentions_proposition+written_at	200	208	possible	clm-adv-jud-mentions-arabia|clm-adv-jud-written-carthage	work:adversus-judaeos-tertullian → work_mentions_proposition → proposition:christianity-established-in-arabia + work:adversus-judaeos-tertullian → written_at → place:carthage
edge-e6ba17e3e819320b	proposition	gospel-reached-india	place	carthage	proposition_place	derived	work_mentions_proposition+written_at	200	208	possible	clm-adv-jud-mentions-india|clm-adv-jud-written-carthage	work:adversus-judaeos-tertullian → work_mentions_proposition → proposition:gospel-reached-india + work:adversus-judaeos-tertullian → written_at → place:carthage
edge-fb67d08d51252e76	proposition	christ-dominion-is-universal	place	carthage	proposition_place	derived	work_affirms_proposition+written_at	200	208	probable	clm-adv-jud-affirms-universal-dominion|clm-adv-jud-written-carthage	work:adversus-judaeos-tertullian → work_affirms_proposition → proposition:christ-dominion-is-universal + work:adversus-judaeos-tertullian → written_at → place:carthage
edge-0cf96fa2ba18b342	proposition	christ-truly-became-flesh	place	rome	proposition_place	derived	work_affirms_proposition+written_at	200	210	probable	clm-cn-affirms-incarnation|clm-cn-written-rome	work:contra-noetum → work_affirms_proposition → proposition:christ-truly-became-flesh + work:contra-noetum → written_at → place:rome
edge-1cdd509b0cbd8fab	proposition	trinity-is-three-persons-one-substance	place	rome	proposition_place	derived	work_affirms_proposition+written_at	200	210	probable	clm-cn-affirms-trinity|clm-cn-written-rome	work:contra-noetum → work_affirms_proposition → proposition:trinity-is-three-persons-one-substance + work:contra-noetum → written_at → place:rome
edge-3e5a686beb48fcf9	proposition	bodies-will-be-raised-at-last-day	place	rome	proposition_place	derived	work_affirms_proposition+written_at	200	210	probable	clm-cn-affirms-resurrection|clm-cn-written-rome	work:contra-noetum → work_affirms_proposition → proposition:bodies-will-be-raised-at-last-day + work:contra-noetum → written_at → place:rome
edge-5ff148aecd79f6c3	proposition	old-testament-is-authoritative-scripture	place	rome	proposition_place	derived	work_affirms_proposition+written_at	200	210	probable	clm-cn-affirms-ot-scripture|clm-cn-written-rome	work:contra-noetum → work_affirms_proposition → proposition:old-testament-is-authoritative-scripture + work:contra-noetum → written_at → place:rome
edge-8054281feae3bc60	work	contra-noetum	place	rome	work_place	direct	written_at	200	210	probable	clm-cn-written-rome	work:contra-noetum → written_at → place:rome
edge-c72f9b66bf6bf3bf	proposition	logos-is-pre-existent-son-of-god	place	rome	proposition_place	derived	work_affirms_proposition+written_at	200	210	probable	clm-cn-affirms-logos|clm-cn-written-rome	work:contra-noetum → work_affirms_proposition → proposition:logos-is-pre-existent-son-of-god + work:contra-noetum → written_at → place:rome
edge-e08a64ea6776dee7	proposition	christ-truly-suffered-and-died	place	rome	proposition_place	derived	work_affirms_proposition+written_at	200	210	probable	clm-cn-affirms-passion|clm-cn-written-rome	work:contra-noetum → work_affirms_proposition → proposition:christ-truly-suffered-and-died + work:contra-noetum → written_at → place:rome
edge-190ece22249a4866	proposition	trinity-is-three-persons-one-substance	place	carthage	proposition_place	derived	person_develops_proposition+originated_in	200	220	probable	clm-tertullian-develops-trinitarian-formula|clm-tertullian-originated-carthage	person:tertullian → person_develops_proposition → proposition:trinity-is-three-persons-one-substance + person:tertullian → originated_in → place:carthage
edge-602a9f6d260cf5d9	proposition	trinity-is-three-persons-one-substance	place	carthage	proposition_place	derived	person_develops_proposition+active_in	200	220	probable	clm-tertullian-active-carthage|clm-tertullian-develops-trinitarian-formula	person:tertullian → person_develops_proposition → proposition:trinity-is-three-persons-one-substance + person:tertullian → active_in → place:carthage
edge-691003e1abe1e8a5	proposition	trinity-is-three-persons-one-substance	place	rome	proposition_place	derived	person_develops_proposition+active_in	200	220	probable	clm-tertullian-active-rome|clm-tertullian-develops-trinitarian-formula	person:tertullian → person_develops_proposition → proposition:trinity-is-three-persons-one-substance + person:tertullian → active_in → place:rome
edge-b88c48b42dab09cd	person	julius-africanus	place	alexandria	person_place	direct	active_in	200	220	probable	clm-julius-africanus-active-alexandria	person:julius-africanus → active_in → place:alexandria
edge-8513ff45cbaf6fd0	person	julius-africanus	place	emmaus-nicopolis	person_place	direct	active_in	200	240	probable	clm-julius-africanus-active-emmaus	person:julius-africanus → active_in → place:emmaus-nicopolis
edge-22b966ca56c461a4	group	montanists	place	antioch	group_place	direct	group_present_at	200	250	probable	clm-montanists-at-antioch	group:montanists → group_present_at → place:antioch
edge-766f34b702efba31	group	church-of-the-east	place	arbela	group_place	direct	group_present_at	200	400	probable	clm-church-east-at-arbela	group:church-of-the-east → group_present_at → place:arbela
edge-7c9e6533eba1f20d	group	bardesanites	place	seleucia-ctesiphon	group_place	direct	group_present_at	200	400	probable	clm-bardesanites-at-mesopotamia	group:bardesanites → group_present_at → place:seleucia-ctesiphon
edge-b06b70a560ac8169	group	edessa-church	place	edessa	group_place	direct	group_present_at	200	400	attested	clm-edessa-church-at-edessa	group:edessa-church → group_present_at → place:edessa
edge-8a997b40b05a2970	person	origen-of-alexandria	place	alexandria	person_place	direct	active_in	202	232	attested	clm-origen-active-alexandria	person:origen-of-alexandria → active_in → place:alexandria
edge-202b381456419d5c	proposition	christ-truly-became-flesh	place	rome	proposition_place	derived	work_affirms_proposition+written_at	204	204	probable	clm-cda-affirms-incarnation|clm-cda-written-rome	work:commentary-on-daniel-hippolytus → work_affirms_proposition → proposition:christ-truly-became-flesh + work:commentary-on-daniel-hippolytus → written_at → place:rome
edge-35d9b3cd2967670c	proposition	final-judgment-is-coming	place	rome	proposition_place	derived	work_affirms_proposition+written_at	204	204	probable	clm-cda-affirms-judgment|clm-cda-written-rome	work:commentary-on-daniel-hippolytus → work_affirms_proposition → proposition:final-judgment-is-coming + work:commentary-on-daniel-hippolytus → written_at → place:rome
edge-c471d05210341dba	proposition	bodies-will-be-raised-at-last-day	place	rome	proposition_place	derived	work_affirms_proposition+written_at	204	204	probable	clm-cda-affirms-resurrection|clm-cda-written-rome	work:commentary-on-daniel-hippolytus → work_affirms_proposition → proposition:bodies-will-be-raised-at-last-day + work:commentary-on-daniel-hippolytus → written_at → place:rome
edge-d2395c7137b2d9a5	work	commentary-on-daniel-hippolytus	place	rome	work_place	direct	written_at	204	204	probable	clm-cda-written-rome	work:commentary-on-daniel-hippolytus → written_at → place:rome
edge-39fe009658d0089e	proposition	christ-truly-became-flesh	place	carthage	proposition_place	derived	work_affirms_proposition+written_at	206	212	probable	clm-de-carne-affirms-incarnation|clm-de-carne-written-carthage	work:de-carne-christi → work_affirms_proposition → proposition:christ-truly-became-flesh + work:de-carne-christi → written_at → place:carthage
edge-7d2ea56f77841aa7	proposition	bodies-will-be-raised-at-last-day	place	carthage	proposition_place	derived	work_affirms_proposition+written_at	206	212	probable	clm-de-res-affirms-resurrection|clm-de-res-written-carthage	work:de-resurrectione-carnis → work_affirms_proposition → proposition:bodies-will-be-raised-at-last-day + work:de-resurrectione-carnis → written_at → place:carthage
edge-8c81afec24acf4b2	work	de-resurrectione-carnis	place	carthage	work_place	direct	written_at	206	212	probable	clm-de-res-written-carthage	work:de-resurrectione-carnis → written_at → place:carthage
edge-ca3b96e65ff27a60	work	de-carne-christi	place	carthage	work_place	direct	written_at	206	212	probable	clm-de-carne-written-carthage	work:de-carne-christi → written_at → place:carthage
edge-fb2e2c9fae8139c9	proposition	jesus-born-of-virgin	place	carthage	proposition_place	derived	work_affirms_proposition+written_at	206	212	probable	clm-de-carne-affirms-virgin-birth|clm-de-carne-written-carthage	work:de-carne-christi → work_affirms_proposition → proposition:jesus-born-of-virgin + work:de-carne-christi → written_at → place:carthage
edge-1a432a28102fa938	proposition	jesus-born-of-virgin	place	carthage	proposition_place	derived	work_affirms_proposition+written_at	207	208	probable	clm-adv-marc-affirms-virgin-birth|clm-adv-marc-written-carthage	work:adversus-marcionem → work_affirms_proposition → proposition:jesus-born-of-virgin + work:adversus-marcionem → written_at → place:carthage
edge-7f2b2d9e36525f46	proposition	eucharist-is-body-and-blood	place	carthage	proposition_place	derived	work_affirms_proposition+written_at	207	208	probable	clm-adv-marc-affirms-eucharist|clm-adv-marc-written-carthage	work:adversus-marcionem → work_affirms_proposition → proposition:eucharist-is-body-and-blood + work:adversus-marcionem → written_at → place:carthage
edge-a1faada32538ce70	proposition	christ-truly-suffered-and-died	place	carthage	proposition_place	derived	work_affirms_proposition+written_at	207	208	probable	clm-adv-marc-affirms-passion|clm-adv-marc-written-carthage	work:adversus-marcionem → work_affirms_proposition → proposition:christ-truly-suffered-and-died + work:adversus-marcionem → written_at → place:carthage
edge-a9496914b08e7a4a	proposition	christ-truly-became-flesh	place	carthage	proposition_place	derived	work_affirms_proposition+written_at	207	208	probable	clm-adv-marc-affirms-incarnation|clm-adv-marc-written-carthage	work:adversus-marcionem → work_affirms_proposition → proposition:christ-truly-became-flesh + work:adversus-marcionem → written_at → place:carthage
edge-bd88c8e6e30aae82	proposition	old-testament-is-authoritative-scripture	place	carthage	proposition_place	derived	work_affirms_proposition+written_at	207	208	probable	clm-adv-marc-affirms-ot|clm-adv-marc-written-carthage	work:adversus-marcionem → work_affirms_proposition → proposition:old-testament-is-authoritative-scripture + work:adversus-marcionem → written_at → place:carthage
edge-e23d1890ce262a20	work	adversus-marcionem	place	carthage	work_place	direct	written_at	207	208	probable	clm-adv-marc-written-carthage	work:adversus-marcionem → written_at → place:carthage
edge-f206bca59daaaf26	proposition	bodies-will-be-raised-at-last-day	place	carthage	proposition_place	derived	work_affirms_proposition+written_at	207	208	probable	clm-adv-marc-affirms-resurrection|clm-adv-marc-written-carthage	work:adversus-marcionem → work_affirms_proposition → proposition:bodies-will-be-raised-at-last-day + work:adversus-marcionem → written_at → place:carthage
edge-a7e7a8330c8797ce	person	ambrose-of-alexandria	place	alexandria	person_place	direct	active_in	210	250	probable	clm-ambrose-alex-active-alexandria	person:ambrose-of-alexandria → active_in → place:alexandria
edge-07a2df7dafbd478b	proposition	christians-must-not-serve-in-military	place	carthage	proposition_place	derived	work_affirms_proposition+written_at	211	211	probable	clm-de-corona-affirms-military-refusal|clm-de-corona-written-carthage	work:de-corona → work_affirms_proposition → proposition:christians-must-not-serve-in-military + work:de-corona → written_at → place:carthage
edge-8442a901b4d1310e	work	de-corona	place	carthage	work_place	direct	written_at	211	211	probable	clm-de-corona-written-carthage	work:de-corona → written_at → place:carthage
edge-46c249122863d19c	person	alexander-of-jerusalem	place	caesarea	person_place	direct	active_in	212	251	probable	clm-alexander-jerusalem-active-caesarea	person:alexander-of-jerusalem → active_in → place:caesarea
edge-d22629c24bcc27dd	person	alexander-of-jerusalem	place	jerusalem	person_place	direct	bishop_of	212	251	attested	clm-alexander-jerusalem-bishop-of	person:alexander-of-jerusalem → bishop_of → place:jerusalem
edge-08c9a95f53cb3257	work	adversus-praxean	place	carthage	work_place	direct	written_at	213	213	probable	clm-adv-prax-written-carthage	work:adversus-praxean → written_at → place:carthage
edge-176d5a60a447d120	proposition	logos-is-pre-existent-son-of-god	place	carthage	proposition_place	derived	work_affirms_proposition+written_at	213	213	probable	clm-adv-prax-affirms-logos|clm-adv-prax-written-carthage	work:adversus-praxean → work_affirms_proposition → proposition:logos-is-pre-existent-son-of-god + work:adversus-praxean → written_at → place:carthage
edge-641d00bd1b40c96f	proposition	rule-of-faith-received-from-apostles	place	carthage	proposition_place	derived	work_affirms_proposition+written_at	213	213	probable	clm-adv-prax-affirms-rule-of-faith|clm-adv-prax-written-carthage	work:adversus-praxean → work_affirms_proposition → proposition:rule-of-faith-received-from-apostles + work:adversus-praxean → written_at → place:carthage
edge-cb5e73731f1f23c0	proposition	trinity-is-three-persons-one-substance	place	carthage	proposition_place	derived	work_affirms_proposition+written_at	213	213	probable	clm-adv-prax-affirms-trinity|clm-adv-prax-written-carthage	work:adversus-praxean → work_affirms_proposition → proposition:trinity-is-three-persons-one-substance + work:adversus-praxean → written_at → place:carthage
edge-07070fc3a4fb577c	proposition	christians-must-not-serve-in-military	place	rome	proposition_place	derived	work_affirms_proposition+written_at	215	215	probable	clm-at-affirms-military-refusal|clm-at-written-rome	work:apostolic-tradition → work_affirms_proposition → proposition:christians-must-not-serve-in-military + work:apostolic-tradition → written_at → place:rome
edge-0ee64810b1134c29	proposition	bishop-authority-over-eucharist	place	rome	proposition_place	derived	work_affirms_proposition+written_at	215	215	probable	clm-at-affirms-bishop-eucharist|clm-at-written-rome	work:apostolic-tradition → work_affirms_proposition → proposition:bishop-authority-over-eucharist + work:apostolic-tradition → written_at → place:rome
edge-19c98b41a3e43bb5	proposition	baptism-effects-regeneration	place	rome	proposition_place	derived	work_affirms_proposition+written_at	215	215	probable	clm-at-affirms-baptism-regeneration|clm-at-written-rome	work:apostolic-tradition → work_affirms_proposition → proposition:baptism-effects-regeneration + work:apostolic-tradition → written_at → place:rome
edge-23b757a7ebb35c39	work	apostolic-tradition	place	rome	work_place	direct	written_at	215	215	probable	clm-at-written-rome	work:apostolic-tradition → written_at → place:rome
edge-26a440f3f0f1ca55	proposition	baptism-administered-in-trinitarian-name	place	rome	proposition_place	derived	work_affirms_proposition+written_at	215	215	probable	clm-at-affirms-trinitarian-baptism|clm-at-written-rome	work:apostolic-tradition → work_affirms_proposition → proposition:baptism-administered-in-trinitarian-name + work:apostolic-tradition → written_at → place:rome
edge-28382312a2e89cf4	proposition	fasting-is-required	place	rome	proposition_place	derived	work_affirms_proposition+written_at	215	215	probable	clm-at-affirms-fasting|clm-at-written-rome	work:apostolic-tradition → work_affirms_proposition → proposition:fasting-is-required + work:apostolic-tradition → written_at → place:rome
edge-2c9b97275e723312	proposition	apostolic-succession-transmits-faith	place	rome	proposition_place	derived	work_affirms_proposition+written_at	215	215	probable	clm-at-affirms-succession|clm-at-written-rome	work:apostolic-tradition → work_affirms_proposition → proposition:apostolic-succession-transmits-faith + work:apostolic-tradition → written_at → place:rome
edge-50da3bb33bcdb6e8	proposition	threefold-ministry-required	place	rome	proposition_place	derived	work_affirms_proposition+written_at	215	215	probable	clm-at-affirms-threefold-ministry|clm-at-written-rome	work:apostolic-tradition → work_affirms_proposition → proposition:threefold-ministry-required + work:apostolic-tradition → written_at → place:rome
edge-65217d10319ce3a7	proposition	eucharist-is-sacrifice	place	rome	proposition_place	derived	work_affirms_proposition+written_at	215	215	probable	clm-at-affirms-eucharist-sacrifice|clm-at-written-rome	work:apostolic-tradition → work_affirms_proposition → proposition:eucharist-is-sacrifice + work:apostolic-tradition → written_at → place:rome
edge-6f5b625ce2a1a734	proposition	baptism-with-water-commanded	place	rome	proposition_place	derived	work_affirms_proposition+written_at	215	215	probable	clm-at-affirms-baptism-water|clm-at-written-rome	work:apostolic-tradition → work_affirms_proposition → proposition:baptism-with-water-commanded + work:apostolic-tradition → written_at → place:rome
edge-897a18cfbf24e69c	proposition	bishops-govern-local-church	place	rome	proposition_place	derived	work_affirms_proposition+written_at	215	215	probable	clm-at-affirms-bishops-govern|clm-at-written-rome	work:apostolic-tradition → work_affirms_proposition → proposition:bishops-govern-local-church + work:apostolic-tradition → written_at → place:rome
edge-94dbc44cbdcff798	proposition	ordination-conferred-by-laying-on-of-hands	place	rome	proposition_place	derived	work_affirms_proposition+written_at	215	215	probable	clm-at-affirms-ordination|clm-at-written-rome	work:apostolic-tradition → work_affirms_proposition → proposition:ordination-conferred-by-laying-on-of-hands + work:apostolic-tradition → written_at → place:rome
edge-a323d6de1ebcb916	proposition	jesus-born-of-virgin	place	rome	proposition_place	derived	work_affirms_proposition+written_at	215	215	probable	clm-at-affirms-virgin-birth|clm-at-written-rome	work:apostolic-tradition → work_affirms_proposition → proposition:jesus-born-of-virgin + work:apostolic-tradition → written_at → place:rome
edge-a91eea29a42c1d14	proposition	christ-truly-became-flesh	place	rome	proposition_place	derived	work_affirms_proposition+written_at	215	215	probable	clm-at-affirms-incarnation|clm-at-written-rome	work:apostolic-tradition → work_affirms_proposition → proposition:christ-truly-became-flesh + work:apostolic-tradition → written_at → place:rome
edge-a9808c7b1e73195b	proposition	infants-and-children-are-baptized	place	rome	proposition_place	derived	work_affirms_proposition+written_at	215	215	probable	clm-at-affirms-infant-baptism|clm-at-written-rome	work:apostolic-tradition → work_affirms_proposition → proposition:infants-and-children-are-baptized + work:apostolic-tradition → written_at → place:rome
edge-c2baf866cf882868	proposition	prayer-is-offered-without-ceasing	place	rome	proposition_place	derived	work_affirms_proposition+written_at	215	215	probable	clm-at-affirms-continual-prayer|clm-at-written-rome	work:apostolic-tradition → work_affirms_proposition → proposition:prayer-is-offered-without-ceasing + work:apostolic-tradition → written_at → place:rome
edge-c800de2922aca020	proposition	catechumenate-precedes-baptism	place	rome	proposition_place	derived	work_affirms_proposition+written_at	215	215	probable	clm-at-affirms-catechumenate|clm-at-written-rome	work:apostolic-tradition → work_affirms_proposition → proposition:catechumenate-precedes-baptism + work:apostolic-tradition → written_at → place:rome
edge-cd5d58c7a44e46de	proposition	frequent-eucharistic-assembly	place	rome	proposition_place	derived	work_affirms_proposition+written_at	215	215	probable	clm-at-affirms-frequent-eucharist|clm-at-written-rome	work:apostolic-tradition → work_affirms_proposition → proposition:frequent-eucharistic-assembly + work:apostolic-tradition → written_at → place:rome
edge-d0f97deb4f676be1	proposition	virginity-is-honored-calling	place	rome	proposition_place	derived	work_affirms_proposition+written_at	215	215	probable	clm-at-affirms-virginity|clm-at-written-rome	work:apostolic-tradition → work_affirms_proposition → proposition:virginity-is-honored-calling + work:apostolic-tradition → written_at → place:rome
edge-d1f9d7bf3cae7f33	proposition	eucharist-is-body-and-blood	place	rome	proposition_place	derived	work_affirms_proposition+written_at	215	215	probable	clm-at-affirms-eucharist-body-blood|clm-at-written-rome	work:apostolic-tradition → work_affirms_proposition → proposition:eucharist-is-body-and-blood + work:apostolic-tradition → written_at → place:rome
edge-daee6e2ca7aabec3	proposition	rule-of-faith-received-from-apostles	place	rome	proposition_place	derived	work_affirms_proposition+written_at	215	215	probable	clm-at-affirms-rule-of-faith|clm-at-written-rome	work:apostolic-tradition → work_affirms_proposition → proposition:rule-of-faith-received-from-apostles + work:apostolic-tradition → written_at → place:rome
edge-dc8bb6da9f994789	proposition	eucharist-offered-on-sunday	place	rome	proposition_place	derived	work_affirms_proposition+written_at	215	215	probable	clm-at-affirms-sunday-eucharist|clm-at-written-rome	work:apostolic-tradition → work_affirms_proposition → proposition:eucharist-offered-on-sunday + work:apostolic-tradition → written_at → place:rome
edge-e4c0e911e7e817fc	proposition	baptismal-anointing-with-oil	place	rome	proposition_place	derived	work_affirms_proposition+written_at	215	215	probable	clm-at-affirms-baptismal-anointing|clm-at-written-rome	work:apostolic-tradition → work_affirms_proposition → proposition:baptismal-anointing-with-oil + work:apostolic-tradition → written_at → place:rome
edge-1d26d9693a67f826	proposition	post-baptismal-sin-forgiven-by-penance	place	rome	proposition_place	derived	person_affirms_proposition+bishop_of	217	222	probable	clm-callistus-bishop-rome|clm-callistus-person-affirms-penance	person:callistus-i → person_affirms_proposition → proposition:post-baptismal-sin-forgiven-by-penance + person:callistus-i → bishop_of → place:rome
edge-677f920d7e91211b	person	callistus-i	place	rome	person_place	direct	bishop_of	217	222	attested	clm-callistus-bishop-rome	person:callistus-i → bishop_of → place:rome
edge-61a61447bd6b57af	event	hippolytus-callistus-schism	place	rome	event_place	direct	event_occurs_at	217	235	attested	clm-hippolytus-callistus-schism-at-rome	event:hippolytus-callistus-schism → event_occurs_at → place:rome
edge-88c23da549718532	person	hippolytus-of-rome	place	rome	person_place	direct	bishop_of	217	235	probable	clm-hippolytus-rival-bishop-rome	person:hippolytus-of-rome → bishop_of → place:rome
edge-078c3baf42de6e3b	proposition	catechumenate-precedes-baptism	place	alexandria	proposition_place	derived	work_affirms_proposition+written_at	220	230	probable	clm-deprinc-affirms-catechumenate|clm-deprincipiis-written-at-alexandria	work:de-principiis → work_affirms_proposition → proposition:catechumenate-precedes-baptism + work:de-principiis → written_at → place:alexandria
edge-07cdc70a8ee9789d	proposition	logos-is-pre-existent-son-of-god	place	alexandria	proposition_place	derived	work_develops_proposition+written_at	220	230	probable	clm-de-principiis-develops-logos-preexistent|clm-deprincipiis-written-at-alexandria	work:de-principiis → work_develops_proposition → proposition:logos-is-pre-existent-son-of-god + work:de-principiis → written_at → place:alexandria
edge-0cd03de9fde0630f	proposition	son-is-eternally-generated	place	alexandria	proposition_place	derived	work_affirms_proposition+written_at	220	230	probable	clm-deprinc-affirms-eternal-generation|clm-deprincipiis-written-at-alexandria	work:de-principiis → work_affirms_proposition → proposition:son-is-eternally-generated + work:de-principiis → written_at → place:alexandria
edge-1b36a63a02802de6	proposition	free-will-grounds-moral-responsibility	place	alexandria	proposition_place	derived	work_affirms_proposition+written_at	220	230	probable	clm-deprinc-affirms-free-will|clm-deprincipiis-written-at-alexandria	work:de-principiis → work_affirms_proposition → proposition:free-will-grounds-moral-responsibility + work:de-principiis → written_at → place:alexandria
edge-22041f8a85af5527	proposition	prayer-is-offered-without-ceasing	place	alexandria	proposition_place	derived	work_affirms_proposition+written_at	220	230	probable	clm-deprinc-affirms-prayer|clm-deprincipiis-written-at-alexandria	work:de-principiis → work_affirms_proposition → proposition:prayer-is-offered-without-ceasing + work:de-principiis → written_at → place:alexandria
edge-37b6b97b1366356e	work	de-principiis	place	alexandria	work_place	direct	written_at	220	230	probable	clm-deprincipiis-written-at-alexandria	work:de-principiis → written_at → place:alexandria
edge-4a8d8e416d5ca4cd	person	ambrose-of-alexandria	place	rome	person_place	direct	active_in	220	230	probable	clm-ambrose-alex-active-rome	person:ambrose-of-alexandria → active_in → place:rome
edge-4f97c8bd751240c1	proposition	perpetual-virginity-of-mary	place	alexandria	proposition_place	derived	work_affirms_proposition+written_at	220	230	probable	clm-deprinc-affirms-perpetual-virginity|clm-deprincipiis-written-at-alexandria	work:de-principiis → work_affirms_proposition → proposition:perpetual-virginity-of-mary + work:de-principiis → written_at → place:alexandria
edge-50a50837d55eb8b6	proposition	pre-existence-of-souls	place	alexandria	proposition_place	derived	work_affirms_proposition+written_at	220	230	probable	clm-deprinc-affirms-pre-existence-souls|clm-deprincipiis-written-at-alexandria	work:de-principiis → work_affirms_proposition → proposition:pre-existence-of-souls + work:de-principiis → written_at → place:alexandria
edge-5b598fc2a04bddad	proposition	logos-is-pre-existent-son-of-god	place	alexandria	proposition_place	derived	work_affirms_proposition+written_at	220	230	probable	clm-deprinc-affirms-logos|clm-deprincipiis-written-at-alexandria	work:de-principiis → work_affirms_proposition → proposition:logos-is-pre-existent-son-of-god + work:de-principiis → written_at → place:alexandria
edge-65bdb2161c801843	person	julius-africanus	place	rome	person_place	direct	active_in	220	230	probable	clm-julius-africanus-active-rome	person:julius-africanus → active_in → place:rome
edge-6d895178f426c068	proposition	allegorical-interpretation-of-scripture	place	alexandria	proposition_place	derived	work_affirms_proposition+written_at	220	230	probable	clm-deprinc-affirms-allegorical|clm-deprincipiis-written-at-alexandria	work:de-principiis → work_affirms_proposition → proposition:allegorical-interpretation-of-scripture + work:de-principiis → written_at → place:alexandria
edge-710902b0d351c303	proposition	final-judgment-is-coming	place	alexandria	proposition_place	derived	work_affirms_proposition+written_at	220	230	probable	clm-deprinc-affirms-judgment|clm-deprincipiis-written-at-alexandria	work:de-principiis → work_affirms_proposition → proposition:final-judgment-is-coming + work:de-principiis → written_at → place:alexandria
edge-78b74f25cea0fad4	proposition	rule-of-faith-received-from-apostles	place	alexandria	proposition_place	derived	work_affirms_proposition+written_at	220	230	probable	clm-deprinc-affirms-rule-of-faith|clm-deprincipiis-written-at-alexandria	work:de-principiis → work_affirms_proposition → proposition:rule-of-faith-received-from-apostles + work:de-principiis → written_at → place:alexandria
edge-85e5cd84716afe3f	proposition	bodies-will-be-raised-at-last-day	place	alexandria	proposition_place	derived	work_affirms_proposition+written_at	220	230	probable	clm-deprinc-affirms-resurrection|clm-deprincipiis-written-at-alexandria	work:de-principiis → work_affirms_proposition → proposition:bodies-will-be-raised-at-last-day + work:de-principiis → written_at → place:alexandria
edge-87d2b5bf3ca47d9e	proposition	trinity-is-three-persons-one-substance	place	alexandria	proposition_place	derived	work_affirms_proposition+written_at	220	230	probable	clm-deprinc-affirms-trinity|clm-deprincipiis-written-at-alexandria	work:de-principiis → work_affirms_proposition → proposition:trinity-is-three-persons-one-substance + work:de-principiis → written_at → place:alexandria
edge-a78d340065b4fee6	proposition	old-testament-is-authoritative-scripture	place	alexandria	proposition_place	derived	work_affirms_proposition+written_at	220	230	probable	clm-deprinc-affirms-ot-authority|clm-deprincipiis-written-at-alexandria	work:de-principiis → work_affirms_proposition → proposition:old-testament-is-authoritative-scripture + work:de-principiis → written_at → place:alexandria
edge-c9b0ae6a3c53b09f	proposition	apostolic-succession-transmits-faith	place	alexandria	proposition_place	derived	work_affirms_proposition+written_at	220	230	probable	clm-deprinc-affirms-succession|clm-deprincipiis-written-at-alexandria	work:de-principiis → work_affirms_proposition → proposition:apostolic-succession-transmits-faith + work:de-principiis → written_at → place:alexandria
edge-caaa14f60151313c	proposition	jesus-born-of-virgin	place	alexandria	proposition_place	derived	work_affirms_proposition+written_at	220	230	probable	clm-deprinc-affirms-virgin-birth|clm-deprincipiis-written-at-alexandria	work:de-principiis → work_affirms_proposition → proposition:jesus-born-of-virgin + work:de-principiis → written_at → place:alexandria
edge-d8242d59bf085243	proposition	universal-restoration-of-all	place	alexandria	proposition_place	derived	work_affirms_proposition+written_at	220	230	probable	clm-deprinc-affirms-universal-restoration|clm-deprincipiis-written-at-alexandria	work:de-principiis → work_affirms_proposition → proposition:universal-restoration-of-all + work:de-principiis → written_at → place:alexandria
edge-e4882c7df51c0606	proposition	christ-truly-became-flesh	place	alexandria	proposition_place	derived	work_affirms_proposition+written_at	220	230	probable	clm-deprinc-affirms-incarnation|clm-deprincipiis-written-at-alexandria	work:de-principiis → work_affirms_proposition → proposition:christ-truly-became-flesh + work:de-principiis → written_at → place:alexandria
edge-f4e449ead859b3f4	proposition	baptism-effects-regeneration	place	alexandria	proposition_place	derived	work_affirms_proposition+written_at	220	230	probable	clm-deprinc-affirms-baptism-regeneration|clm-deprincipiis-written-at-alexandria	work:de-principiis → work_affirms_proposition → proposition:baptism-effects-regeneration + work:de-principiis → written_at → place:alexandria
edge-449efcfd414e58bb	proposition	christ-truly-became-flesh	place	edessa	proposition_place	derived	work_mentions_proposition+written_at	220	240	probable	clm-acts-thomas-mentions-incarnation|clm-acts-thomas-written-edessa	work:acts-of-thomas → work_mentions_proposition → proposition:christ-truly-became-flesh + work:acts-of-thomas → written_at → place:edessa
edge-4f35d7c9738dc4b2	proposition	virginity-is-honored-calling	place	edessa	proposition_place	derived	work_affirms_proposition+written_at	220	240	probable	clm-acts-thomas-affirms-virginity|clm-acts-thomas-written-edessa	work:acts-of-thomas → work_affirms_proposition → proposition:virginity-is-honored-calling + work:acts-of-thomas → written_at → place:edessa
edge-50abe07fa13125af	work	acts-of-thomas	place	edessa	work_place	direct	written_at	220	240	probable	clm-acts-thomas-written-edessa	work:acts-of-thomas → written_at → place:edessa
edge-6429511f393a47c0	proposition	encratism-is-required	place	edessa	proposition_place	derived	work_affirms_proposition+written_at	220	240	probable	clm-acts-thomas-affirms-encratism|clm-acts-thomas-written-edessa	work:acts-of-thomas → work_affirms_proposition → proposition:encratism-is-required + work:acts-of-thomas → written_at → place:edessa
edge-865bbd4f2cc58473	proposition	repentance-is-required	place	edessa	proposition_place	derived	work_affirms_proposition+written_at	220	240	probable	clm-acts-thomas-affirms-repentance|clm-acts-thomas-written-edessa	work:acts-of-thomas → work_affirms_proposition → proposition:repentance-is-required + work:acts-of-thomas → written_at → place:edessa
edge-8a00d8422d4b2a2d	proposition	fasting-is-required	place	edessa	proposition_place	derived	work_affirms_proposition+written_at	220	240	probable	clm-acts-thomas-affirms-fasting|clm-acts-thomas-written-edessa	work:acts-of-thomas → work_affirms_proposition → proposition:fasting-is-required + work:acts-of-thomas → written_at → place:edessa
edge-9091e2dd0dddc7bc	proposition	prayer-is-offered-without-ceasing	place	edessa	proposition_place	derived	work_affirms_proposition+written_at	220	240	probable	clm-acts-thomas-affirms-prayer|clm-acts-thomas-written-edessa	work:acts-of-thomas → work_affirms_proposition → proposition:prayer-is-offered-without-ceasing + work:acts-of-thomas → written_at → place:edessa
edge-b72edc0dbe6cedb0	proposition	ascetic-covenant-is-normative	place	edessa	proposition_place	derived	work_affirms_proposition+written_at	220	240	probable	clm-acts-thomas-affirms-ascetic-covenant|clm-acts-thomas-written-edessa	work:acts-of-thomas → work_affirms_proposition → proposition:ascetic-covenant-is-normative + work:acts-of-thomas → written_at → place:edessa
edge-b7b71d77a41d850b	proposition	baptismal-anointing-with-oil	place	edessa	proposition_place	derived	work_affirms_proposition+written_at	220	240	probable	clm-acts-thomas-affirms-baptismal-anointing|clm-acts-thomas-written-edessa	work:acts-of-thomas → work_affirms_proposition → proposition:baptismal-anointing-with-oil + work:acts-of-thomas → written_at → place:edessa
edge-c1a9e8ca659053bc	proposition	eucharist-is-body-and-blood	place	edessa	proposition_place	derived	work_mentions_proposition+written_at	220	240	probable	clm-acts-thomas-mentions-eucharist|clm-acts-thomas-written-edessa	work:acts-of-thomas → work_mentions_proposition → proposition:eucharist-is-body-and-blood + work:acts-of-thomas → written_at → place:edessa
edge-c57b1e8b07b8f8fa	proposition	baptism-with-water-commanded	place	edessa	proposition_place	derived	work_affirms_proposition+written_at	220	240	probable	clm-acts-thomas-affirms-baptism-water|clm-acts-thomas-written-edessa	work:acts-of-thomas → work_affirms_proposition → proposition:baptism-with-water-commanded + work:acts-of-thomas → written_at → place:edessa
edge-cbd27dc3772c6d41	proposition	baptism-effects-regeneration	place	edessa	proposition_place	derived	work_affirms_proposition+written_at	220	240	probable	clm-acts-thomas-affirms-baptism-regeneration|clm-acts-thomas-written-edessa	work:acts-of-thomas → work_affirms_proposition → proposition:baptism-effects-regeneration + work:acts-of-thomas → written_at → place:edessa
edge-f0c03365b7bc649f	proposition	second-marriage-is-forbidden	place	edessa	proposition_place	derived	work_affirms_proposition+written_at	220	240	probable	clm-acts-thomas-affirms-second-marriage-forbidden|clm-acts-thomas-written-edessa	work:acts-of-thomas → work_affirms_proposition → proposition:second-marriage-is-forbidden + work:acts-of-thomas → written_at → place:edessa
edge-196c16a4cc309d88	person	beryllus-of-bostra	place	bostra	person_place	direct	bishop_of	220	250	attested	clm-beryllus-bishop-of-bostra	person:beryllus-of-bostra → bishop_of → place:bostra
edge-1dbcfbb275d9ea4d	proposition	allegorical-interpretation-of-scripture	place	alexandria	proposition_place	derived	person_develops_proposition+active_in	220	250	probable	clm-origen-active-alexandria|clm-origen-develops-allegorical	person:origen-of-alexandria → person_develops_proposition → proposition:allegorical-interpretation-of-scripture + person:origen-of-alexandria → active_in → place:alexandria
edge-48bf40bdc301fa13	proposition	allegorical-interpretation-of-scripture	place	alexandria	proposition_place	derived	person_develops_proposition+originated_in	220	250	probable	clm-origen-develops-allegorical|clm-origen-originated-alexandria	person:origen-of-alexandria → person_develops_proposition → proposition:allegorical-interpretation-of-scripture + person:origen-of-alexandria → originated_in → place:alexandria
edge-72e1bdba8594edb9	proposition	allegorical-interpretation-of-scripture	place	antioch	proposition_place	derived	person_develops_proposition+active_in	220	250	probable	clm-origen-active-antioch|clm-origen-develops-allegorical	person:origen-of-alexandria → person_develops_proposition → proposition:allegorical-interpretation-of-scripture + person:origen-of-alexandria → active_in → place:antioch
edge-7c5e6974dcecd900	proposition	allegorical-interpretation-of-scripture	place	caesarea	proposition_place	derived	person_develops_proposition+active_in	220	250	probable	clm-origen-active-caesarea|clm-origen-develops-allegorical	person:origen-of-alexandria → person_develops_proposition → proposition:allegorical-interpretation-of-scripture + person:origen-of-alexandria → active_in → place:caesarea
edge-9463bc3e0a6fd220	proposition	allegorical-interpretation-of-scripture	place	tyre	proposition_place	derived	person_develops_proposition+active_in	220	250	probable	clm-origen-active-tyre|clm-origen-develops-allegorical	person:origen-of-alexandria → person_develops_proposition → proposition:allegorical-interpretation-of-scripture + person:origen-of-alexandria → active_in → place:tyre
edge-26620a6bff79e874	work	refutation-of-all-heresies	place	rome	work_place	direct	written_at	222	225	probable	clm-refutation-written-rome	work:refutation-of-all-heresies → written_at → place:rome
edge-44a8f5933de1042b	proposition	rule-of-faith-received-from-apostles	place	rome	proposition_place	derived	work_affirms_proposition+written_at	222	225	probable	clm-refutation-affirms-rule-of-faith|clm-refutation-written-rome	work:refutation-of-all-heresies → work_affirms_proposition → proposition:rule-of-faith-received-from-apostles + work:refutation-of-all-heresies → written_at → place:rome
edge-4806e3634e835344	proposition	apostolic-succession-transmits-faith	place	rome	proposition_place	derived	work_affirms_proposition+written_at	222	225	probable	clm-refutation-affirms-succession|clm-refutation-written-rome	work:refutation-of-all-heresies → work_affirms_proposition → proposition:apostolic-succession-transmits-faith + work:refutation-of-all-heresies → written_at → place:rome
edge-88dcff98b43c7b88	proposition	logos-is-pre-existent-son-of-god	place	rome	proposition_place	derived	work_affirms_proposition+written_at	222	225	probable	clm-refutation-affirms-logos|clm-refutation-written-rome	work:refutation-of-all-heresies → work_affirms_proposition → proposition:logos-is-pre-existent-son-of-god + work:refutation-of-all-heresies → written_at → place:rome
edge-af16cb5b3266b723	proposition	post-baptismal-sin-forgiven-by-penance	place	rome	proposition_place	derived	work_affirms_proposition+written_at	222	225	probable	clm-refutation-affirms-penance|clm-refutation-written-rome	work:refutation-of-all-heresies → work_affirms_proposition → proposition:post-baptismal-sin-forgiven-by-penance + work:refutation-of-all-heresies → written_at → place:rome
edge-7fef2dec199736ce	person	urban-i	place	rome	person_place	direct	bishop_of	222	230	probable	clm-urban-i-bishop-rome	person:urban-i → bishop_of → place:rome
edge-0334e5efdbbc1890	work	commentary-on-john-origen	place	alexandria	work_place	direct	written_at	226	228	probable	clm-comjohn-written-at-alexandria	work:commentary-on-john-origen → written_at → place:alexandria
edge-01849e1b349939c0	proposition	final-judgment-is-coming	place	alexandria	proposition_place	derived	work_affirms_proposition+written_at	226	235	probable	clm-comjohn-affirms-judgment|clm-comjohn-written-at-alexandria	work:commentary-on-john-origen → work_affirms_proposition → proposition:final-judgment-is-coming + work:commentary-on-john-origen → written_at → place:alexandria
edge-1de706f2843799e1	proposition	trinity-is-three-persons-one-substance	place	caesarea	proposition_place	derived	work_affirms_proposition+written_at	226	235	probable	clm-comjohn-affirms-trinity|clm-comjohn-written-at-caesarea	work:commentary-on-john-origen → work_affirms_proposition → proposition:trinity-is-three-persons-one-substance + work:commentary-on-john-origen → written_at → place:caesarea
edge-1ea78b7960f4b7e6	proposition	allegorical-interpretation-of-scripture	place	caesarea	proposition_place	derived	work_affirms_proposition+written_at	226	235	probable	clm-comjohn-affirms-allegorical|clm-comjohn-written-at-caesarea	work:commentary-on-john-origen → work_affirms_proposition → proposition:allegorical-interpretation-of-scripture + work:commentary-on-john-origen → written_at → place:caesarea
edge-23f68a18d2a2f2ed	proposition	prayer-is-offered-without-ceasing	place	caesarea	proposition_place	derived	work_affirms_proposition+written_at	226	235	probable	clm-comjohn-affirms-prayer|clm-comjohn-written-at-caesarea	work:commentary-on-john-origen → work_affirms_proposition → proposition:prayer-is-offered-without-ceasing + work:commentary-on-john-origen → written_at → place:caesarea
edge-2862d60a2f7a9360	proposition	free-will-grounds-moral-responsibility	place	caesarea	proposition_place	derived	work_affirms_proposition+written_at	226	235	probable	clm-comjohn-affirms-free-will|clm-comjohn-written-at-caesarea	work:commentary-on-john-origen → work_affirms_proposition → proposition:free-will-grounds-moral-responsibility + work:commentary-on-john-origen → written_at → place:caesarea
edge-39b11af9322a2b74	proposition	son-is-eternally-generated	place	caesarea	proposition_place	derived	work_affirms_proposition+written_at	226	235	probable	clm-comjohn-affirms-eternal-generation|clm-comjohn-written-at-caesarea	work:commentary-on-john-origen → work_affirms_proposition → proposition:son-is-eternally-generated + work:commentary-on-john-origen → written_at → place:caesarea
edge-3cfeb0cb86f6bdf2	proposition	logos-is-pre-existent-son-of-god	place	caesarea	proposition_place	derived	work_affirms_proposition+written_at	226	235	probable	clm-comjohn-affirms-logos|clm-comjohn-written-at-caesarea	work:commentary-on-john-origen → work_affirms_proposition → proposition:logos-is-pre-existent-son-of-god + work:commentary-on-john-origen → written_at → place:caesarea
edge-3fef34f644b4c4ab	proposition	free-will-grounds-moral-responsibility	place	alexandria	proposition_place	derived	work_affirms_proposition+written_at	226	235	probable	clm-comjohn-affirms-free-will|clm-comjohn-written-at-alexandria	work:commentary-on-john-origen → work_affirms_proposition → proposition:free-will-grounds-moral-responsibility + work:commentary-on-john-origen → written_at → place:alexandria
edge-72c599c8ce2eef58	proposition	son-is-eternally-generated	place	alexandria	proposition_place	derived	work_affirms_proposition+written_at	226	235	probable	clm-comjohn-affirms-eternal-generation|clm-comjohn-written-at-alexandria	work:commentary-on-john-origen → work_affirms_proposition → proposition:son-is-eternally-generated + work:commentary-on-john-origen → written_at → place:alexandria
edge-86414b165966ab3f	proposition	final-judgment-is-coming	place	caesarea	proposition_place	derived	work_affirms_proposition+written_at	226	235	probable	clm-comjohn-affirms-judgment|clm-comjohn-written-at-caesarea	work:commentary-on-john-origen → work_affirms_proposition → proposition:final-judgment-is-coming + work:commentary-on-john-origen → written_at → place:caesarea
edge-93b66c303812baa2	proposition	prayer-is-offered-without-ceasing	place	alexandria	proposition_place	derived	work_affirms_proposition+written_at	226	235	probable	clm-comjohn-affirms-prayer|clm-comjohn-written-at-alexandria	work:commentary-on-john-origen → work_affirms_proposition → proposition:prayer-is-offered-without-ceasing + work:commentary-on-john-origen → written_at → place:alexandria
edge-99a0012f7ab5c991	proposition	old-testament-is-authoritative-scripture	place	alexandria	proposition_place	derived	work_affirms_proposition+written_at	226	235	probable	clm-comjohn-affirms-ot|clm-comjohn-written-at-alexandria	work:commentary-on-john-origen → work_affirms_proposition → proposition:old-testament-is-authoritative-scripture + work:commentary-on-john-origen → written_at → place:alexandria
edge-9e2c41037417e0e1	proposition	christ-truly-became-flesh	place	alexandria	proposition_place	derived	work_affirms_proposition+written_at	226	235	probable	clm-comjohn-affirms-incarnation|clm-comjohn-written-at-alexandria	work:commentary-on-john-origen → work_affirms_proposition → proposition:christ-truly-became-flesh + work:commentary-on-john-origen → written_at → place:alexandria
edge-a66027bba22b81ea	proposition	allegorical-interpretation-of-scripture	place	alexandria	proposition_place	derived	work_affirms_proposition+written_at	226	235	probable	clm-comjohn-affirms-allegorical|clm-comjohn-written-at-alexandria	work:commentary-on-john-origen → work_affirms_proposition → proposition:allegorical-interpretation-of-scripture + work:commentary-on-john-origen → written_at → place:alexandria
edge-a6663b122840502c	proposition	pre-existence-of-souls	place	caesarea	proposition_place	derived	work_affirms_proposition+written_at	226	235	probable	clm-comjohn-affirms-pre-existence-souls|clm-comjohn-written-at-caesarea	work:commentary-on-john-origen → work_affirms_proposition → proposition:pre-existence-of-souls + work:commentary-on-john-origen → written_at → place:caesarea
edge-a9ca277ae867526e	proposition	pre-existence-of-souls	place	alexandria	proposition_place	derived	work_affirms_proposition+written_at	226	235	probable	clm-comjohn-affirms-pre-existence-souls|clm-comjohn-written-at-alexandria	work:commentary-on-john-origen → work_affirms_proposition → proposition:pre-existence-of-souls + work:commentary-on-john-origen → written_at → place:alexandria
edge-b42c7c2c562df8a4	proposition	jesus-born-of-virgin	place	caesarea	proposition_place	derived	work_affirms_proposition+written_at	226	235	probable	clm-comjohn-affirms-virgin-birth|clm-comjohn-written-at-caesarea	work:commentary-on-john-origen → work_affirms_proposition → proposition:jesus-born-of-virgin + work:commentary-on-john-origen → written_at → place:caesarea
edge-bd847201428479cb	proposition	jesus-born-of-virgin	place	alexandria	proposition_place	derived	work_affirms_proposition+written_at	226	235	probable	clm-comjohn-affirms-virgin-birth|clm-comjohn-written-at-alexandria	work:commentary-on-john-origen → work_affirms_proposition → proposition:jesus-born-of-virgin + work:commentary-on-john-origen → written_at → place:alexandria
edge-c105cceb6f659e23	proposition	christ-truly-became-flesh	place	caesarea	proposition_place	derived	work_affirms_proposition+written_at	226	235	probable	clm-comjohn-affirms-incarnation|clm-comjohn-written-at-caesarea	work:commentary-on-john-origen → work_affirms_proposition → proposition:christ-truly-became-flesh + work:commentary-on-john-origen → written_at → place:caesarea
edge-e3989fa16795ed5f	proposition	old-testament-is-authoritative-scripture	place	caesarea	proposition_place	derived	work_affirms_proposition+written_at	226	235	probable	clm-comjohn-affirms-ot|clm-comjohn-written-at-caesarea	work:commentary-on-john-origen → work_affirms_proposition → proposition:old-testament-is-authoritative-scripture + work:commentary-on-john-origen → written_at → place:caesarea
edge-eaa828f49c29464a	proposition	trinity-is-three-persons-one-substance	place	alexandria	proposition_place	derived	work_affirms_proposition+written_at	226	235	probable	clm-comjohn-affirms-trinity|clm-comjohn-written-at-alexandria	work:commentary-on-john-origen → work_affirms_proposition → proposition:trinity-is-three-persons-one-substance + work:commentary-on-john-origen → written_at → place:alexandria
edge-ee517c82a268c02a	proposition	logos-is-pre-existent-son-of-god	place	alexandria	proposition_place	derived	work_affirms_proposition+written_at	226	235	probable	clm-comjohn-affirms-logos|clm-comjohn-written-at-alexandria	work:commentary-on-john-origen → work_affirms_proposition → proposition:logos-is-pre-existent-son-of-god + work:commentary-on-john-origen → written_at → place:alexandria
edge-10f3dfb0b5ad90a4	proposition	repentance-is-required	place	edessa	proposition_place	derived	work_affirms_proposition+written_at	230	230	probable	clm-didascalia-affirms-repentance|clm-didascalia-written-syria	work:didascalia-apostolorum → work_affirms_proposition → proposition:repentance-is-required + work:didascalia-apostolorum → written_at → place:edessa
edge-2d506ddfbf19f5c3	proposition	old-testament-is-authoritative-scripture	place	edessa	proposition_place	derived	work_affirms_proposition+written_at	230	230	probable	clm-didascalia-affirms-ot-authority|clm-didascalia-written-syria	work:didascalia-apostolorum → work_affirms_proposition → proposition:old-testament-is-authoritative-scripture + work:didascalia-apostolorum → written_at → place:edessa
edge-39557c28e691c941	proposition	fasting-is-required	place	edessa	proposition_place	derived	work_affirms_proposition+written_at	230	230	probable	clm-didascalia-affirms-fasting|clm-didascalia-written-syria	work:didascalia-apostolorum → work_affirms_proposition → proposition:fasting-is-required + work:didascalia-apostolorum → written_at → place:edessa
edge-3fa85c2eb394fab5	proposition	eucharist-is-sacrifice	place	edessa	proposition_place	derived	work_affirms_proposition+written_at	230	230	probable	clm-didascalia-affirms-eucharist-sacrifice|clm-didascalia-written-syria	work:didascalia-apostolorum → work_affirms_proposition → proposition:eucharist-is-sacrifice + work:didascalia-apostolorum → written_at → place:edessa
edge-407b2858fc870134	proposition	baptism-effects-regeneration	place	edessa	proposition_place	derived	work_affirms_proposition+written_at	230	230	probable	clm-didascalia-affirms-baptism-regeneration|clm-didascalia-written-syria	work:didascalia-apostolorum → work_affirms_proposition → proposition:baptism-effects-regeneration + work:didascalia-apostolorum → written_at → place:edessa
edge-47cfc45cb198eb65	proposition	ordination-conferred-by-laying-on-of-hands	place	edessa	proposition_place	derived	work_affirms_proposition+written_at	230	230	probable	clm-didascalia-affirms-ordination|clm-didascalia-written-syria	work:didascalia-apostolorum → work_affirms_proposition → proposition:ordination-conferred-by-laying-on-of-hands + work:didascalia-apostolorum → written_at → place:edessa
edge-7d2e0e3f891b5881	proposition	eucharist-offered-on-sunday	place	edessa	proposition_place	derived	work_affirms_proposition+written_at	230	230	probable	clm-didascalia-affirms-eucharist-sunday|clm-didascalia-written-syria	work:didascalia-apostolorum → work_affirms_proposition → proposition:eucharist-offered-on-sunday + work:didascalia-apostolorum → written_at → place:edessa
edge-87a010dcb24f8e1e	proposition	baptismal-anointing-with-oil	place	edessa	proposition_place	derived	work_affirms_proposition+written_at	230	230	probable	clm-didascalia-affirms-baptismal-anointing|clm-didascalia-written-syria	work:didascalia-apostolorum → work_affirms_proposition → proposition:baptismal-anointing-with-oil + work:didascalia-apostolorum → written_at → place:edessa
edge-8a3960065185283a	proposition	baptism-administered-in-trinitarian-name	place	edessa	proposition_place	derived	work_affirms_proposition+written_at	230	230	probable	clm-didascalia-affirms-trinitarian-baptism|clm-didascalia-written-syria	work:didascalia-apostolorum → work_affirms_proposition → proposition:baptism-administered-in-trinitarian-name + work:didascalia-apostolorum → written_at → place:edessa
edge-93aee300e0ee3deb	proposition	christians-avoid-public-spectacles	place	edessa	proposition_place	derived	work_affirms_proposition+written_at	230	230	probable	clm-didascalia-affirms-spectacles|clm-didascalia-written-syria	work:didascalia-apostolorum → work_affirms_proposition → proposition:christians-avoid-public-spectacles + work:didascalia-apostolorum → written_at → place:edessa
edge-9447acc97273b3e3	proposition	virginity-is-honored-calling	place	edessa	proposition_place	derived	work_affirms_proposition+written_at	230	230	probable	clm-didascalia-affirms-virginity|clm-didascalia-written-syria	work:didascalia-apostolorum → work_affirms_proposition → proposition:virginity-is-honored-calling + work:didascalia-apostolorum → written_at → place:edessa
edge-9ad8288c8ac3da63	proposition	catechumenate-precedes-baptism	place	edessa	proposition_place	derived	work_affirms_proposition+written_at	230	230	probable	clm-didascalia-affirms-catechumenate|clm-didascalia-written-syria	work:didascalia-apostolorum → work_affirms_proposition → proposition:catechumenate-precedes-baptism + work:didascalia-apostolorum → written_at → place:edessa
edge-a90ea5089a9bf66a	proposition	almsgiving-is-required	place	edessa	proposition_place	derived	work_affirms_proposition+written_at	230	230	probable	clm-didascalia-affirms-almsgiving|clm-didascalia-written-syria	work:didascalia-apostolorum → work_affirms_proposition → proposition:almsgiving-is-required + work:didascalia-apostolorum → written_at → place:edessa
edge-c81cd3f938a8201b	work	didascalia-apostolorum	place	edessa	work_place	direct	written_at	230	230	possible	clm-didascalia-written-syria	work:didascalia-apostolorum → written_at → place:edessa
edge-ca5631a5e30d49c7	proposition	bishops-govern-local-church	place	edessa	proposition_place	derived	work_affirms_proposition+written_at	230	230	probable	clm-didascalia-affirms-bishops-govern|clm-didascalia-written-syria	work:didascalia-apostolorum → work_affirms_proposition → proposition:bishops-govern-local-church + work:didascalia-apostolorum → written_at → place:edessa
edge-e5e67d718e9265a2	proposition	post-baptismal-sin-forgiven-by-penance	place	edessa	proposition_place	derived	work_affirms_proposition+written_at	230	230	probable	clm-didascalia-affirms-penance|clm-didascalia-written-syria	work:didascalia-apostolorum → work_affirms_proposition → proposition:post-baptismal-sin-forgiven-by-penance + work:didascalia-apostolorum → written_at → place:edessa
edge-f494cf25b0f12ca3	proposition	bishop-authority-over-eucharist	place	edessa	proposition_place	derived	work_affirms_proposition+written_at	230	230	probable	clm-didascalia-affirms-bishop-eucharist|clm-didascalia-written-syria	work:didascalia-apostolorum → work_affirms_proposition → proposition:bishop-authority-over-eucharist + work:didascalia-apostolorum → written_at → place:edessa
edge-f5df00cba8abafe9	proposition	threefold-ministry-required	place	edessa	proposition_place	derived	work_affirms_proposition+written_at	230	230	probable	clm-didascalia-affirms-threefold-ministry|clm-didascalia-written-syria	work:didascalia-apostolorum → work_affirms_proposition → proposition:threefold-ministry-required + work:didascalia-apostolorum → written_at → place:edessa
edge-fb563758bdedfbc3	proposition	bodies-will-be-raised-at-last-day	place	edessa	proposition_place	derived	work_affirms_proposition+written_at	230	230	probable	clm-didascalia-affirms-resurrection|clm-didascalia-written-syria	work:didascalia-apostolorum → work_affirms_proposition → proposition:bodies-will-be-raised-at-last-day + work:didascalia-apostolorum → written_at → place:edessa
edge-827c3ac714e0ce03	work	commentary-on-john-origen	place	caesarea	work_place	direct	written_at	230	235	probable	clm-comjohn-written-at-caesarea	work:commentary-on-john-origen → written_at → place:caesarea
edge-9bedb2bdcd018e3b	person	pontian	place	rome	person_place	direct	bishop_of	230	235	attested	clm-pontian-bishop-rome	person:pontian → bishop_of → place:rome
edge-6a205c51c1f6de33	proposition	thomas-preached-in-india	place	edessa	proposition_place	derived	work_affirms_proposition+written_at	230	240	claimed_tradition	clm-acts-thomas-affirms-thomas-india|clm-acts-thomas-written-edessa	work:acts-of-thomas → work_affirms_proposition → proposition:thomas-preached-in-india + work:acts-of-thomas → written_at → place:edessa
edge-87e00ecf003aa72c	proposition	baptismal-anointing-with-oil	place	edessa	proposition_place	derived	work_mentions_proposition+written_at	230	240	probable	clm-acts-thomas-mentions-baptismal-anointing|clm-acts-thomas-written-edessa	work:acts-of-thomas → work_mentions_proposition → proposition:baptismal-anointing-with-oil + work:acts-of-thomas → written_at → place:edessa
edge-cd219dec7367c239	proposition	gospel-reached-india	place	edessa	proposition_place	derived	work_mentions_proposition+written_at	230	240	claimed_tradition	clm-acts-thomas-mentions-india-reached|clm-acts-thomas-written-edessa	work:acts-of-thomas → work_mentions_proposition → proposition:gospel-reached-india + work:acts-of-thomas → written_at → place:edessa
edge-4a3d5949067205a7	person	firmilian-of-caesarea	place	caesarea-cappadocia	person_place	direct	bishop_of	230	268	attested	clm-firmilian-bishop-caesarea-capp	person:firmilian-of-caesarea → bishop_of → place:caesarea-cappadocia
edge-ab1d8293e5cba484	proposition	apostolic-succession-transmits-faith	place	caesarea-cappadocia	proposition_place	derived	person_affirms_proposition+bishop_of	230	268	probable	clm-firmilian-affirms-succession|clm-firmilian-bishop-caesarea-capp	person:firmilian-of-caesarea → person_affirms_proposition → proposition:apostolic-succession-transmits-faith + person:firmilian-of-caesarea → bishop_of → place:caesarea-cappadocia
edge-890395ed1ddeadf9	person	origen-of-alexandria	place	antioch	person_place	direct	active_in	232	235	probable	clm-origen-active-antioch	person:origen-of-alexandria → active_in → place:antioch
edge-d9a79e5ca5959964	person	heraclas	place	alexandria	person_place	direct	bishop_of	232	248	attested	clm-heraclas-bishop-of-alexandria	person:heraclas → bishop_of → place:alexandria
edge-25e055c882c3652a	person	origen-of-alexandria	place	caesarea	person_place	direct	active_in	232	254	attested	clm-origen-active-caesarea	person:origen-of-alexandria → active_in → place:caesarea
edge-1a0ffd8af901044e	proposition	infants-and-children-are-baptized	place	caesarea	proposition_place	derived	work_affirms_proposition+written_at	233	234	probable	clm-homluke-affirms-infant-baptism|clm-homluke-written-at-caesarea	work:homilies-on-luke-origen → work_affirms_proposition → proposition:infants-and-children-are-baptized + work:homilies-on-luke-origen → written_at → place:caesarea
edge-252c666956ea6801	proposition	free-will-grounds-moral-responsibility	place	caesarea	proposition_place	derived	work_affirms_proposition+written_at	233	234	probable	clm-onprayer-affirms-free-will|clm-onprayer-written-at-caesarea	work:on-prayer-origen → work_affirms_proposition → proposition:free-will-grounds-moral-responsibility + work:on-prayer-origen → written_at → place:caesarea
edge-29134ebea3b6f6d3	proposition	jesus-born-of-virgin	place	caesarea	proposition_place	derived	work_affirms_proposition+written_at	233	234	probable	clm-homluke-affirms-virgin-birth|clm-homluke-written-at-caesarea	work:homilies-on-luke-origen → work_affirms_proposition → proposition:jesus-born-of-virgin + work:homilies-on-luke-origen → written_at → place:caesarea
edge-32cac6818dcee3f0	proposition	logos-is-pre-existent-son-of-god	place	caesarea	proposition_place	derived	work_affirms_proposition+written_at	233	234	probable	clm-homluke-affirms-logos|clm-homluke-written-at-caesarea	work:homilies-on-luke-origen → work_affirms_proposition → proposition:logos-is-pre-existent-son-of-god + work:homilies-on-luke-origen → written_at → place:caesarea
edge-4ccfb83c9741e4c3	proposition	logos-is-pre-existent-son-of-god	place	caesarea	proposition_place	derived	work_affirms_proposition+written_at	233	234	probable	clm-onprayer-affirms-logos|clm-onprayer-written-at-caesarea	work:on-prayer-origen → work_affirms_proposition → proposition:logos-is-pre-existent-son-of-god + work:on-prayer-origen → written_at → place:caesarea
edge-5db97e7c111fd365	work	homilies-on-luke-origen	place	caesarea	work_place	direct	written_at	233	234	probable	clm-homluke-written-at-caesarea	work:homilies-on-luke-origen → written_at → place:caesarea
edge-5df3073377fc1849	proposition	rule-of-faith-received-from-apostles	place	caesarea	proposition_place	derived	work_affirms_proposition+written_at	233	234	probable	clm-onprayer-affirms-rule-of-faith|clm-onprayer-written-at-caesarea	work:on-prayer-origen → work_affirms_proposition → proposition:rule-of-faith-received-from-apostles + work:on-prayer-origen → written_at → place:caesarea
edge-6a1cddd5820e6c73	proposition	son-is-eternally-generated	place	caesarea	proposition_place	derived	work_affirms_proposition+written_at	233	234	probable	clm-onprayer-affirms-eternal-generation|clm-onprayer-written-at-caesarea	work:on-prayer-origen → work_affirms_proposition → proposition:son-is-eternally-generated + work:on-prayer-origen → written_at → place:caesarea
edge-6d5f1e0d8319c5f4	work	on-prayer-origen	place	caesarea	work_place	direct	written_at	233	234	probable	clm-onprayer-written-at-caesarea	work:on-prayer-origen → written_at → place:caesarea
edge-775a1175a302ff8a	proposition	christ-truly-became-flesh	place	caesarea	proposition_place	derived	work_affirms_proposition+written_at	233	234	probable	clm-homluke-affirms-incarnation|clm-homluke-written-at-caesarea	work:homilies-on-luke-origen → work_affirms_proposition → proposition:christ-truly-became-flesh + work:homilies-on-luke-origen → written_at → place:caesarea
edge-8034dfeaca713b3a	proposition	allegorical-interpretation-of-scripture	place	caesarea	proposition_place	derived	work_affirms_proposition+written_at	233	234	probable	clm-onprayer-affirms-allegorical|clm-onprayer-written-at-caesarea	work:on-prayer-origen → work_affirms_proposition → proposition:allegorical-interpretation-of-scripture + work:on-prayer-origen → written_at → place:caesarea
edge-9885f25450b43b8d	proposition	old-testament-is-authoritative-scripture	place	caesarea	proposition_place	derived	work_affirms_proposition+written_at	233	234	probable	clm-onprayer-affirms-ot|clm-onprayer-written-at-caesarea	work:on-prayer-origen → work_affirms_proposition → proposition:old-testament-is-authoritative-scripture + work:on-prayer-origen → written_at → place:caesarea
edge-a01073375569d8b7	proposition	prayer-is-offered-without-ceasing	place	caesarea	proposition_place	derived	work_affirms_proposition+written_at	233	234	probable	clm-onprayer-affirms-prayer|clm-onprayer-written-at-caesarea	work:on-prayer-origen → work_affirms_proposition → proposition:prayer-is-offered-without-ceasing + work:on-prayer-origen → written_at → place:caesarea
edge-b03d134585abd69c	proposition	perpetual-virginity-of-mary	place	caesarea	proposition_place	derived	work_affirms_proposition+written_at	233	234	probable	clm-homluke-affirms-perpetual-virginity|clm-homluke-written-at-caesarea	work:homilies-on-luke-origen → work_affirms_proposition → proposition:perpetual-virginity-of-mary + work:homilies-on-luke-origen → written_at → place:caesarea
edge-b04345e3e49b8004	proposition	baptism-effects-regeneration	place	caesarea	proposition_place	derived	work_affirms_proposition+written_at	233	234	probable	clm-homluke-affirms-baptism-regeneration|clm-homluke-written-at-caesarea	work:homilies-on-luke-origen → work_affirms_proposition → proposition:baptism-effects-regeneration + work:homilies-on-luke-origen → written_at → place:caesarea
edge-ba9e8f8f86530882	proposition	old-testament-is-authoritative-scripture	place	caesarea	proposition_place	derived	work_affirms_proposition+written_at	233	234	probable	clm-homluke-affirms-ot|clm-homluke-written-at-caesarea	work:homilies-on-luke-origen → work_affirms_proposition → proposition:old-testament-is-authoritative-scripture + work:homilies-on-luke-origen → written_at → place:caesarea
edge-d023325d2646a240	proposition	final-judgment-is-coming	place	caesarea	proposition_place	derived	work_affirms_proposition+written_at	233	234	probable	clm-onprayer-affirms-judgment|clm-onprayer-written-at-caesarea	work:on-prayer-origen → work_affirms_proposition → proposition:final-judgment-is-coming + work:on-prayer-origen → written_at → place:caesarea
edge-e6e28585d1ccd72e	proposition	post-baptismal-sin-forgiven-by-penance	place	caesarea	proposition_place	derived	work_affirms_proposition+written_at	233	234	probable	clm-homluke-affirms-penance|clm-homluke-written-at-caesarea	work:homilies-on-luke-origen → work_affirms_proposition → proposition:post-baptismal-sin-forgiven-by-penance + work:homilies-on-luke-origen → written_at → place:caesarea
edge-e724d4987ff7425d	proposition	allegorical-interpretation-of-scripture	place	caesarea	proposition_place	derived	work_affirms_proposition+written_at	233	234	probable	clm-homluke-affirms-allegorical|clm-homluke-written-at-caesarea	work:homilies-on-luke-origen → work_affirms_proposition → proposition:allegorical-interpretation-of-scripture + work:homilies-on-luke-origen → written_at → place:caesarea
edge-fb5b4afac7323071	proposition	trinity-is-three-persons-one-substance	place	caesarea	proposition_place	derived	work_affirms_proposition+written_at	233	234	probable	clm-onprayer-affirms-trinity|clm-onprayer-written-at-caesarea	work:on-prayer-origen → work_affirms_proposition → proposition:trinity-is-three-persons-one-substance + work:on-prayer-origen → written_at → place:caesarea
edge-fbed2a0b8664465c	proposition	christ-truly-became-flesh	place	caesarea	proposition_place	derived	work_affirms_proposition+written_at	233	234	probable	clm-onprayer-affirms-incarnation|clm-onprayer-written-at-caesarea	work:on-prayer-origen → work_affirms_proposition → proposition:christ-truly-became-flesh + work:on-prayer-origen → written_at → place:caesarea
edge-ac34c08a0687b1eb	person	gregory-thaumaturgus	place	caesarea	person_place	direct	active_in	233	238	attested	clm-gregory-thaum-active-caesarea	person:gregory-thaumaturgus → active_in → place:caesarea
edge-21f51794dbe1d549	proposition	logos-is-pre-existent-son-of-god	place	caesarea	proposition_place	derived	work_affirms_proposition+written_at	235	235	probable	clm-exhort-affirms-logos|clm-exhort-martyrdom-written-at-caesarea	work:exhortation-to-martyrdom → work_affirms_proposition → proposition:logos-is-pre-existent-son-of-god + work:exhortation-to-martyrdom → written_at → place:caesarea
edge-35b61fa9a27b96b0	proposition	free-will-grounds-moral-responsibility	place	caesarea	proposition_place	derived	work_affirms_proposition+written_at	235	235	probable	clm-exhort-affirms-free-will|clm-exhort-martyrdom-written-at-caesarea	work:exhortation-to-martyrdom → work_affirms_proposition → proposition:free-will-grounds-moral-responsibility + work:exhortation-to-martyrdom → written_at → place:caesarea
edge-3cd9b6f2ae62a907	work	exhortation-to-martyrdom	place	caesarea	work_place	direct	written_at	235	235	probable	clm-exhort-martyrdom-written-at-caesarea	work:exhortation-to-martyrdom → written_at → place:caesarea
edge-559a077c94612e3d	proposition	virginity-is-honored-calling	place	caesarea	proposition_place	derived	work_affirms_proposition+written_at	235	235	probable	clm-exhort-affirms-celibacy|clm-exhort-martyrdom-written-at-caesarea	work:exhortation-to-martyrdom → work_affirms_proposition → proposition:virginity-is-honored-calling + work:exhortation-to-martyrdom → written_at → place:caesarea
edge-79d2287205298dac	proposition	martyrdom-witnesses-to-christ	place	caesarea	proposition_place	derived	work_affirms_proposition+written_at	235	235	probable	clm-exhort-affirms-martyrdom|clm-exhort-martyrdom-written-at-caesarea	work:exhortation-to-martyrdom → work_affirms_proposition → proposition:martyrdom-witnesses-to-christ + work:exhortation-to-martyrdom → written_at → place:caesarea
edge-b4ad1eff20213f0a	proposition	bodies-will-be-raised-at-last-day	place	caesarea	proposition_place	derived	work_affirms_proposition+written_at	235	235	probable	clm-exhort-affirms-resurrection|clm-exhort-martyrdom-written-at-caesarea	work:exhortation-to-martyrdom → work_affirms_proposition → proposition:bodies-will-be-raised-at-last-day + work:exhortation-to-martyrdom → written_at → place:caesarea
edge-c7e68d31616f2b90	proposition	christ-truly-became-flesh	place	caesarea	proposition_place	derived	work_affirms_proposition+written_at	235	235	probable	clm-exhort-affirms-incarnation|clm-exhort-martyrdom-written-at-caesarea	work:exhortation-to-martyrdom → work_affirms_proposition → proposition:christ-truly-became-flesh + work:exhortation-to-martyrdom → written_at → place:caesarea
edge-db6baa4f22573c9a	proposition	final-judgment-is-coming	place	caesarea	proposition_place	derived	work_affirms_proposition+written_at	235	235	probable	clm-exhort-affirms-judgment|clm-exhort-martyrdom-written-at-caesarea	work:exhortation-to-martyrdom → work_affirms_proposition → proposition:final-judgment-is-coming + work:exhortation-to-martyrdom → written_at → place:caesarea
edge-ee86e3735fa0eb7d	event	sardinian-exile	place	sardinia	event_place	direct	event_occurs_at	235	235	attested	clm-sardinian-exile-at-sardinia	event:sardinian-exile → event_occurs_at → place:sardinia
edge-f1100079fbbd39a4	proposition	old-testament-is-authoritative-scripture	place	caesarea	proposition_place	derived	work_affirms_proposition+written_at	235	235	probable	clm-exhort-affirms-ot|clm-exhort-martyrdom-written-at-caesarea	work:exhortation-to-martyrdom → work_affirms_proposition → proposition:old-testament-is-authoritative-scripture + work:exhortation-to-martyrdom → written_at → place:caesarea
edge-e402c19878c00754	person	fabian	place	rome	person_place	direct	bishop_of	236	250	attested	clm-fabian-bishop-rome	person:fabian → bishop_of → place:rome
edge-0b6d2f6d7de0e4c8	proposition	logos-is-pre-existent-son-of-god	place	caesarea	proposition_place	derived	work_affirms_proposition+written_at	238	238	probable	clm-address-origen-affirms-logos|clm-address-origen-written-at-caesarea	work:address-to-origen → work_affirms_proposition → proposition:logos-is-pre-existent-son-of-god + work:address-to-origen → written_at → place:caesarea
edge-3ae0bf60dfc5af7e	proposition	old-testament-is-authoritative-scripture	place	caesarea	proposition_place	derived	work_affirms_proposition+written_at	238	238	probable	clm-address-origen-affirms-ot|clm-address-origen-written-at-caesarea	work:address-to-origen → work_affirms_proposition → proposition:old-testament-is-authoritative-scripture + work:address-to-origen → written_at → place:caesarea
edge-44bba268c20a6635	work	address-to-origen	place	caesarea	work_place	direct	written_at	238	238	attested	clm-address-origen-written-at-caesarea	work:address-to-origen → written_at → place:caesarea
edge-4bc5434d710e7754	proposition	greek-philosophy-prepared-gentiles-for-gospel	place	caesarea	proposition_place	derived	work_affirms_proposition+written_at	238	238	probable	clm-address-origen-affirms-philosophy|clm-address-origen-written-at-caesarea	work:address-to-origen → work_affirms_proposition → proposition:greek-philosophy-prepared-gentiles-for-gospel + work:address-to-origen → written_at → place:caesarea
edge-6d3063fad13867e6	proposition	allegorical-interpretation-of-scripture	place	caesarea	proposition_place	derived	work_affirms_proposition+written_at	238	238	probable	clm-address-origen-affirms-allegorical|clm-address-origen-written-at-caesarea	work:address-to-origen → work_affirms_proposition → proposition:allegorical-interpretation-of-scripture + work:address-to-origen → written_at → place:caesarea
edge-a378b87043cf8d47	proposition	free-will-grounds-moral-responsibility	place	caesarea	proposition_place	derived	work_affirms_proposition+written_at	238	238	probable	clm-address-origen-affirms-free-will|clm-address-origen-written-at-caesarea	work:address-to-origen → work_affirms_proposition → proposition:free-will-grounds-moral-responsibility + work:address-to-origen → written_at → place:caesarea
edge-006e31f21c39eca9	work	homilies-on-leviticus-origen	place	caesarea	work_place	direct	written_at	238	244	probable	clm-homlev-written-at-caesarea	work:homilies-on-leviticus-origen → written_at → place:caesarea
edge-1446ae206859206c	proposition	old-testament-is-authoritative-scripture	place	caesarea	proposition_place	derived	work_affirms_proposition+written_at	238	244	probable	clm-homlev-affirms-ot|clm-homlev-written-at-caesarea	work:homilies-on-leviticus-origen → work_affirms_proposition → proposition:old-testament-is-authoritative-scripture + work:homilies-on-leviticus-origen → written_at → place:caesarea
edge-2050bbc8db7c5d68	proposition	almsgiving-is-required	place	caesarea	proposition_place	derived	work_affirms_proposition+written_at	238	244	probable	clm-homlev-affirms-almsgiving|clm-homlev-written-at-caesarea	work:homilies-on-leviticus-origen → work_affirms_proposition → proposition:almsgiving-is-required + work:homilies-on-leviticus-origen → written_at → place:caesarea
edge-25778e58f0a2061e	proposition	threefold-ministry-required	place	caesarea	proposition_place	derived	work_affirms_proposition+written_at	238	244	probable	clm-homlev-affirms-threefold-ministry|clm-homlev-written-at-caesarea	work:homilies-on-leviticus-origen → work_affirms_proposition → proposition:threefold-ministry-required + work:homilies-on-leviticus-origen → written_at → place:caesarea
edge-2a30b671204b6774	proposition	bishops-govern-local-church	place	caesarea	proposition_place	derived	work_affirms_proposition+written_at	238	244	probable	clm-homjer-affirms-bishop-authority|clm-homjer-written-at-caesarea	work:homilies-on-jeremiah-origen → work_affirms_proposition → proposition:bishops-govern-local-church + work:homilies-on-jeremiah-origen → written_at → place:caesarea
edge-36e0917e19dc947a	proposition	christ-truly-became-flesh	place	caesarea	proposition_place	derived	work_affirms_proposition+written_at	238	244	probable	clm-homlev-affirms-incarnation|clm-homlev-written-at-caesarea	work:homilies-on-leviticus-origen → work_affirms_proposition → proposition:christ-truly-became-flesh + work:homilies-on-leviticus-origen → written_at → place:caesarea
edge-37729b04c757ad2b	work	homilies-on-jeremiah-origen	place	caesarea	work_place	direct	written_at	238	244	probable	clm-homjer-written-at-caesarea	work:homilies-on-jeremiah-origen → written_at → place:caesarea
edge-4f5a37ced00fefd4	proposition	post-baptismal-sin-forgiven-by-penance	place	caesarea	proposition_place	derived	work_affirms_proposition+written_at	238	244	probable	clm-homjer-affirms-penance|clm-homjer-written-at-caesarea	work:homilies-on-jeremiah-origen → work_affirms_proposition → proposition:post-baptismal-sin-forgiven-by-penance + work:homilies-on-jeremiah-origen → written_at → place:caesarea
edge-7724e0d4a7bf2259	proposition	baptism-effects-regeneration	place	caesarea	proposition_place	derived	work_affirms_proposition+written_at	238	244	probable	clm-homlev-affirms-baptism-regeneration|clm-homlev-written-at-caesarea	work:homilies-on-leviticus-origen → work_affirms_proposition → proposition:baptism-effects-regeneration + work:homilies-on-leviticus-origen → written_at → place:caesarea
edge-77b8a4bddfcce83d	proposition	eucharist-is-body-and-blood	place	caesarea	proposition_place	derived	work_affirms_proposition+written_at	238	244	probable	clm-homlev-affirms-eucharist-body-blood|clm-homlev-written-at-caesarea	work:homilies-on-leviticus-origen → work_affirms_proposition → proposition:eucharist-is-body-and-blood + work:homilies-on-leviticus-origen → written_at → place:caesarea
edge-79805adf931383f1	proposition	son-is-eternally-generated	place	caesarea	proposition_place	derived	work_affirms_proposition+written_at	238	244	probable	clm-homjer-affirms-eternal-generation|clm-homjer-written-at-caesarea	work:homilies-on-jeremiah-origen → work_affirms_proposition → proposition:son-is-eternally-generated + work:homilies-on-jeremiah-origen → written_at → place:caesarea
edge-798d59daba683429	proposition	baptism-effects-regeneration	place	caesarea	proposition_place	derived	work_affirms_proposition+written_at	238	244	probable	clm-homjer-affirms-baptism-regeneration|clm-homjer-written-at-caesarea	work:homilies-on-jeremiah-origen → work_affirms_proposition → proposition:baptism-effects-regeneration + work:homilies-on-jeremiah-origen → written_at → place:caesarea
edge-83dccf362e9aced1	proposition	ordination-conferred-by-laying-on-of-hands	place	caesarea	proposition_place	derived	work_affirms_proposition+written_at	238	244	probable	clm-homlev-affirms-ordination|clm-homlev-written-at-caesarea	work:homilies-on-leviticus-origen → work_affirms_proposition → proposition:ordination-conferred-by-laying-on-of-hands + work:homilies-on-leviticus-origen → written_at → place:caesarea
edge-8b403b3445bc3039	proposition	jesus-born-of-virgin	place	caesarea	proposition_place	derived	work_affirms_proposition+written_at	238	244	probable	clm-homlev-affirms-virgin-birth|clm-homlev-written-at-caesarea	work:homilies-on-leviticus-origen → work_affirms_proposition → proposition:jesus-born-of-virgin + work:homilies-on-leviticus-origen → written_at → place:caesarea
edge-8ca11bdf56312c30	proposition	final-judgment-is-coming	place	caesarea	proposition_place	derived	work_affirms_proposition+written_at	238	244	probable	clm-homlev-affirms-judgment|clm-homlev-written-at-caesarea	work:homilies-on-leviticus-origen → work_affirms_proposition → proposition:final-judgment-is-coming + work:homilies-on-leviticus-origen → written_at → place:caesarea
edge-a198f67b43c7980a	proposition	old-testament-is-authoritative-scripture	place	caesarea	proposition_place	derived	work_affirms_proposition+written_at	238	244	probable	clm-homjer-affirms-ot|clm-homjer-written-at-caesarea	work:homilies-on-jeremiah-origen → work_affirms_proposition → proposition:old-testament-is-authoritative-scripture + work:homilies-on-jeremiah-origen → written_at → place:caesarea
edge-a822954feb31a9b6	proposition	allegorical-interpretation-of-scripture	place	caesarea	proposition_place	derived	work_affirms_proposition+written_at	238	244	probable	clm-homlev-affirms-allegorical|clm-homlev-written-at-caesarea	work:homilies-on-leviticus-origen → work_affirms_proposition → proposition:allegorical-interpretation-of-scripture + work:homilies-on-leviticus-origen → written_at → place:caesarea
edge-c0b69a8fa0b06b8c	proposition	free-will-grounds-moral-responsibility	place	caesarea	proposition_place	derived	work_affirms_proposition+written_at	238	244	probable	clm-homjer-affirms-free-will|clm-homjer-written-at-caesarea	work:homilies-on-jeremiah-origen → work_affirms_proposition → proposition:free-will-grounds-moral-responsibility + work:homilies-on-jeremiah-origen → written_at → place:caesarea
edge-c0d27bc74c09cc79	proposition	allegorical-interpretation-of-scripture	place	caesarea	proposition_place	derived	work_affirms_proposition+written_at	238	244	probable	clm-homjer-affirms-allegorical|clm-homjer-written-at-caesarea	work:homilies-on-jeremiah-origen → work_affirms_proposition → proposition:allegorical-interpretation-of-scripture + work:homilies-on-jeremiah-origen → written_at → place:caesarea
edge-c17982d48ff9d176	proposition	post-baptismal-sin-forgiven-by-penance	place	caesarea	proposition_place	derived	work_affirms_proposition+written_at	238	244	probable	clm-homlev-affirms-penance|clm-homlev-written-at-caesarea	work:homilies-on-leviticus-origen → work_affirms_proposition → proposition:post-baptismal-sin-forgiven-by-penance + work:homilies-on-leviticus-origen → written_at → place:caesarea
edge-c54ffee938eb470d	proposition	eucharist-is-sacrifice	place	caesarea	proposition_place	derived	work_affirms_proposition+written_at	238	244	probable	clm-homlev-affirms-eucharist-sacrifice|clm-homlev-written-at-caesarea	work:homilies-on-leviticus-origen → work_affirms_proposition → proposition:eucharist-is-sacrifice + work:homilies-on-leviticus-origen → written_at → place:caesarea
edge-d785849c676737ca	proposition	logos-is-pre-existent-son-of-god	place	caesarea	proposition_place	derived	work_affirms_proposition+written_at	238	244	probable	clm-homlev-affirms-logos|clm-homlev-written-at-caesarea	work:homilies-on-leviticus-origen → work_affirms_proposition → proposition:logos-is-pre-existent-son-of-god + work:homilies-on-leviticus-origen → written_at → place:caesarea
edge-e3b91ba4d90347ec	proposition	christ-truly-became-flesh	place	caesarea	proposition_place	derived	work_affirms_proposition+written_at	238	244	probable	clm-homjer-affirms-incarnation|clm-homjer-written-at-caesarea	work:homilies-on-jeremiah-origen → work_affirms_proposition → proposition:christ-truly-became-flesh + work:homilies-on-jeremiah-origen → written_at → place:caesarea
edge-f00f7cda9398ce6c	proposition	logos-is-pre-existent-son-of-god	place	caesarea	proposition_place	derived	work_affirms_proposition+written_at	238	244	probable	clm-homjer-affirms-logos|clm-homjer-written-at-caesarea	work:homilies-on-jeremiah-origen → work_affirms_proposition → proposition:logos-is-pre-existent-son-of-god + work:homilies-on-jeremiah-origen → written_at → place:caesarea
edge-f475555609c42d76	proposition	virginity-is-honored-calling	place	caesarea	proposition_place	derived	work_affirms_proposition+written_at	238	244	probable	clm-homlev-affirms-celibacy|clm-homlev-written-at-caesarea	work:homilies-on-leviticus-origen → work_affirms_proposition → proposition:virginity-is-honored-calling + work:homilies-on-leviticus-origen → written_at → place:caesarea
edge-f559cd3a34cc0d5f	proposition	fasting-is-required	place	caesarea	proposition_place	derived	work_affirms_proposition+written_at	238	244	probable	clm-homlev-affirms-fasting|clm-homlev-written-at-caesarea	work:homilies-on-leviticus-origen → work_affirms_proposition → proposition:fasting-is-required + work:homilies-on-leviticus-origen → written_at → place:caesarea
edge-e4c388aee29740e0	person	novatian	place	rome	person_place	direct	active_in	240	258	attested	clm-novatian-active-rome	person:novatian → active_in → place:rome
edge-07448b7b8dd1ad07	person	gregory-thaumaturgus	place	neocaesarea	person_place	direct	bishop_of	240	270	attested	clm-gregory-thaum-active-neocaesarea	person:gregory-thaumaturgus → bishop_of → place:neocaesarea
edge-c6615e1af76bd691	person	gregory-thaumaturgus	place	pontus	person_place	direct	active_in	240	270	probable	clm-gregory-thaum-active-pontus	person:gregory-thaumaturgus → active_in → place:pontus
edge-0a119b7498f6a32a	proposition	post-baptismal-sin-forgiven-by-penance	place	caesarea	proposition_place	derived	work_affirms_proposition+written_at	243	244	probable	clm-comrom-affirms-penance|clm-comrom-written-at-caesarea	work:commentary-on-romans-origen → work_affirms_proposition → proposition:post-baptismal-sin-forgiven-by-penance + work:commentary-on-romans-origen → written_at → place:caesarea
edge-34cab674d1dbff22	proposition	christ-truly-became-flesh	place	caesarea	proposition_place	derived	work_affirms_proposition+written_at	243	244	probable	clm-comrom-affirms-incarnation|clm-comrom-written-at-caesarea	work:commentary-on-romans-origen → work_affirms_proposition → proposition:christ-truly-became-flesh + work:commentary-on-romans-origen → written_at → place:caesarea
edge-50991e70585ae9b9	proposition	allegorical-interpretation-of-scripture	place	caesarea	proposition_place	derived	work_affirms_proposition+written_at	243	244	probable	clm-comrom-affirms-allegorical|clm-comrom-written-at-caesarea	work:commentary-on-romans-origen → work_affirms_proposition → proposition:allegorical-interpretation-of-scripture + work:commentary-on-romans-origen → written_at → place:caesarea
edge-5664466c0cd95be9	proposition	baptism-administered-in-trinitarian-name	place	caesarea	proposition_place	derived	work_affirms_proposition+written_at	243	244	probable	clm-comrom-affirms-baptism-trinitarian|clm-comrom-written-at-caesarea	work:commentary-on-romans-origen → work_affirms_proposition → proposition:baptism-administered-in-trinitarian-name + work:commentary-on-romans-origen → written_at → place:caesarea
edge-68fc8ef44ef9ec6f	proposition	old-testament-is-authoritative-scripture	place	caesarea	proposition_place	derived	work_affirms_proposition+written_at	243	244	probable	clm-comrom-affirms-ot|clm-comrom-written-at-caesarea	work:commentary-on-romans-origen → work_affirms_proposition → proposition:old-testament-is-authoritative-scripture + work:commentary-on-romans-origen → written_at → place:caesarea
edge-7b7784120d2ebe97	proposition	rule-of-faith-received-from-apostles	place	caesarea	proposition_place	derived	work_affirms_proposition+written_at	243	244	probable	clm-comrom-affirms-rule-of-faith|clm-comrom-written-at-caesarea	work:commentary-on-romans-origen → work_affirms_proposition → proposition:rule-of-faith-received-from-apostles + work:commentary-on-romans-origen → written_at → place:caesarea
edge-7e20f28e7a388804	proposition	final-judgment-is-coming	place	caesarea	proposition_place	derived	work_affirms_proposition+written_at	243	244	probable	clm-comrom-affirms-judgment|clm-comrom-written-at-caesarea	work:commentary-on-romans-origen → work_affirms_proposition → proposition:final-judgment-is-coming + work:commentary-on-romans-origen → written_at → place:caesarea
edge-8a4e95a2c56638a8	proposition	infants-and-children-are-baptized	place	caesarea	proposition_place	derived	work_affirms_proposition+written_at	243	244	probable	clm-comrom-affirms-infant-baptism|clm-comrom-written-at-caesarea	work:commentary-on-romans-origen → work_affirms_proposition → proposition:infants-and-children-are-baptized + work:commentary-on-romans-origen → written_at → place:caesarea
edge-ccf0d3ed49358516	proposition	son-is-eternally-generated	place	caesarea	proposition_place	derived	work_affirms_proposition+written_at	243	244	probable	clm-comrom-affirms-eternal-generation|clm-comrom-written-at-caesarea	work:commentary-on-romans-origen → work_affirms_proposition → proposition:son-is-eternally-generated + work:commentary-on-romans-origen → written_at → place:caesarea
edge-dee8b0e963ad33c4	work	commentary-on-romans-origen	place	caesarea	work_place	direct	written_at	243	244	probable	clm-comrom-written-at-caesarea	work:commentary-on-romans-origen → written_at → place:caesarea
edge-e4ae167df2e18e53	proposition	free-will-grounds-moral-responsibility	place	caesarea	proposition_place	derived	work_affirms_proposition+written_at	243	244	probable	clm-comrom-affirms-free-will|clm-comrom-written-at-caesarea	work:commentary-on-romans-origen → work_affirms_proposition → proposition:free-will-grounds-moral-responsibility + work:commentary-on-romans-origen → written_at → place:caesarea
edge-ef9f8739c86c7a54	proposition	baptism-effects-regeneration	place	caesarea	proposition_place	derived	work_affirms_proposition+written_at	243	244	probable	clm-comrom-affirms-baptism-regeneration|clm-comrom-written-at-caesarea	work:commentary-on-romans-origen → work_affirms_proposition → proposition:baptism-effects-regeneration + work:commentary-on-romans-origen → written_at → place:caesarea
edge-f8f61b036f8a13e8	proposition	logos-is-pre-existent-son-of-god	place	caesarea	proposition_place	derived	work_affirms_proposition+written_at	243	244	probable	clm-comrom-affirms-logos|clm-comrom-written-at-caesarea	work:commentary-on-romans-origen → work_affirms_proposition → proposition:logos-is-pre-existent-son-of-god + work:commentary-on-romans-origen → written_at → place:caesarea
edge-87b91e3fd0941871	proposition	christianity-reached-britannia	place	caesarea	proposition_place	derived	work_mentions_proposition+written_at	244	244	possible	clm-comrom-written-at-caesarea|clm-origen-mentions-britannia	work:commentary-on-romans-origen → work_mentions_proposition → proposition:christianity-reached-britannia + work:commentary-on-romans-origen → written_at → place:caesarea
edge-6161feddbd719761	group	arabian-christians	place	bostra	group_place	direct	controls_place	244	380	probable	clm-arabian-christians-controls-bostra	group:arabian-christians → controls_place → place:bostra
edge-1b0f09f993fe8fad	proposition	baptism-is-illumination	place	carthage	proposition_place	derived	work_affirms_proposition+written_at	246	246	probable	clm-ad-donatum-affirms-baptism-illumin|clm-ad-donatum-written-carthage	work:ad-donatum → work_affirms_proposition → proposition:baptism-is-illumination + work:ad-donatum → written_at → place:carthage
edge-1c9a4fa42fe0528f	proposition	christians-avoid-public-spectacles	place	carthage	proposition_place	derived	work_mentions_proposition+written_at	246	246	probable	clm-ad-donatum-affirms-spectacles|clm-ad-donatum-written-carthage	work:ad-donatum → work_mentions_proposition → proposition:christians-avoid-public-spectacles + work:ad-donatum → written_at → place:carthage
edge-2d76e6f27b72dac9	proposition	ordination-conferred-by-laying-on-of-hands	place	carthage	proposition_place	derived	work_mentions_proposition+written_at	246	246	probable	clm-ad-donatum-mentions-catechumenate|clm-ad-donatum-written-carthage	work:ad-donatum → work_mentions_proposition → proposition:ordination-conferred-by-laying-on-of-hands + work:ad-donatum → written_at → place:carthage
edge-3d6d4d2051fc6560	proposition	baptism-administered-in-trinitarian-name	place	carthage	proposition_place	derived	work_affirms_proposition+written_at	246	246	probable	clm-ad-donatum-affirms-trinitarian-baptism|clm-ad-donatum-written-carthage	work:ad-donatum → work_affirms_proposition → proposition:baptism-administered-in-trinitarian-name + work:ad-donatum → written_at → place:carthage
edge-5d43b69443d875e3	proposition	post-baptismal-sin-forgiven-by-penance	place	carthage	proposition_place	derived	work_mentions_proposition+written_at	246	246	probable	clm-ad-donatum-affirms-penance|clm-ad-donatum-written-carthage	work:ad-donatum → work_mentions_proposition → proposition:post-baptismal-sin-forgiven-by-penance + work:ad-donatum → written_at → place:carthage
edge-625685e13f5cd223	proposition	baptism-with-water-commanded	place	carthage	proposition_place	derived	work_affirms_proposition+written_at	246	246	probable	clm-ad-donatum-affirms-baptism-water|clm-ad-donatum-written-carthage	work:ad-donatum → work_affirms_proposition → proposition:baptism-with-water-commanded + work:ad-donatum → written_at → place:carthage
edge-90b2c4a804bd3a35	proposition	baptism-effects-regeneration	place	carthage	proposition_place	derived	work_affirms_proposition+written_at	246	246	probable	clm-ad-donatum-affirms-baptism-regen|clm-ad-donatum-written-carthage	work:ad-donatum → work_affirms_proposition → proposition:baptism-effects-regeneration + work:ad-donatum → written_at → place:carthage
edge-fcb8c85901887cc8	work	ad-donatum	place	carthage	work_place	direct	written_at	246	246	probable	clm-ad-donatum-written-carthage	work:ad-donatum → written_at → place:carthage
edge-08d2397e52167266	proposition	perpetual-virginity-of-mary	place	caesarea	proposition_place	derived	work_affirms_proposition+written_at	246	248	probable	clm-commatt-affirms-perpetual-virginity|clm-commatt-written-at-caesarea	work:commentary-on-matthew-origen → work_affirms_proposition → proposition:perpetual-virginity-of-mary + work:commentary-on-matthew-origen → written_at → place:caesarea
edge-160a8b1a56b31a3c	proposition	baptism-administered-in-trinitarian-name	place	caesarea	proposition_place	derived	work_affirms_proposition+written_at	246	248	probable	clm-commatt-affirms-baptism-trinitarian|clm-commatt-written-at-caesarea	work:commentary-on-matthew-origen → work_affirms_proposition → proposition:baptism-administered-in-trinitarian-name + work:commentary-on-matthew-origen → written_at → place:caesarea
edge-28ac9a0b0dd10264	proposition	trinity-is-three-persons-one-substance	place	caesarea	proposition_place	derived	work_affirms_proposition+written_at	246	248	probable	clm-commatt-affirms-trinity|clm-commatt-written-at-caesarea	work:commentary-on-matthew-origen → work_affirms_proposition → proposition:trinity-is-three-persons-one-substance + work:commentary-on-matthew-origen → written_at → place:caesarea
edge-487dcb45de9d7812	proposition	virginity-is-honored-calling	place	caesarea	proposition_place	derived	work_affirms_proposition+written_at	246	248	probable	clm-commatt-affirms-virginity-honored|clm-commatt-written-at-caesarea	work:commentary-on-matthew-origen → work_affirms_proposition → proposition:virginity-is-honored-calling + work:commentary-on-matthew-origen → written_at → place:caesarea
edge-4f6330c5fc25ce8b	proposition	eucharist-is-body-and-blood	place	caesarea	proposition_place	derived	work_affirms_proposition+written_at	246	248	probable	clm-commatt-affirms-eucharist|clm-commatt-written-at-caesarea	work:commentary-on-matthew-origen → work_affirms_proposition → proposition:eucharist-is-body-and-blood + work:commentary-on-matthew-origen → written_at → place:caesarea
edge-50dc6ab21cc05251	proposition	old-testament-is-authoritative-scripture	place	caesarea	proposition_place	derived	work_affirms_proposition+written_at	246	248	probable	clm-commatt-affirms-ot|clm-commatt-written-at-caesarea	work:commentary-on-matthew-origen → work_affirms_proposition → proposition:old-testament-is-authoritative-scripture + work:commentary-on-matthew-origen → written_at → place:caesarea
edge-6179d769ca0bb02f	work	commentary-on-matthew-origen	place	caesarea	work_place	direct	written_at	246	248	probable	clm-commatt-written-at-caesarea	work:commentary-on-matthew-origen → written_at → place:caesarea
edge-75f503cf902bd7af	proposition	son-is-eternally-generated	place	caesarea	proposition_place	derived	work_affirms_proposition+written_at	246	248	probable	clm-commatt-affirms-eternal-generation|clm-commatt-written-at-caesarea	work:commentary-on-matthew-origen → work_affirms_proposition → proposition:son-is-eternally-generated + work:commentary-on-matthew-origen → written_at → place:caesarea
edge-8cd673933476d84c	proposition	allegorical-interpretation-of-scripture	place	caesarea	proposition_place	derived	work_affirms_proposition+written_at	246	248	probable	clm-commatt-affirms-allegorical|clm-commatt-written-at-caesarea	work:commentary-on-matthew-origen → work_affirms_proposition → proposition:allegorical-interpretation-of-scripture + work:commentary-on-matthew-origen → written_at → place:caesarea
edge-a0e2fb47dc1ef5ac	proposition	free-will-grounds-moral-responsibility	place	caesarea	proposition_place	derived	work_affirms_proposition+written_at	246	248	probable	clm-commatt-affirms-free-will|clm-commatt-written-at-caesarea	work:commentary-on-matthew-origen → work_affirms_proposition → proposition:free-will-grounds-moral-responsibility + work:commentary-on-matthew-origen → written_at → place:caesarea
edge-b16635feec35126e	proposition	bishops-govern-local-church	place	caesarea	proposition_place	derived	work_affirms_proposition+written_at	246	248	probable	clm-commatt-affirms-bishop-authority|clm-commatt-written-at-caesarea	work:commentary-on-matthew-origen → work_affirms_proposition → proposition:bishops-govern-local-church + work:commentary-on-matthew-origen → written_at → place:caesarea
edge-b35d6e5506fa01ee	proposition	logos-is-pre-existent-son-of-god	place	caesarea	proposition_place	derived	work_affirms_proposition+written_at	246	248	probable	clm-commatt-affirms-logos|clm-commatt-written-at-caesarea	work:commentary-on-matthew-origen → work_affirms_proposition → proposition:logos-is-pre-existent-son-of-god + work:commentary-on-matthew-origen → written_at → place:caesarea
edge-c3de94453467e1b7	proposition	final-judgment-is-coming	place	caesarea	proposition_place	derived	work_affirms_proposition+written_at	246	248	probable	clm-commatt-affirms-judgment|clm-commatt-written-at-caesarea	work:commentary-on-matthew-origen → work_affirms_proposition → proposition:final-judgment-is-coming + work:commentary-on-matthew-origen → written_at → place:caesarea
edge-cc5f1bfbc17cb9c8	proposition	apostolic-succession-transmits-faith	place	caesarea	proposition_place	derived	work_affirms_proposition+written_at	246	248	probable	clm-commatt-affirms-apostolic-succession|clm-commatt-written-at-caesarea	work:commentary-on-matthew-origen → work_affirms_proposition → proposition:apostolic-succession-transmits-faith + work:commentary-on-matthew-origen → written_at → place:caesarea
edge-f48fc4fb82aed804	proposition	post-baptismal-sin-forgiven-by-penance	place	caesarea	proposition_place	derived	work_affirms_proposition+written_at	246	248	probable	clm-commatt-affirms-penance|clm-commatt-written-at-caesarea	work:commentary-on-matthew-origen → work_affirms_proposition → proposition:post-baptismal-sin-forgiven-by-penance + work:commentary-on-matthew-origen → written_at → place:caesarea
edge-00534c8bb222a501	work	contra-celsum	place	caesarea	work_place	direct	written_at	248	248	probable	clm-contra-celsum-written-at-caesarea	work:contra-celsum → written_at → place:caesarea
edge-0f2374df9453e882	proposition	allegorical-interpretation-of-scripture	place	caesarea	proposition_place	derived	work_affirms_proposition+written_at	248	248	probable	clm-contra-celsum-affirms-allegorical|clm-contra-celsum-written-at-caesarea	work:contra-celsum → work_affirms_proposition → proposition:allegorical-interpretation-of-scripture + work:contra-celsum → written_at → place:caesarea
edge-180c060cd4f502e4	proposition	christ-truly-became-flesh	place	caesarea	proposition_place	derived	work_affirms_proposition+written_at	248	248	probable	clm-contra-celsum-affirms-incarnation|clm-contra-celsum-written-at-caesarea	work:contra-celsum → work_affirms_proposition → proposition:christ-truly-became-flesh + work:contra-celsum → written_at → place:caesarea
edge-22d0a45547777f2b	proposition	son-is-eternally-generated	place	caesarea	proposition_place	derived	work_affirms_proposition+written_at	248	248	probable	clm-contra-celsum-affirms-eternal-gen|clm-contra-celsum-written-at-caesarea	work:contra-celsum → work_affirms_proposition → proposition:son-is-eternally-generated + work:contra-celsum → written_at → place:caesarea
edge-233e23be48d39ba7	proposition	perpetual-virginity-of-mary	place	caesarea	proposition_place	derived	work_affirms_proposition+written_at	248	248	probable	clm-contra-celsum-affirms-perpetual-virginity|clm-contra-celsum-written-at-caesarea	work:contra-celsum → work_affirms_proposition → proposition:perpetual-virginity-of-mary + work:contra-celsum → written_at → place:caesarea
edge-2ab40b181ec0ca2e	proposition	final-judgment-is-coming	place	caesarea	proposition_place	derived	work_affirms_proposition+written_at	248	248	probable	clm-contra-celsum-affirms-judgment|clm-contra-celsum-written-at-caesarea	work:contra-celsum → work_affirms_proposition → proposition:final-judgment-is-coming + work:contra-celsum → written_at → place:caesarea
edge-2b51fffe86f62990	proposition	trinity-is-three-persons-one-substance	place	caesarea	proposition_place	derived	work_affirms_proposition+written_at	248	248	probable	clm-contra-celsum-affirms-trinity|clm-contra-celsum-written-at-caesarea	work:contra-celsum → work_affirms_proposition → proposition:trinity-is-three-persons-one-substance + work:contra-celsum → written_at → place:caesarea
edge-36abac406a7a6a5c	proposition	old-testament-is-authoritative-scripture	place	caesarea	proposition_place	derived	work_affirms_proposition+written_at	248	248	probable	clm-contra-celsum-affirms-ot|clm-contra-celsum-written-at-caesarea	work:contra-celsum → work_affirms_proposition → proposition:old-testament-is-authoritative-scripture + work:contra-celsum → written_at → place:caesarea
edge-4386b7f1647aa132	proposition	bodies-will-be-raised-at-last-day	place	caesarea	proposition_place	derived	work_affirms_proposition+written_at	248	248	probable	clm-contra-celsum-affirms-resurrection|clm-contra-celsum-written-at-caesarea	work:contra-celsum → work_affirms_proposition → proposition:bodies-will-be-raised-at-last-day + work:contra-celsum → written_at → place:caesarea
edge-7b95aaa82a7b81e4	proposition	free-will-grounds-moral-responsibility	place	caesarea	proposition_place	derived	work_affirms_proposition+written_at	248	248	probable	clm-contra-celsum-affirms-free-will|clm-contra-celsum-written-at-caesarea	work:contra-celsum → work_affirms_proposition → proposition:free-will-grounds-moral-responsibility + work:contra-celsum → written_at → place:caesarea
edge-82d6723b4fc358ba	proposition	martyrdom-witnesses-to-christ	place	caesarea	proposition_place	derived	work_affirms_proposition+written_at	248	248	probable	clm-contra-celsum-affirms-martyrdom|clm-contra-celsum-written-at-caesarea	work:contra-celsum → work_affirms_proposition → proposition:martyrdom-witnesses-to-christ + work:contra-celsum → written_at → place:caesarea
edge-8f3ed35ec82e73ab	proposition	jesus-born-of-virgin	place	caesarea	proposition_place	derived	work_affirms_proposition+written_at	248	248	probable	clm-contra-celsum-affirms-virgin-birth|clm-contra-celsum-written-at-caesarea	work:contra-celsum → work_affirms_proposition → proposition:jesus-born-of-virgin + work:contra-celsum → written_at → place:caesarea
edge-91b766560933bffe	proposition	rule-of-faith-received-from-apostles	place	caesarea	proposition_place	derived	work_affirms_proposition+written_at	248	248	probable	clm-contra-celsum-affirms-rule-of-faith|clm-contra-celsum-written-at-caesarea	work:contra-celsum → work_affirms_proposition → proposition:rule-of-faith-received-from-apostles + work:contra-celsum → written_at → place:caesarea
edge-a23bc4c6cd18d147	proposition	virginity-is-honored-calling	place	caesarea	proposition_place	derived	work_affirms_proposition+written_at	248	248	probable	clm-contra-celsum-affirms-celibacy|clm-contra-celsum-written-at-caesarea	work:contra-celsum → work_affirms_proposition → proposition:virginity-is-honored-calling + work:contra-celsum → written_at → place:caesarea
edge-a810794b62ee8b12	proposition	prayer-is-offered-without-ceasing	place	caesarea	proposition_place	derived	work_affirms_proposition+written_at	248	248	probable	clm-contra-celsum-affirms-prayer|clm-contra-celsum-written-at-caesarea	work:contra-celsum → work_affirms_proposition → proposition:prayer-is-offered-without-ceasing + work:contra-celsum → written_at → place:caesarea
edge-f2a83e90d80b5e8a	proposition	logos-is-pre-existent-son-of-god	place	caesarea	proposition_place	derived	work_affirms_proposition+written_at	248	248	probable	clm-contra-celsum-affirms-logos|clm-contra-celsum-written-at-caesarea	work:contra-celsum → work_affirms_proposition → proposition:logos-is-pre-existent-son-of-god + work:contra-celsum → written_at → place:caesarea
edge-f4ab4f20f52d2870	proposition	catechumenate-precedes-baptism	place	caesarea	proposition_place	derived	work_affirms_proposition+written_at	248	248	probable	clm-contra-celsum-affirms-catechumenate|clm-contra-celsum-written-at-caesarea	work:contra-celsum → work_affirms_proposition → proposition:catechumenate-precedes-baptism + work:contra-celsum → written_at → place:caesarea
edge-3ef8ffe965f21dd5	person	cyprian-of-carthage	place	carthage	person_place	direct	bishop_of	248	258	attested	clm-cyprian-bishop-carthage	person:cyprian-of-carthage → bishop_of → place:carthage
edge-bcb5a69d75cc7a01	person	pontius-deacon	place	carthage	person_place	direct	active_in	248	258	probable	clm-pontius-active-carthage	person:pontius-deacon → active_in → place:carthage
edge-124b7a601acde11c	proposition	logos-is-pre-existent-son-of-god	place	alexandria	proposition_place	derived	person_affirms_proposition+bishop_of	248	264	probable	clm-dionysius-alex-affirms-logos|clm-dionysius-alex-bishop-of-alexandria	person:dionysius-of-alexandria → person_affirms_proposition → proposition:logos-is-pre-existent-son-of-god + person:dionysius-of-alexandria → bishop_of → place:alexandria
edge-4be380fbf805105e	proposition	trinity-is-three-persons-one-substance	place	rome	proposition_place	derived	person_affirms_proposition+active_in	248	264	probable	clm-dionysius-alex-active-rome-exile|clm-dionysius-alex-affirms-trinity	person:dionysius-of-alexandria → person_affirms_proposition → proposition:trinity-is-three-persons-one-substance + person:dionysius-of-alexandria → active_in → place:rome
edge-7455f6afc64a8662	person	dionysius-of-alexandria	place	alexandria	person_place	direct	bishop_of	248	264	attested	clm-dionysius-alex-bishop-of-alexandria	person:dionysius-of-alexandria → bishop_of → place:alexandria
edge-79d48f967d2fbbdc	proposition	post-baptismal-sin-forgiven-by-penance	place	rome	proposition_place	derived	person_affirms_proposition+active_in	248	264	probable	clm-dionysius-alex-active-rome-exile|clm-dionysius-alex-affirms-penance	person:dionysius-of-alexandria → person_affirms_proposition → proposition:post-baptismal-sin-forgiven-by-penance + person:dionysius-of-alexandria → active_in → place:rome
edge-a1957b442295c106	proposition	apostolic-succession-transmits-faith	place	alexandria	proposition_place	derived	person_affirms_proposition+bishop_of	248	264	probable	clm-dionysius-alex-affirms-succession|clm-dionysius-alex-bishop-of-alexandria	person:dionysius-of-alexandria → person_affirms_proposition → proposition:apostolic-succession-transmits-faith + person:dionysius-of-alexandria → bishop_of → place:alexandria
edge-a41ae41a0c801e2c	proposition	post-baptismal-sin-forgiven-by-penance	place	alexandria	proposition_place	derived	person_affirms_proposition+bishop_of	248	264	probable	clm-dionysius-alex-affirms-penance|clm-dionysius-alex-bishop-of-alexandria	person:dionysius-of-alexandria → person_affirms_proposition → proposition:post-baptismal-sin-forgiven-by-penance + person:dionysius-of-alexandria → bishop_of → place:alexandria
edge-b15ed615f3766f1b	proposition	logos-is-pre-existent-son-of-god	place	rome	proposition_place	derived	person_affirms_proposition+active_in	248	264	probable	clm-dionysius-alex-active-rome-exile|clm-dionysius-alex-affirms-logos	person:dionysius-of-alexandria → person_affirms_proposition → proposition:logos-is-pre-existent-son-of-god + person:dionysius-of-alexandria → active_in → place:rome
edge-b331ff0b3bdf9c01	proposition	apostolic-succession-transmits-faith	place	rome	proposition_place	derived	person_affirms_proposition+active_in	248	264	probable	clm-dionysius-alex-active-rome-exile|clm-dionysius-alex-affirms-succession	person:dionysius-of-alexandria → person_affirms_proposition → proposition:apostolic-succession-transmits-faith + person:dionysius-of-alexandria → active_in → place:rome
edge-e8bb2a8530f6839b	proposition	trinity-is-three-persons-one-substance	place	alexandria	proposition_place	derived	person_affirms_proposition+bishop_of	248	264	probable	clm-dionysius-alex-affirms-trinity|clm-dionysius-alex-bishop-of-alexandria	person:dionysius-of-alexandria → person_affirms_proposition → proposition:trinity-is-three-persons-one-substance + person:dionysius-of-alexandria → bishop_of → place:alexandria
edge-2aa92a230c57dfbf	proposition	virginity-is-honored-calling	place	carthage	proposition_place	derived	work_affirms_proposition+written_at	249	249	probable	clm-de-hab-virg-affirms-virginity|clm-de-hab-virg-written-carthage	work:de-habitu-virginum → work_affirms_proposition → proposition:virginity-is-honored-calling + work:de-habitu-virginum → written_at → place:carthage
edge-3e627d3a2d953593	proposition	threefold-ministry-required	place	carthage	proposition_place	derived	work_mentions_proposition+written_at	249	249	probable	clm-de-hab-virg-affirms-threefold-ministry|clm-de-hab-virg-written-carthage	work:de-habitu-virginum → work_mentions_proposition → proposition:threefold-ministry-required + work:de-habitu-virginum → written_at → place:carthage
edge-7537b432160e9e27	work	de-habitu-virginum	place	carthage	work_place	direct	written_at	249	249	probable	clm-de-hab-virg-written-carthage	work:de-habitu-virginum → written_at → place:carthage
edge-8609655deae933dc	proposition	martyrdom-witnesses-to-christ	place	carthage	proposition_place	derived	work_mentions_proposition+written_at	249	249	probable	clm-de-hab-virg-affirms-martyrdom-witness|clm-de-hab-virg-written-carthage	work:de-habitu-virginum → work_mentions_proposition → proposition:martyrdom-witnesses-to-christ + work:de-habitu-virginum → written_at → place:carthage
edge-8a7ac5dcb5bf40f4	proposition	almsgiving-is-required	place	carthage	proposition_place	derived	work_mentions_proposition+written_at	249	249	probable	clm-de-hab-virg-mentions-almsgiving|clm-de-hab-virg-written-carthage	work:de-habitu-virginum → work_mentions_proposition → proposition:almsgiving-is-required + work:de-habitu-virginum → written_at → place:carthage
edge-ab7ba657071c16ea	proposition	christians-avoid-public-spectacles	place	carthage	proposition_place	derived	work_affirms_proposition+written_at	249	249	probable	clm-de-hab-virg-affirms-spectacles|clm-de-hab-virg-written-carthage	work:de-habitu-virginum → work_affirms_proposition → proposition:christians-avoid-public-spectacles + work:de-habitu-virginum → written_at → place:carthage
edge-c32e277748816304	proposition	perpetual-virginity-of-mary	place	carthage	proposition_place	derived	work_mentions_proposition+written_at	249	249	probable	clm-de-hab-virg-affirms-perpetual-virginity|clm-de-hab-virg-written-carthage	work:de-habitu-virginum → work_mentions_proposition → proposition:perpetual-virginity-of-mary + work:de-habitu-virginum → written_at → place:carthage
edge-c95f1c8ff16a5265	proposition	baptism-effects-regeneration	place	carthage	proposition_place	derived	work_mentions_proposition+written_at	249	249	probable	clm-de-hab-virg-affirms-baptism-regen|clm-de-hab-virg-written-carthage	work:de-habitu-virginum → work_mentions_proposition → proposition:baptism-effects-regeneration + work:de-habitu-virginum → written_at → place:carthage
edge-d6255e85193fdbd8	proposition	fasting-is-required	place	carthage	proposition_place	derived	work_affirms_proposition+written_at	249	249	probable	clm-de-hab-virg-affirms-fasting|clm-de-hab-virg-written-carthage	work:de-habitu-virginum → work_affirms_proposition → proposition:fasting-is-required + work:de-habitu-virginum → written_at → place:carthage
edge-383550de1fd6773c	proposition	old-testament-is-authoritative-scripture	place	rome	proposition_place	derived	work_affirms_proposition+written_at	250	250	probable	clm-detrin-affirms-ot-scripture|clm-detrin-written-rome	work:de-trinitate-novatian → work_affirms_proposition → proposition:old-testament-is-authoritative-scripture + work:de-trinitate-novatian → written_at → place:rome
edge-3f843cffdccff1d5	proposition	rule-of-faith-received-from-apostles	place	rome	proposition_place	derived	work_affirms_proposition+written_at	250	250	probable	clm-detrin-affirms-rule-of-faith|clm-detrin-written-rome	work:de-trinitate-novatian → work_affirms_proposition → proposition:rule-of-faith-received-from-apostles + work:de-trinitate-novatian → written_at → place:rome
edge-5ee9f7b375b93a13	proposition	logos-is-pre-existent-son-of-god	place	rome	proposition_place	derived	work_affirms_proposition+written_at	250	250	probable	clm-detrin-affirms-logos|clm-detrin-written-rome	work:de-trinitate-novatian → work_affirms_proposition → proposition:logos-is-pre-existent-son-of-god + work:de-trinitate-novatian → written_at → place:rome
edge-773c45072037fb0f	proposition	christ-truly-suffered-and-died	place	rome	proposition_place	derived	work_affirms_proposition+written_at	250	250	probable	clm-detrin-affirms-passion|clm-detrin-written-rome	work:de-trinitate-novatian → work_affirms_proposition → proposition:christ-truly-suffered-and-died + work:de-trinitate-novatian → written_at → place:rome
edge-7984d0fabe658eab	proposition	trinity-is-three-persons-one-substance	place	rome	proposition_place	derived	work_affirms_proposition+written_at	250	250	probable	clm-detrin-affirms-trinity|clm-detrin-written-rome	work:de-trinitate-novatian → work_affirms_proposition → proposition:trinity-is-three-persons-one-substance + work:de-trinitate-novatian → written_at → place:rome
edge-7e4dbb687d62c308	proposition	christ-truly-became-flesh	place	rome	proposition_place	derived	work_affirms_proposition+written_at	250	250	probable	clm-detrin-affirms-incarnation|clm-detrin-written-rome	work:de-trinitate-novatian → work_affirms_proposition → proposition:christ-truly-became-flesh + work:de-trinitate-novatian → written_at → place:rome
edge-7e89f484cab69f9f	work	de-trinitate-novatian	place	rome	work_place	direct	written_at	250	250	probable	clm-detrin-written-rome	work:de-trinitate-novatian → written_at → place:rome
edge-e00f7a93ec877bee	proposition	jesus-born-of-virgin	place	rome	proposition_place	derived	work_affirms_proposition+written_at	250	250	probable	clm-detrin-affirms-virgin-birth|clm-detrin-written-rome	work:de-trinitate-novatian → work_affirms_proposition → proposition:jesus-born-of-virgin + work:de-trinitate-novatian → written_at → place:rome
edge-e814886afaed194a	proposition	bodies-will-be-raised-at-last-day	place	rome	proposition_place	derived	work_affirms_proposition+written_at	250	250	probable	clm-detrin-affirms-resurrection|clm-detrin-written-rome	work:de-trinitate-novatian → work_affirms_proposition → proposition:bodies-will-be-raised-at-last-day + work:de-trinitate-novatian → written_at → place:rome
edge-dfa65c6a09dcd7e3	event	decian-persecution	place	rome	event_place	direct	event_occurs_at	250	251	attested	clm-decian-persecution-at-rome	event:decian-persecution → event_occurs_at → place:rome
edge-46a2d5f5d97c4d31	person	celerinus	place	rome	person_place	direct	active_in	250	252	probable	clm-celerinus-active-rome	person:celerinus → active_in → place:rome
edge-1d0a8ea15e4e7f1b	person	origen-of-alexandria	place	tyre	person_place	direct	active_in	250	254	probable	clm-origen-active-tyre	person:origen-of-alexandria → active_in → place:tyre
edge-7ab1bdcd511890dc	person	celerinus	place	carthage	person_place	direct	active_in	250	260	attested	clm-celerinus-active-carthage	person:celerinus → active_in → place:carthage
edge-b8f5841b19d873a5	person	alban-of-britain	place	britannia	person_place	direct	active_in	250	305	probable	clm-alban-active-britannia	person:alban-of-britain → active_in → place:britannia
edge-d4f4c21d215d232a	proposition	christianity-reached-britannia	place	britannia	proposition_place	derived	person_affirms_proposition+active_in	250	305	probable	clm-alban-active-britannia|clm-person-alban-affirms-britannia	person:alban-of-britain → person_affirms_proposition → proposition:christianity-reached-britannia + person:alban-of-britain → active_in → place:britannia
edge-155d8ce74010d3ee	proposition	trinity-is-three-persons-one-substance	place	carthage	proposition_place	derived	work_affirms_proposition+written_at	251	251	probable	clm-de-unitate-affirms-trinity|clm-de-unitate-written-carthage	work:de-unitate-ecclesiae → work_affirms_proposition → proposition:trinity-is-three-persons-one-substance + work:de-unitate-ecclesiae → written_at → place:carthage
edge-220db62553efdf7e	proposition	almsgiving-is-required	place	carthage	proposition_place	derived	work_mentions_proposition+written_at	251	251	probable	clm-de-lapsis-mentions-almsgiving|clm-de-lapsis-written-carthage	work:de-lapsis → work_mentions_proposition → proposition:almsgiving-is-required + work:de-lapsis → written_at → place:carthage
edge-24d334d51c78db5a	proposition	baptism-with-water-commanded	place	carthage	proposition_place	derived	work_affirms_proposition+written_at	251	251	probable	clm-de-lapsis-affirms-baptism-water|clm-de-lapsis-written-carthage	work:de-lapsis → work_affirms_proposition → proposition:baptism-with-water-commanded + work:de-lapsis → written_at → place:carthage
edge-2bfa066880ed7f73	proposition	baptism-with-water-commanded	place	carthage	proposition_place	derived	work_affirms_proposition+written_at	251	251	probable	clm-de-unitate-affirms-baptism-water|clm-de-unitate-written-carthage	work:de-unitate-ecclesiae → work_affirms_proposition → proposition:baptism-with-water-commanded + work:de-unitate-ecclesiae → written_at → place:carthage
edge-2f1b5219d5e1cc97	proposition	rule-of-faith-received-from-apostles	place	carthage	proposition_place	derived	work_affirms_proposition+written_at	251	251	probable	clm-de-unitate-affirms-rule-of-faith|clm-de-unitate-written-carthage	work:de-unitate-ecclesiae → work_affirms_proposition → proposition:rule-of-faith-received-from-apostles + work:de-unitate-ecclesiae → written_at → place:carthage
edge-3408ce0d57809d53	proposition	eucharist-is-sacrifice	place	carthage	proposition_place	derived	work_affirms_proposition+written_at	251	251	probable	clm-de-lapsis-affirms-eucharist-sacrifice|clm-de-lapsis-written-carthage	work:de-lapsis → work_affirms_proposition → proposition:eucharist-is-sacrifice + work:de-lapsis → written_at → place:carthage
edge-36459da539c146ec	proposition	bishop-authority-over-eucharist	place	carthage	proposition_place	derived	work_affirms_proposition+written_at	251	251	probable	clm-de-unitate-affirms-bishop-eucharist|clm-de-unitate-written-carthage	work:de-unitate-ecclesiae → work_affirms_proposition → proposition:bishop-authority-over-eucharist + work:de-unitate-ecclesiae → written_at → place:carthage
edge-3a5c744d5e4edc4a	proposition	baptism-administered-in-trinitarian-name	place	carthage	proposition_place	derived	work_affirms_proposition+written_at	251	251	probable	clm-de-unitate-affirms-trinitarian-baptism|clm-de-unitate-written-carthage	work:de-unitate-ecclesiae → work_affirms_proposition → proposition:baptism-administered-in-trinitarian-name + work:de-unitate-ecclesiae → written_at → place:carthage
edge-3b07fa2844038695	proposition	martyrs-relics-honored	place	carthage	proposition_place	derived	work_mentions_proposition+written_at	251	251	probable	clm-de-lapsis-affirms-relics-honored|clm-de-lapsis-written-carthage	work:de-lapsis → work_mentions_proposition → proposition:martyrs-relics-honored + work:de-lapsis → written_at → place:carthage
edge-3c89e2f12fab512f	proposition	baptism-administered-in-trinitarian-name	place	carthage	proposition_place	derived	work_mentions_proposition+written_at	251	251	probable	clm-de-lapsis-affirms-trinitarian-baptism|clm-de-lapsis-written-carthage	work:de-lapsis → work_mentions_proposition → proposition:baptism-administered-in-trinitarian-name + work:de-lapsis → written_at → place:carthage
edge-459b9d29cbf4fe08	proposition	threefold-ministry-required	place	carthage	proposition_place	derived	work_affirms_proposition+written_at	251	251	probable	clm-de-lapsis-affirms-threefold-ministry|clm-de-lapsis-written-carthage	work:de-lapsis → work_affirms_proposition → proposition:threefold-ministry-required + work:de-lapsis → written_at → place:carthage
edge-45c7f9b68526e89b	proposition	eucharist-offered-on-sunday	place	carthage	proposition_place	derived	work_mentions_proposition+written_at	251	251	probable	clm-de-unitate-affirms-eucharist-sunday|clm-de-unitate-written-carthage	work:de-unitate-ecclesiae → work_mentions_proposition → proposition:eucharist-offered-on-sunday + work:de-unitate-ecclesiae → written_at → place:carthage
edge-5e1c1456445e8592	proposition	ordination-conferred-by-laying-on-of-hands	place	carthage	proposition_place	derived	work_mentions_proposition+written_at	251	251	probable	clm-de-lapsis-affirms-ordination-hands|clm-de-lapsis-written-carthage	work:de-lapsis → work_mentions_proposition → proposition:ordination-conferred-by-laying-on-of-hands + work:de-lapsis → written_at → place:carthage
edge-64bc43311db3bef2	proposition	apostolic-succession-transmits-faith	place	carthage	proposition_place	derived	work_affirms_proposition+written_at	251	251	probable	clm-de-lapsis-affirms-apostolic-succession|clm-de-lapsis-written-carthage	work:de-lapsis → work_affirms_proposition → proposition:apostolic-succession-transmits-faith + work:de-lapsis → written_at → place:carthage
edge-6e0fd49233f1a004	proposition	ordination-conferred-by-laying-on-of-hands	place	carthage	proposition_place	derived	work_mentions_proposition+written_at	251	251	probable	clm-de-unitate-affirms-ordination-hands|clm-de-unitate-written-carthage	work:de-unitate-ecclesiae → work_mentions_proposition → proposition:ordination-conferred-by-laying-on-of-hands + work:de-unitate-ecclesiae → written_at → place:carthage
edge-72e9aaa8543f6dc0	proposition	baptism-effects-regeneration	place	carthage	proposition_place	derived	work_affirms_proposition+written_at	251	251	probable	clm-de-unitate-affirms-baptism-regen|clm-de-unitate-written-carthage	work:de-unitate-ecclesiae → work_affirms_proposition → proposition:baptism-effects-regeneration + work:de-unitate-ecclesiae → written_at → place:carthage
edge-735d86097f2cf17d	proposition	baptism-effects-regeneration	place	carthage	proposition_place	derived	work_affirms_proposition+written_at	251	251	probable	clm-de-lapsis-affirms-baptism-regen|clm-de-lapsis-written-carthage	work:de-lapsis → work_affirms_proposition → proposition:baptism-effects-regeneration + work:de-lapsis → written_at → place:carthage
edge-806bffc36e4921ba	proposition	post-baptismal-sin-forgiven-by-penance	place	carthage	proposition_place	derived	work_affirms_proposition+written_at	251	251	probable	clm-de-unitate-affirms-penance|clm-de-unitate-written-carthage	work:de-unitate-ecclesiae → work_affirms_proposition → proposition:post-baptismal-sin-forgiven-by-penance + work:de-unitate-ecclesiae → written_at → place:carthage
edge-821be347b612bc01	proposition	frequent-eucharistic-assembly	place	carthage	proposition_place	derived	work_affirms_proposition+written_at	251	251	probable	clm-de-lapsis-affirms-frequent-eucharist|clm-de-lapsis-written-carthage	work:de-lapsis → work_affirms_proposition → proposition:frequent-eucharistic-assembly + work:de-lapsis → written_at → place:carthage
edge-84dd82b257f04546	proposition	threefold-ministry-required	place	carthage	proposition_place	derived	work_affirms_proposition+written_at	251	251	probable	clm-de-unitate-affirms-threefold-ministry|clm-de-unitate-written-carthage	work:de-unitate-ecclesiae → work_affirms_proposition → proposition:threefold-ministry-required + work:de-unitate-ecclesiae → written_at → place:carthage
edge-8a9b409bbe14e4ad	proposition	martyrdom-witnesses-to-christ	place	carthage	proposition_place	derived	work_affirms_proposition+written_at	251	251	probable	clm-de-lapsis-affirms-martyrdom-witness|clm-de-lapsis-written-carthage	work:de-lapsis → work_affirms_proposition → proposition:martyrdom-witnesses-to-christ + work:de-lapsis → written_at → place:carthage
edge-8b853d4852f85e30	proposition	eucharist-is-body-and-blood	place	carthage	proposition_place	derived	work_affirms_proposition+written_at	251	251	probable	clm-de-unitate-affirms-eucharist-body-blood|clm-de-unitate-written-carthage	work:de-unitate-ecclesiae → work_affirms_proposition → proposition:eucharist-is-body-and-blood + work:de-unitate-ecclesiae → written_at → place:carthage
edge-8dc8e2e685eb9042	work	de-lapsis	place	carthage	work_place	direct	written_at	251	251	probable	clm-de-lapsis-written-carthage	work:de-lapsis → written_at → place:carthage
edge-9a4ff6d60b1c9f0f	proposition	episcopal-unity-grounds-church-unity	place	carthage	proposition_place	derived	work_affirms_proposition+written_at	251	251	probable	clm-de-lapsis-affirms-episcopal-unity|clm-de-lapsis-written-carthage	work:de-lapsis → work_affirms_proposition → proposition:episcopal-unity-grounds-church-unity + work:de-lapsis → written_at → place:carthage
edge-9b754a4f96bdeaac	proposition	eucharist-is-body-and-blood	place	carthage	proposition_place	derived	work_affirms_proposition+written_at	251	251	probable	clm-de-lapsis-affirms-eucharist-body-blood|clm-de-lapsis-written-carthage	work:de-lapsis → work_affirms_proposition → proposition:eucharist-is-body-and-blood + work:de-lapsis → written_at → place:carthage
edge-a8a86b13efe6bdff	work	de-unitate-ecclesiae	place	carthage	work_place	direct	written_at	251	251	probable	clm-de-unitate-written-carthage	work:de-unitate-ecclesiae → written_at → place:carthage
edge-aeadef25b5367880	proposition	post-baptismal-sin-forgiven-by-penance	place	carthage	proposition_place	derived	work_affirms_proposition+written_at	251	251	probable	clm-de-lapsis-affirms-penance|clm-de-lapsis-written-carthage	work:de-lapsis → work_affirms_proposition → proposition:post-baptismal-sin-forgiven-by-penance + work:de-lapsis → written_at → place:carthage
edge-bd76b4da0d96ffe1	proposition	old-testament-is-authoritative-scripture	place	carthage	proposition_place	derived	work_affirms_proposition+written_at	251	251	probable	clm-de-unitate-affirms-ot-authority|clm-de-unitate-written-carthage	work:de-unitate-ecclesiae → work_affirms_proposition → proposition:old-testament-is-authoritative-scripture + work:de-unitate-ecclesiae → written_at → place:carthage
edge-be3adda640d0c7f7	proposition	heretic-baptism-is-invalid	place	carthage	proposition_place	derived	work_affirms_proposition+written_at	251	251	probable	clm-de-unitate-opposes-rebaptism-void|clm-de-unitate-written-carthage	work:de-unitate-ecclesiae → work_affirms_proposition → proposition:heretic-baptism-is-invalid + work:de-unitate-ecclesiae → written_at → place:carthage
edge-c0d408692821cc40	proposition	martyrdom-witnesses-to-christ	place	carthage	proposition_place	derived	work_affirms_proposition+written_at	251	251	probable	clm-de-unitate-affirms-martyrdom-witness|clm-de-unitate-written-carthage	work:de-unitate-ecclesiae → work_affirms_proposition → proposition:martyrdom-witnesses-to-christ + work:de-unitate-ecclesiae → written_at → place:carthage
edge-cd088de0108eab70	proposition	eucharist-offered-on-sunday	place	carthage	proposition_place	derived	work_mentions_proposition+written_at	251	251	probable	clm-de-lapsis-affirms-eucharist-sunday|clm-de-lapsis-written-carthage	work:de-lapsis → work_mentions_proposition → proposition:eucharist-offered-on-sunday + work:de-lapsis → written_at → place:carthage
edge-d1ff9f72107c69a1	proposition	apostolic-succession-transmits-faith	place	carthage	proposition_place	derived	work_affirms_proposition+written_at	251	251	probable	clm-de-unitate-affirms-apostolic-succession|clm-de-unitate-written-carthage	work:de-unitate-ecclesiae → work_affirms_proposition → proposition:apostolic-succession-transmits-faith + work:de-unitate-ecclesiae → written_at → place:carthage
edge-d85b1b3a4234a01f	proposition	bishop-authority-over-eucharist	place	carthage	proposition_place	derived	work_affirms_proposition+written_at	251	251	probable	clm-de-lapsis-affirms-bishop-eucharist|clm-de-lapsis-written-carthage	work:de-lapsis → work_affirms_proposition → proposition:bishop-authority-over-eucharist + work:de-lapsis → written_at → place:carthage
edge-d9523faeda4a1945	proposition	episcopal-unity-grounds-church-unity	place	carthage	proposition_place	derived	work_affirms_proposition+written_at	251	251	probable	clm-de-unitate-affirms-episcopal-unity|clm-de-unitate-written-carthage	work:de-unitate-ecclesiae → work_affirms_proposition → proposition:episcopal-unity-grounds-church-unity + work:de-unitate-ecclesiae → written_at → place:carthage
edge-e5c2ebcf677c82ea	event	novatian-schism	place	rome	event_place	direct	event_occurs_at	251	251	attested	clm-novatian-schism-at-rome	event:novatian-schism → event_occurs_at → place:rome
edge-e7d7f5f8b7152c61	proposition	eucharist-is-sacrifice	place	carthage	proposition_place	derived	work_affirms_proposition+written_at	251	251	probable	clm-de-unitate-affirms-eucharist-sacrifice|clm-de-unitate-written-carthage	work:de-unitate-ecclesiae → work_affirms_proposition → proposition:eucharist-is-sacrifice + work:de-unitate-ecclesiae → written_at → place:carthage
edge-2dab1917ab21c507	proposition	apostolic-succession-transmits-faith	place	rome	proposition_place	derived	person_affirms_proposition+bishop_of	251	253	probable	clm-cornelius-pope-affirms-succession|clm-cornelius-pope-bishop-rome	person:cornelius-pope → person_affirms_proposition → proposition:apostolic-succession-transmits-faith + person:cornelius-pope → bishop_of → place:rome
edge-7d71b4f3729caf18	person	cornelius-pope	place	rome	person_place	direct	bishop_of	251	253	attested	clm-cornelius-pope-bishop-rome	person:cornelius-pope → bishop_of → place:rome
edge-9bb46fe65ebb3fa8	proposition	post-baptismal-sin-forgiven-by-penance	place	rome	proposition_place	derived	person_affirms_proposition+bishop_of	251	253	probable	clm-cornelius-pope-bishop-rome|clm-cornelius-pope-person-affirms-penance	person:cornelius-pope → person_affirms_proposition → proposition:post-baptismal-sin-forgiven-by-penance + person:cornelius-pope → bishop_of → place:rome
edge-85d2bd5d3a630b18	proposition	post-baptismal-sin-forgiven-by-penance	place	rome	proposition_place	derived	person_opposes_proposition+active_in	251	258	probable	clm-novatian-active-rome|clm-novatian-person-opposes-penance	person:novatian → person_opposes_proposition → proposition:post-baptismal-sin-forgiven-by-penance + person:novatian → active_in → place:rome
edge-b5b60cde3a0fb704	proposition	post-baptismal-sin-forgiven-by-penance	place	carthage	proposition_place	derived	person_opposes_proposition+active_in	251	258	probable	clm-novatian-active-carthage-mission|clm-novatian-person-opposes-penance	person:novatian → person_opposes_proposition → proposition:post-baptismal-sin-forgiven-by-penance + person:novatian → active_in → place:carthage
edge-279f1dd532236deb	group	novatianists	place	carthage	group_place	direct	group_present_at	251	350	probable	clm-novatianists-at-carthage	group:novatianists → group_present_at → place:carthage
edge-b197e165eea499ae	group	novatianists	place	rome	group_place	direct	group_present_at	251	400	attested	clm-novatianists-at-rome	group:novatianists → group_present_at → place:rome
edge-0afdff8cd847f1f0	proposition	rule-of-faith-received-from-apostles	place	carthage	proposition_place	derived	work_affirms_proposition+written_at	252	252	probable	clm-de-dom-orat-affirms-rule-of-faith|clm-de-dom-orat-written-carthage	work:de-dominica-oratione → work_affirms_proposition → proposition:rule-of-faith-received-from-apostles + work:de-dominica-oratione → written_at → place:carthage
edge-0c3c1b1b54b6965e	proposition	bishop-authority-over-eucharist	place	carthage	proposition_place	derived	work_affirms_proposition+written_at	252	252	probable	clm-de-dom-orat-affirms-bishop-eucharist|clm-de-dom-orat-written-carthage	work:de-dominica-oratione → work_affirms_proposition → proposition:bishop-authority-over-eucharist + work:de-dominica-oratione → written_at → place:carthage
edge-134ab797cb97e111	proposition	eucharist-offered-on-sunday	place	carthage	proposition_place	derived	work_affirms_proposition+written_at	252	252	probable	clm-de-dom-orat-affirms-sunday-eucharist|clm-de-dom-orat-written-carthage	work:de-dominica-oratione → work_affirms_proposition → proposition:eucharist-offered-on-sunday + work:de-dominica-oratione → written_at → place:carthage
edge-14adee53c4fb36f7	proposition	post-baptismal-sin-forgiven-by-penance	place	carthage	proposition_place	derived	work_affirms_proposition+written_at	252	252	probable	clm-ep64-affirms-penance|clm-ep64-written-carthage	work:epistula-64-cyprian → work_affirms_proposition → proposition:post-baptismal-sin-forgiven-by-penance + work:epistula-64-cyprian → written_at → place:carthage
edge-1553bc1f6fe66f02	proposition	old-testament-is-authoritative-scripture	place	carthage	proposition_place	derived	work_affirms_proposition+written_at	252	252	probable	clm-ep64-affirms-ot-authority|clm-ep64-written-carthage	work:epistula-64-cyprian → work_affirms_proposition → proposition:old-testament-is-authoritative-scripture + work:epistula-64-cyprian → written_at → place:carthage
edge-16e62f6c7a1ade13	proposition	episcopal-unity-grounds-church-unity	place	carthage	proposition_place	derived	work_affirms_proposition+written_at	252	252	probable	clm-ep64-affirms-episcopal-unity|clm-ep64-written-carthage	work:epistula-64-cyprian → work_affirms_proposition → proposition:episcopal-unity-grounds-church-unity + work:epistula-64-cyprian → written_at → place:carthage
edge-19a05cd78fe890fa	proposition	eucharist-is-body-and-blood	place	carthage	proposition_place	derived	work_affirms_proposition+written_at	252	252	probable	clm-de-dom-orat-affirms-eucharist-body-blood|clm-de-dom-orat-written-carthage	work:de-dominica-oratione → work_affirms_proposition → proposition:eucharist-is-body-and-blood + work:de-dominica-oratione → written_at → place:carthage
edge-1c022b616ac8f8ec	proposition	frequent-eucharistic-assembly	place	carthage	proposition_place	derived	work_affirms_proposition+written_at	252	252	probable	clm-de-dom-orat-affirms-frequent-eucharist|clm-de-dom-orat-written-carthage	work:de-dominica-oratione → work_affirms_proposition → proposition:frequent-eucharistic-assembly + work:de-dominica-oratione → written_at → place:carthage
edge-27dc1783a1d509cc	proposition	baptism-administered-in-trinitarian-name	place	carthage	proposition_place	derived	work_affirms_proposition+written_at	252	252	probable	clm-de-dom-orat-affirms-trinitarian-baptism|clm-de-dom-orat-written-carthage	work:de-dominica-oratione → work_affirms_proposition → proposition:baptism-administered-in-trinitarian-name + work:de-dominica-oratione → written_at → place:carthage
edge-311ac122e0053002	proposition	baptismal-anointing-with-oil	place	carthage	proposition_place	derived	work_affirms_proposition+written_at	252	252	probable	clm-ep64-affirms-baptismal-anointing|clm-ep64-written-carthage	work:epistula-64-cyprian → work_affirms_proposition → proposition:baptismal-anointing-with-oil + work:epistula-64-cyprian → written_at → place:carthage
edge-35852b369c548cc0	proposition	baptism-administered-in-trinitarian-name	place	carthage	proposition_place	derived	work_affirms_proposition+written_at	252	252	probable	clm-ep64-affirms-trinitarian-baptism|clm-ep64-written-carthage	work:epistula-64-cyprian → work_affirms_proposition → proposition:baptism-administered-in-trinitarian-name + work:epistula-64-cyprian → written_at → place:carthage
edge-437ae2062a64a5be	proposition	episcopal-unity-grounds-church-unity	place	carthage	proposition_place	derived	work_affirms_proposition+written_at	252	252	probable	clm-de-dom-orat-affirms-episcopal-unity|clm-de-dom-orat-written-carthage	work:de-dominica-oratione → work_affirms_proposition → proposition:episcopal-unity-grounds-church-unity + work:de-dominica-oratione → written_at → place:carthage
edge-53a67b867891574e	proposition	prayer-is-offered-without-ceasing	place	carthage	proposition_place	derived	work_affirms_proposition+written_at	252	252	probable	clm-de-dom-orat-affirms-prayer-unceasing|clm-de-dom-orat-written-carthage	work:de-dominica-oratione → work_affirms_proposition → proposition:prayer-is-offered-without-ceasing + work:de-dominica-oratione → written_at → place:carthage
edge-5515213545986c3d	proposition	almsgiving-is-required	place	carthage	proposition_place	derived	work_affirms_proposition+written_at	252	252	probable	clm-de-dom-orat-affirms-almsgiving|clm-de-dom-orat-written-carthage	work:de-dominica-oratione → work_affirms_proposition → proposition:almsgiving-is-required + work:de-dominica-oratione → written_at → place:carthage
edge-582d305cf31cc77e	proposition	infants-and-children-are-baptized	place	carthage	proposition_place	derived	work_mentions_proposition+written_at	252	252	probable	clm-ep64-mentions-catechumenate|clm-ep64-written-carthage	work:epistula-64-cyprian → work_mentions_proposition → proposition:infants-and-children-are-baptized + work:epistula-64-cyprian → written_at → place:carthage
edge-5dd1f9f9a0d1e977	proposition	eucharist-fulfills-malachi-pure-offering	place	carthage	proposition_place	derived	work_mentions_proposition+written_at	252	252	probable	clm-de-dom-orat-affirms-eucharist-malachi|clm-de-dom-orat-written-carthage	work:de-dominica-oratione → work_mentions_proposition → proposition:eucharist-fulfills-malachi-pure-offering + work:de-dominica-oratione → written_at → place:carthage
edge-659a6def1aec132e	proposition	fasting-is-required	place	carthage	proposition_place	derived	work_affirms_proposition+written_at	252	252	probable	clm-de-dom-orat-affirms-fasting|clm-de-dom-orat-written-carthage	work:de-dominica-oratione → work_affirms_proposition → proposition:fasting-is-required + work:de-dominica-oratione → written_at → place:carthage
edge-6b32e1d48b559110	proposition	infants-and-children-are-baptized	place	carthage	proposition_place	derived	work_affirms_proposition+written_at	252	252	probable	clm-ep64-affirms-infant-baptism|clm-ep64-written-carthage	work:epistula-64-cyprian → work_affirms_proposition → proposition:infants-and-children-are-baptized + work:epistula-64-cyprian → written_at → place:carthage
edge-6cf7c69663d79eb0	proposition	baptism-with-water-commanded	place	carthage	proposition_place	derived	work_affirms_proposition+written_at	252	252	probable	clm-de-dom-orat-affirms-baptism-water|clm-de-dom-orat-written-carthage	work:de-dominica-oratione → work_affirms_proposition → proposition:baptism-with-water-commanded + work:de-dominica-oratione → written_at → place:carthage
edge-6db5137ab2b560a8	proposition	trinity-is-three-persons-one-substance	place	carthage	proposition_place	derived	work_affirms_proposition+written_at	252	252	probable	clm-de-dom-orat-affirms-trinity|clm-de-dom-orat-written-carthage	work:de-dominica-oratione → work_affirms_proposition → proposition:trinity-is-three-persons-one-substance + work:de-dominica-oratione → written_at → place:carthage
edge-763ed4b2cba7d5ef	work	epistula-64-cyprian	place	carthage	work_place	direct	written_at	252	252	attested	clm-ep64-written-carthage	work:epistula-64-cyprian → written_at → place:carthage
edge-7b172bb9bfec097d	proposition	ordination-conferred-by-laying-on-of-hands	place	carthage	proposition_place	derived	work_affirms_proposition+written_at	252	252	probable	clm-ep64-affirms-ordination-hands|clm-ep64-written-carthage	work:epistula-64-cyprian → work_affirms_proposition → proposition:ordination-conferred-by-laying-on-of-hands + work:epistula-64-cyprian → written_at → place:carthage
edge-7d5a8fdae32cb89a	work	de-dominica-oratione	place	carthage	work_place	direct	written_at	252	252	probable	clm-de-dom-orat-written-carthage	work:de-dominica-oratione → written_at → place:carthage
edge-8b86e357a4fe9895	proposition	post-baptismal-sin-forgiven-by-penance	place	carthage	proposition_place	derived	work_affirms_proposition+written_at	252	252	probable	clm-de-dom-orat-affirms-penance|clm-de-dom-orat-written-carthage	work:de-dominica-oratione → work_affirms_proposition → proposition:post-baptismal-sin-forgiven-by-penance + work:de-dominica-oratione → written_at → place:carthage
edge-a9593d8b27057fe3	proposition	baptism-with-water-commanded	place	carthage	proposition_place	derived	work_affirms_proposition+written_at	252	252	probable	clm-ep64-affirms-baptism-water|clm-ep64-written-carthage	work:epistula-64-cyprian → work_affirms_proposition → proposition:baptism-with-water-commanded + work:epistula-64-cyprian → written_at → place:carthage
edge-c7386b427e36be38	proposition	baptism-effects-regeneration	place	carthage	proposition_place	derived	work_affirms_proposition+written_at	252	252	probable	clm-de-dom-orat-affirms-baptism-regen|clm-de-dom-orat-written-carthage	work:de-dominica-oratione → work_affirms_proposition → proposition:baptism-effects-regeneration + work:de-dominica-oratione → written_at → place:carthage
edge-db0ae03892d0f9e6	proposition	old-testament-is-authoritative-scripture	place	carthage	proposition_place	derived	work_affirms_proposition+written_at	252	252	probable	clm-de-dom-orat-affirms-ot-authority|clm-de-dom-orat-written-carthage	work:de-dominica-oratione → work_affirms_proposition → proposition:old-testament-is-authoritative-scripture + work:de-dominica-oratione → written_at → place:carthage
edge-f521b05050ca221f	proposition	baptism-effects-regeneration	place	carthage	proposition_place	derived	work_affirms_proposition+written_at	252	252	probable	clm-ep64-affirms-baptism-regen|clm-ep64-written-carthage	work:epistula-64-cyprian → work_affirms_proposition → proposition:baptism-effects-regeneration + work:epistula-64-cyprian → written_at → place:carthage
edge-fd26aa278f1d7b86	proposition	eucharist-is-sacrifice	place	carthage	proposition_place	derived	work_affirms_proposition+written_at	252	252	probable	clm-de-dom-orat-affirms-eucharist-sacrifice|clm-de-dom-orat-written-carthage	work:de-dominica-oratione → work_affirms_proposition → proposition:eucharist-is-sacrifice + work:de-dominica-oratione → written_at → place:carthage
edge-e14b1643fd390380	person	novatian	place	carthage	person_place	direct	active_in	252	258	probable	clm-novatian-active-carthage-mission	person:novatian → active_in → place:carthage
edge-85133978f5da4be6	person	lucius-i-pope	place	rome	person_place	direct	bishop_of	253	254	attested	clm-lucius-i-bishop-rome	person:lucius-i-pope → bishop_of → place:rome
edge-2c4977e82040a334	proposition	heretic-baptism-is-invalid	place	rome	proposition_place	derived	person_opposes_proposition+bishop_of	254	257	probable	clm-stephen-i-bishop-rome|clm-stephen-i-opposes-rebaptism	person:stephen-i-pope → person_opposes_proposition → proposition:heretic-baptism-is-invalid + person:stephen-i-pope → bishop_of → place:rome
edge-502736a5c36ba941	person	stephen-i-pope	place	rome	person_place	direct	bishop_of	254	257	attested	clm-stephen-i-bishop-rome	person:stephen-i-pope → bishop_of → place:rome
edge-9c0f434f37af0904	proposition	apostolic-succession-transmits-faith	place	rome	proposition_place	derived	person_affirms_proposition+bishop_of	254	257	probable	clm-stephen-i-affirms-apostolic-succession|clm-stephen-i-bishop-rome	person:stephen-i-pope → person_affirms_proposition → proposition:apostolic-succession-transmits-faith + person:stephen-i-pope → bishop_of → place:rome
edge-ca93641f7b3d4740	proposition	bishop-succession-guarantees-apostolic-faith	place	rome	proposition_place	derived	person_affirms_proposition+bishop_of	254	257	probable	clm-stephen-i-affirms-episcopal-chair|clm-stephen-i-bishop-rome	person:stephen-i-pope → person_affirms_proposition → proposition:bishop-succession-guarantees-apostolic-faith + person:stephen-i-pope → bishop_of → place:rome
edge-d0b4e6a50986d325	proposition	heretic-baptism-is-invalid	place	caesarea-cappadocia	proposition_place	derived	person_affirms_proposition+bishop_of	254	268	probable	clm-firmilian-affirms-rebaptism|clm-firmilian-bishop-caesarea-capp	person:firmilian-of-caesarea → person_affirms_proposition → proposition:heretic-baptism-is-invalid + person:firmilian-of-caesarea → bishop_of → place:caesarea-cappadocia
edge-042d06ea46e3ad5b	proposition	rule-of-faith-received-from-apostles	place	carthage	proposition_place	derived	work_affirms_proposition+written_at	256	256	probable	clm-sent-affirms-rule-of-faith|clm-sententiae-written-carthage	work:sententiae-episcoporum → work_affirms_proposition → proposition:rule-of-faith-received-from-apostles + work:sententiae-episcoporum → written_at → place:carthage
edge-2f7f6cfc94ae0572	proposition	old-testament-is-authoritative-scripture	place	carthage	proposition_place	derived	work_affirms_proposition+written_at	256	256	probable	clm-ep73-affirms-ot-authority|clm-ep73-written-carthage	work:epistula-73-cyprian → work_affirms_proposition → proposition:old-testament-is-authoritative-scripture + work:epistula-73-cyprian → written_at → place:carthage
edge-38855dcb0aa02a09	proposition	baptism-effects-regeneration	place	carthage	proposition_place	derived	work_affirms_proposition+written_at	256	256	probable	clm-ep73-affirms-one-baptism|clm-ep73-written-carthage	work:epistula-73-cyprian → work_affirms_proposition → proposition:baptism-effects-regeneration + work:epistula-73-cyprian → written_at → place:carthage
edge-3a22d8edaf7d67d6	proposition	bishop-authority-over-eucharist	place	carthage	proposition_place	derived	work_mentions_proposition+written_at	256	256	probable	clm-ep73-affirms-bishop-eucharist|clm-ep73-written-carthage	work:epistula-73-cyprian → work_mentions_proposition → proposition:bishop-authority-over-eucharist + work:epistula-73-cyprian → written_at → place:carthage
edge-48ed5fc1885c5c71	proposition	baptism-effects-regeneration	place	carthage	proposition_place	derived	work_affirms_proposition+written_at	256	256	probable	clm-sent-affirms-baptism-regen|clm-sententiae-written-carthage	work:sententiae-episcoporum → work_affirms_proposition → proposition:baptism-effects-regeneration + work:sententiae-episcoporum → written_at → place:carthage
edge-5364ae3fe0238be6	proposition	old-testament-is-authoritative-scripture	place	carthage	proposition_place	derived	work_mentions_proposition+written_at	256	256	probable	clm-sent-affirms-ot-authority|clm-sententiae-written-carthage	work:sententiae-episcoporum → work_mentions_proposition → proposition:old-testament-is-authoritative-scripture + work:sententiae-episcoporum → written_at → place:carthage
edge-56392c521bd9aa60	proposition	threefold-ministry-required	place	carthage	proposition_place	derived	work_affirms_proposition+written_at	256	256	probable	clm-sent-affirms-threefold-ministry|clm-sententiae-written-carthage	work:sententiae-episcoporum → work_affirms_proposition → proposition:threefold-ministry-required + work:sententiae-episcoporum → written_at → place:carthage
edge-567f2e6dfd03f7b1	proposition	apostolic-succession-transmits-faith	place	carthage	proposition_place	derived	work_affirms_proposition+written_at	256	256	probable	clm-ep73-affirms-apostolic-succession|clm-ep73-written-carthage	work:epistula-73-cyprian → work_affirms_proposition → proposition:apostolic-succession-transmits-faith + work:epistula-73-cyprian → written_at → place:carthage
edge-5acd8776c694b5aa	proposition	baptism-with-water-commanded	place	carthage	proposition_place	derived	work_affirms_proposition+written_at	256	256	probable	clm-ep73-affirms-baptism-water|clm-ep73-written-carthage	work:epistula-73-cyprian → work_affirms_proposition → proposition:baptism-with-water-commanded + work:epistula-73-cyprian → written_at → place:carthage
edge-7152f29980367e43	proposition	episcopal-unity-grounds-church-unity	place	carthage	proposition_place	derived	work_affirms_proposition+written_at	256	256	probable	clm-ep73-affirms-episcopal-unity|clm-ep73-written-carthage	work:epistula-73-cyprian → work_affirms_proposition → proposition:episcopal-unity-grounds-church-unity + work:epistula-73-cyprian → written_at → place:carthage
edge-8f44e43a5ce643cc	proposition	episcopal-unity-grounds-church-unity	place	carthage	proposition_place	derived	work_affirms_proposition+written_at	256	256	probable	clm-sent-affirms-episcopal-unity|clm-sententiae-written-carthage	work:sententiae-episcoporum → work_affirms_proposition → proposition:episcopal-unity-grounds-church-unity + work:sententiae-episcoporum → written_at → place:carthage
edge-9066d8e400f1da81	proposition	heretic-baptism-is-invalid	place	carthage	proposition_place	derived	work_affirms_proposition+written_at	256	256	probable	clm-ep73-affirms-rebaptism|clm-ep73-written-carthage	work:epistula-73-cyprian → work_affirms_proposition → proposition:heretic-baptism-is-invalid + work:epistula-73-cyprian → written_at → place:carthage
edge-a80f4b7bf4381a90	proposition	heretic-baptism-is-invalid	place	carthage	proposition_place	derived	work_affirms_proposition+written_at	256	256	probable	clm-sent-affirms-rebaptism|clm-sententiae-written-carthage	work:sententiae-episcoporum → work_affirms_proposition → proposition:heretic-baptism-is-invalid + work:sententiae-episcoporum → written_at → place:carthage
edge-c130feba0e2ca884	work	sententiae-episcoporum	place	carthage	work_place	direct	written_at	256	256	attested	clm-sententiae-written-carthage	work:sententiae-episcoporum → written_at → place:carthage
edge-c2ba042a65e6f590	proposition	baptism-administered-in-trinitarian-name	place	carthage	proposition_place	derived	work_affirms_proposition+written_at	256	256	probable	clm-ep73-affirms-trinitarian-baptism|clm-ep73-written-carthage	work:epistula-73-cyprian → work_affirms_proposition → proposition:baptism-administered-in-trinitarian-name + work:epistula-73-cyprian → written_at → place:carthage
edge-cdd192e2fb783e3a	proposition	post-baptismal-sin-forgiven-by-penance	place	carthage	proposition_place	derived	work_mentions_proposition+written_at	256	256	probable	clm-ep73-affirms-penance|clm-ep73-written-carthage	work:epistula-73-cyprian → work_mentions_proposition → proposition:post-baptismal-sin-forgiven-by-penance + work:epistula-73-cyprian → written_at → place:carthage
edge-da2f0547e9201a90	work	epistula-73-cyprian	place	carthage	work_place	direct	written_at	256	256	attested	clm-ep73-written-carthage	work:epistula-73-cyprian → written_at → place:carthage
edge-dd32b49849da218c	proposition	baptism-administered-in-trinitarian-name	place	carthage	proposition_place	derived	work_affirms_proposition+written_at	256	256	probable	clm-sent-affirms-trinitarian-baptism|clm-sententiae-written-carthage	work:sententiae-episcoporum → work_affirms_proposition → proposition:baptism-administered-in-trinitarian-name + work:sententiae-episcoporum → written_at → place:carthage
edge-e49258df0e821700	proposition	post-baptismal-sin-forgiven-by-penance	place	carthage	proposition_place	derived	work_mentions_proposition+written_at	256	256	probable	clm-sent-mentions-penance|clm-sententiae-written-carthage	work:sententiae-episcoporum → work_mentions_proposition → proposition:post-baptismal-sin-forgiven-by-penance + work:sententiae-episcoporum → written_at → place:carthage
edge-ed281b4744f64de4	proposition	threefold-ministry-required	place	carthage	proposition_place	derived	work_affirms_proposition+written_at	256	256	probable	clm-ep73-affirms-threefold-ministry|clm-ep73-written-carthage	work:epistula-73-cyprian → work_affirms_proposition → proposition:threefold-ministry-required + work:epistula-73-cyprian → written_at → place:carthage
edge-f6b2fc72ef3ae673	proposition	baptism-with-water-commanded	place	carthage	proposition_place	derived	work_affirms_proposition+written_at	256	256	probable	clm-sent-affirms-baptism-water|clm-sententiae-written-carthage	work:sententiae-episcoporum → work_affirms_proposition → proposition:baptism-with-water-commanded + work:sententiae-episcoporum → written_at → place:carthage
edge-fd4ec7272ca4da7d	proposition	rule-of-faith-received-from-apostles	place	carthage	proposition_place	derived	work_affirms_proposition+written_at	256	256	probable	clm-ep73-affirms-rule-of-faith|clm-ep73-written-carthage	work:epistula-73-cyprian → work_affirms_proposition → proposition:rule-of-faith-received-from-apostles + work:epistula-73-cyprian → written_at → place:carthage
edge-fed016ce98c39224	proposition	apostolic-succession-transmits-faith	place	carthage	proposition_place	derived	work_affirms_proposition+written_at	256	256	probable	clm-sent-affirms-apostolic-succession|clm-sententiae-written-carthage	work:sententiae-episcoporum → work_affirms_proposition → proposition:apostolic-succession-transmits-faith + work:sententiae-episcoporum → written_at → place:carthage
edge-7753338231ef0313	person	arius	place	alexandria	person_place	direct	active_in	256	336	attested	clm-arius-active-alexandria	person:arius → active_in → place:alexandria
edge-484a55ae19f6664a	person	dionysius-of-alexandria	place	rome	person_place	direct	active_in	257	260	probable	clm-dionysius-alex-active-rome-exile	person:dionysius-of-alexandria → active_in → place:rome
edge-13189d1ecdd0fde1	group	novatianists	place	alexandria	group_place	direct	group_present_at	260	400	probable	clm-novatianists-at-alexandria	group:novatianists → group_present_at → place:alexandria
edge-8db6d19b5639f67f	group	novatianists	place	antioch	group_place	direct	group_present_at	260	400	probable	clm-novatianists-at-antioch	group:novatianists → group_present_at → place:antioch
edge-d089b0496c6811e5	group	novatianists	place	asia	group_place	direct	group_present_at	260	400	probable	clm-novatianists-at-asia	group:novatianists → group_present_at → place:asia
edge-dd1ed9e3c755fb57	group	novatianists	place	galatia	group_place	direct	group_present_at	260	400	probable	clm-novatianists-at-galatia	group:novatianists → group_present_at → place:galatia
edge-ddee7eecbd8889a4	group	novatianists	place	ephesus	group_place	direct	group_present_at	260	400	probable	clm-novatianists-at-ephesus	group:novatianists → group_present_at → place:ephesus
edge-e6a7975e18d9d218	group	novatianists	place	pontus	group_place	direct	group_present_at	260	400	probable	clm-novatianists-at-pontus	group:novatianists → group_present_at → place:pontus
edge-be8731801f6231bc	person	aphrahat	place	seleucia-ctesiphon	person_place	direct	active_in	280	345	possible	clm-aphrahat-active-seleucia	person:aphrahat → active_in → place:seleucia-ctesiphon
edge-647cf5b2179fa7a0	group	church-of-the-east	place	nisibis	group_place	direct	group_present_at	280	363	probable	clm-church-east-at-nisibis	group:church-of-the-east → group_present_at → place:nisibis
edge-958838b925e85814	group	aksumite-church	place	tyre	group_place	direct	controls_place	300	328	possible	clm-aksumite-church-controls-tyre	group:aksumite-church → controls_place → place:tyre
edge-c5488c14b7a1e110	person	frumentius	place	tyre	person_place	direct	active_in	300	328	probable	clm-frumentius-active-tyre	person:frumentius → active_in → place:tyre
edge-1c7fe41dac6382a3	group	church-of-the-east	place	edessa	group_place	direct	group_present_at	300	400	probable	clm-church-east-at-edessa	group:church-of-the-east → group_present_at → place:edessa
edge-9566e44beefecaa9	group	church-of-the-east	place	india-malabar	group_place	direct	group_present_at	300	400	possible	clm-church-east-at-india	group:church-of-the-east → group_present_at → place:india-malabar
edge-a41901a77c603493	group	church-of-the-east	place	seleucia-ctesiphon	group_place	direct	group_present_at	300	400	probable	clm-church-east-at-seleucia	group:church-of-the-east → group_present_at → place:seleucia-ctesiphon
edge-16c9fc6703c05954	person	gregory-the-illuminator	place	vagharshapat	person_place	direct	bishop_of	301	331	probable	clm-gregory-illum-bishop-vagharshapat	person:gregory-the-illuminator → bishop_of → place:vagharshapat
edge-f942bf632612b324	person	ephrem-the-syrian	place	nisibis	person_place	direct	active_in	306	363	probable	clm-ephrem-active-nisibis	person:ephrem-the-syrian → active_in → place:nisibis
edge-180f983e1207b5e0	person	jacob-of-nisibis	place	nisibis	person_place	direct	bishop_of	308	338	probable	clm-jacob-bishop-nisibis	person:jacob-of-nisibis → bishop_of → place:nisibis
edge-d596184601cacf71	person	shapur-ii	place	seleucia-ctesiphon	person_place	direct	active_in	309	379	attested	clm-shapur-active-seleucia	person:shapur-ii → active_in → place:seleucia-ctesiphon
edge-3839bb540b3e8271	person	eusebius-of-caesarea	place	alexandria	person_place	direct	active_in	312	315	probable	clm-eusebius-active-alexandria	person:eusebius-of-caesarea → active_in → place:alexandria
edge-915ed96c7113fa4b	work	ecclesiastical-history-of-eusebius	place	caesarea	work_place	direct	written_at	312	325	probable	clm-eusebius-he-written-caesarea	work:ecclesiastical-history-of-eusebius → written_at → place:caesarea
edge-0f3b2b10b5c20173	proposition	apostolic-succession-transmits-faith	place	antioch	proposition_place	derived	person_affirms_proposition+active_in	313	339	probable	clm-eusebius-active-antioch|clm-eusebius-affirms-succession	person:eusebius-of-caesarea → person_affirms_proposition → proposition:apostolic-succession-transmits-faith + person:eusebius-of-caesarea → active_in → place:antioch
edge-12617c02a1dfcfaf	proposition	logos-is-pre-existent-son-of-god	place	alexandria	proposition_place	derived	person_affirms_proposition+active_in	313	339	probable	clm-eusebius-active-alexandria|clm-eusebius-affirms-logos	person:eusebius-of-caesarea → person_affirms_proposition → proposition:logos-is-pre-existent-son-of-god + person:eusebius-of-caesarea → active_in → place:alexandria
edge-1ea08756fc6a3d64	proposition	logos-is-pre-existent-son-of-god	place	antioch	proposition_place	derived	person_affirms_proposition+active_in	313	339	probable	clm-eusebius-active-antioch|clm-eusebius-affirms-logos	person:eusebius-of-caesarea → person_affirms_proposition → proposition:logos-is-pre-existent-son-of-god + person:eusebius-of-caesarea → active_in → place:antioch
edge-27aa7c6d6d0acc2e	proposition	rule-of-faith-received-from-apostles	place	antioch	proposition_place	derived	person_affirms_proposition+active_in	313	339	probable	clm-eusebius-active-antioch|clm-eusebius-affirms-rule-of-faith	person:eusebius-of-caesarea → person_affirms_proposition → proposition:rule-of-faith-received-from-apostles + person:eusebius-of-caesarea → active_in → place:antioch
edge-27afb970cca92b3b	proposition	logos-is-pre-existent-son-of-god	place	caesarea	proposition_place	derived	person_affirms_proposition+bishop_of	313	339	probable	clm-eusebius-affirms-logos|clm-eusebius-bishop-caesarea	person:eusebius-of-caesarea → person_affirms_proposition → proposition:logos-is-pre-existent-son-of-god + person:eusebius-of-caesarea → bishop_of → place:caesarea
edge-2ce8b0869e83c244	proposition	apostolic-succession-transmits-faith	place	caesarea	proposition_place	derived	person_affirms_proposition+bishop_of	313	339	probable	clm-eusebius-affirms-succession|clm-eusebius-bishop-caesarea	person:eusebius-of-caesarea → person_affirms_proposition → proposition:apostolic-succession-transmits-faith + person:eusebius-of-caesarea → bishop_of → place:caesarea
edge-2efd341cc618b5b8	proposition	old-testament-is-authoritative-scripture	place	antioch	proposition_place	derived	person_affirms_proposition+active_in	313	339	probable	clm-eusebius-active-antioch|clm-eusebius-affirms-ot-scripture	person:eusebius-of-caesarea → person_affirms_proposition → proposition:old-testament-is-authoritative-scripture + person:eusebius-of-caesarea → active_in → place:antioch
edge-37865429f793f483	proposition	christ-truly-became-flesh	place	caesarea	proposition_place	derived	person_affirms_proposition+bishop_of	313	339	probable	clm-eusebius-affirms-incarnation|clm-eusebius-bishop-caesarea	person:eusebius-of-caesarea → person_affirms_proposition → proposition:christ-truly-became-flesh + person:eusebius-of-caesarea → bishop_of → place:caesarea
edge-3a23f0bfe4639c16	proposition	apostolic-succession-transmits-faith	place	alexandria	proposition_place	derived	person_affirms_proposition+active_in	313	339	probable	clm-eusebius-active-alexandria|clm-eusebius-affirms-succession	person:eusebius-of-caesarea → person_affirms_proposition → proposition:apostolic-succession-transmits-faith + person:eusebius-of-caesarea → active_in → place:alexandria
edge-3dde8d92b313140f	proposition	rule-of-faith-received-from-apostles	place	caesarea	proposition_place	derived	person_affirms_proposition+bishop_of	313	339	probable	clm-eusebius-affirms-rule-of-faith|clm-eusebius-bishop-caesarea	person:eusebius-of-caesarea → person_affirms_proposition → proposition:rule-of-faith-received-from-apostles + person:eusebius-of-caesarea → bishop_of → place:caesarea
edge-5423a219012690af	proposition	bodies-will-be-raised-at-last-day	place	caesarea	proposition_place	derived	person_affirms_proposition+bishop_of	313	339	probable	clm-eusebius-affirms-bodily-resurrection|clm-eusebius-bishop-caesarea	person:eusebius-of-caesarea → person_affirms_proposition → proposition:bodies-will-be-raised-at-last-day + person:eusebius-of-caesarea → bishop_of → place:caesarea
edge-5ff176c94532eb8f	proposition	bodies-will-be-raised-at-last-day	place	alexandria	proposition_place	derived	person_affirms_proposition+active_in	313	339	probable	clm-eusebius-active-alexandria|clm-eusebius-affirms-bodily-resurrection	person:eusebius-of-caesarea → person_affirms_proposition → proposition:bodies-will-be-raised-at-last-day + person:eusebius-of-caesarea → active_in → place:alexandria
edge-7850cfccc7091a78	proposition	christ-truly-became-flesh	place	antioch	proposition_place	derived	person_affirms_proposition+active_in	313	339	probable	clm-eusebius-active-antioch|clm-eusebius-affirms-incarnation	person:eusebius-of-caesarea → person_affirms_proposition → proposition:christ-truly-became-flesh + person:eusebius-of-caesarea → active_in → place:antioch
edge-8c475dfb6b813541	person	eusebius-of-caesarea	place	caesarea	person_place	direct	bishop_of	313	339	probable	clm-eusebius-bishop-caesarea	person:eusebius-of-caesarea → bishop_of → place:caesarea
edge-915c19126d29be9e	proposition	bodies-will-be-raised-at-last-day	place	antioch	proposition_place	derived	person_affirms_proposition+active_in	313	339	probable	clm-eusebius-active-antioch|clm-eusebius-affirms-bodily-resurrection	person:eusebius-of-caesarea → person_affirms_proposition → proposition:bodies-will-be-raised-at-last-day + person:eusebius-of-caesarea → active_in → place:antioch
edge-98d5da199bc2de19	proposition	old-testament-is-authoritative-scripture	place	alexandria	proposition_place	derived	person_affirms_proposition+active_in	313	339	probable	clm-eusebius-active-alexandria|clm-eusebius-affirms-ot-scripture	person:eusebius-of-caesarea → person_affirms_proposition → proposition:old-testament-is-authoritative-scripture + person:eusebius-of-caesarea → active_in → place:alexandria
edge-aa7889b9bb18da87	proposition	christ-truly-became-flesh	place	alexandria	proposition_place	derived	person_affirms_proposition+active_in	313	339	probable	clm-eusebius-active-alexandria|clm-eusebius-affirms-incarnation	person:eusebius-of-caesarea → person_affirms_proposition → proposition:christ-truly-became-flesh + person:eusebius-of-caesarea → active_in → place:alexandria
edge-bf8c16836bc93ac0	proposition	old-testament-is-authoritative-scripture	place	caesarea	proposition_place	derived	person_affirms_proposition+bishop_of	313	339	probable	clm-eusebius-affirms-ot-scripture|clm-eusebius-bishop-caesarea	person:eusebius-of-caesarea → person_affirms_proposition → proposition:old-testament-is-authoritative-scripture + person:eusebius-of-caesarea → bishop_of → place:caesarea
edge-c56fb5b1a2676b34	proposition	rule-of-faith-received-from-apostles	place	alexandria	proposition_place	derived	person_affirms_proposition+active_in	313	339	probable	clm-eusebius-active-alexandria|clm-eusebius-affirms-rule-of-faith	person:eusebius-of-caesarea → person_affirms_proposition → proposition:rule-of-faith-received-from-apostles + person:eusebius-of-caesarea → active_in → place:alexandria
edge-ad8be87d0be73609	group	british-church	place	arles	group_place	direct	group_present_at	314	314	attested	clm-british-church-group-present-arles	group:british-church → group_present_at → place:arles
edge-a3ae223da2ff2653	group	british-church	place	londinium	group_place	direct	controls_place	314	380	probable	clm-british-church-controls-londinium	group:british-church → controls_place → place:londinium
edge-b2e01f2d398e7bf6	group	british-church	place	britannia	group_place	direct	controls_place	314	380	probable	clm-british-church-controls-britannia	group:british-church → controls_place → place:britannia
edge-77d996d7092a6e55	proposition	logos-is-pre-existent-son-of-god	place	alexandria	proposition_place	derived	person_opposes_proposition+active_in	318	336	probable	clm-arius-active-alexandria|clm-arius-opposes-logos	person:arius → person_opposes_proposition → proposition:logos-is-pre-existent-son-of-god + person:arius → active_in → place:alexandria
edge-97544e757294aa97	proposition	son-is-eternally-generated	place	alexandria	proposition_place	derived	person_opposes_proposition+active_in	318	336	probable	clm-arius-active-alexandria|clm-arius-opposes-eternal-generation	person:arius → person_opposes_proposition → proposition:son-is-eternally-generated + person:arius → active_in → place:alexandria
edge-e64f8125d2e62966	proposition	christ-truly-became-flesh	place	alexandria	proposition_place	derived	person_opposes_proposition+active_in	318	336	probable	clm-arius-active-alexandria|clm-arius-opposes-incarnation-real	person:arius → person_opposes_proposition → proposition:christ-truly-became-flesh + person:arius → active_in → place:alexandria
edge-f0b300cbaf571243	proposition	trinity-is-three-persons-one-substance	place	alexandria	proposition_place	derived	person_opposes_proposition+active_in	318	336	probable	clm-arius-active-alexandria|clm-arius-opposes-trinity	person:arius → person_opposes_proposition → proposition:trinity-is-three-persons-one-substance + person:arius → active_in → place:alexandria
edge-872d6d8392c00139	proposition	christianity-established-in-arabia	place	caesarea	proposition_place	derived	work_mentions_proposition+written_at	325	325	probable	clm-eusebius-he-mentions-arabia|clm-eusebius-he-written-caesarea	work:ecclesiastical-history-of-eusebius → work_mentions_proposition → proposition:christianity-established-in-arabia + work:ecclesiastical-history-of-eusebius → written_at → place:caesarea
edge-8d8af572ad6d4686	proposition	christ-dominion-is-universal	place	caesarea	proposition_place	derived	work_affirms_proposition+written_at	325	325	probable	clm-eusebius-he-affirms-universal|clm-eusebius-he-written-caesarea	work:ecclesiastical-history-of-eusebius → work_affirms_proposition → proposition:christ-dominion-is-universal + work:ecclesiastical-history-of-eusebius → written_at → place:caesarea
edge-90729dc787144f19	proposition	christianity-reached-britannia	place	caesarea	proposition_place	derived	person_affirms_proposition+bishop_of	325	325	possible	clm-eusebius-affirms-britannia|clm-eusebius-bishop-caesarea	person:eusebius-of-caesarea → person_affirms_proposition → proposition:christianity-reached-britannia + person:eusebius-of-caesarea → bishop_of → place:caesarea
edge-9dd97431a5e50ac3	event	council-of-nicaea-325	place	nicaea	event_place	direct	event_occurs_at	325	325	attested	clm-nicaea-occurs-at-nicaea	event:council-of-nicaea-325 → event_occurs_at → place:nicaea
edge-9ef9f27d561d6f22	proposition	christianity-established-in-ethiopia	place	caesarea	proposition_place	derived	work_mentions_proposition+written_at	325	325	possible	clm-eusebius-he-affirms-ethiopia|clm-eusebius-he-written-caesarea	work:ecclesiastical-history-of-eusebius → work_mentions_proposition → proposition:christianity-established-in-ethiopia + work:ecclesiastical-history-of-eusebius → written_at → place:caesarea
edge-b4dcd9bf020e9a17	proposition	gospel-reached-india	place	caesarea	proposition_place	derived	work_affirms_proposition+written_at	325	325	probable	clm-eusebius-he-affirms-india-reached|clm-eusebius-he-written-caesarea	work:ecclesiastical-history-of-eusebius → work_affirms_proposition → proposition:gospel-reached-india + work:ecclesiastical-history-of-eusebius → written_at → place:caesarea
edge-b9fd05f00bca441d	proposition	christianity-reached-britannia	place	antioch	proposition_place	derived	person_affirms_proposition+active_in	325	325	possible	clm-eusebius-active-antioch|clm-eusebius-affirms-britannia	person:eusebius-of-caesarea → person_affirms_proposition → proposition:christianity-reached-britannia + person:eusebius-of-caesarea → active_in → place:antioch
edge-bb83fcfcc698bb19	proposition	thomas-preached-in-india	place	caesarea	proposition_place	derived	work_mentions_proposition+written_at	325	325	probable	clm-eusebius-he-mentions-thomas-india|clm-eusebius-he-written-caesarea	work:ecclesiastical-history-of-eusebius → work_mentions_proposition → proposition:thomas-preached-in-india + work:ecclesiastical-history-of-eusebius → written_at → place:caesarea
edge-bcb0bf2bd4cf2be8	proposition	christianity-reached-britannia	place	alexandria	proposition_place	derived	person_affirms_proposition+active_in	325	325	possible	clm-eusebius-active-alexandria|clm-eusebius-affirms-britannia	person:eusebius-of-caesarea → person_affirms_proposition → proposition:christianity-reached-britannia + person:eusebius-of-caesarea → active_in → place:alexandria
edge-ced297c4e8aec313	proposition	gospel-reached-india	place	caesarea	proposition_place	derived	work_mentions_proposition+written_at	325	325	probable	clm-eusebius-he-mentions-pantaenus-mission|clm-eusebius-he-written-caesarea	work:ecclesiastical-history-of-eusebius → work_mentions_proposition → proposition:gospel-reached-india + work:ecclesiastical-history-of-eusebius → written_at → place:caesarea
edge-db70978dcfc4c8d0	proposition	bartholomew-preached-in-india	place	caesarea	proposition_place	derived	work_affirms_proposition+written_at	325	325	probable	clm-eusebius-he-affirms-bartholomew-india|clm-eusebius-he-written-caesarea	work:ecclesiastical-history-of-eusebius → work_affirms_proposition → proposition:bartholomew-preached-in-india + work:ecclesiastical-history-of-eusebius → written_at → place:caesarea
edge-8471162333cc9177	person	eusebius-of-caesarea	place	antioch	person_place	direct	active_in	325	330	probable	clm-eusebius-active-antioch	person:eusebius-of-caesarea → active_in → place:antioch
edge-0e73b59521b2d419	proposition	logos-is-pre-existent-son-of-god	place	trier	proposition_place	derived	person_affirms_proposition+active_in	328	373	probable	clm-athanasius-active-trier|clm-athanasius-affirms-logos	person:athanasius-of-alexandria → person_affirms_proposition → proposition:logos-is-pre-existent-son-of-god + person:athanasius-of-alexandria → active_in → place:trier
edge-10fd314beff1fc83	proposition	bodies-will-be-raised-at-last-day	place	trier	proposition_place	derived	person_affirms_proposition+active_in	328	373	probable	clm-athanasius-active-trier|clm-athanasius-affirms-bodily-resurrection	person:athanasius-of-alexandria → person_affirms_proposition → proposition:bodies-will-be-raised-at-last-day + person:athanasius-of-alexandria → active_in → place:trier
edge-1201cc646e63b2f1	proposition	trinity-is-three-persons-one-substance	place	alexandria	proposition_place	derived	person_affirms_proposition+bishop_of	328	373	probable	clm-athanasius-affirms-trinity|clm-athanasius-bishop-alexandria	person:athanasius-of-alexandria → person_affirms_proposition → proposition:trinity-is-three-persons-one-substance + person:athanasius-of-alexandria → bishop_of → place:alexandria
edge-21365141f913fcaf	proposition	son-is-eternally-generated	place	rome	proposition_place	derived	person_affirms_proposition+active_in	328	373	probable	clm-athanasius-active-rome|clm-athanasius-affirms-eternal-generation	person:athanasius-of-alexandria → person_affirms_proposition → proposition:son-is-eternally-generated + person:athanasius-of-alexandria → active_in → place:rome
edge-2430eb54b3927a70	proposition	trinity-is-three-persons-one-substance	place	trier	proposition_place	derived	person_affirms_proposition+active_in	328	373	probable	clm-athanasius-active-trier|clm-athanasius-affirms-trinity	person:athanasius-of-alexandria → person_affirms_proposition → proposition:trinity-is-three-persons-one-substance + person:athanasius-of-alexandria → active_in → place:trier
edge-392de990981f11c1	person	athanasius-of-alexandria	place	alexandria	person_place	direct	bishop_of	328	373	probable	clm-athanasius-bishop-alexandria	person:athanasius-of-alexandria → bishop_of → place:alexandria
edge-46fbff7379316eb6	proposition	christianity-established-in-ethiopia	place	trier	proposition_place	derived	person_affirms_proposition+active_in	328	373	probable	clm-athanasius-active-trier|clm-person-athanasius-affirms-ethiopia	person:athanasius-of-alexandria → person_affirms_proposition → proposition:christianity-established-in-ethiopia + person:athanasius-of-alexandria → active_in → place:trier
edge-4ff1ad93a7ee3472	proposition	christ-truly-became-flesh	place	trier	proposition_place	derived	person_affirms_proposition+active_in	328	373	probable	clm-athanasius-active-trier|clm-athanasius-affirms-incarnation	person:athanasius-of-alexandria → person_affirms_proposition → proposition:christ-truly-became-flesh + person:athanasius-of-alexandria → active_in → place:trier
edge-53dedc0657a90c70	proposition	jesus-born-of-virgin	place	alexandria	proposition_place	derived	person_affirms_proposition+bishop_of	328	373	probable	clm-athanasius-affirms-virgin-birth|clm-athanasius-bishop-alexandria	person:athanasius-of-alexandria → person_affirms_proposition → proposition:jesus-born-of-virgin + person:athanasius-of-alexandria → bishop_of → place:alexandria
edge-57e830c0075a8f50	proposition	son-is-eternally-generated	place	alexandria	proposition_place	derived	person_affirms_proposition+bishop_of	328	373	probable	clm-athanasius-affirms-eternal-generation|clm-athanasius-bishop-alexandria	person:athanasius-of-alexandria → person_affirms_proposition → proposition:son-is-eternally-generated + person:athanasius-of-alexandria → bishop_of → place:alexandria
edge-640336fc88a603a5	proposition	logos-is-pre-existent-son-of-god	place	alexandria	proposition_place	derived	person_affirms_proposition+bishop_of	328	373	probable	clm-athanasius-affirms-logos|clm-athanasius-bishop-alexandria	person:athanasius-of-alexandria → person_affirms_proposition → proposition:logos-is-pre-existent-son-of-god + person:athanasius-of-alexandria → bishop_of → place:alexandria
edge-6879e31e491776da	proposition	christianity-established-in-ethiopia	place	rome	proposition_place	derived	person_affirms_proposition+active_in	328	373	probable	clm-athanasius-active-rome|clm-person-athanasius-affirms-ethiopia	person:athanasius-of-alexandria → person_affirms_proposition → proposition:christianity-established-in-ethiopia + person:athanasius-of-alexandria → active_in → place:rome
edge-7d0fd32137a40e24	proposition	jesus-born-of-virgin	place	rome	proposition_place	derived	person_affirms_proposition+active_in	328	373	probable	clm-athanasius-active-rome|clm-athanasius-affirms-virgin-birth	person:athanasius-of-alexandria → person_affirms_proposition → proposition:jesus-born-of-virgin + person:athanasius-of-alexandria → active_in → place:rome
edge-88514679829d64df	proposition	apostolic-succession-transmits-faith	place	rome	proposition_place	derived	person_affirms_proposition+active_in	328	373	probable	clm-athanasius-active-rome|clm-athanasius-affirms-succession	person:athanasius-of-alexandria → person_affirms_proposition → proposition:apostolic-succession-transmits-faith + person:athanasius-of-alexandria → active_in → place:rome
edge-8fd17870ac574475	proposition	jesus-born-of-virgin	place	trier	proposition_place	derived	person_affirms_proposition+active_in	328	373	probable	clm-athanasius-active-trier|clm-athanasius-affirms-virgin-birth	person:athanasius-of-alexandria → person_affirms_proposition → proposition:jesus-born-of-virgin + person:athanasius-of-alexandria → active_in → place:trier
edge-ad94d00172705f61	proposition	christ-truly-became-flesh	place	alexandria	proposition_place	derived	person_affirms_proposition+bishop_of	328	373	probable	clm-athanasius-affirms-incarnation|clm-athanasius-bishop-alexandria	person:athanasius-of-alexandria → person_affirms_proposition → proposition:christ-truly-became-flesh + person:athanasius-of-alexandria → bishop_of → place:alexandria
edge-b08996cf399b6e9d	proposition	logos-is-pre-existent-son-of-god	place	rome	proposition_place	derived	person_affirms_proposition+active_in	328	373	probable	clm-athanasius-active-rome|clm-athanasius-affirms-logos	person:athanasius-of-alexandria → person_affirms_proposition → proposition:logos-is-pre-existent-son-of-god + person:athanasius-of-alexandria → active_in → place:rome
edge-bbae727d1ebf2611	proposition	apostolic-succession-transmits-faith	place	trier	proposition_place	derived	person_affirms_proposition+active_in	328	373	probable	clm-athanasius-active-trier|clm-athanasius-affirms-succession	person:athanasius-of-alexandria → person_affirms_proposition → proposition:apostolic-succession-transmits-faith + person:athanasius-of-alexandria → active_in → place:trier
edge-bd550d42fbf4ed8f	proposition	son-is-eternally-generated	place	trier	proposition_place	derived	person_affirms_proposition+active_in	328	373	probable	clm-athanasius-active-trier|clm-athanasius-affirms-eternal-generation	person:athanasius-of-alexandria → person_affirms_proposition → proposition:son-is-eternally-generated + person:athanasius-of-alexandria → active_in → place:trier
edge-bea69aa4c58441b2	proposition	bodies-will-be-raised-at-last-day	place	alexandria	proposition_place	derived	person_affirms_proposition+bishop_of	328	373	probable	clm-athanasius-affirms-bodily-resurrection|clm-athanasius-bishop-alexandria	person:athanasius-of-alexandria → person_affirms_proposition → proposition:bodies-will-be-raised-at-last-day + person:athanasius-of-alexandria → bishop_of → place:alexandria
edge-c51330c7c226190a	proposition	bodies-will-be-raised-at-last-day	place	rome	proposition_place	derived	person_affirms_proposition+active_in	328	373	probable	clm-athanasius-active-rome|clm-athanasius-affirms-bodily-resurrection	person:athanasius-of-alexandria → person_affirms_proposition → proposition:bodies-will-be-raised-at-last-day + person:athanasius-of-alexandria → active_in → place:rome
edge-d3db00a230346200	proposition	christianity-established-in-ethiopia	place	alexandria	proposition_place	derived	person_affirms_proposition+bishop_of	328	373	probable	clm-athanasius-bishop-alexandria|clm-person-athanasius-affirms-ethiopia	person:athanasius-of-alexandria → person_affirms_proposition → proposition:christianity-established-in-ethiopia + person:athanasius-of-alexandria → bishop_of → place:alexandria
edge-dee03bc165a8b227	proposition	christ-truly-became-flesh	place	rome	proposition_place	derived	person_affirms_proposition+active_in	328	373	probable	clm-athanasius-active-rome|clm-athanasius-affirms-incarnation	person:athanasius-of-alexandria → person_affirms_proposition → proposition:christ-truly-became-flesh + person:athanasius-of-alexandria → active_in → place:rome
edge-f6f4a7e8db2fcf00	proposition	apostolic-succession-transmits-faith	place	alexandria	proposition_place	derived	person_affirms_proposition+bishop_of	328	373	probable	clm-athanasius-affirms-succession|clm-athanasius-bishop-alexandria	person:athanasius-of-alexandria → person_affirms_proposition → proposition:apostolic-succession-transmits-faith + person:athanasius-of-alexandria → bishop_of → place:alexandria
edge-f9499ab7f799ac4e	proposition	trinity-is-three-persons-one-substance	place	rome	proposition_place	derived	person_affirms_proposition+active_in	328	373	probable	clm-athanasius-active-rome|clm-athanasius-affirms-trinity	person:athanasius-of-alexandria → person_affirms_proposition → proposition:trinity-is-three-persons-one-substance + person:athanasius-of-alexandria → active_in → place:rome
edge-191d2069bfb78a99	group	aksumite-church	place	egypt	group_place	direct	group_present_at	328	380	probable	clm-aksumite-church-at-egypt	group:aksumite-church → group_present_at → place:egypt
edge-e38ad3a8cb78dc38	group	aksumite-church	place	alexandria	group_place	direct	group_present_at	328	380	probable	clm-aksumite-church-at-alexandria	group:aksumite-church → group_present_at → place:alexandria
edge-3758432e22e6860a	proposition	christianity-established-in-ethiopia	place	tyre	proposition_place	derived	person_affirms_proposition+active_in	328	383	probable	clm-frumentius-active-tyre|clm-person-frumentius-affirms-ethiopia	person:frumentius → person_affirms_proposition → proposition:christianity-established-in-ethiopia + person:frumentius → active_in → place:tyre
edge-8f9d75bb0d650669	proposition	christ-dominion-is-universal	place	aksum	proposition_place	derived	person_affirms_proposition+bishop_of	328	383	probable	clm-frumentius-affirms-dominion|clm-frumentius-bishop-aksum	person:frumentius → person_affirms_proposition → proposition:christ-dominion-is-universal + person:frumentius → bishop_of → place:aksum
edge-a06c28aea2d1d21d	proposition	christianity-established-in-ethiopia	place	aksum	proposition_place	derived	person_affirms_proposition+bishop_of	328	383	probable	clm-frumentius-bishop-aksum|clm-person-frumentius-affirms-ethiopia	person:frumentius → person_affirms_proposition → proposition:christianity-established-in-ethiopia + person:frumentius → bishop_of → place:aksum
edge-e338e4f5d5fb85ea	proposition	christ-dominion-is-universal	place	tyre	proposition_place	derived	person_affirms_proposition+active_in	328	383	probable	clm-frumentius-active-tyre|clm-frumentius-affirms-dominion	person:frumentius → person_affirms_proposition → proposition:christ-dominion-is-universal + person:frumentius → active_in → place:tyre
edge-810451a9fff9f8a2	person	ezana-of-aksum	place	aksum	person_place	direct	active_in	330	356	attested	clm-ezana-active-aksum	person:ezana-of-aksum → active_in → place:aksum
edge-95a570d1c8e8cd60	person	frumentius	place	aksum	person_place	direct	bishop_of	333	383	attested	clm-frumentius-bishop-aksum	person:frumentius → bishop_of → place:aksum
edge-361c2f5e9b904b56	person	athanasius-of-alexandria	place	trier	person_place	direct	active_in	335	337	probable	clm-athanasius-active-trier	person:athanasius-of-alexandria → active_in → place:trier
edge-e515e8516595d01f	work	vita-constantini-eusebius	place	caesarea	work_place	direct	written_at	337	339	probable	clm-vita-const-written-caesarea	work:vita-constantini-eusebius → written_at → place:caesarea
edge-2004a2b62fba43b5	person	constantius-ii	place	rome	person_place	direct	active_in	337	350	attested	clm-constantius-active-rome	person:constantius-ii → active_in → place:rome
edge-16bf110bf7740b88	person	constantius-ii	place	antioch	person_place	direct	active_in	337	361	attested	clm-constantius-active-antioch	person:constantius-ii → active_in → place:antioch
edge-0fcecda996e23dd7	proposition	christianity-established-in-ethiopia	place	caesarea	proposition_place	derived	work_affirms_proposition+written_at	339	339	probable	clm-vita-const-affirms-ethiopia|clm-vita-const-written-caesarea	work:vita-constantini-eusebius → work_affirms_proposition → proposition:christianity-established-in-ethiopia + work:vita-constantini-eusebius → written_at → place:caesarea
edge-389b984929b94caf	proposition	christ-dominion-is-universal	place	caesarea	proposition_place	derived	work_affirms_proposition+written_at	339	339	probable	clm-vita-const-affirms-universal|clm-vita-const-written-caesarea	work:vita-constantini-eusebius → work_affirms_proposition → proposition:christ-dominion-is-universal + work:vita-constantini-eusebius → written_at → place:caesarea
edge-5e16f2a623828ad5	proposition	christianity-established-in-ethiopia	place	caesarea	proposition_place	derived	work_mentions_proposition+written_at	339	339	probable	clm-vita-const-mentions-ethiopia|clm-vita-const-written-caesarea	work:vita-constantini-eusebius → work_mentions_proposition → proposition:christianity-established-in-ethiopia + work:vita-constantini-eusebius → written_at → place:caesarea
edge-9b81437c5738a7e9	proposition	christianity-established-in-arabia	place	caesarea	proposition_place	derived	work_mentions_proposition+written_at	339	339	possible	clm-vita-const-mentions-arabia|clm-vita-const-written-caesarea	work:vita-constantini-eusebius → work_mentions_proposition → proposition:christianity-established-in-arabia + work:vita-constantini-eusebius → written_at → place:caesarea
edge-ec868df2e1f602fc	proposition	gospel-reached-india	place	caesarea	proposition_place	derived	work_mentions_proposition+written_at	339	339	possible	clm-vita-const-mentions-india|clm-vita-const-written-caesarea	work:vita-constantini-eusebius → work_mentions_proposition → proposition:gospel-reached-india + work:vita-constantini-eusebius → written_at → place:caesarea
edge-e27e31a8f5d4701e	person	athanasius-of-alexandria	place	rome	person_place	direct	active_in	339	346	probable	clm-athanasius-active-rome	person:athanasius-of-alexandria → active_in → place:rome
edge-8a40eba7563a1781	proposition	christ-dominion-is-universal	place	aksum	proposition_place	derived	person_affirms_proposition+active_in	340	356	probable	clm-ezana-active-aksum|clm-person-ezana-affirms-dominion	person:ezana-of-aksum → person_affirms_proposition → proposition:christ-dominion-is-universal + person:ezana-of-aksum → active_in → place:aksum
edge-b16acdd99fd85d4d	proposition	christianity-established-in-ethiopia	place	aksum	proposition_place	derived	person_affirms_proposition+active_in	340	356	probable	clm-ezana-active-aksum|clm-ezana-affirms-ethiopia	person:ezana-of-aksum → person_affirms_proposition → proposition:christianity-established-in-ethiopia + person:ezana-of-aksum → active_in → place:aksum
edge-c0130f554354b693	group	aksumite-church	place	aksum	group_place	direct	controls_place	340	380	probable	clm-aksumite-church-controls-aksum	group:aksumite-church → controls_place → place:aksum
edge-4952ed83611101fb	proposition	christianity-established-in-arabia	place	antioch	proposition_place	derived	person_affirms_proposition+active_in	354	356	probable	clm-constantius-active-antioch|clm-constantius-affirms-arabia	person:constantius-ii → person_affirms_proposition → proposition:christianity-established-in-arabia + person:constantius-ii → active_in → place:antioch
edge-acaa4e057f2a3463	proposition	christianity-established-in-arabia	place	rome	proposition_place	derived	person_affirms_proposition+active_in	354	356	probable	clm-constantius-active-rome|clm-constantius-affirms-arabia	person:constantius-ii → person_affirms_proposition → proposition:christianity-established-in-arabia + person:constantius-ii → active_in → place:rome
edge-fc70dfa1a7be1cab	person	theophilus-the-indian	place	zafar	person_place	direct	active_in	354	356	probable	clm-theophilus-active-zafar	person:theophilus-the-indian → active_in → place:zafar
edge-e8033685a1835f65	proposition	christianity-established-in-arabia	place	india-malabar	proposition_place	derived	person_affirms_proposition+active_in	354	364	probable	clm-person-theophilus-affirms-arabia|clm-theophilus-active-india	person:theophilus-the-indian → person_affirms_proposition → proposition:christianity-established-in-arabia + person:theophilus-the-indian → active_in → place:india-malabar
edge-f50952eb4564017f	proposition	christianity-established-in-arabia	place	zafar	proposition_place	derived	person_affirms_proposition+active_in	354	364	probable	clm-person-theophilus-affirms-arabia|clm-theophilus-active-zafar	person:theophilus-the-indian → person_affirms_proposition → proposition:christianity-established-in-arabia + person:theophilus-the-indian → active_in → place:zafar
edge-56cfc9f17f1ce064	group	arabian-christians	place	najran	group_place	direct	controls_place	354	380	possible	clm-arabian-christians-controls-najran	group:arabian-christians → controls_place → place:najran
edge-7ac18aace2631a20	group	arabian-christians	place	zafar	group_place	direct	controls_place	354	380	probable	clm-arabian-christians-controls-zafar	group:arabian-christians → controls_place → place:zafar
edge-a157e2bc9c3f8159	proposition	christianity-established-in-ethiopia	place	rome	proposition_place	derived	person_affirms_proposition+active_in	356	356	probable	clm-constantius-active-rome|clm-person-constantius-affirms-ethiopia	person:constantius-ii → person_affirms_proposition → proposition:christianity-established-in-ethiopia + person:constantius-ii → active_in → place:rome
edge-ee35392ce5da13a1	proposition	christianity-established-in-ethiopia	place	antioch	proposition_place	derived	person_affirms_proposition+active_in	356	356	probable	clm-constantius-active-antioch|clm-person-constantius-affirms-ethiopia	person:constantius-ii → person_affirms_proposition → proposition:christianity-established-in-ethiopia + person:constantius-ii → active_in → place:antioch
edge-6d888b82710b8906	proposition	gospel-reached-india	place	india-malabar	proposition_place	derived	person_affirms_proposition+active_in	356	364	possible	clm-person-theophilus-affirms-india|clm-theophilus-active-india	person:theophilus-the-indian → person_affirms_proposition → proposition:gospel-reached-india + person:theophilus-the-indian → active_in → place:india-malabar
edge-90a30a6823448c44	person	theophilus-the-indian	place	india-malabar	person_place	direct	active_in	356	364	possible	clm-theophilus-active-india	person:theophilus-the-indian → active_in → place:india-malabar
edge-95d1eeef1a298194	proposition	gospel-reached-india	place	zafar	proposition_place	derived	person_affirms_proposition+active_in	356	364	possible	clm-person-theophilus-affirms-india|clm-theophilus-active-zafar	person:theophilus-the-indian → person_affirms_proposition → proposition:gospel-reached-india + person:theophilus-the-indian → active_in → place:zafar
edge-067e6222b9521f14	proposition	jesus-born-of-virgin	place	edessa	proposition_place	derived	work_affirms_proposition+written_at	360	370	probable	clm-comdiat-affirms-virgin-birth|clm-comm-diat-written-edessa	work:commentary-on-diatessaron-ephrem → work_affirms_proposition → proposition:jesus-born-of-virgin + work:commentary-on-diatessaron-ephrem → written_at → place:edessa
edge-07c322954115f6e3	proposition	christ-truly-suffered-and-died	place	edessa	proposition_place	derived	work_affirms_proposition+written_at	360	370	probable	clm-comdiat-affirms-passion|clm-comm-diat-written-edessa	work:commentary-on-diatessaron-ephrem → work_affirms_proposition → proposition:christ-truly-suffered-and-died + work:commentary-on-diatessaron-ephrem → written_at → place:edessa
edge-25cfaf2ef06ab98c	proposition	bodies-will-be-raised-at-last-day	place	edessa	proposition_place	derived	work_affirms_proposition+written_at	360	370	probable	clm-comdiat-affirms-resurrection|clm-comm-diat-written-edessa	work:commentary-on-diatessaron-ephrem → work_affirms_proposition → proposition:bodies-will-be-raised-at-last-day + work:commentary-on-diatessaron-ephrem → written_at → place:edessa
edge-2ae28220c6833441	proposition	gospel-harmony-is-authoritative	place	edessa	proposition_place	derived	work_affirms_proposition+written_at	360	370	probable	clm-comdiat-affirms-gospel-harmony|clm-comm-diat-written-edessa	work:commentary-on-diatessaron-ephrem → work_affirms_proposition → proposition:gospel-harmony-is-authoritative + work:commentary-on-diatessaron-ephrem → written_at → place:edessa
edge-5e6e1af43b8b2438	proposition	christ-truly-became-flesh	place	edessa	proposition_place	derived	work_affirms_proposition+written_at	360	370	probable	clm-comdiat-affirms-incarnation|clm-comm-diat-written-edessa	work:commentary-on-diatessaron-ephrem → work_affirms_proposition → proposition:christ-truly-became-flesh + work:commentary-on-diatessaron-ephrem → written_at → place:edessa
edge-68aafffc77ea9527	proposition	logos-is-pre-existent-son-of-god	place	edessa	proposition_place	derived	work_affirms_proposition+written_at	360	370	probable	clm-comdiat-affirms-logos|clm-comm-diat-written-edessa	work:commentary-on-diatessaron-ephrem → work_affirms_proposition → proposition:logos-is-pre-existent-son-of-god + work:commentary-on-diatessaron-ephrem → written_at → place:edessa
edge-68beb242d682eea1	proposition	eucharist-is-body-and-blood	place	edessa	proposition_place	derived	work_affirms_proposition+written_at	360	370	probable	clm-comdiat-affirms-eucharist-body-blood|clm-comm-diat-written-edessa	work:commentary-on-diatessaron-ephrem → work_affirms_proposition → proposition:eucharist-is-body-and-blood + work:commentary-on-diatessaron-ephrem → written_at → place:edessa
edge-a773bd5db90fe84e	proposition	repentance-is-required	place	edessa	proposition_place	derived	work_affirms_proposition+written_at	360	370	probable	clm-comdiat-affirms-repentance|clm-comm-diat-written-edessa	work:commentary-on-diatessaron-ephrem → work_affirms_proposition → proposition:repentance-is-required + work:commentary-on-diatessaron-ephrem → written_at → place:edessa
edge-af3bf02afc5171d1	proposition	old-testament-is-authoritative-scripture	place	edessa	proposition_place	derived	work_affirms_proposition+written_at	360	370	probable	clm-comdiat-affirms-ot-authority|clm-comm-diat-written-edessa	work:commentary-on-diatessaron-ephrem → work_affirms_proposition → proposition:old-testament-is-authoritative-scripture + work:commentary-on-diatessaron-ephrem → written_at → place:edessa
edge-b9981c8f8e58299f	work	commentary-on-diatessaron-ephrem	place	edessa	work_place	direct	written_at	360	370	probable	clm-comm-diat-written-edessa	work:commentary-on-diatessaron-ephrem → written_at → place:edessa
edge-02a0747c1ed827fe	proposition	eucharist-is-medicine-of-immortality	place	edessa	proposition_place	derived	work_affirms_proposition+written_at	363	373	probable	clm-faith-written-edessa|clm-hof-affirms-eucharist-medicine	work:hymns-on-faith-ephrem → work_affirms_proposition → proposition:eucharist-is-medicine-of-immortality + work:hymns-on-faith-ephrem → written_at → place:edessa
edge-0330fe46ffcedd7c	proposition	jesus-born-of-virgin	place	edessa	proposition_place	derived	work_affirms_proposition+written_at	363	373	probable	clm-faith-written-edessa|clm-hof-affirms-virgin-birth	work:hymns-on-faith-ephrem → work_affirms_proposition → proposition:jesus-born-of-virgin + work:hymns-on-faith-ephrem → written_at → place:edessa
edge-1446dd055ae8c8b6	proposition	prayer-is-offered-without-ceasing	place	nisibis	proposition_place	derived	person_affirms_proposition+active_in	363	373	probable	clm-ephrem-active-nisibis|clm-ephrem-affirms-prayer	person:ephrem-the-syrian → person_affirms_proposition → proposition:prayer-is-offered-without-ceasing + person:ephrem-the-syrian → active_in → place:nisibis
edge-1d2d10fdfbac4d78	proposition	perpetual-virginity-of-mary	place	edessa	proposition_place	derived	work_affirms_proposition+written_at	363	373	probable	clm-hon-affirms-perpetual-virginity|clm-nativity-written-edessa	work:hymns-on-nativity-ephrem → work_affirms_proposition → proposition:perpetual-virginity-of-mary + work:hymns-on-nativity-ephrem → written_at → place:edessa
edge-250cc76060344c96	proposition	christ-truly-became-flesh	place	edessa	proposition_place	derived	work_affirms_proposition+written_at	363	373	probable	clm-hah-affirms-incarnation|clm-heresies-written-edessa	work:hymns-against-heresies-ephrem → work_affirms_proposition → proposition:christ-truly-became-flesh + work:hymns-against-heresies-ephrem → written_at → place:edessa
edge-28806ae849553e5e	proposition	jesus-born-of-virgin	place	edessa	proposition_place	derived	work_affirms_proposition+written_at	363	373	probable	clm-hon-affirms-virgin-birth|clm-nativity-written-edessa	work:hymns-on-nativity-ephrem → work_affirms_proposition → proposition:jesus-born-of-virgin + work:hymns-on-nativity-ephrem → written_at → place:edessa
edge-36bb323d275a03a5	proposition	free-will-grounds-moral-responsibility	place	edessa	proposition_place	derived	work_affirms_proposition+written_at	363	373	probable	clm-hah-affirms-free-will|clm-heresies-written-edessa	work:hymns-against-heresies-ephrem → work_affirms_proposition → proposition:free-will-grounds-moral-responsibility + work:hymns-against-heresies-ephrem → written_at → place:edessa
edge-3838cfe79098ffa7	proposition	jesus-born-of-virgin	place	edessa	proposition_place	derived	work_affirms_proposition+written_at	363	373	probable	clm-hah-affirms-virgin-birth|clm-heresies-written-edessa	work:hymns-against-heresies-ephrem → work_affirms_proposition → proposition:jesus-born-of-virgin + work:hymns-against-heresies-ephrem → written_at → place:edessa
edge-48e38018aade7988	proposition	eucharist-is-body-and-blood	place	edessa	proposition_place	derived	work_affirms_proposition+written_at	363	373	probable	clm-faith-written-edessa|clm-hof-affirms-eucharist-body-blood	work:hymns-on-faith-ephrem → work_affirms_proposition → proposition:eucharist-is-body-and-blood + work:hymns-on-faith-ephrem → written_at → place:edessa
edge-516e9e61094c0a33	proposition	bodies-will-be-raised-at-last-day	place	edessa	proposition_place	derived	work_affirms_proposition+written_at	363	373	probable	clm-hah-affirms-resurrection|clm-heresies-written-edessa	work:hymns-against-heresies-ephrem → work_affirms_proposition → proposition:bodies-will-be-raised-at-last-day + work:hymns-against-heresies-ephrem → written_at → place:edessa
edge-51b0e81919686f03	proposition	son-is-eternally-generated	place	edessa	proposition_place	derived	work_affirms_proposition+written_at	363	373	probable	clm-faith-written-edessa|clm-hof-affirms-eternal-generation	work:hymns-on-faith-ephrem → work_affirms_proposition → proposition:son-is-eternally-generated + work:hymns-on-faith-ephrem → written_at → place:edessa
edge-586936898f08d370	proposition	christ-truly-became-flesh	place	edessa	proposition_place	derived	work_affirms_proposition+written_at	363	373	probable	clm-hop-affirms-incarnation|clm-paradise-written-edessa	work:hymns-on-paradise-ephrem → work_affirms_proposition → proposition:christ-truly-became-flesh + work:hymns-on-paradise-ephrem → written_at → place:edessa
edge-59641541846cbb58	person	ephrem-the-syrian	place	edessa	person_place	direct	active_in	363	373	attested	clm-ephrem-active-edessa	person:ephrem-the-syrian → active_in → place:edessa
edge-5c4b30901a2bbb8c	proposition	baptism-effects-regeneration	place	edessa	proposition_place	derived	work_affirms_proposition+written_at	363	373	probable	clm-faith-written-edessa|clm-hof-affirms-baptism-regeneration	work:hymns-on-faith-ephrem → work_affirms_proposition → proposition:baptism-effects-regeneration + work:hymns-on-faith-ephrem → written_at → place:edessa
edge-617d5d7a059827fe	proposition	free-will-grounds-moral-responsibility	place	edessa	proposition_place	derived	work_affirms_proposition+written_at	363	373	probable	clm-faith-written-edessa|clm-hof-affirms-free-will	work:hymns-on-faith-ephrem → work_affirms_proposition → proposition:free-will-grounds-moral-responsibility + work:hymns-on-faith-ephrem → written_at → place:edessa
edge-62d58cf5d39d2fe2	proposition	bodies-will-be-raised-at-last-day	place	edessa	proposition_place	derived	work_affirms_proposition+written_at	363	373	probable	clm-hop-affirms-resurrection|clm-paradise-written-edessa	work:hymns-on-paradise-ephrem → work_affirms_proposition → proposition:bodies-will-be-raised-at-last-day + work:hymns-on-paradise-ephrem → written_at → place:edessa
edge-6dcba7c7ed6441fe	proposition	eucharist-is-medicine-of-immortality	place	edessa	proposition_place	derived	work_affirms_proposition+written_at	363	373	probable	clm-hop-affirms-eucharist-medicine|clm-paradise-written-edessa	work:hymns-on-paradise-ephrem → work_affirms_proposition → proposition:eucharist-is-medicine-of-immortality + work:hymns-on-paradise-ephrem → written_at → place:edessa
edge-722f384db3a954c6	proposition	baptism-effects-regeneration	place	edessa	proposition_place	derived	work_affirms_proposition+written_at	363	373	probable	clm-hop-affirms-baptism-regeneration|clm-paradise-written-edessa	work:hymns-on-paradise-ephrem → work_affirms_proposition → proposition:baptism-effects-regeneration + work:hymns-on-paradise-ephrem → written_at → place:edessa
edge-7f17775e17fa1eec	proposition	bodies-will-be-raised-at-last-day	place	edessa	proposition_place	derived	work_affirms_proposition+written_at	363	373	probable	clm-hon-affirms-resurrection|clm-nativity-written-edessa	work:hymns-on-nativity-ephrem → work_affirms_proposition → proposition:bodies-will-be-raised-at-last-day + work:hymns-on-nativity-ephrem → written_at → place:edessa
edge-7f7f3846a6fde37d	proposition	logos-is-pre-existent-son-of-god	place	edessa	proposition_place	derived	work_affirms_proposition+written_at	363	373	probable	clm-hah-affirms-logos|clm-heresies-written-edessa	work:hymns-against-heresies-ephrem → work_affirms_proposition → proposition:logos-is-pre-existent-son-of-god + work:hymns-against-heresies-ephrem → written_at → place:edessa
edge-83deee1e36c9c3a0	proposition	christ-truly-became-flesh	place	edessa	proposition_place	derived	work_affirms_proposition+written_at	363	373	probable	clm-hon-affirms-incarnation|clm-nativity-written-edessa	work:hymns-on-nativity-ephrem → work_affirms_proposition → proposition:christ-truly-became-flesh + work:hymns-on-nativity-ephrem → written_at → place:edessa
edge-87e02bcb3a1ce0ba	proposition	trinity-is-three-persons-one-substance	place	edessa	proposition_place	derived	work_affirms_proposition+written_at	363	373	probable	clm-hah-affirms-trinity|clm-heresies-written-edessa	work:hymns-against-heresies-ephrem → work_affirms_proposition → proposition:trinity-is-three-persons-one-substance + work:hymns-against-heresies-ephrem → written_at → place:edessa
edge-8ad9b1fc6afc3aee	proposition	christ-truly-suffered-and-died	place	edessa	proposition_place	derived	work_affirms_proposition+written_at	363	373	probable	clm-faith-written-edessa|clm-hof-affirms-passion-reality	work:hymns-on-faith-ephrem → work_affirms_proposition → proposition:christ-truly-suffered-and-died + work:hymns-on-faith-ephrem → written_at → place:edessa
edge-90346b6485d6832a	proposition	logos-is-pre-existent-son-of-god	place	edessa	proposition_place	derived	work_affirms_proposition+written_at	363	373	probable	clm-hon-affirms-logos|clm-nativity-written-edessa	work:hymns-on-nativity-ephrem → work_affirms_proposition → proposition:logos-is-pre-existent-son-of-god + work:hymns-on-nativity-ephrem → written_at → place:edessa
edge-909b25c5b58225d5	work	hymns-on-nativity-ephrem	place	edessa	work_place	direct	written_at	363	373	probable	clm-nativity-written-edessa	work:hymns-on-nativity-ephrem → written_at → place:edessa
edge-92f1d0d212307c09	proposition	prayer-is-offered-without-ceasing	place	edessa	proposition_place	derived	work_affirms_proposition+written_at	363	373	probable	clm-faith-written-edessa|clm-hof-affirms-prayer	work:hymns-on-faith-ephrem → work_affirms_proposition → proposition:prayer-is-offered-without-ceasing + work:hymns-on-faith-ephrem → written_at → place:edessa
edge-94f7c0cbc941493e	proposition	fasting-is-required	place	nisibis	proposition_place	derived	person_affirms_proposition+active_in	363	373	probable	clm-ephrem-active-nisibis|clm-ephrem-affirms-fasting	person:ephrem-the-syrian → person_affirms_proposition → proposition:fasting-is-required + person:ephrem-the-syrian → active_in → place:nisibis
edge-9b48a076bbbdd938	work	hymns-on-paradise-ephrem	place	edessa	work_place	direct	written_at	363	373	probable	clm-paradise-written-edessa	work:hymns-on-paradise-ephrem → written_at → place:edessa
edge-9d4d7ab0bad91186	proposition	final-judgment-is-coming	place	edessa	proposition_place	derived	work_affirms_proposition+written_at	363	373	probable	clm-hop-affirms-judgment|clm-paradise-written-edessa	work:hymns-on-paradise-ephrem → work_affirms_proposition → proposition:final-judgment-is-coming + work:hymns-on-paradise-ephrem → written_at → place:edessa
edge-a0f894a5bf798eb6	proposition	christ-truly-became-flesh	place	edessa	proposition_place	derived	work_affirms_proposition+written_at	363	373	probable	clm-faith-written-edessa|clm-hof-affirms-incarnation	work:hymns-on-faith-ephrem → work_affirms_proposition → proposition:christ-truly-became-flesh + work:hymns-on-faith-ephrem → written_at → place:edessa
edge-a250e57f43dd0348	proposition	fasting-is-required	place	edessa	proposition_place	derived	person_affirms_proposition+active_in	363	373	probable	clm-ephrem-active-edessa|clm-ephrem-affirms-fasting	person:ephrem-the-syrian → person_affirms_proposition → proposition:fasting-is-required + person:ephrem-the-syrian → active_in → place:edessa
edge-ae356ebf47876335	proposition	old-testament-is-authoritative-scripture	place	edessa	proposition_place	derived	work_affirms_proposition+written_at	363	373	probable	clm-hah-affirms-ot-authority|clm-heresies-written-edessa	work:hymns-against-heresies-ephrem → work_affirms_proposition → proposition:old-testament-is-authoritative-scripture + work:hymns-against-heresies-ephrem → written_at → place:edessa
edge-af7a8992ed654eec	proposition	rule-of-faith-received-from-apostles	place	edessa	proposition_place	derived	work_affirms_proposition+written_at	363	373	probable	clm-faith-written-edessa|clm-hof-affirms-rule-of-faith	work:hymns-on-faith-ephrem → work_affirms_proposition → proposition:rule-of-faith-received-from-apostles + work:hymns-on-faith-ephrem → written_at → place:edessa
edge-b533430c48dc2b9b	work	hymns-against-heresies-ephrem	place	edessa	work_place	direct	written_at	363	373	attested	clm-heresies-written-edessa	work:hymns-against-heresies-ephrem → written_at → place:edessa
edge-b984bc020696815c	proposition	bodies-will-be-raised-at-last-day	place	edessa	proposition_place	derived	work_affirms_proposition+written_at	363	373	probable	clm-faith-written-edessa|clm-hof-affirms-resurrection	work:hymns-on-faith-ephrem → work_affirms_proposition → proposition:bodies-will-be-raised-at-last-day + work:hymns-on-faith-ephrem → written_at → place:edessa
edge-c158e27c75d353cb	proposition	logos-is-pre-existent-son-of-god	place	edessa	proposition_place	derived	work_affirms_proposition+written_at	363	373	probable	clm-faith-written-edessa|clm-hof-affirms-logos	work:hymns-on-faith-ephrem → work_affirms_proposition → proposition:logos-is-pre-existent-son-of-god + work:hymns-on-faith-ephrem → written_at → place:edessa
edge-cc1da39585075559	proposition	trinity-is-three-persons-one-substance	place	edessa	proposition_place	derived	work_affirms_proposition+written_at	363	373	probable	clm-faith-written-edessa|clm-hof-affirms-trinity	work:hymns-on-faith-ephrem → work_affirms_proposition → proposition:trinity-is-three-persons-one-substance + work:hymns-on-faith-ephrem → written_at → place:edessa
edge-d6519cfe529eb535	proposition	christ-truly-suffered-and-died	place	edessa	proposition_place	derived	work_affirms_proposition+written_at	363	373	probable	clm-hah-affirms-passion|clm-heresies-written-edessa	work:hymns-against-heresies-ephrem → work_affirms_proposition → proposition:christ-truly-suffered-and-died + work:hymns-against-heresies-ephrem → written_at → place:edessa
edge-dc826f6093ab9199	proposition	son-is-eternally-generated	place	edessa	proposition_place	derived	work_affirms_proposition+written_at	363	373	probable	clm-hon-affirms-eternal-generation|clm-nativity-written-edessa	work:hymns-on-nativity-ephrem → work_affirms_proposition → proposition:son-is-eternally-generated + work:hymns-on-nativity-ephrem → written_at → place:edessa
edge-dd933f6954221b9f	work	hymns-on-faith-ephrem	place	edessa	work_place	direct	written_at	363	373	probable	clm-faith-written-edessa	work:hymns-on-faith-ephrem → written_at → place:edessa
edge-fe0e669a918436f4	proposition	prayer-is-offered-without-ceasing	place	edessa	proposition_place	derived	person_affirms_proposition+active_in	363	373	probable	clm-ephrem-active-edessa|clm-ephrem-affirms-prayer	person:ephrem-the-syrian → person_affirms_proposition → proposition:prayer-is-offered-without-ceasing + person:ephrem-the-syrian → active_in → place:edessa
edge-ff19ec30060789f7	proposition	baptismal-anointing-with-oil	place	edessa	proposition_place	derived	work_affirms_proposition+written_at	363	373	probable	clm-faith-written-edessa|clm-hof-affirms-baptismal-anointing	work:hymns-on-faith-ephrem → work_affirms_proposition → proposition:baptismal-anointing-with-oil + work:hymns-on-faith-ephrem → written_at → place:edessa
edge-14771044e1c30afd	person	rufinus-of-aquileia	place	alexandria	person_place	direct	active_in	372	380	attested	clm-rufinus-active-alexandria	person:rufinus-of-aquileia → active_in → place:alexandria
edge-1700ddfa308315b8	person	rufinus-of-aquileia	place	rome	person_place	direct	active_in	380	397	probable	clm-rufinus-active-rome	person:rufinus-of-aquileia → active_in → place:rome
edge-28e88c88dc6b2e00	person	rufinus-of-aquileia	place	jerusalem	person_place	direct	active_in	380	397	probable	clm-rufinus-active-jerusalem	person:rufinus-of-aquileia → active_in → place:jerusalem
edge-b342778f9751b4fb	person	philostorgius	place	antioch	person_place	direct	active_in	390	439	probable	clm-philostorgius-active-constantinople	person:philostorgius → active_in → place:antioch
edge-7e3533dddf22cf19	proposition	thomas-preached-in-india	place	rome	proposition_place	derived	person_affirms_proposition+active_in	402	402	possible	clm-rufinus-active-rome|clm-rufinus-affirms-thomas	person:rufinus-of-aquileia → person_affirms_proposition → proposition:thomas-preached-in-india + person:rufinus-of-aquileia → active_in → place:rome
edge-bd5a5758d7dabab5	proposition	thomas-preached-in-india	place	alexandria	proposition_place	derived	person_affirms_proposition+active_in	402	402	possible	clm-rufinus-active-alexandria|clm-rufinus-affirms-thomas	person:rufinus-of-aquileia → person_affirms_proposition → proposition:thomas-preached-in-india + person:rufinus-of-aquileia → active_in → place:alexandria
edge-d40035b7b5881ac9	proposition	thomas-preached-in-india	place	jerusalem	proposition_place	derived	person_affirms_proposition+active_in	402	402	possible	clm-rufinus-active-jerusalem|clm-rufinus-affirms-thomas	person:rufinus-of-aquileia → person_affirms_proposition → proposition:thomas-preached-in-india + person:rufinus-of-aquileia → active_in → place:jerusalem
edge-75bc570a030e20d6	proposition	christianity-established-in-ethiopia	place	antioch	proposition_place	derived	person_affirms_proposition+active_in	425	425	probable	clm-philostorgius-active-constantinople|clm-philostorgius-affirms-ethiopia	person:philostorgius → person_affirms_proposition → proposition:christianity-established-in-ethiopia + person:philostorgius → active_in → place:antioch
edge-034466086ed78542	event	council-of-carthage-251	place	carthage	event_place	direct	event_occurs_at			attested	clm-council-carthage-251-at-carthage	event:council-of-carthage-251 → event_occurs_at → place:carthage
edge-0857c28985875813	person	jesus-of-nazareth	place	nazareth	entity_place	direct	originated_in			attested	clm-jesus-originated-nazareth	person:jesus-of-nazareth → originated_in → place:nazareth
edge-18269c31073b873c	event	persecution-of-shapur-ii	place	seleucia-ctesiphon	event_place	direct	event_occurs_at			probable	clm-shapur-persecution-at-seleucia	event:persecution-of-shapur-ii → event_occurs_at → place:seleucia-ctesiphon
edge-20ea8d8c6babf911	event	dura-europos-church-construction	place	dura-europos	event_place	direct	event_occurs_at			probable	clm-dura-church-at-dura	event:dura-europos-church-construction → event_occurs_at → place:dura-europos
edge-2450edf70a936e80	person	tertullian	place	carthage	entity_place	direct	originated_in			probable	clm-tertullian-originated-carthage	person:tertullian → originated_in → place:carthage
edge-283e4e24a8893c2b	event	council-of-carthage-256	place	carthage	event_place	direct	event_occurs_at			attested	clm-council-carthage-256-at-carthage	event:council-of-carthage-256 → event_occurs_at → place:carthage
edge-373dfa8b3565e655	proposition	disciples-are-called-to-follow-jesus	place	nazareth	proposition_place	derived	person_affirms_proposition+originated_in			probable	clm-jesus-follow|clm-jesus-originated-nazareth	person:jesus-of-nazareth → person_affirms_proposition → proposition:disciples-are-called-to-follow-jesus + person:jesus-of-nazareth → originated_in → place:nazareth
edge-40f9d93acb10ef34	event	mission-of-pantaenus-to-india	place	india-malabar	event_place	direct	event_occurs_at			possible	clm-pantaenus-mission-at-india	event:mission-of-pantaenus-to-india → event_occurs_at → place:india-malabar
edge-4720eeb6b9764b86	person	addai-of-edessa	place	edessa	person_place	direct	active_in			possible	clm-addai-active-edessa	person:addai-of-edessa → active_in → place:edessa
edge-52d599c0e8882ab7	event	synod-of-bostra	place	bostra	event_place	direct	event_occurs_at			attested	clm-synod-bostra-occurs-at-bostra	event:synod-of-bostra → event_occurs_at → place:bostra
edge-53487dca986db2f0	event	decian-persecution	place	carthage	event_place	direct	event_occurs_at			attested	clm-decian-persecution-at-carthage	event:decian-persecution → event_occurs_at → place:carthage
edge-54e8dfbad41d0777	event	pauls-martyrdom	place	rome	event_place	direct	event_occurs_at			probable	clm-pauls-martyrdom-at-rome	event:pauls-martyrdom → event_occurs_at → place:rome
edge-62f23cc216b31fce	proposition	jesus-teaches-with-unique-authority	place	nazareth	proposition_place	derived	person_affirms_proposition+originated_in			probable	clm-jesus-authority|clm-jesus-originated-nazareth	person:jesus-of-nazareth → person_affirms_proposition → proposition:jesus-teaches-with-unique-authority + person:jesus-of-nazareth → originated_in → place:nazareth
edge-6b92be00a05c0769	event	fall-of-nisibis-363	place	nisibis	event_place	direct	event_occurs_at			probable	clm-fall-nisibis-at-nisibis	event:fall-of-nisibis-363 → event_occurs_at → place:nisibis
edge-6df46fbd6661bb37	event	martyrdom-of-alban	place	britannia	event_place	direct	event_occurs_at			probable	clm-martyrdom-alban-at-britannia	event:martyrdom-of-alban → event_occurs_at → place:britannia
edge-7e3426760504d50e	event	council-of-carthage-252	place	carthage	event_place	direct	event_occurs_at			attested	clm-council-carthage-252-at-carthage	event:council-of-carthage-252 → event_occurs_at → place:carthage
edge-88dcb6d4b33a0a54	event	christianization-of-aksum	place	aksum	event_place	direct	event_occurs_at			attested	clm-christianization-aksum-at-aksum	event:christianization-of-aksum → event_occurs_at → place:aksum
edge-88f12101364038fd	event	peters-martyrdom	place	rome	event_place	direct	event_occurs_at			probable	clm-peters-martyrdom-at-rome	event:peters-martyrdom → event_occurs_at → place:rome
edge-902be5ce647c6554	event	conversion-of-edessa	place	edessa	event_place	direct	event_occurs_at			attested	clm-conversion-edessa-at-edessa	event:conversion-of-edessa → event_occurs_at → place:edessa
edge-a423397e1d32b51f	person	irenaeus-of-lyons	place	smyrna	entity_place	direct	originated_in			probable	clm-irenaeus-originated-smyrna	person:irenaeus-of-lyons → originated_in → place:smyrna
edge-b075f7daff7c816d	event	mission-of-theophilus-to-himyar	place	zafar	event_place	direct	event_occurs_at			probable	clm-theophilus-mission-at-zafar	event:mission-of-theophilus-to-himyar → event_occurs_at → place:zafar
edge-b972e008a266047e	event	council-of-ephesus-431	place	ephesus	event_place	direct	event_occurs_at			attested	clm-council-ephesus-at-ephesus	event:council-of-ephesus-431 → event_occurs_at → place:ephesus
edge-ce46f10589c498bc	person	origen-of-alexandria	place	alexandria	entity_place	direct	originated_in			probable	clm-origen-originated-alexandria	person:origen-of-alexandria → originated_in → place:alexandria
edge-d346343a3d8b3573	event	cyprians-martyrdom	place	carthage	event_place	direct	event_occurs_at			attested	clm-cyprians-martyrdom-at-carthage	event:cyprians-martyrdom → event_occurs_at → place:carthage
edge-df48d34c8189ffff	event	council-of-arles-314	place	arles	event_place	direct	event_occurs_at			attested	clm-council-arles-at-arles	event:council-of-arles-314 → event_occurs_at → place:arles
edge-ef47627c09f95541	person	cyprian-of-carthage	place	carthage	entity_place	direct	originated_in			probable	clm-cyprian-originated-carthage	person:cyprian-of-carthage → originated_in → place:carthage
edge-f2e12784ad614738	event	origen-torture-under-decius	place	caesarea	event_place	direct	event_occurs_at			probable	clm-torture-decius-occurs-at-caesarea	event:origen-torture-under-decius → event_occurs_at → place:caesarea
edge-f45180bcca6508d6	event	origen-expulsion-from-alexandria	place	alexandria	event_place	direct	event_occurs_at			attested	clm-expulsion-occurs-at-alexandria	event:origen-expulsion-from-alexandria → event_occurs_at → place:alexandria
edge-f7ac1f06205a8f05	proposition	kingdom-of-god-has-drawn-near	place	nazareth	proposition_place	derived	person_affirms_proposition+originated_in			probable	clm-jesus-kingdom|clm-jesus-originated-nazareth	person:jesus-of-nazareth → person_affirms_proposition → proposition:kingdom-of-god-has-drawn-near + person:jesus-of-nazareth → originated_in → place:nazareth
