entity_type	entity_id	place_id	year_start	year_end	reason_predicate_id	stance	derived_edge_id
group	roman-empire	sardinia	-238	400	controls_place		edge-acae3eaa7595107b
group	roman-empire	malta	-218	400	controls_place		edge-fabab37436c7c977
group	samaritans	samaria	-200	100	group_present_at		edge-0be2e5568a6b7253
group	roman-empire	berea	-168	400	controls_place		edge-813fbffe134427ff
group	roman-empire	thessalonica	-168	400	controls_place		edge-0f7f48d968e1042f
group	essenes	qumran	-150	68	group_present_at		edge-cd488b667aad89bb
group	qumran-community	qumran	-150	68	group_present_at		edge-e0836cc06c041755
group	essenes	judea	-150	70	group_present_at		edge-746324c235dff499
group	roman-empire	achaia	-146	400	controls_place		edge-a716d3f06c1f1fdf
group	roman-empire	carthage	-146	400	controls_place		edge-1dea1d21ddc67e64
group	roman-empire	asia	-133	400	controls_place		edge-5de2481a62cc0bca
group	roman-empire	colossae	-133	400	controls_place		edge-bc4e669d4215db7a
group	roman-empire	ephesus	-133	400	controls_place		edge-85956cc78f63dc03
group	roman-empire	hierapolis	-133	400	controls_place		edge-bd2df433e13c9414
group	roman-empire	laodicea	-133	400	controls_place		edge-30e453529049ba0b
group	roman-empire	miletus	-133	400	controls_place		edge-c01777a55ed5266b
group	roman-empire	patmos	-133	400	controls_place		edge-a5d3d45b98089f0c
group	roman-empire	pergamum	-133	400	controls_place		edge-97aebccda0225658
group	roman-empire	philadelphia-asia	-133	400	controls_place		edge-bfc5170278db2a7e
group	roman-empire	phrygia	-133	400	controls_place		edge-c8a0c9c9bc00080d
group	roman-empire	sardis	-133	400	controls_place		edge-ecb344d4ba846772
group	roman-empire	smyrna	-133	400	controls_place		edge-9b5d2b608b1f3591
group	roman-empire	thyatira	-133	400	controls_place		edge-b5e03f3812559d79
group	roman-empire	troas	-133	400	controls_place		edge-e2ae81573f71fff7
group	roman-empire	gaul	-121	400	controls_place		edge-4ec711ac98fa3a7a
group	roman-empire	athens	-86	400	controls_place		edge-ace20167604701dc
group	roman-empire	bithynia	-74	400	controls_place		edge-14c531c2c9cf14c9
group	roman-empire	crete	-67	400	controls_place		edge-847ec3215278f74b
group	roman-empire	damascus	-64	272	controls_place		edge-157c779ed4cd17eb
group	roman-empire	antioch	-64	400	controls_place		edge-c4eae5617dbf7631
group	roman-empire	neocaesarea	-64	400	controls_place		edge-b84b76505eba5da8
group	roman-empire	pontus	-64	400	controls_place		edge-f2702a844cb5fac8
group	roman-empire	sidon	-64	400	controls_place		edge-69aeede2169717a6
group	roman-empire	tyre	-64	400	controls_place		edge-217e9e1a75ac14b9
group	roman-empire	bethany-near-jerusalem	-63	400	controls_place		edge-cc639ac626174de6
group	roman-empire	bethsaida	-63	400	controls_place		edge-2a33a9c1c481afc9
group	roman-empire	caesarea	-63	400	controls_place		edge-95861401d848a084
group	roman-empire	capernaum	-63	400	controls_place		edge-a956cc0d9fe07ae7
group	roman-empire	galilee	-63	400	controls_place		edge-e7bc7b45b8ce90ba
group	roman-empire	jericho	-63	400	controls_place		edge-623aac0fc7b4152e
group	roman-empire	jerusalem	-63	400	controls_place		edge-35a38758c037908b
group	roman-empire	joppa	-63	400	controls_place		edge-1ff0962ea7ad2606
group	roman-empire	lydda	-63	400	controls_place		edge-3e2917d409f1a975
group	roman-empire	nazareth	-63	400	controls_place		edge-2897452994ea432f
group	roman-empire	samaria	-63	400	controls_place		edge-f0550fcfdadccf79
group	roman-empire	cyprus	-58	400	controls_place		edge-03e83ac0ef210ab7
group	roman-empire	nicopolis	-31	400	controls_place		edge-cffcc620a6d07e84
group	roman-empire	alexandria	-30	400	controls_place		edge-10538cf84cb80cbd
group	roman-empire	egypt	-30	400	controls_place		edge-f6e0a8efb87d83fe
group	roman-empire	lyons	-27	400	controls_place		edge-0e769174671a28db
group	roman-empire	rome	-27	400	controls_place		edge-87b5bd94eadabf93
group	roman-empire	derbe	-25	400	controls_place		edge-3db61bb16cb7757a
group	roman-empire	galatia	-25	400	controls_place		edge-a9667f9fe32a6643
group	roman-empire	lystra	-25	400	controls_place		edge-a1f4240905afc465
group	roman-empire	caesarea-cappadocia	-17	400	controls_place		edge-1bc56c9a428f53b2
group	roman-empire	cappadocia	-17	400	controls_place		edge-a7ab2e8217c189ec
group	zealots	judea	6	70	group_present_at		edge-7c0c57625376d22b
person	caiaphas	jerusalem	18	36	active_in		edge-13ed12c3e460069c
person	pontius-pilate	judea	26	36	active_in		edge-b01b7f85df155ec0
person	herod-antipas	galilee	26	39	active_in		edge-d1e97806757010ee
event	baptism-of-jesus	bethany-beyond-the-jordan	27	27	event_occurs_at		edge-eebc4d0fa3ffdc22
group	followers-of-john-the-baptist	bethany-beyond-the-jordan	27	28	group_present_at		edge-95c342b1da8b540a
group	followers-of-john-the-baptist	wilderness-of-judea	27	28	group_present_at		edge-13748cfe881ac9ad
person	john-the-baptist	wilderness-of-judea	27	28	active_in		edge-1d7937de8f2a129a
person	andrew	galilee	27	30	active_in		edge-f63214162990b973
proposition	disciples-are-called-to-follow-jesus	galilee	27	30	derived_proposition_presence	affirms	edge-cfcb788b810cefc3
proposition	disciples-are-called-to-follow-jesus	nazareth	27	30	derived_proposition_presence	affirms	edge-701dd25d2390c5c2
group	followers-of-john-the-baptist	judea	27	30	group_present_at		edge-d5127de703df827e
person	james-son-of-zebedee	galilee	27	30	active_in		edge-70bf1136493923b3
person	jesus-of-nazareth	galilee	27	30	active_in		edge-a10dd21a7e62bd0b
person	jesus-of-nazareth	nazareth	27	30	active_in		edge-4cb03db3695680df
proposition	jesus-teaches-with-unique-authority	galilee	27	30	derived_proposition_presence	affirms	edge-2e330766b4b7388c
proposition	jesus-teaches-with-unique-authority	nazareth	27	30	derived_proposition_presence	affirms	edge-3300a901a61948bf
person	john-son-of-zebedee	galilee	27	30	active_in		edge-9bce6142ede29eac
proposition	kingdom-of-god-has-drawn-near	galilee	27	30	derived_proposition_presence	affirms	edge-a9edfeb5f47365fe
proposition	kingdom-of-god-has-drawn-near	nazareth	27	30	derived_proposition_presence	affirms	edge-39ae4dc3b5eae396
group	pharisees	galilee	27	30	group_present_at		edge-859b1af741104018
group	pharisees	judea	27	30	group_present_at		edge-e7c8301e70b497c6
person	simon-peter	galilee	27	30	active_in		edge-55fc19a34d39d8e5
group	herodians	judea	27	40	group_present_at		edge-4ac523ad91881a3a
group	roman-empire	judea	27	66	controls_place		edge-675d0f9a6a420acc
group	pharisees	jerusalem	27	70	group_present_at		edge-498235afe5918d06
group	sadducees	jerusalem	27	70	group_present_at		edge-d294ecf664461af9
event	calling-of-the-first-disciples	capernaum	28	28	event_occurs_at		edge-78be14b84174d522
event	sermon-on-the-mount	galilee	28	28	event_occurs_at		edge-cfa06b5196dede79
person	bartholomew	galilee	28	30	active_in		edge-c64b060f2073fd1b
group	disciples-of-jesus	galilee	28	30	group_present_at		edge-c7698d725c9ded70
group	herodians	galilee	28	30	group_present_at		edge-5466c331c3131fa4
person	judas-iscariot	galilee	28	30	active_in		edge-521c14a509b7c965
person	judas-iscariot	jerusalem	28	30	active_in		edge-4c81a3b952ab2b36
person	mary-magdalene	galilee	28	30	active_in		edge-8e434a1e984753f4
person	matthew-the-apostle	galilee	28	30	active_in		edge-aed578c22ef07aae
person	matthew-the-apostle	jerusalem	28	30	active_in		edge-b4c629cc4b30067c
person	nathanael	cana	28	30	active_in		edge-7030bf2266aff6ed
person	philip-the-apostle	bethsaida	28	30	active_in		edge-494b18b7c6522502
person	philip-the-apostle	galilee	28	30	active_in		edge-f101b29490ad4b0d
person	thomas	galilee	28	30	active_in		edge-997945036fa6ba48
person	lazarus-of-bethany	bethany-near-jerusalem	29	30	active_in		edge-62c188070e8df600
person	martha-of-bethany	bethany-near-jerusalem	29	30	active_in		edge-8edf3d556dd1e102
person	martha-of-bethany	jerusalem	29	30	active_in		edge-33513ad22639ab20
event	arrest-of-jesus	jerusalem	30	30	event_occurs_at		edge-ed4c2e75e60c871b
event	ascension-of-jesus	bethany-near-jerusalem	30	30	event_occurs_at		edge-6da8b99dea6b0b61
event	burial-of-jesus	jerusalem	30	30	event_occurs_at		edge-34cf0d3eca9d9dae
event	crucifixion-of-jesus	jerusalem	30	30	event_occurs_at		edge-748dab33f8c9ff74
proposition	disciples-are-called-to-follow-jesus	judea	30	30	derived_proposition_presence	affirms	edge-1e0edf5fd0892bbb
group	disciples-of-jesus	judea	30	30	group_present_at		edge-3da0ee249c7881ed
group	herodians	jerusalem	30	30	group_present_at		edge-2a53f4852cab228a
event	jesus-before-pilate	jerusalem	30	30	event_occurs_at		edge-676e322adf44d777
person	jesus-of-nazareth	judea	30	30	active_in		edge-db6e26a938bc9a0d
proposition	jesus-teaches-with-unique-authority	judea	30	30	derived_proposition_presence	affirms	edge-27fd334cf15e6b84
person	joseph-of-arimathea	jerusalem	30	30	active_in		edge-4a23aae4c01cb374
person	joseph-of-arimathea	judea	30	30	active_in		edge-d9ec9ccb8fc0fadf
proposition	kingdom-of-god-has-drawn-near	judea	30	30	derived_proposition_presence	affirms	edge-1d9562f5ed838bf3
event	last-supper	jerusalem	30	30	event_occurs_at		edge-8d90e916e490f7bf
person	mary-magdalene	jerusalem	30	30	active_in		edge-52ca1ad752e48c4d
person	mary-mother-of-jesus	jerusalem	30	30	active_in		edge-297791db10d472a6
person	nicodemus	jerusalem	30	30	active_in		edge-ab0623e157adcac2
person	nicodemus	judea	30	30	active_in		edge-8632ce91c1c5cde5
event	pentecost	jerusalem	30	30	event_occurs_at		edge-8bcb45fb8766fae0
event	resurrection-of-jesus	jerusalem	30	30	event_occurs_at		edge-9fc5a87894dc0ff9
event	temple-cleansing	jerusalem	30	30	event_occurs_at		edge-7cedd2734ea06c6f
person	thomas	jerusalem	30	30	active_in		edge-de15df200e0aa878
event	triumphal-entry-into-jerusalem	jerusalem	30	30	event_occurs_at		edge-acbdc65ad5df1a18
person	philip-the-apostle	jerusalem	30	40	active_in		edge-8df4dc0bf1b61017
person	james-son-of-zebedee	jerusalem	30	44	active_in		edge-02e4c6a59e2edbe4
person	simon-peter	jerusalem	30	44	active_in		edge-bbc41fb160d39f40
person	john-son-of-zebedee	jerusalem	30	50	active_in		edge-f6c0c6103029aad4
proposition	apostolic-succession-transmits-faith	samaria	30	65	derived_proposition_presence	opposes	edge-760da72b00d5be4b
proposition	logos-is-pre-existent-son-of-god	samaria	30	65	derived_proposition_presence	opposes	edge-39e7a3347125303c
proposition	old-testament-is-authoritative-scripture	samaria	30	65	derived_proposition_presence	opposes	edge-ca799240b94eb2b8
person	simon-magus	samaria	30	65	active_in		edge-57ea431a4afbe412
group	disciples-of-jesus	jerusalem	30	70	group_present_at		edge-15304a65d2b88031
group	jerusalem-church	jerusalem	30	135	group_present_at		edge-0c03d05138f763ee
person	stephen	jerusalem	33	34	active_in		edge-82d5f0dc77a6ca16
person	philip-the-evangelist	samaria	33	35	active_in		edge-dd3902f4d4f6d1ca
group	disciples-of-jesus	samaria	33	40	group_present_at		edge-ad2bcbb97bd86998
person	barnabas	jerusalem	33	42	active_in		edge-16ccc15a6afcf89c
person	john-mark	jerusalem	33	46	active_in		edge-4efac62c5386f9cc
person	silas	jerusalem	33	49	active_in		edge-dc48b2a310d0be36
person	james-the-just	jerusalem	33	62	bishop_of		edge-b462fc6617958086
person	ananias-of-damascus	damascus	34	34	active_in		edge-5a6ef11bb97b8111
event	jerusalem-persecution-after-stephen	jerusalem	34	34	event_occurs_at		edge-7f8b37a0383423d1
person	judas-damascus-householder	damascus	34	34	active_in		edge-6be41f4e79d58d02
event	pauls-conversion	damascus	34	34	event_occurs_at		edge-5d8f63f42b25ecfc
event	stephens-martyrdom	jerusalem	34	34	event_occurs_at		edge-f213f12b56d2f925
person	paul	damascus	34	36	active_in		edge-8ee809a28af3523f
group	disciples-of-jesus	damascus	34	50	group_present_at		edge-fd945ac4ad5b6297
person	simon-peter	samaria	35	45	active_in		edge-194a0eb01f9e948d
person	paul	galilee	36	36	active_in		edge-438584ed65df6dc5
person	paul	jerusalem	36	57	active_in		edge-399006b89e6829bb
person	aeneas	lydda	39	40	active_in		edge-e8d86273ac4a52b0
group	disciples-of-jesus	joppa	39	40	group_present_at		edge-1213ba9842a463c0
person	simon-peter	joppa	39	40	active_in		edge-8d7feb40e3166b01
person	simon-peter	lydda	39	40	active_in		edge-be24034b38b0ab25
person	simon-the-tanner	joppa	39	40	active_in		edge-3ab2320b7f30676d
person	tabitha	joppa	39	40	active_in		edge-492ef823272343bf
group	disciples-of-jesus	lydda	39	50	group_present_at		edge-c377310ebd21b85e
person	simon-peter	caesarea	40	40	active_in		edge-6b87e40904780f97
person	cornelius	caesarea	40	41	active_in		edge-48e4e16288c13e30
person	simon-peter	antioch	40	55	bishop_of		edge-915166b7afa6dc2c
group	disciples-of-jesus	caesarea	40	62	group_present_at		edge-8fd4c786010cd7e5
group	disciples-of-jesus	antioch	40	70	group_present_at		edge-6a5f1455497851c1
group	antioch-church	antioch	40	400	group_present_at		edge-a0484775040185a8
person	herod-agrippa-i	jerusalem	41	44	active_in		edge-c2c82cb2db988b50
person	barnabas	antioch	42	48	active_in		edge-f8eb1503db877042
group	roman-empire	britannia	43	400	controls_place		edge-bcd9594efe57a9f7
event	herodian-persecution-of-jerusalem-church	jerusalem	44	44	event_occurs_at		edge-1895c881790bf72f
event	james-son-of-zebedee-martyrdom	jerusalem	44	44	event_occurs_at		edge-af393f6535b4c8f6
person	agabus	antioch	44	46	active_in		edge-85e43f3a8ef52d6b
person	john-mark	antioch	44	46	active_in		edge-fc334cbce532c14a
person	paul	antioch	44	48	active_in		edge-a7f76e57b4ad709c
person	luke-the-evangelist	antioch	44	50	active_in		edge-4e8f8d3af0b47b3e
person	barnabas	cyprus	46	46	active_in		edge-13d8b4d62ee178d3
person	barnabas	paphos	46	46	active_in		edge-40ca2e1639a540f1
person	barnabas	salamis	46	46	active_in		edge-27227da7aa25f00d
group	disciples-of-jesus	paphos	46	46	group_present_at		edge-ae0b0223c59d3b5b
person	john-mark	cyprus	46	46	active_in		edge-dd5b8c775c0144c0
person	john-mark	paphos	46	46	active_in		edge-daf63cb6e51c0d98
person	john-mark	salamis	46	46	active_in		edge-0bc26f93073c4e3c
person	lucius-of-cyrene	antioch	46	46	active_in		edge-bc19a8fd6e9e3252
person	manaen	antioch	46	46	active_in		edge-4b2aeec03c91f5b8
person	paul	cyprus	46	46	active_in		edge-60623b4f1f38a483
person	paul	paphos	46	46	active_in		edge-e50d0a61e9daaa41
person	paul	salamis	46	46	active_in		edge-34e5d30887f5a6ac
person	sergius-paulus	paphos	46	46	active_in		edge-0e70bc3e66d73b36
person	simeon-called-niger	antioch	46	46	active_in		edge-edc7bdc63df3c4f5
person	barnabas	derbe	46	47	active_in		edge-3437991caa1fd837
person	barnabas	galatia	46	47	active_in		edge-f16e87be917469d3
person	barnabas	lystra	46	47	active_in		edge-f204f2641d9f4c2d
person	paul	derbe	46	49	active_in		edge-61fd60bd3f8bcc0e
person	paul	galatia	46	49	active_in		edge-70418232f9ea1819
person	paul	lystra	46	49	active_in		edge-9d088f823cca3acc
event	council-of-jerusalem	jerusalem	49	49	event_occurs_at		edge-e33001ace7584321
work	epistle-to-the-galatians	galatia	49	49	addressed_to_place		edge-b08dbb8e919206c4
proposition	gentile-believers-need-not-be-circumcised	antioch	49	49	derived_proposition_presence	affirms	edge-436af4381cc80479
proposition	gentile-believers-need-not-be-circumcised	caesarea	49	49	derived_proposition_presence	affirms	edge-2b14e86c6b3c7ea3
proposition	gentile-believers-need-not-be-circumcised	galatia	49	49	derived_proposition_presence	affirms	edge-13a78c486df60321
proposition	gentile-believers-need-not-be-circumcised	galilee	49	49	derived_proposition_presence	affirms	edge-93c2184a32ff1222
proposition	gentile-believers-need-not-be-circumcised	jerusalem	49	49	derived_proposition_presence	affirms	edge-910418bb479e46fc
proposition	gentile-believers-need-not-be-circumcised	joppa	49	49	derived_proposition_presence	affirms	edge-bedc570fb4cb9578
proposition	gentile-believers-need-not-be-circumcised	lydda	49	49	derived_proposition_presence	affirms	edge-f150d8126fba5fd3
proposition	gentile-believers-need-not-be-circumcised	rome	49	49	derived_proposition_presence	affirms	edge-669352f172c22300
proposition	gentile-believers-need-not-be-circumcised	samaria	49	49	derived_proposition_presence	affirms	edge-bfe20f6f7df90802
person	silas	lystra	49	49	active_in		edge-0fe512e47a2ae194
person	timothy	lystra	49	49	active_in		edge-f17807c9380a298e
person	titus	jerusalem	49	49	active_in		edge-98d613abb1d2593d
person	jason	thessalonica	49	50	active_in		edge-95173df2c165b6c1
person	paul	thessalonica	49	50	active_in		edge-4ab94d457b470b89
person	silas	antioch	49	50	active_in		edge-653692ee5dd306d7
person	silas	philippi	49	50	active_in		edge-71353d02af3655f3
person	silas	thessalonica	49	50	active_in		edge-18452f950efac55f
person	timothy	antioch	49	50	active_in		edge-7cacc7552253a371
person	timothy	thessalonica	49	50	active_in		edge-9c7ef20532881d32
person	luke-the-evangelist	philippi	49	57	active_in		edge-bbddf5ac36756de8
person	luke-the-evangelist	troas	49	57	active_in		edge-1971caad4bc3b264
person	paul	philippi	49	57	active_in		edge-193e72f0d49b4c13
person	timothy	philippi	49	57	active_in		edge-be2d769b405fc674
person	lydia	philippi	49	60	active_in		edge-b109cdc938746b0a
group	disciples-of-jesus	philippi	49	70	group_present_at		edge-c3dc02392befb83a
group	disciples-of-jesus	rome	49	70	group_present_at		edge-f72add90f5eb890f
group	disciples-of-jesus	thessalonica	49	70	group_present_at		edge-70b528756d2c0ba2
group	philippian-church	philippi	49	200	group_present_at		edge-66f1c14cc06755c1
group	roman-empire	philippi	49	400	controls_place		edge-283347221a1e268c
person	damaris	athens	50	50	active_in		edge-7d6c6d6f445d14d6
person	dionysius	athens	50	50	active_in		edge-e5336177895dee88
group	disciples-of-jesus	athens	50	50	group_present_at		edge-edb090baff2def0d
work	first-epistle-to-the-thessalonians	thessalonica	50	50	addressed_to_place		edge-9304ee3a311afdd5
proposition	jesus-is-proclaimed-as-raised	thessalonica	50	50	derived_proposition_presence	affirms	edge-a9e1f5650b0ea95e
person	paul	athens	50	50	active_in		edge-02a345bba2509e25
person	paul	berea	50	50	active_in		edge-60dbab2ee23d3430
person	silas	berea	50	50	active_in		edge-fb7b09988f686f8d
person	timothy	berea	50	50	active_in		edge-4fa8125ae8b2724e
person	aquila	corinth	50	52	active_in		edge-56b2779fc7c38e73
person	crispus	corinth	50	52	active_in		edge-42a5d7bd623e2268
person	paul	corinth	50	52	active_in		edge-ed5066482f52289b
person	priscilla	corinth	50	52	active_in		edge-7aa5fec146221147
person	silas	corinth	50	52	active_in		edge-5143bca5e40a3f6a
person	titius-justus	corinth	50	52	active_in		edge-b21f7c20f416aa0a
person	stephanas	corinth	50	55	active_in		edge-6ca429d8b1a6702a
person	timothy	corinth	50	55	active_in		edge-54254afc76c9e8e3
person	bartholomew	india-malabar	50	70	active_in		edge-83b307e7b2f91f3f
group	disciples-of-jesus	corinth	50	70	group_present_at		edge-96cb51d33aa22877
group	roman-empire	corinth	50	70	controls_place		edge-8cc199d622b266eb
group	corinthian-church	corinth	50	200	group_present_at		edge-a16539aab70a6ef9
group	thessalonian-church	thessalonica	50	200	group_present_at		edge-9ebb690d29fccaad
proposition	final-judgment-is-coming	thessalonica	51	51	derived_proposition_presence	affirms	edge-059313827be2e6ff
work	second-epistle-to-the-thessalonians	thessalonica	51	51	addressed_to_place		edge-ed77983cc3987a9c
person	gallio	achaia	51	52	active_in		edge-eb67128873d6fff2
person	sosthenes	corinth	51	52	active_in		edge-3886d49336f1c49f
group	followers-of-john-the-baptist	ephesus	52	52	group_present_at		edge-ac1d70cfd5322137
person	aquila	ephesus	52	55	active_in		edge-77f21f67745e5605
person	paul	ephesus	52	55	active_in		edge-e6d0d4a4db423d27
person	priscilla	ephesus	52	55	active_in		edge-c1b152fa5cf599a9
person	thomas	india-malabar	52	72	active_in		edge-f0c828bf59ed1671
proposition	thomas-preached-in-india	galilee	52	72	derived_proposition_presence	affirms	edge-11be17b0d9bfb3ca
proposition	thomas-preached-in-india	india-malabar	52	72	derived_proposition_presence	affirms	edge-19e03ea63fd23c7f
proposition	thomas-preached-in-india	jerusalem	52	72	derived_proposition_presence	affirms	edge-f1aa15ec0ab8ec4e
group	disciples-of-jesus	ephesus	52	95	group_present_at		edge-79cee322c2304675
group	ephesian-church	ephesus	52	200	group_present_at		edge-1cf825a425ea5fb7
person	apollos	ephesus	53	54	active_in		edge-f6901f16b703d468
person	apollos	corinth	53	55	active_in		edge-caf021d38e8b6a31
work	first-epistle-to-the-corinthians	corinth	54	54	addressed_to_place		edge-4d87be0984fa556d
work	first-epistle-to-the-corinthians	ephesus	54	54	written_at		edge-ff07fe8977fe1cc5
proposition	jesus-is-proclaimed-as-raised	corinth	54	54	derived_proposition_presence	affirms	edge-9cfcde7f9896b2e9
proposition	jesus-is-proclaimed-as-raised	ephesus	54	54	derived_proposition_presence	affirms	edge-903d593ddfd89edc
person	alexander-ephesus-riot	ephesus	54	55	active_in		edge-6c76d8ffeda09c5b
person	apollos	achaia	54	55	active_in		edge-6d9c5481d99e43bd
person	aristarchus	ephesus	54	55	active_in		edge-42264b3a22733cc3
person	demetrius	ephesus	54	55	active_in		edge-d5bee0104318b451
person	stephanas	ephesus	54	55	active_in		edge-7e36383899f82063
person	tyrannus	ephesus	54	55	active_in		edge-6455eadbace1d045
person	nero	rome	54	68	active_in		edge-ab50c5dd7647c369
group	disciples-of-jesus	achaia	55	56	group_present_at		edge-0b32510774754195
proposition	jesus-is-proclaimed-as-raised	achaia	55	56	derived_proposition_presence	affirms	edge-a5fce0b4a0bb270b
proposition	jesus-is-proclaimed-as-raised	corinth	55	56	derived_proposition_presence	affirms	edge-5bf9c9074ebb48ef
work	second-epistle-to-the-corinthians	achaia	55	56	addressed_to_place		edge-8ca501cb38bab39c
work	second-epistle-to-the-corinthians	corinth	55	56	addressed_to_place		edge-8741858f2037db9d
person	titus	corinth	55	57	active_in		edge-2d598ba0ad970206
person	onesiphorus	ephesus	55	66	active_in		edge-78359f261a338b93
person	phoebe	corinth	56	57	active_in		edge-701f7fe9f0698c47
person	agabus	judea	57	57	active_in		edge-86e78fdb1fb09d92
person	ananias-high-priest	caesarea	57	57	active_in		edge-afbf6a53b762aabc
person	andronicus	rome	57	57	active_in		edge-71275a15a848355e
person	aristarchus	jerusalem	57	57	active_in		edge-75555b894d8f43f2
person	aristarchus	thessalonica	57	57	active_in		edge-070ba1bd31372034
person	asyncritus	rome	57	57	active_in		edge-470fe4b734aade4b
group	disciples-of-jesus	troas	57	57	group_present_at		edge-4f0fc1939b243bf4
group	disciples-of-jesus	tyre	57	57	group_present_at		edge-59b35c03b127c5a7
work	epistle-to-the-romans	rome	57	57	addressed_to_place		edge-4dc2a5365f46d55c
person	gaius-of-derbe	derbe	57	57	active_in		edge-b9fb96125020af44
person	gaius-of-derbe	jerusalem	57	57	active_in		edge-79dd5fe2f58ff68f
person	hermas	rome	57	57	active_in		edge-20faab2fdafc164d
person	hermes	rome	57	57	active_in		edge-2259351c34885e1f
proposition	jesus-is-proclaimed-as-raised	rome	57	57	derived_proposition_presence	affirms	edge-9507df7f2311ff20
person	julia-of-rome	rome	57	57	active_in		edge-4167f031d40352f4
person	junia	rome	57	57	active_in		edge-21a9ca2da4e4eaa1
person	mary-of-rome	rome	57	57	active_in		edge-05dbb492b721e2ce
person	mnason	cyprus	57	57	active_in		edge-36eca06fd336331d
person	nereus-of-rome	rome	57	57	active_in		edge-b0572bbd8a1e6b59
person	olympas	rome	57	57	active_in		edge-0fc1ee902b8bc338
person	patrobas	rome	57	57	active_in		edge-2afebe39ed0c7fb6
person	paul	assos	57	57	active_in		edge-38b4fa357a262c41
person	paul	chios	57	57	active_in		edge-7f9d561cfcbead4e
person	paul	judea	57	57	active_in		edge-d93f6182a3edb006
person	paul	miletus	57	57	active_in		edge-1a4b7d6ae101546c
person	paul	mitylene	57	57	active_in		edge-dcbd41c48b2d10d8
person	paul	samos	57	57	active_in		edge-1d72f3db90121c13
person	paul	troas	57	57	active_in		edge-cade53655d0cc370
person	paul	tyre	57	57	active_in		edge-b301a216781c6cd6
person	persis	rome	57	57	active_in		edge-259ff069ce087da9
person	philologus	rome	57	57	active_in		edge-7f41db3f41ca621e
person	phlegon	rome	57	57	active_in		edge-60c880659763e23e
person	phoebe	rome	57	57	active_in		edge-a8e28bc2123927bc
person	priscilla	rome	57	57	active_in		edge-915046f9b56c175a
person	rufus-of-rome	rome	57	57	active_in		edge-3dfb1047f66979cd
person	secundus	jerusalem	57	57	active_in		edge-c3bd1dc8b596524b
person	secundus	thessalonica	57	57	active_in		edge-702731c3a9b0eba3
person	sopater	berea	57	57	active_in		edge-9afa11d55c8bef55
person	sopater	jerusalem	57	57	active_in		edge-e2d7d8fe88aee64a
person	stachys	rome	57	57	active_in		edge-7f2b203d4cfe5a94
person	tertullus	caesarea	57	57	active_in		edge-536160a61817aa8b
person	trophimus	asia	57	57	active_in		edge-7250167987e45bf8
person	trophimus	jerusalem	57	57	active_in		edge-5c2c3b636f7983e6
person	tryphaena	rome	57	57	active_in		edge-bc868f20b3c1939b
person	tryphosa	rome	57	57	active_in		edge-c373104e974c6014
person	tychicus	asia	57	57	active_in		edge-c85e0fd1852df3cc
person	tychicus	jerusalem	57	57	active_in		edge-63c512f5e9f36c1f
person	urbanus	rome	57	57	active_in		edge-4b06bf3f489fdbec
person	drusilla	caesarea	57	59	active_in		edge-6a1d9e4919cebce4
person	felix	caesarea	57	59	active_in		edge-181991b340f5632b
person	luke-the-evangelist	caesarea	57	60	active_in		edge-8af6486a7fd4a61a
person	philip-the-evangelist	caesarea	57	62	active_in		edge-5d7f788397aac3e8
group	roman-church	rome	57	400	group_present_at		edge-80494f2e2680ba08
person	simon-peter	rome	58	64	bishop_of		edge-066da667e82b4e59
person	julius	caesarea	59	59	active_in		edge-35e9020efa123f88
person	julius	sidon	59	59	active_in		edge-49f270f5cdbcac43
person	paul	fair-havens	59	59	active_in		edge-14b75a06c7ec62eb
person	paul	myra	59	59	active_in		edge-15b94ac12cb62a96
person	paul	sidon	59	59	active_in		edge-3b5b01e4a2cf7800
person	agrippa-ii	caesarea	59	60	active_in		edge-2d3043442c674693
person	bernice	caesarea	59	60	active_in		edge-052fb730f95fa589
group	disciples-of-jesus	sidon	59	60	group_present_at		edge-1d2b9ac0d29f20aa
person	festus	caesarea	59	60	active_in		edge-4cf568251181864e
group	colossian-church	colossae	60	60	group_present_at		edge-543c76c355d40ad5
group	disciples-of-jesus	malta	60	60	group_present_at		edge-f7575d6180f270a1
group	disciples-of-jesus	puteoli	60	60	group_present_at		edge-652354f2f47318b8
work	epistle-to-the-colossians	colossae	60	60	addressed_to_place		edge-84e7f5cae150b2cc
work	epistle-to-the-ephesians	ephesus	60	60	addressed_to_place		edge-df69faced175403b
proposition	jesus-is-proclaimed-as-raised	colossae	60	60	derived_proposition_presence	affirms	edge-a09edd8bd97ea989
proposition	jesus-is-proclaimed-as-raised	ephesus	60	60	derived_proposition_presence	affirms	edge-f9f1207c5d6b6410
person	julius	rome	60	60	active_in		edge-6ebe4f0560e465ec
person	paul	appii-forum	60	60	active_in		edge-3ffe1c2983171789
person	paul	malta	60	60	active_in		edge-c75658280b4f8f8b
person	paul	puteoli	60	60	active_in		edge-69be7b1500a60bfa
person	paul	rhegium	60	60	active_in		edge-57f3cf3c9a687c90
person	paul	syracuse	60	60	active_in		edge-72afd7dd603b45e0
person	paul	three-taverns	60	60	active_in		edge-fd2659184f738979
person	publius	malta	60	60	active_in		edge-7b57af1d08cddf08
person	archippus	colossae	60	62	active_in		edge-528fda45ced7b0bc
person	aristarchus	rome	60	62	active_in		edge-4a9cb1e30f1a1fea
person	demas	rome	60	62	active_in		edge-c3efa88cf054ea21
group	disciples-of-jesus	colossae	60	62	group_present_at		edge-48f184d95c386809
group	disciples-of-jesus	hierapolis	60	62	group_present_at		edge-4e1b2860a6c312ef
group	disciples-of-jesus	laodicea	60	62	group_present_at		edge-4cb4d5efca51989b
person	epaphras	colossae	60	62	active_in		edge-39de3d752d3b0c52
person	epaphras	hierapolis	60	62	active_in		edge-31a5c20a34512fb9
person	epaphras	laodicea	60	62	active_in		edge-c3a5d432e4e381c4
person	epaphras	rome	60	62	active_in		edge-eeb93127754eff60
person	epaphroditus	philippi	60	62	active_in		edge-3743f44fce68b2ee
person	euodia	philippi	60	62	active_in		edge-86f81a6e58e45e0d
person	nympha	laodicea	60	62	active_in		edge-f87891c134e8d993
person	onesimus	colossae	60	62	active_in		edge-2989f685a0a8e585
person	paul	rome	60	62	active_in		edge-7622a8666c545ffb
person	syntyche	philippi	60	62	active_in		edge-4c22f00c27a76717
person	john-mark	rome	60	64	active_in		edge-f5ab8040933757d8
person	luke-the-evangelist	rome	60	64	active_in		edge-83c30a1aca4aed9c
person	timothy	rome	60	65	active_in		edge-325fda54b81e5c86
person	onesiphorus	rome	60	66	active_in		edge-5120ebe83e356cca
person	timothy	ephesus	60	80	bishop_of		edge-d44838cb58de2725
person	titus	crete	60	80	bishop_of		edge-0b826bb79a87f009
group	laodicean-church	laodicea	60	200	group_present_at		edge-480bf57ff8860404
group	roman-church	puteoli	60	200	group_present_at		edge-b8d2fe35f11deb09
work	epistle-to-philemon	colossae	61	61	addressed_to_place		edge-9d72cff9bb61320e
work	epistle-to-the-philippians	philippi	61	61	addressed_to_place		edge-725049630259dd9f
proposition	jesus-is-proclaimed-as-raised	philippi	61	61	derived_proposition_presence	affirms	edge-9f0798cf197cf83b
event	james-the-just-martyrdom	jerusalem	62	62	event_occurs_at		edge-d1ff3d16ba18db68
proposition	baptism-effects-regeneration	asia	62	64	derived_proposition_presence	affirms	edge-6909595bf556ef0d
proposition	baptism-effects-regeneration	bithynia	62	64	derived_proposition_presence	affirms	edge-64a82bccfdb4d17a
proposition	baptism-effects-regeneration	cappadocia	62	64	derived_proposition_presence	affirms	edge-e4efa765309d98e8
proposition	baptism-effects-regeneration	galatia	62	64	derived_proposition_presence	affirms	edge-8ddc5771922abc87
proposition	baptism-effects-regeneration	pontus	62	64	derived_proposition_presence	affirms	edge-6584e30b221c9866
group	disciples-of-jesus	asia	62	64	group_present_at		edge-6a3a02f9f69db961
group	disciples-of-jesus	bithynia	62	64	group_present_at		edge-2120521cb16dfbce
group	disciples-of-jesus	cappadocia	62	64	group_present_at		edge-42539e2a74b77cb9
group	disciples-of-jesus	galatia	62	64	group_present_at		edge-a08467da4d8812e2
group	disciples-of-jesus	pontus	62	64	group_present_at		edge-e48baf4d54cc192b
work	first-epistle-of-peter	asia	62	64	addressed_to_place		edge-a09251c26c580264
work	first-epistle-of-peter	bithynia	62	64	addressed_to_place		edge-1643dcf4dc941c27
work	first-epistle-of-peter	cappadocia	62	64	addressed_to_place		edge-7829ca68a04e3d56
work	first-epistle-of-peter	galatia	62	64	addressed_to_place		edge-5fddf3f7f57f459c
work	first-epistle-of-peter	pontus	62	64	addressed_to_place		edge-5ac96133777a06d5
proposition	jesus-is-proclaimed-as-raised	asia	62	64	derived_proposition_presence	affirms	edge-93f8c437297cdb4c
proposition	jesus-is-proclaimed-as-raised	bithynia	62	64	derived_proposition_presence	affirms	edge-49e338722c423966
proposition	jesus-is-proclaimed-as-raised	cappadocia	62	64	derived_proposition_presence	affirms	edge-3b3b03fbf06aa5ae
proposition	jesus-is-proclaimed-as-raised	galatia	62	64	derived_proposition_presence	affirms	edge-0f84516f66f32a4b
proposition	jesus-is-proclaimed-as-raised	pontus	62	64	derived_proposition_presence	affirms	edge-40f7fac42c88b7c2
group	disciples-of-jesus	crete	63	64	group_present_at		edge-dab6d4356922e643
person	paul	crete	63	64	active_in		edge-bcc68035ba146f2e
work	epistle-to-titus	crete	64	64	addressed_to_place		edge-59844f9a9b932b25
work	first-epistle-to-timothy	ephesus	64	64	addressed_to_place		edge-709646096b6ac777
event	great-fire-of-rome	rome	64	64	event_occurs_at		edge-90837c16b212a395
event	neronian-persecution	rome	64	64	event_occurs_at		edge-51014a11fa974625
person	paul	nicopolis	64	64	active_in		edge-d3c515a86ef2e8f3
person	carpus	troas	66	66	active_in		edge-83f8d4aa06ede6f4
person	crescens	galatia	66	66	active_in		edge-edc6e0c5a40b3772
person	demas	thessalonica	66	66	active_in		edge-2f40a3fb38ec4365
person	erastus	corinth	66	66	active_in		edge-f5ebecf55e6b7bed
person	titus	dalmatia	66	66	active_in		edge-37d8f5670c6a9393
person	trophimus	miletus	66	66	active_in		edge-d6d7fe58cde8c8b9
person	tychicus	ephesus	66	66	active_in		edge-cc997c2a3f47112d
group	zealots	jerusalem	66	70	group_present_at		edge-aa7bec1fa1cf65ff
event	sack-of-jerusalem	jerusalem	70	70	event_occurs_at		edge-ff9380da77af4740
person	john-son-of-zebedee	asia	70	100	active_in		edge-095adc43464ea37d
person	john-son-of-zebedee	ephesus	70	100	bishop_of		edge-f5a916850b858611
group	nicolaitans	ephesus	70	120	group_present_at		edge-f73d9ed8c3177e71
group	nicolaitans	pergamum	70	120	group_present_at		edge-4c8c93f9a6e7f43f
group	ebionites	judea	70	200	group_present_at		edge-92744e61f6e941b9
group	alexandrian-church	alexandria	70	400	group_present_at		edge-889d8ecee36dd03b
group	alexandrian-church	egypt	70	400	group_present_at		edge-e07090c757cae6f6
person	clement-of-rome	rome	90	99	bishop_of		edge-c48e755eafa1688f
proposition	logos-is-pre-existent-son-of-god	asia	90	100	derived_proposition_presence	affirms	edge-f6713e37546e3b7f
proposition	logos-is-pre-existent-son-of-god	ephesus	90	100	derived_proposition_presence	affirms	edge-77bbc94e907a845b
proposition	logos-is-pre-existent-son-of-god	galilee	90	100	derived_proposition_presence	affirms	edge-bd68fbb1a311cc6a
proposition	logos-is-pre-existent-son-of-god	jerusalem	90	100	derived_proposition_presence	affirms	edge-14376bb35ba49c16
proposition	logos-is-pre-existent-son-of-god	patmos	90	100	derived_proposition_presence	affirms	edge-420f671759aa0503
person	cerinthus	ephesus	90	120	active_in		edge-8d03b2ddb83c9758
proposition	christ-truly-became-flesh	ephesus	90	120	derived_proposition_presence	opposes	edge-d491070894f31fcf
proposition	christ-truly-suffered-and-died	ephesus	90	120	derived_proposition_presence	opposes	edge-81b25bce48942d01
proposition	jesus-born-of-virgin	ephesus	90	120	derived_proposition_presence	opposes	edge-8cf39b6cfaf0eaef
proposition	logos-is-pre-existent-son-of-god	ephesus	90	120	derived_proposition_presence	opposes	edge-b61aa425fcf8b23b
proposition	old-testament-is-authoritative-scripture	ephesus	90	120	derived_proposition_presence	opposes	edge-7892d45e3a3263f8
group	cerinthians	ephesus	90	130	group_present_at		edge-66e6c71d05996c3c
event	antipas-martyrdom	pergamum	95	95	event_occurs_at		edge-e0115ed952b565cf
person	antipas-of-pergamum	pergamum	95	95	active_in		edge-73bf44ac0718a2c5
proposition	final-judgment-is-coming	ephesus	95	95	derived_proposition_presence	affirms	edge-731c3076036831c5
proposition	final-judgment-is-coming	laodicea	95	95	derived_proposition_presence	affirms	edge-5b925ce4078b520a
proposition	final-judgment-is-coming	patmos	95	95	derived_proposition_presence	affirms	edge-edf1d48b57536346
proposition	final-judgment-is-coming	pergamum	95	95	derived_proposition_presence	affirms	edge-8537b7c6637991f0
proposition	final-judgment-is-coming	philadelphia-asia	95	95	derived_proposition_presence	affirms	edge-97f2e61225ca6554
proposition	final-judgment-is-coming	sardis	95	95	derived_proposition_presence	affirms	edge-83df963d729bc88b
proposition	final-judgment-is-coming	smyrna	95	95	derived_proposition_presence	affirms	edge-265ce94dbe8f7759
proposition	final-judgment-is-coming	thyatira	95	95	derived_proposition_presence	affirms	edge-776b77315bdb5a2a
event	john-on-patmos	patmos	95	95	event_occurs_at		edge-718e83d26632bae6
person	john-son-of-zebedee	patmos	95	95	active_in		edge-4b49d11430918273
proposition	martyrdom-witnesses-to-christ	ephesus	95	95	derived_proposition_presence	affirms	edge-7935bca4d84e70c5
proposition	martyrdom-witnesses-to-christ	laodicea	95	95	derived_proposition_presence	affirms	edge-2e3e9476ac2a9f97
proposition	martyrdom-witnesses-to-christ	patmos	95	95	derived_proposition_presence	affirms	edge-18fdd00ab6e75d2b
proposition	martyrdom-witnesses-to-christ	pergamum	95	95	derived_proposition_presence	affirms	edge-f765a2e996fd7732
proposition	martyrdom-witnesses-to-christ	philadelphia-asia	95	95	derived_proposition_presence	affirms	edge-65a5d62efcb598da
proposition	martyrdom-witnesses-to-christ	sardis	95	95	derived_proposition_presence	affirms	edge-079f3039bb488de1
proposition	martyrdom-witnesses-to-christ	smyrna	95	95	derived_proposition_presence	affirms	edge-e688155e04c5110c
proposition	martyrdom-witnesses-to-christ	thyatira	95	95	derived_proposition_presence	affirms	edge-9ffb06831c0409d7
proposition	martyrs-relics-honored	ephesus	95	95	derived_proposition_presence	affirms	edge-09ea42a430714202
proposition	martyrs-relics-honored	laodicea	95	95	derived_proposition_presence	affirms	edge-477eb7e8c93df8af
proposition	martyrs-relics-honored	patmos	95	95	derived_proposition_presence	affirms	edge-bcb1c5b8d8186f1a
proposition	martyrs-relics-honored	pergamum	95	95	derived_proposition_presence	affirms	edge-61a2babd72592805
proposition	martyrs-relics-honored	philadelphia-asia	95	95	derived_proposition_presence	affirms	edge-5dc7bccfbcbdb1b9
proposition	martyrs-relics-honored	sardis	95	95	derived_proposition_presence	affirms	edge-3d562e765a866d7a
proposition	martyrs-relics-honored	smyrna	95	95	derived_proposition_presence	affirms	edge-d2b139e4e7f26387
proposition	martyrs-relics-honored	thyatira	95	95	derived_proposition_presence	affirms	edge-1911b576eb4f1619
work	revelation-of-john	ephesus	95	95	addressed_to_place		edge-3e34e26d88b6f7fe
work	revelation-of-john	laodicea	95	95	addressed_to_place		edge-3833092b9e93bc17
work	revelation-of-john	patmos	95	95	written_at		edge-2cf010651f5fe5eb
work	revelation-of-john	pergamum	95	95	addressed_to_place		edge-411203cc16b8f1ac
work	revelation-of-john	philadelphia-asia	95	95	addressed_to_place		edge-a80450a611ba504e
work	revelation-of-john	sardis	95	95	addressed_to_place		edge-f05283f943a34eb7
work	revelation-of-john	smyrna	95	95	addressed_to_place		edge-be3c03863fe722e8
work	revelation-of-john	thyatira	95	95	addressed_to_place		edge-6d968edd5f2503a7
proposition	apostolic-succession-transmits-faith	corinth	95	96	derived_proposition_presence	affirms	edge-767b9621b135e77c
proposition	apostolic-succession-transmits-faith	rome	95	96	derived_proposition_presence	affirms	edge-82a44ef0e9f5b21d
proposition	bishop-succession-guarantees-apostolic-faith	corinth	95	96	derived_proposition_presence	affirms	edge-a83496c2dffff035
proposition	bishop-succession-guarantees-apostolic-faith	rome	95	96	derived_proposition_presence	affirms	edge-3e8f2a1f4112a52a
proposition	bodies-will-be-raised-at-last-day	corinth	95	96	derived_proposition_presence	affirms	edge-483dfa71f1998d24
proposition	bodies-will-be-raised-at-last-day	rome	95	96	derived_proposition_presence	affirms	edge-a94ce9b5573099d7
proposition	christ-truly-became-flesh	corinth	95	96	derived_proposition_presence	affirms	edge-d9f534dc51d382b1
proposition	christ-truly-became-flesh	rome	95	96	derived_proposition_presence	affirms	edge-588a0020c203f7c4
event	domitian-persecution	rome	95	96	event_occurs_at		edge-946d4e01970002e4
proposition	fasting-is-required	corinth	95	96	derived_proposition_presence	affirms	edge-4b45986b1533f910
proposition	fasting-is-required	rome	95	96	derived_proposition_presence	affirms	edge-c28f10cec2269893
work	first-epistle-of-clement	corinth	95	96	addressed_to_place		edge-87fd42728da7edf4
work	first-epistle-of-clement	rome	95	96	written_at		edge-2a32d81f91462726
proposition	frequent-eucharistic-assembly	corinth	95	96	derived_proposition_presence	affirms	edge-ef4d170d4b38f2a6
proposition	frequent-eucharistic-assembly	rome	95	96	derived_proposition_presence	affirms	edge-40e57cfff5309439
proposition	logos-is-pre-existent-son-of-god	corinth	95	96	derived_proposition_presence	affirms	edge-00ade5f0aee26a9a
proposition	logos-is-pre-existent-son-of-god	rome	95	96	derived_proposition_presence	affirms	edge-f7e717009c6a7173
proposition	martyrdom-witnesses-to-christ	corinth	95	96	derived_proposition_presence	affirms	edge-516c039c5f8f0502
proposition	martyrdom-witnesses-to-christ	rome	95	96	derived_proposition_presence	affirms	edge-6cdeca89bceb2df7
proposition	old-testament-is-authoritative-scripture	corinth	95	96	derived_proposition_presence	affirms	edge-b03608cd09111f8b
proposition	old-testament-is-authoritative-scripture	rome	95	96	derived_proposition_presence	affirms	edge-797ff642d57a9e97
proposition	ordination-conferred-by-laying-on-of-hands	corinth	95	96	derived_proposition_presence	affirms	edge-758840b23f9edfe6
proposition	ordination-conferred-by-laying-on-of-hands	rome	95	96	derived_proposition_presence	affirms	edge-5362b79e04c10a76
proposition	repentance-is-required	corinth	95	96	derived_proposition_presence	affirms	edge-d25c86a321641500
proposition	repentance-is-required	rome	95	96	derived_proposition_presence	affirms	edge-fb712b5f7d39ac81
proposition	rule-of-faith-received-from-apostles	corinth	95	96	derived_proposition_presence	affirms	edge-44a8563dea11a905
proposition	rule-of-faith-received-from-apostles	rome	95	96	derived_proposition_presence	affirms	edge-c0213988523ec3ac
proposition	threefold-ministry-required	corinth	95	96	derived_proposition_presence	affirms	edge-31b4e7a3ae3f0805
proposition	threefold-ministry-required	rome	95	96	derived_proposition_presence	affirms	edge-18eb6494c6f28820
proposition	apostolic-succession-transmits-faith	hierapolis	95	110	derived_proposition_presence	affirms	edge-b9edc8f4527f9060
proposition	bodies-will-be-raised-at-last-day	hierapolis	95	110	derived_proposition_presence	affirms	edge-5576370611cf4e67
work	papias-fragments	hierapolis	95	110	written_at		edge-5c2b7e6d990446b3
proposition	rule-of-faith-received-from-apostles	hierapolis	95	110	derived_proposition_presence	affirms	edge-af79da58e8becbb8
person	papias-of-hierapolis	hierapolis	95	130	bishop_of		edge-6fb70b8e25ed58d2
group	pergamum-church	pergamum	95	200	group_present_at		edge-364485cbef73b682
group	philadelphia-church	philadelphia-asia	95	200	group_present_at		edge-ecc1a41a5a97ff79
group	sardis-church	sardis	95	200	group_present_at		edge-85864c6c5c7bf8bb
group	smyrna-church	smyrna	95	200	group_present_at		edge-321a33201a5a9b49
group	thyatira-church	thyatira	95	200	group_present_at		edge-3fb47977e515025d
person	ignatius-of-antioch	antioch	98	110	bishop_of		edge-3d83f5dc7b2e86ef
group	docetists	antioch	100	120	group_present_at		edge-bb64821489c2b68a
group	docetists	ephesus	100	120	group_present_at		edge-3e6e896a574a9d5a
group	docetists	smyrna	100	120	group_present_at		edge-926dead27a9d51db
proposition	bodies-will-be-raised-at-last-day	antioch	100	135	derived_proposition_presence	opposes	edge-a7e45a6930ba437d
proposition	christ-truly-became-flesh	antioch	100	135	derived_proposition_presence	opposes	edge-877da3f6cdc4359b
proposition	christ-truly-suffered-and-died	antioch	100	135	derived_proposition_presence	opposes	edge-8642536c09bfb3b6
proposition	old-testament-is-authoritative-scripture	antioch	100	135	derived_proposition_presence	opposes	edge-12fba476d2165f6c
person	saturninus	antioch	100	135	active_in		edge-9d05649bee1ad76f
person	valentinus	alexandria	100	138	active_in		edge-c9093ed1143f6ce4
person	marcion-of-sinope	pontus	100	140	active_in		edge-02966639603cbc69
proposition	baptism-effects-regeneration	rome	100	150	derived_proposition_presence	affirms	edge-aed9e43580a5d7be
proposition	baptism-with-water-commanded	rome	100	150	derived_proposition_presence	affirms	edge-28c1285f6fee7ff7
proposition	catechumenate-precedes-baptism	rome	100	150	derived_proposition_presence	affirms	edge-b4e2f67989e4ceb6
proposition	christ-truly-became-flesh	rome	100	150	derived_proposition_presence	affirms	edge-b2790a945755660b
group	docetists	asia	100	150	group_present_at		edge-f5bb4e5448394a6c
group	docetists	phrygia	100	150	group_present_at		edge-b295ccd13015451c
group	docetists	rome	100	150	group_present_at		edge-a1bc58e7aa8ba2aa
proposition	fasting-is-required	rome	100	150	derived_proposition_presence	affirms	edge-95bd1bf1cb9282bb
person	hermas-shepherd	rome	100	150	active_in		edge-d9feb59661ef8601
proposition	post-baptismal-sin-forgiven-by-penance	rome	100	150	derived_proposition_presence	affirms	edge-c119a3aa0334f230
proposition	rule-of-faith-received-from-apostles	rome	100	150	derived_proposition_presence	affirms	edge-3882343961e4e6d0
work	shepherd-of-hermas	rome	100	150	written_at		edge-b0adb980cac0c65c
proposition	eucharist-is-body-and-blood	ephesus	100	155	derived_proposition_presence	affirms	edge-dbc89d7b7d42b8b2
proposition	eucharist-is-body-and-blood	rome	100	155	derived_proposition_presence	affirms	edge-27699d198ca629a6
proposition	eucharist-is-body-and-blood	smyrna	100	155	derived_proposition_presence	affirms	edge-eb526b9dca92afb2
proposition	fasting-is-required	ephesus	100	155	derived_proposition_presence	affirms	edge-ca08e6155e512530
proposition	fasting-is-required	rome	100	155	derived_proposition_presence	affirms	edge-cf12fae8217d794a
proposition	fasting-is-required	smyrna	100	155	derived_proposition_presence	affirms	edge-7562cc05ba367867
person	polycarp-of-smyrna	smyrna	100	155	bishop_of		edge-d580d8e6e2cc6c9f
group	ebionites	jerusalem	100	250	group_present_at		edge-fc3e32e403669d0e
group	ebionites	antioch	100	300	group_present_at		edge-be6e7a846256e1f3
group	ebionites	egypt	100	300	group_present_at		edge-ed2c3173f44f3f46
group	caesarean-church	caesarea	100	400	group_present_at		edge-0bd27663e91d99b8
group	roman-empire	bostra	106	400	controls_place		edge-d6a3b2d7d4fae7ed
proposition	christ-truly-suffered-and-died	ephesus	107	115	derived_proposition_presence	affirms	edge-4ad9f16f174696cb
proposition	christ-truly-suffered-and-died	philadelphia-asia	107	115	derived_proposition_presence	affirms	edge-c48390cdb2a07c7f
proposition	christ-truly-suffered-and-died	rome	107	115	derived_proposition_presence	affirms	edge-8d0b873e7fac5128
proposition	christ-truly-suffered-and-died	smyrna	107	115	derived_proposition_presence	affirms	edge-55def6105a09a5fc
event	ignatius-martyrdom	rome	108	110	event_occurs_at		edge-4fea10cdcb2bc0aa
proposition	apostolic-succession-transmits-faith	ephesus	110	110	derived_proposition_presence	affirms	edge-696d049b40d4569f
proposition	apostolic-succession-transmits-faith	philadelphia-asia	110	110	derived_proposition_presence	affirms	edge-b04bde8a9d71dfed
proposition	apostolic-succession-transmits-faith	rome	110	110	derived_proposition_presence	affirms	edge-55ed47fc9cbc9ee8
proposition	apostolic-succession-transmits-faith	smyrna	110	110	derived_proposition_presence	affirms	edge-9dde0babe3be26c4
proposition	baptism-effects-regeneration	ephesus	110	110	derived_proposition_presence	affirms	edge-94c53cbc1b318bef
proposition	baptism-effects-regeneration	philadelphia-asia	110	110	derived_proposition_presence	affirms	edge-5ade58b6b98ebbe2
proposition	baptism-effects-regeneration	rome	110	110	derived_proposition_presence	affirms	edge-71597f078ac2e1a1
proposition	baptism-effects-regeneration	smyrna	110	110	derived_proposition_presence	affirms	edge-06c197c55a8e6802
proposition	bishop-authority-over-eucharist	ephesus	110	110	derived_proposition_presence	affirms	edge-be836c983d3bc415
proposition	bishop-authority-over-eucharist	philadelphia-asia	110	110	derived_proposition_presence	affirms	edge-79e3d1666dd9ce7f
proposition	bishop-authority-over-eucharist	rome	110	110	derived_proposition_presence	affirms	edge-eb85f70e197ed9f7
proposition	bishop-authority-over-eucharist	smyrna	110	110	derived_proposition_presence	affirms	edge-d02530c6f999d7f1
proposition	bishop-succession-guarantees-apostolic-faith	ephesus	110	110	derived_proposition_presence	affirms	edge-67c8718824baa100
proposition	bishop-succession-guarantees-apostolic-faith	philadelphia-asia	110	110	derived_proposition_presence	affirms	edge-c7eb50791bc1dcc2
proposition	bishop-succession-guarantees-apostolic-faith	rome	110	110	derived_proposition_presence	affirms	edge-c54da181f477c8d6
proposition	bishop-succession-guarantees-apostolic-faith	smyrna	110	110	derived_proposition_presence	affirms	edge-0a7311c9eaec99f1
proposition	bishops-govern-local-church	ephesus	110	110	derived_proposition_presence	affirms	edge-ba7caa799f0d1bba
proposition	bishops-govern-local-church	philadelphia-asia	110	110	derived_proposition_presence	affirms	edge-2e7aa707b88b364d
proposition	bishops-govern-local-church	rome	110	110	derived_proposition_presence	affirms	edge-2b4ec9a0b8813303
proposition	bishops-govern-local-church	smyrna	110	110	derived_proposition_presence	affirms	edge-dd6d4a328701a922
proposition	bodies-will-be-raised-at-last-day	ephesus	110	110	derived_proposition_presence	affirms	edge-59d3126ee62f9914
proposition	bodies-will-be-raised-at-last-day	philadelphia-asia	110	110	derived_proposition_presence	affirms	edge-87cc11c1f9e4c275
proposition	bodies-will-be-raised-at-last-day	rome	110	110	derived_proposition_presence	affirms	edge-ebd1e39a5b5d6487
proposition	bodies-will-be-raised-at-last-day	smyrna	110	110	derived_proposition_presence	affirms	edge-2d1921ea71ea8b65
proposition	christ-truly-became-flesh	ephesus	110	110	derived_proposition_presence	affirms	edge-356744ca7070f1b7
proposition	christ-truly-became-flesh	philadelphia-asia	110	110	derived_proposition_presence	affirms	edge-5fee795acd2dbeff
proposition	christ-truly-became-flesh	rome	110	110	derived_proposition_presence	affirms	edge-cbf52092fb3bbf91
proposition	christ-truly-became-flesh	smyrna	110	110	derived_proposition_presence	affirms	edge-cf1b9af6eb857123
work	epistles-of-ignatius	ephesus	110	110	addressed_to_place		edge-06fb0d4657be75cd
work	epistles-of-ignatius	philadelphia-asia	110	110	addressed_to_place		edge-c16ad9d37b43afd6
work	epistles-of-ignatius	rome	110	110	addressed_to_place		edge-8d8aad2dede5f9b9
work	epistles-of-ignatius	smyrna	110	110	addressed_to_place		edge-2c40819aa8f31457
work	epistles-of-ignatius	smyrna	110	110	written_at		edge-a41fb4b2dd15ccad
proposition	eucharist-is-body-and-blood	ephesus	110	110	derived_proposition_presence	affirms	edge-fb910c3358643cd1
proposition	eucharist-is-body-and-blood	philadelphia-asia	110	110	derived_proposition_presence	affirms	edge-1ec2ab195f7e149f
proposition	eucharist-is-body-and-blood	rome	110	110	derived_proposition_presence	affirms	edge-4977c99e7d275c78
proposition	eucharist-is-body-and-blood	smyrna	110	110	derived_proposition_presence	affirms	edge-531d620bb596c844
proposition	eucharist-is-medicine-of-immortality	ephesus	110	110	derived_proposition_presence	affirms	edge-c93a5c410eca7c0c
proposition	eucharist-is-medicine-of-immortality	philadelphia-asia	110	110	derived_proposition_presence	affirms	edge-618f882872d6a2ee
proposition	eucharist-is-medicine-of-immortality	rome	110	110	derived_proposition_presence	affirms	edge-0c58328e2e15c2b6
proposition	eucharist-is-medicine-of-immortality	smyrna	110	110	derived_proposition_presence	affirms	edge-270a8f8aa30f97bb
proposition	fasting-is-required	ephesus	110	110	derived_proposition_presence	affirms	edge-8c69e6e8c3995df4
proposition	fasting-is-required	philadelphia-asia	110	110	derived_proposition_presence	affirms	edge-0bfd8855516a9066
proposition	fasting-is-required	rome	110	110	derived_proposition_presence	affirms	edge-97c32c3b120c2300
proposition	fasting-is-required	smyrna	110	110	derived_proposition_presence	affirms	edge-4cf63ccf3dd151b5
proposition	final-judgment-is-coming	ephesus	110	110	derived_proposition_presence	affirms	edge-aa8f5696f40d7797
proposition	final-judgment-is-coming	philadelphia-asia	110	110	derived_proposition_presence	affirms	edge-4d4b077c1a524587
proposition	final-judgment-is-coming	rome	110	110	derived_proposition_presence	affirms	edge-88e66d93ffe4ddae
proposition	final-judgment-is-coming	smyrna	110	110	derived_proposition_presence	affirms	edge-136f0612282edc1c
proposition	frequent-eucharistic-assembly	ephesus	110	110	derived_proposition_presence	affirms	edge-ad6a9d77e7637a46
proposition	frequent-eucharistic-assembly	philadelphia-asia	110	110	derived_proposition_presence	affirms	edge-e10e43dc36a52daa
proposition	frequent-eucharistic-assembly	rome	110	110	derived_proposition_presence	affirms	edge-6ceced2042b898b7
proposition	frequent-eucharistic-assembly	smyrna	110	110	derived_proposition_presence	affirms	edge-166496ba9cea6492
person	ignatius-of-antioch	ephesus	110	110	active_in		edge-397339b6745202fa
person	ignatius-of-antioch	smyrna	110	110	active_in		edge-a4c5aceb4200a13d
person	ignatius-of-antioch	troas	110	110	active_in		edge-37d71c0085bab1d2
proposition	jesus-born-of-virgin	ephesus	110	110	derived_proposition_presence	affirms	edge-343fc7299e957319
proposition	jesus-born-of-virgin	philadelphia-asia	110	110	derived_proposition_presence	affirms	edge-13caca88c0ca737f
proposition	jesus-born-of-virgin	rome	110	110	derived_proposition_presence	affirms	edge-6a935dea9fc8b7a4
proposition	jesus-born-of-virgin	smyrna	110	110	derived_proposition_presence	affirms	edge-04ba734f07522855
proposition	logos-is-pre-existent-son-of-god	ephesus	110	110	derived_proposition_presence	affirms	edge-2477bc29006dbd83
proposition	logos-is-pre-existent-son-of-god	philadelphia-asia	110	110	derived_proposition_presence	affirms	edge-c0046c857f1e4143
proposition	logos-is-pre-existent-son-of-god	rome	110	110	derived_proposition_presence	affirms	edge-c06822e3df57598a
proposition	logos-is-pre-existent-son-of-god	smyrna	110	110	derived_proposition_presence	affirms	edge-8188dd3cb12ac444
proposition	martyrdom-witnesses-to-christ	ephesus	110	110	derived_proposition_presence	affirms	edge-5721f189e6128246
proposition	martyrdom-witnesses-to-christ	philadelphia-asia	110	110	derived_proposition_presence	affirms	edge-c22d31f5c3034f73
proposition	martyrdom-witnesses-to-christ	rome	110	110	derived_proposition_presence	affirms	edge-42bfbfb5898c379a
proposition	martyrdom-witnesses-to-christ	smyrna	110	110	derived_proposition_presence	affirms	edge-4f545e8e8c2ef692
proposition	old-testament-is-authoritative-scripture	ephesus	110	110	derived_proposition_presence	affirms	edge-40ab3c78acbbcb35
proposition	old-testament-is-authoritative-scripture	philadelphia-asia	110	110	derived_proposition_presence	affirms	edge-2ec858fe6230c5e8
proposition	old-testament-is-authoritative-scripture	rome	110	110	derived_proposition_presence	affirms	edge-c66d7ed495b53f3a
proposition	old-testament-is-authoritative-scripture	smyrna	110	110	derived_proposition_presence	affirms	edge-3bed2610249da1e7
proposition	ordination-conferred-by-laying-on-of-hands	ephesus	110	110	derived_proposition_presence	affirms	edge-432a0535f34cfbe8
proposition	ordination-conferred-by-laying-on-of-hands	philadelphia-asia	110	110	derived_proposition_presence	affirms	edge-fa2a43cbd5c06827
proposition	ordination-conferred-by-laying-on-of-hands	rome	110	110	derived_proposition_presence	affirms	edge-3a2ebb88a6ebb6ea
proposition	ordination-conferred-by-laying-on-of-hands	smyrna	110	110	derived_proposition_presence	affirms	edge-30e095b38f7c88d0
proposition	repentance-is-required	ephesus	110	110	derived_proposition_presence	affirms	edge-95ebf708cbb50806
proposition	repentance-is-required	philadelphia-asia	110	110	derived_proposition_presence	affirms	edge-2e1f1db6496d8ae7
proposition	repentance-is-required	rome	110	110	derived_proposition_presence	affirms	edge-0b490e4a3e7ab234
proposition	repentance-is-required	smyrna	110	110	derived_proposition_presence	affirms	edge-58b4fc666c323f2f
proposition	rule-of-faith-received-from-apostles	ephesus	110	110	derived_proposition_presence	affirms	edge-e6bcad5a461eddaa
proposition	rule-of-faith-received-from-apostles	philadelphia-asia	110	110	derived_proposition_presence	affirms	edge-9701a33db8315d4f
proposition	rule-of-faith-received-from-apostles	rome	110	110	derived_proposition_presence	affirms	edge-38d78d2376a4cd05
proposition	rule-of-faith-received-from-apostles	smyrna	110	110	derived_proposition_presence	affirms	edge-0d4c59ef890d9d72
proposition	threefold-ministry-required	ephesus	110	110	derived_proposition_presence	affirms	edge-d64b8bfef886a75b
proposition	threefold-ministry-required	philadelphia-asia	110	110	derived_proposition_presence	affirms	edge-cc4a65857d3ba3e9
proposition	threefold-ministry-required	rome	110	110	derived_proposition_presence	affirms	edge-71d4a92f9c270d9f
proposition	threefold-ministry-required	smyrna	110	110	derived_proposition_presence	affirms	edge-39a9267030ef0b7d
proposition	christ-truly-suffered-and-died	philippi	110	120	derived_proposition_presence	affirms	edge-7bcc1ff684f7ba5b
proposition	christ-truly-suffered-and-died	smyrna	110	120	derived_proposition_presence	affirms	edge-3379a387bede3561
proposition	apostolic-succession-transmits-faith	philippi	110	135	derived_proposition_presence	affirms	edge-b2c61fed92c570ec
proposition	apostolic-succession-transmits-faith	smyrna	110	135	derived_proposition_presence	affirms	edge-88d73e43b7c74ee7
proposition	bodies-will-be-raised-at-last-day	philippi	110	135	derived_proposition_presence	affirms	edge-41701dc61f38415f
proposition	bodies-will-be-raised-at-last-day	smyrna	110	135	derived_proposition_presence	affirms	edge-67200bccc4fc1e8b
proposition	christ-truly-became-flesh	philippi	110	135	derived_proposition_presence	affirms	edge-913319e9b1363974
proposition	christ-truly-became-flesh	smyrna	110	135	derived_proposition_presence	affirms	edge-b0f9a3a144af87e5
work	epistle-of-polycarp-to-philippians	philippi	110	135	addressed_to_place		edge-dad7f9009e6b4b60
work	epistle-of-polycarp-to-philippians	smyrna	110	135	written_at		edge-e07585db5c4b481e
proposition	eucharist-is-body-and-blood	philippi	110	135	derived_proposition_presence	affirms	edge-48f717d26853a30e
proposition	eucharist-is-body-and-blood	smyrna	110	135	derived_proposition_presence	affirms	edge-2cdb3c75c2a5a300
proposition	fasting-is-required	philippi	110	135	derived_proposition_presence	affirms	edge-3697c80e51127eb9
proposition	fasting-is-required	smyrna	110	135	derived_proposition_presence	affirms	edge-85c9933a76c4d9b7
proposition	final-judgment-is-coming	philippi	110	135	derived_proposition_presence	affirms	edge-5ba4084fb629230e
proposition	final-judgment-is-coming	smyrna	110	135	derived_proposition_presence	affirms	edge-692fcb58aeafa434
proposition	jesus-born-of-virgin	philippi	110	135	derived_proposition_presence	affirms	edge-cc97ac9fb59632e0
proposition	jesus-born-of-virgin	smyrna	110	135	derived_proposition_presence	affirms	edge-170c6621d07f0982
proposition	logos-is-pre-existent-son-of-god	philippi	110	135	derived_proposition_presence	affirms	edge-f815a4bb3a52b275
proposition	logos-is-pre-existent-son-of-god	smyrna	110	135	derived_proposition_presence	affirms	edge-224d2e43edc2e180
proposition	martyrdom-witnesses-to-christ	philippi	110	135	derived_proposition_presence	affirms	edge-f6783791e89606ca
proposition	martyrdom-witnesses-to-christ	smyrna	110	135	derived_proposition_presence	affirms	edge-2c197ad2f0665c22
proposition	old-testament-is-authoritative-scripture	philippi	110	135	derived_proposition_presence	affirms	edge-c4e53888279d8e98
proposition	old-testament-is-authoritative-scripture	smyrna	110	135	derived_proposition_presence	affirms	edge-a890c8a0e0278ca9
proposition	repentance-is-required	philippi	110	135	derived_proposition_presence	affirms	edge-00d24a3f5fb20869
proposition	repentance-is-required	smyrna	110	135	derived_proposition_presence	affirms	edge-7a0dfc59c7e36c27
proposition	rule-of-faith-received-from-apostles	philippi	110	135	derived_proposition_presence	affirms	edge-b55a8a3198014686
proposition	rule-of-faith-received-from-apostles	smyrna	110	135	derived_proposition_presence	affirms	edge-73ac1600c2d751d5
proposition	threefold-ministry-required	philippi	110	135	derived_proposition_presence	affirms	edge-9e2be86ac0c9e58f
proposition	threefold-ministry-required	smyrna	110	135	derived_proposition_presence	affirms	edge-c1a50121a2228295
person	polycarp-of-smyrna	ephesus	110	140	active_in		edge-8f8ea2b151555120
group	roman-empire	edessa	114	244	controls_place		edge-e7173886adbd7251
person	basilides	alexandria	117	145	active_in		edge-dd69da1d5ee9ee96
proposition	bodies-will-be-raised-at-last-day	alexandria	117	145	derived_proposition_presence	opposes	edge-5f379cbbd92ea058
proposition	christ-truly-became-flesh	alexandria	117	145	derived_proposition_presence	opposes	edge-63cd5d58f90517f5
proposition	christ-truly-suffered-and-died	alexandria	117	145	derived_proposition_presence	opposes	edge-b00277c112e6428d
proposition	jesus-born-of-virgin	alexandria	117	145	derived_proposition_presence	opposes	edge-ef6576a083bc486f
proposition	logos-is-pre-existent-son-of-god	alexandria	117	145	derived_proposition_presence	opposes	edge-de9b51baa535380f
proposition	old-testament-is-authoritative-scripture	alexandria	117	145	derived_proposition_presence	opposes	edge-af16e3d008fa9a75
person	aristides-of-athens	athens	120	130	active_in		edge-a54b1c20fab6be81
work	apology-of-aristides	rome	125	130	addressed_to_place		edge-f66193b152893ad6
person	aristides-of-athens	rome	125	130	active_in		edge-c0a84006a4e7c19d
proposition	jesus-born-of-virgin	rome	125	130	derived_proposition_presence	affirms	edge-194bbc2b90cb9111
proposition	logos-is-pre-existent-son-of-god	rome	125	130	derived_proposition_presence	affirms	edge-04930c4c7fc638e3
proposition	apostolic-succession-transmits-faith	pontus	130	160	derived_proposition_presence	opposes	edge-e5fe8c980e9fc06c
proposition	apostolic-succession-transmits-faith	rome	130	160	derived_proposition_presence	opposes	edge-b6068e87ca11fff4
proposition	bodies-will-be-raised-at-last-day	pontus	130	160	derived_proposition_presence	opposes	edge-c583dd34fc6bdac3
proposition	bodies-will-be-raised-at-last-day	rome	130	160	derived_proposition_presence	opposes	edge-10ebefab43685ed6
proposition	christ-truly-suffered-and-died	pontus	130	160	derived_proposition_presence	opposes	edge-110b209c719c4496
proposition	christ-truly-suffered-and-died	rome	130	160	derived_proposition_presence	opposes	edge-4c47b7501e7c132a
proposition	jesus-born-of-virgin	pontus	130	160	derived_proposition_presence	opposes	edge-fe497823fd81a67e
proposition	jesus-born-of-virgin	rome	130	160	derived_proposition_presence	opposes	edge-9609d16f5cafb3d7
proposition	rule-of-faith-received-from-apostles	pontus	130	160	derived_proposition_presence	opposes	edge-b3fcbe117a660075
proposition	rule-of-faith-received-from-apostles	rome	130	160	derived_proposition_presence	opposes	edge-9ba779562343d442
person	justin-martyr	ephesus	135	150	active_in		edge-5ac4704a411904c6
person	valentinus	rome	138	160	active_in		edge-3d30b53966d925f6
group	valentinians	rome	138	190	group_present_at		edge-0070757ff1057cc1
work	marcion-antitheses	rome	140	144	written_at		edge-71097d4a4c605bd5
proposition	old-testament-is-authoritative-scripture	rome	140	144	derived_proposition_presence	opposes	edge-bf723840e4a9b835
person	hegesippus	jerusalem	140	160	active_in		edge-fb01bd1fed2e6182
person	marcion-of-sinope	rome	140	160	active_in		edge-2e96e333f9ecf505
group	valentinians	alexandria	140	250	group_present_at		edge-b8f53014edef7309
group	valentinians	egypt	140	250	group_present_at		edge-8e6d718d61c0713f
event	marcion-excommunication	rome	144	144	event_occurs_at		edge-bf7f0e461e24e918
group	marcionites	asia	144	300	group_present_at		edge-4b8d793911ca1a4c
group	marcionites	pontus	144	300	group_present_at		edge-50462564c5f2d07a
group	marcionites	rome	144	300	group_present_at		edge-febbe9d5389eecbd
person	irenaeus-of-lyons	smyrna	145	165	active_in		edge-328eb2bb3e447414
person	polycarp-of-smyrna	rome	150	155	active_in		edge-3b09c4a3177bd743
proposition	fasting-is-required	ephesus	150	165	derived_proposition_presence	affirms	edge-60c569de728c1df8
proposition	fasting-is-required	rome	150	165	derived_proposition_presence	affirms	edge-b7b4420296627d18
person	justin-martyr	rome	150	165	active_in		edge-38e57018b42648ed
person	tatian-the-assyrian	rome	150	165	active_in		edge-c525c4bb0059a279
group	valentinians	antioch	150	250	group_present_at		edge-1b224d3f04cf1cb7
group	valentinians	ephesus	150	250	group_present_at		edge-beb8ae797c079378
group	marcionites	alexandria	150	300	group_present_at		edge-3b365793feaca69d
group	marcionites	antioch	150	300	group_present_at		edge-42d01da467731c55
group	marcionites	carthage	150	300	group_present_at		edge-0ca12520d506ea11
group	marcionites	egypt	150	300	group_present_at		edge-3ddd057abfcc71dc
group	marcionites	ephesus	150	300	group_present_at		edge-6b7e792724feb33f
group	marcionites	galatia	150	300	group_present_at		edge-1507c2cb70b4cd4b
group	marcionites	smyrna	150	300	group_present_at		edge-8e8c6f6652797cd2
person	bardaisan-of-edessa	edessa	154	222	active_in		edge-25bb7c28797ead9a
proposition	apostolic-succession-transmits-faith	rome	155	155	derived_proposition_presence	affirms	edge-86ecd753f44385ec
proposition	baptism-administered-in-trinitarian-name	rome	155	155	derived_proposition_presence	affirms	edge-3ded9ceef3cfa155
proposition	baptism-effects-regeneration	rome	155	155	derived_proposition_presence	affirms	edge-2ae8678f279faee0
proposition	baptism-with-water-commanded	rome	155	155	derived_proposition_presence	affirms	edge-d354f00bcfc335aa
proposition	baptismal-anointing-with-oil	rome	155	155	derived_proposition_presence	affirms	edge-55e19d19fa927685
proposition	bishop-succession-guarantees-apostolic-faith	rome	155	155	derived_proposition_presence	affirms	edge-066b9881fcd34580
proposition	bodies-will-be-raised-at-last-day	rome	155	155	derived_proposition_presence	affirms	edge-3d708d9b1eef3a2a
proposition	catechumenate-precedes-baptism	rome	155	155	derived_proposition_presence	affirms	edge-e97762dd11d55c76
proposition	christ-truly-became-flesh	rome	155	155	derived_proposition_presence	affirms	edge-ba9ce143ee7dafa6
proposition	eucharist-fulfills-malachi-pure-offering	rome	155	155	derived_proposition_presence	affirms	edge-f1c30940b435590e
proposition	eucharist-is-body-and-blood	rome	155	155	derived_proposition_presence	affirms	edge-29086d7ac119dc72
proposition	eucharist-is-sacrifice	rome	155	155	derived_proposition_presence	affirms	edge-83f7b254be3efcc8
proposition	eucharist-offered-on-sunday	rome	155	155	derived_proposition_presence	affirms	edge-8df43e41011dc88a
work	first-apology-of-justin	rome	155	155	written_at		edge-59e12dbed2612c15
proposition	jesus-born-of-virgin	rome	155	155	derived_proposition_presence	affirms	edge-2eecd0fb1bf7295e
proposition	logos-is-pre-existent-son-of-god	rome	155	155	derived_proposition_presence	affirms	edge-a1fb33293c9f0a96
event	polycarp-martyrdom	smyrna	155	155	event_occurs_at		edge-3cd0ee555c39efe0
proposition	rule-of-faith-received-from-apostles	rome	155	155	derived_proposition_presence	affirms	edge-775b2c68dd396ca6
proposition	apostolic-succession-transmits-faith	rome	155	160	derived_proposition_presence	affirms	edge-3c6080a56c65448b
proposition	baptism-effects-regeneration	rome	155	160	derived_proposition_presence	affirms	edge-c520d363306c8efd
proposition	bodies-will-be-raised-at-last-day	rome	155	160	derived_proposition_presence	affirms	edge-672ab8b6a85fd665
proposition	catechumenate-precedes-baptism	rome	155	160	derived_proposition_presence	affirms	edge-2b4e6eb63c8c15e8
proposition	christ-truly-became-flesh	rome	155	160	derived_proposition_presence	affirms	edge-0f0802e8bce4a0fc
work	dialogue-with-trypho	rome	155	160	written_at		edge-36e16da32a58a52a
proposition	eucharist-fulfills-malachi-pure-offering	rome	155	160	derived_proposition_presence	affirms	edge-f460df185375880a
proposition	eucharist-is-body-and-blood	rome	155	160	derived_proposition_presence	affirms	edge-c1743e64a70757c1
proposition	eucharist-is-sacrifice	rome	155	160	derived_proposition_presence	affirms	edge-11ca2aa30e226c69
proposition	eucharist-is-sacrifice	smyrna	155	160	derived_proposition_presence	affirms	edge-b6ab260fdc03ece0
proposition	fasting-is-required	rome	155	160	derived_proposition_presence	affirms	edge-338f58946ea2964f
person	hegesippus	antioch	155	160	active_in		edge-395a73b42bfbdb69
proposition	jesus-born-of-virgin	rome	155	160	derived_proposition_presence	affirms	edge-42dc9257cba80247
proposition	logos-is-pre-existent-son-of-god	rome	155	160	derived_proposition_presence	affirms	edge-4d9bc29c48192032
work	martyrdom-of-polycarp	smyrna	155	160	written_at		edge-2be3e8d1bd78ba64
proposition	martyrdom-witnesses-to-christ	smyrna	155	160	derived_proposition_presence	affirms	edge-28888c073ab4e041
proposition	martyrs-relics-honored	smyrna	155	160	derived_proposition_presence	affirms	edge-a32eccb4026a736f
proposition	rule-of-faith-received-from-apostles	rome	155	160	derived_proposition_presence	affirms	edge-15929ce7bca87114
proposition	bodies-will-be-raised-at-last-day	rome	155	165	derived_proposition_presence	affirms	edge-60cd07d7d9484413
proposition	christ-truly-became-flesh	rome	155	165	derived_proposition_presence	affirms	edge-e4e5831abf78dbe5
proposition	logos-is-pre-existent-son-of-god	rome	155	165	derived_proposition_presence	affirms	edge-3cfce027a8e42560
proposition	old-testament-is-authoritative-scripture	rome	155	165	derived_proposition_presence	affirms	edge-64168c90b3c2f0b3
work	oration-to-the-greeks	rome	155	165	written_at		edge-ad926ee4bf99d002
person	anicetus	rome	155	166	bishop_of		edge-28281374ae0407d1
person	hegesippus	corinth	155	170	active_in		edge-2306c6643e8fbf11
person	hegesippus	rome	155	175	active_in		edge-abc3520b55466bd6
person	maximilla	phrygia	155	179	active_in		edge-8f09bc344c1d8d17
proposition	prophetic-gifts-continue-after-apostles	phrygia	155	179	derived_proposition_presence	affirms	edge-1dbfd1b747566168
proposition	apostolic-succession-transmits-faith	antioch	155	180	derived_proposition_presence	affirms	edge-9f39c4f2b9562f08
proposition	apostolic-succession-transmits-faith	corinth	155	180	derived_proposition_presence	affirms	edge-58057360fbcb43d9
proposition	apostolic-succession-transmits-faith	jerusalem	155	180	derived_proposition_presence	affirms	edge-616a10c5b017c44d
proposition	apostolic-succession-transmits-faith	phrygia	155	180	derived_proposition_presence	opposes	edge-d8bfb10f95c9b768
proposition	apostolic-succession-transmits-faith	rome	155	180	derived_proposition_presence	affirms	edge-ef1969dbe9f37414
proposition	christ-truly-suffered-and-died	sardis	155	180	derived_proposition_presence	affirms	edge-11cfe183e4a3aa40
person	melito-of-sardis	sardis	155	180	bishop_of		edge-ab1655815682a10c
person	montanus	phrygia	155	180	active_in		edge-0cfae8e9625d7374
proposition	old-testament-is-authoritative-scripture	sardis	155	180	derived_proposition_presence	affirms	edge-4a328ccadab6cac7
proposition	prophetic-gifts-continue-after-apostles	phrygia	155	180	derived_proposition_presence	affirms	edge-3f48121037d58b7f
proposition	rule-of-faith-received-from-apostles	antioch	155	180	derived_proposition_presence	affirms	edge-e096de9e92999ced
proposition	rule-of-faith-received-from-apostles	corinth	155	180	derived_proposition_presence	affirms	edge-e561b1e22543ebe7
proposition	rule-of-faith-received-from-apostles	jerusalem	155	180	derived_proposition_presence	affirms	edge-944d50f5632c2fd0
proposition	rule-of-faith-received-from-apostles	rome	155	180	derived_proposition_presence	affirms	edge-e66dac82ca86dbf5
proposition	bodies-will-be-raised-at-last-day	sardis	160	170	derived_proposition_presence	affirms	edge-79fac3e07eabf30b
proposition	christ-truly-became-flesh	sardis	160	170	derived_proposition_presence	affirms	edge-df174bfd17666253
proposition	christ-truly-suffered-and-died	sardis	160	170	derived_proposition_presence	affirms	edge-e6381b41db0977ba
proposition	eucharist-is-body-and-blood	sardis	160	170	derived_proposition_presence	affirms	edge-0117b57b5bd10bf1
work	homily-on-the-passover	sardis	160	170	written_at		edge-57472ee36141328c
proposition	jesus-born-of-virgin	sardis	160	170	derived_proposition_presence	affirms	edge-aebf37bb1c48942a
proposition	logos-is-pre-existent-son-of-god	sardis	160	170	derived_proposition_presence	affirms	edge-dab1156315b9866c
proposition	martyrdom-witnesses-to-christ	sardis	160	170	derived_proposition_presence	affirms	edge-4a4d5c0386c46785
proposition	old-testament-is-authoritative-scripture	sardis	160	170	derived_proposition_presence	affirms	edge-2ee11e5fb32ab79b
person	pantaenus	alexandria	160	200	active_in		edge-03f3c5910388fa97
group	valentinians	carthage	160	250	group_present_at		edge-9b01160ca4909270
event	justin-martyrdom	rome	165	165	event_occurs_at		edge-be69deec117d0076
person	tatian-the-assyrian	antioch	165	180	active_in		edge-9b0f6d52d31f1242
proposition	apostolic-succession-transmits-faith	corinth	166	174	derived_proposition_presence	affirms	edge-cfd872ce5bf950d1
person	dionysius-of-corinth	corinth	166	174	bishop_of		edge-c9c377e96f1bc5f6
proposition	rule-of-faith-received-from-apostles	corinth	166	174	derived_proposition_presence	affirms	edge-bbcea1deb5697eab
person	theophilus-of-antioch	antioch	169	183	bishop_of		edge-fc5617b7a5fdd6fb
work	diatessaron	edessa	170	170	written_at		edge-3c712a20efbd5d06
proposition	gospel-harmony-is-authoritative	edessa	170	170	derived_proposition_presence	affirms	edge-93205c75f29b3238
person	clement-of-alexandria	athens	170	175	active_in		edge-4da88e1c8038b117
person	athenagoras-of-athens	athens	170	177	active_in		edge-794c579e26d380f4
proposition	gospel-harmony-is-authoritative	antioch	170	180	derived_proposition_presence	affirms	edge-f2f41f87f6d09fe9
proposition	gospel-harmony-is-authoritative	rome	170	180	derived_proposition_presence	affirms	edge-c7459280ce12de24
person	polycrates-of-ephesus	ephesus	170	196	bishop_of		edge-3a58f8cf0e3cb7e7
proposition	rule-of-faith-received-from-apostles	ephesus	170	196	derived_proposition_presence	affirms	edge-5d1733b6a7180825
person	clement-of-alexandria	alexandria	170	202	active_in		edge-ba8a3d7b4d5d4924
group	valentinians	gaul	170	250	group_present_at		edge-aaca00ab775fc96b
group	montanists	asia	170	300	group_present_at		edge-6786858cf825fd3f
group	montanists	phrygia	170	300	group_present_at		edge-f643294c8933ee59
person	eleutherus	rome	174	189	bishop_of		edge-9b38d1b99112d2c9
proposition	bodies-will-be-raised-at-last-day	athens	177	177	derived_proposition_presence	affirms	edge-1d849d7bb700416e
proposition	bodies-will-be-raised-at-last-day	rome	177	177	derived_proposition_presence	affirms	edge-6fb64aa9acb05548
work	embassy-for-the-christians	athens	177	177	written_at		edge-70ab6c4f708f3c40
work	embassy-for-the-christians	rome	177	177	addressed_to_place		edge-b577ffc7cfecc399
person	irenaeus-of-lyons	rome	177	177	active_in		edge-f05a265aaa69051e
proposition	logos-is-pre-existent-son-of-god	athens	177	177	derived_proposition_presence	affirms	edge-e59b57c301073ad5
proposition	logos-is-pre-existent-son-of-god	rome	177	177	derived_proposition_presence	affirms	edge-c03c70033c5c3cef
event	lyons-persecution	lyons	177	177	event_occurs_at		edge-c3da281f5c45d019
proposition	christ-truly-suffered-and-died	lyons	177	185	derived_proposition_presence	affirms	edge-5a6b0422bd773715
proposition	old-testament-is-authoritative-scripture	lyons	177	185	derived_proposition_presence	affirms	edge-8c0fc7820b529f31
work	ad-autolycum	antioch	178	183	written_at		edge-80c6ef6b9f37da33
proposition	bodies-will-be-raised-at-last-day	antioch	178	183	derived_proposition_presence	affirms	edge-5439e00066a8bde2
proposition	logos-is-pre-existent-son-of-god	antioch	178	183	derived_proposition_presence	affirms	edge-d8075a3697fc2ad7
proposition	trinity-is-three-persons-one-substance	antioch	178	183	derived_proposition_presence	affirms	edge-1085d6463acc6e12
person	irenaeus-of-lyons	lyons	178	202	active_in		edge-4f25c3e9e13620d8
work	against-heresies	lyons	180	185	written_at		edge-6744ce0216c484f1
proposition	apostolic-succession-transmits-faith	lyons	180	185	derived_proposition_presence	affirms	edge-82a952aeb27f5235
proposition	baptism-administered-in-trinitarian-name	lyons	180	185	derived_proposition_presence	affirms	edge-5dc8c65cb9662af4
proposition	baptism-effects-regeneration	lyons	180	185	derived_proposition_presence	affirms	edge-8b785c8c71762a73
proposition	baptismal-anointing-with-oil	lyons	180	185	derived_proposition_presence	affirms	edge-d430f4272322b4a5
proposition	bartholomew-preached-in-india	alexandria	180	185	derived_proposition_presence	affirms	edge-94ed2b9156660654
proposition	bartholomew-preached-in-india	india-malabar	180	185	derived_proposition_presence	affirms	edge-114f885908f4f825
proposition	bishop-succession-guarantees-apostolic-faith	lyons	180	185	derived_proposition_presence	affirms	edge-b9a434431214405e
proposition	bodies-will-be-raised-at-last-day	lyons	180	185	derived_proposition_presence	affirms	edge-80b6a36ff1a80925
proposition	catechumenate-precedes-baptism	lyons	180	185	derived_proposition_presence	affirms	edge-24cc1783b8a5bc55
proposition	christ-truly-became-flesh	lyons	180	185	derived_proposition_presence	affirms	edge-19b20d0f9190334b
proposition	christians-must-not-serve-in-military	lyons	180	185	derived_proposition_presence	affirms	edge-466b7b2c176956c8
proposition	eucharist-fulfills-malachi-pure-offering	lyons	180	185	derived_proposition_presence	affirms	edge-8908495079b76081
proposition	eucharist-is-body-and-blood	lyons	180	185	derived_proposition_presence	affirms	edge-a50efdbf5b66627a
proposition	eucharist-is-sacrifice	lyons	180	185	derived_proposition_presence	affirms	edge-8ef57da9080fa956
proposition	eucharist-offered-on-sunday	lyons	180	185	derived_proposition_presence	affirms	edge-57ebed8a964d02a2
proposition	fasting-is-required	lyons	180	185	derived_proposition_presence	affirms	edge-d1547680bbcc94ad
proposition	frequent-eucharistic-assembly	lyons	180	185	derived_proposition_presence	affirms	edge-af78a2e01a68b24d
proposition	gospel-reached-india	alexandria	180	185	derived_proposition_presence	affirms	edge-4edd1df091f08279
proposition	gospel-reached-india	india-malabar	180	185	derived_proposition_presence	affirms	edge-b7a4ae717e77cb5b
proposition	infants-and-children-are-baptized	lyons	180	185	derived_proposition_presence	affirms	edge-e9e1bb9b8c0f0309
event	irenaeus-writes-against-heresies	lyons	180	185	event_occurs_at		edge-34478048aec4444e
proposition	jesus-born-of-virgin	lyons	180	185	derived_proposition_presence	affirms	edge-61ba81856c0eb1e2
proposition	logos-is-pre-existent-son-of-god	lyons	180	185	derived_proposition_presence	affirms	edge-8131e30acedea17f
proposition	martyrdom-witnesses-to-christ	lyons	180	185	derived_proposition_presence	affirms	edge-42819eca62ae7386
proposition	ordination-conferred-by-laying-on-of-hands	lyons	180	185	derived_proposition_presence	affirms	edge-3df91583852f6347
person	pantaenus	india-malabar	180	185	active_in		edge-1341c77a8146049d
proposition	post-baptismal-sin-forgiven-by-penance	lyons	180	185	derived_proposition_presence	affirms	edge-139b1de07525a07e
proposition	prayer-is-offered-without-ceasing	lyons	180	185	derived_proposition_presence	affirms	edge-f41d3c52e85e94ab
proposition	rule-of-faith-received-from-apostles	lyons	180	185	derived_proposition_presence	affirms	edge-96aadaba57c63d40
group	carthage-church	carthage	180	400	group_present_at		edge-ae30b76357edcccc
proposition	apostolic-succession-transmits-faith	rome	189	199	derived_proposition_presence	affirms	edge-b429cf3c7617c7db
proposition	bishop-succession-guarantees-apostolic-faith	rome	189	199	derived_proposition_presence	affirms	edge-eb1ed23c65021037
person	victor-i-of-rome	rome	189	199	bishop_of		edge-d4d9bfada10644ca
person	demetrius-of-alexandria	alexandria	189	232	bishop_of		edge-77ccb4c2abee177f
event	quartodeciman-controversy	rome	190	195	event_occurs_at		edge-460fc29e63c0dde5
person	tertullian	rome	190	195	active_in		edge-3e44f6335aa69f7e
proposition	christ-truly-became-flesh	alexandria	190	202	derived_proposition_presence	affirms	edge-57d5031dd0c1392e
proposition	christ-truly-became-flesh	athens	190	202	derived_proposition_presence	affirms	edge-580dbee1b9c237cc
group	montanists	rome	190	220	group_present_at		edge-5c9273c2b898dcd6
proposition	christ-truly-became-flesh	edessa	190	222	derived_proposition_presence	affirms	edge-f858cf2030d43db9
group	montanists	carthage	190	250	group_present_at		edge-a5c10ee52d44a838
group	bardesanites	edessa	190	400	group_present_at		edge-7a443c70916ec503
proposition	baptism-effects-regeneration	alexandria	195	195	derived_proposition_presence	affirms	edge-26c8a79482c146d6
proposition	christ-truly-became-flesh	alexandria	195	195	derived_proposition_presence	affirms	edge-84561fc2b5ef45e8
proposition	logos-is-pre-existent-son-of-god	alexandria	195	195	derived_proposition_presence	affirms	edge-5e6e6b5315f7f621
work	protrepticus	alexandria	195	195	written_at		edge-52c3b605c52055e6
proposition	almsgiving-is-required	alexandria	195	215	derived_proposition_presence	affirms	edge-de3d094408801e73
proposition	post-baptismal-sin-forgiven-by-penance	alexandria	195	215	derived_proposition_presence	affirms	edge-e2e2fc0baf2a0662
work	quis-dives-salvetur	alexandria	195	215	written_at		edge-648eb1cff207b1aa
proposition	apostolic-succession-transmits-faith	carthage	195	220	derived_proposition_presence	affirms	edge-b6e5f8d49792092a
proposition	apostolic-succession-transmits-faith	rome	195	220	derived_proposition_presence	affirms	edge-cabfbff8d1251ac4
proposition	catechumenate-precedes-baptism	carthage	195	220	derived_proposition_presence	affirms	edge-60fed8805026535b
proposition	catechumenate-precedes-baptism	rome	195	220	derived_proposition_presence	affirms	edge-68176bdfd6b3c8d6
proposition	eucharist-is-sacrifice	carthage	195	220	derived_proposition_presence	affirms	edge-6e32ba0dba52d43e
proposition	eucharist-is-sacrifice	rome	195	220	derived_proposition_presence	affirms	edge-ada9deebb9390941
proposition	fasting-is-required	carthage	195	220	derived_proposition_presence	affirms	edge-6bf7074c55a691c6
proposition	fasting-is-required	rome	195	220	derived_proposition_presence	affirms	edge-242a2e147260918f
person	tertullian	carthage	195	220	active_in		edge-3823b5a5d6bb5114
work	book-of-laws-of-countries	edessa	196	196	written_at		edge-50faf440c30886a1
proposition	free-will-grounds-moral-responsibility	edessa	196	196	derived_proposition_presence	affirms	edge-f2af3429908978f9
work	apologeticum	carthage	197	197	written_at		edge-4c0040c4298fd557
proposition	martyrdom-witnesses-to-christ	carthage	197	197	derived_proposition_presence	affirms	edge-061b47d3bbc08137
proposition	christians-avoid-public-spectacles	carthage	197	202	derived_proposition_presence	affirms	edge-a68401deb6138ac2
work	de-spectaculis	carthage	197	202	written_at		edge-a42d3a0f554c2ee9
proposition	baptism-effects-regeneration	alexandria	198	198	derived_proposition_presence	affirms	edge-9c1880c2636f05dd
proposition	baptism-is-illumination	alexandria	198	198	derived_proposition_presence	affirms	edge-d66e45ad5150a913
proposition	baptismal-anointing-with-oil	alexandria	198	198	derived_proposition_presence	affirms	edge-eef5517968ee40bd
proposition	catechumenate-precedes-baptism	alexandria	198	198	derived_proposition_presence	affirms	edge-7615cf04985997ca
proposition	christ-truly-became-flesh	alexandria	198	198	derived_proposition_presence	affirms	edge-ea21b06201839829
proposition	christians-avoid-public-spectacles	alexandria	198	198	derived_proposition_presence	affirms	edge-88346e7876dbe7de
proposition	eucharist-is-body-and-blood	alexandria	198	198	derived_proposition_presence	affirms	edge-d61d95f6874b1649
proposition	fasting-is-required	alexandria	198	198	derived_proposition_presence	affirms	edge-c0d5d427902df2d9
work	paedagogus	alexandria	198	198	written_at		edge-e9bd49417e949e55
proposition	virginity-is-honored-calling	alexandria	198	198	derived_proposition_presence	affirms	edge-66b468fe30db9754
proposition	baptism-administered-in-trinitarian-name	carthage	198	200	derived_proposition_presence	affirms	edge-e5185994270c56a1
proposition	baptism-effects-regeneration	carthage	198	200	derived_proposition_presence	affirms	edge-833907366d472959
proposition	baptismal-anointing-with-oil	carthage	198	200	derived_proposition_presence	affirms	edge-f29c54802c82b56c
proposition	catechumenate-precedes-baptism	carthage	198	200	derived_proposition_presence	affirms	edge-d3c2c9312fcb9d00
work	de-baptismo	carthage	198	200	written_at		edge-456fa50174de29cb
work	de-oratione	carthage	198	200	written_at		edge-63f512ffdd9a0116
work	de-paenitentia	carthage	198	200	written_at		edge-f4a961557760df04
proposition	infants-and-children-are-baptized	carthage	198	200	derived_proposition_presence	opposes	edge-97d47fe9bab1c357
proposition	post-baptismal-sin-forgiven-by-penance	carthage	198	200	derived_proposition_presence	affirms	edge-05d2f6ffa1d49dec
proposition	apostolic-succession-transmits-faith	alexandria	198	203	derived_proposition_presence	affirms	edge-ffdf023f00131f17
proposition	christ-truly-became-flesh	alexandria	198	203	derived_proposition_presence	affirms	edge-63bc6cb6220ac9a6
proposition	fasting-is-required	alexandria	198	203	derived_proposition_presence	affirms	edge-09969235f26aff7a
proposition	greek-philosophy-prepared-gentiles-for-gospel	alexandria	198	203	derived_proposition_presence	affirms	edge-92575cc7d03262ac
proposition	logos-is-pre-existent-son-of-god	alexandria	198	203	derived_proposition_presence	affirms	edge-989cbe8e769b6e75
proposition	prayer-is-offered-without-ceasing	alexandria	198	203	derived_proposition_presence	affirms	edge-01a0f5eb1f8c8d57
proposition	rule-of-faith-received-from-apostles	alexandria	198	203	derived_proposition_presence	affirms	edge-2fc7346a5bc7ca5b
work	stromateis	alexandria	198	203	written_at		edge-66a7929c5431ddd9
proposition	virginity-is-honored-calling	alexandria	198	203	derived_proposition_presence	affirms	edge-825a6f61eceb8ee8
work	adversus-judaeos-tertullian	carthage	198	208	written_at		edge-58bfd7755cd74eed
person	zephyrinus	rome	199	217	bishop_of		edge-517ab87f6f4ab5fa
proposition	bishop-succession-guarantees-apostolic-faith	carthage	200	200	derived_proposition_presence	affirms	edge-cf1da23e155cb4d2
proposition	bodies-will-be-raised-at-last-day	rome	200	200	derived_proposition_presence	affirms	edge-11b0acbd92e7cb35
proposition	christ-truly-became-flesh	carthage	200	200	derived_proposition_presence	affirms	edge-b6e9fdd42766abdc
proposition	christ-truly-became-flesh	rome	200	200	derived_proposition_presence	affirms	edge-8606156ea06a4bd7
work	de-praescriptione-haereticorum	carthage	200	200	written_at		edge-2c3173b4ade3872a
proposition	final-judgment-is-coming	rome	200	200	derived_proposition_presence	affirms	edge-c79bfac5c97d588c
proposition	old-testament-is-authoritative-scripture	rome	200	200	derived_proposition_presence	affirms	edge-92e3186a626153ea
work	on-christ-and-antichrist	rome	200	200	written_at		edge-020841338fbd19c2
proposition	rule-of-faith-received-from-apostles	carthage	200	200	derived_proposition_presence	affirms	edge-aaeaf62906e61ea4
proposition	christ-dominion-is-universal	carthage	200	208	derived_proposition_presence	affirms	edge-80d81b3f3fd119d6
proposition	christianity-established-in-arabia	carthage	200	208	derived_proposition_presence	neutral	edge-ca2310c9e90304c9
proposition	christianity-established-in-ethiopia	carthage	200	208	derived_proposition_presence	neutral	edge-8179677eea4a5ac9
proposition	christianity-reached-britannia	carthage	200	208	derived_proposition_presence	affirms	edge-93786f8235ec6103
proposition	gospel-reached-india	carthage	200	208	derived_proposition_presence	neutral	edge-e6ba17e3e819320b
proposition	bodies-will-be-raised-at-last-day	rome	200	210	derived_proposition_presence	affirms	edge-3e5a686beb48fcf9
proposition	christ-truly-became-flesh	rome	200	210	derived_proposition_presence	affirms	edge-0cf96fa2ba18b342
proposition	christ-truly-suffered-and-died	rome	200	210	derived_proposition_presence	affirms	edge-e08a64ea6776dee7
work	contra-noetum	rome	200	210	written_at		edge-8054281feae3bc60
proposition	logos-is-pre-existent-son-of-god	rome	200	210	derived_proposition_presence	affirms	edge-c72f9b66bf6bf3bf
proposition	old-testament-is-authoritative-scripture	rome	200	210	derived_proposition_presence	affirms	edge-5ff148aecd79f6c3
proposition	trinity-is-three-persons-one-substance	rome	200	210	derived_proposition_presence	affirms	edge-1cdd509b0cbd8fab
person	julius-africanus	alexandria	200	220	active_in		edge-b88c48b42dab09cd
proposition	trinity-is-three-persons-one-substance	carthage	200	220	derived_proposition_presence	affirms	edge-190ece22249a4866
proposition	trinity-is-three-persons-one-substance	rome	200	220	derived_proposition_presence	affirms	edge-691003e1abe1e8a5
person	julius-africanus	emmaus-nicopolis	200	240	active_in		edge-8513ff45cbaf6fd0
group	montanists	antioch	200	250	group_present_at		edge-22b966ca56c461a4
group	bardesanites	seleucia-ctesiphon	200	400	group_present_at		edge-7c9e6533eba1f20d
group	church-of-the-east	arbela	200	400	group_present_at		edge-766f34b702efba31
group	edessa-church	edessa	200	400	group_present_at		edge-b06b70a560ac8169
person	origen-of-alexandria	alexandria	202	232	active_in		edge-8a997b40b05a2970
proposition	bodies-will-be-raised-at-last-day	rome	204	204	derived_proposition_presence	affirms	edge-c471d05210341dba
proposition	christ-truly-became-flesh	rome	204	204	derived_proposition_presence	affirms	edge-202b381456419d5c
work	commentary-on-daniel-hippolytus	rome	204	204	written_at		edge-d2395c7137b2d9a5
proposition	final-judgment-is-coming	rome	204	204	derived_proposition_presence	affirms	edge-35d9b3cd2967670c
proposition	bodies-will-be-raised-at-last-day	carthage	206	212	derived_proposition_presence	affirms	edge-7d2ea56f77841aa7
proposition	christ-truly-became-flesh	carthage	206	212	derived_proposition_presence	affirms	edge-39fe009658d0089e
work	de-carne-christi	carthage	206	212	written_at		edge-ca3b96e65ff27a60
work	de-resurrectione-carnis	carthage	206	212	written_at		edge-8c81afec24acf4b2
proposition	jesus-born-of-virgin	carthage	206	212	derived_proposition_presence	affirms	edge-fb2e2c9fae8139c9
work	adversus-marcionem	carthage	207	208	written_at		edge-e23d1890ce262a20
proposition	bodies-will-be-raised-at-last-day	carthage	207	208	derived_proposition_presence	affirms	edge-f206bca59daaaf26
proposition	christ-truly-became-flesh	carthage	207	208	derived_proposition_presence	affirms	edge-a9496914b08e7a4a
proposition	christ-truly-suffered-and-died	carthage	207	208	derived_proposition_presence	affirms	edge-a1faada32538ce70
proposition	eucharist-is-body-and-blood	carthage	207	208	derived_proposition_presence	affirms	edge-7f2b2d9e36525f46
proposition	jesus-born-of-virgin	carthage	207	208	derived_proposition_presence	affirms	edge-1a432a28102fa938
proposition	old-testament-is-authoritative-scripture	carthage	207	208	derived_proposition_presence	affirms	edge-bd88c8e6e30aae82
person	ambrose-of-alexandria	alexandria	210	250	active_in		edge-a7e7a8330c8797ce
proposition	christians-must-not-serve-in-military	carthage	211	211	derived_proposition_presence	affirms	edge-07a2df7dafbd478b
work	de-corona	carthage	211	211	written_at		edge-8442a901b4d1310e
person	alexander-of-jerusalem	caesarea	212	251	active_in		edge-46c249122863d19c
person	alexander-of-jerusalem	jerusalem	212	251	bishop_of		edge-d22629c24bcc27dd
work	adversus-praxean	carthage	213	213	written_at		edge-08c9a95f53cb3257
proposition	logos-is-pre-existent-son-of-god	carthage	213	213	derived_proposition_presence	affirms	edge-176d5a60a447d120
proposition	rule-of-faith-received-from-apostles	carthage	213	213	derived_proposition_presence	affirms	edge-641d00bd1b40c96f
proposition	trinity-is-three-persons-one-substance	carthage	213	213	derived_proposition_presence	affirms	edge-cb5e73731f1f23c0
proposition	apostolic-succession-transmits-faith	rome	215	215	derived_proposition_presence	affirms	edge-2c9b97275e723312
work	apostolic-tradition	rome	215	215	written_at		edge-23b757a7ebb35c39
proposition	baptism-administered-in-trinitarian-name	rome	215	215	derived_proposition_presence	affirms	edge-26a440f3f0f1ca55
proposition	baptism-effects-regeneration	rome	215	215	derived_proposition_presence	affirms	edge-19c98b41a3e43bb5
proposition	baptism-with-water-commanded	rome	215	215	derived_proposition_presence	affirms	edge-6f5b625ce2a1a734
proposition	baptismal-anointing-with-oil	rome	215	215	derived_proposition_presence	affirms	edge-e4c0e911e7e817fc
proposition	bishop-authority-over-eucharist	rome	215	215	derived_proposition_presence	affirms	edge-0ee64810b1134c29
proposition	bishops-govern-local-church	rome	215	215	derived_proposition_presence	affirms	edge-897a18cfbf24e69c
proposition	catechumenate-precedes-baptism	rome	215	215	derived_proposition_presence	affirms	edge-c800de2922aca020
proposition	christ-truly-became-flesh	rome	215	215	derived_proposition_presence	affirms	edge-a91eea29a42c1d14
proposition	christians-must-not-serve-in-military	rome	215	215	derived_proposition_presence	affirms	edge-07070fc3a4fb577c
proposition	eucharist-is-body-and-blood	rome	215	215	derived_proposition_presence	affirms	edge-d1f9d7bf3cae7f33
proposition	eucharist-is-sacrifice	rome	215	215	derived_proposition_presence	affirms	edge-65217d10319ce3a7
proposition	eucharist-offered-on-sunday	rome	215	215	derived_proposition_presence	affirms	edge-dc8bb6da9f994789
proposition	fasting-is-required	rome	215	215	derived_proposition_presence	affirms	edge-28382312a2e89cf4
proposition	frequent-eucharistic-assembly	rome	215	215	derived_proposition_presence	affirms	edge-cd5d58c7a44e46de
proposition	infants-and-children-are-baptized	rome	215	215	derived_proposition_presence	affirms	edge-a9808c7b1e73195b
proposition	jesus-born-of-virgin	rome	215	215	derived_proposition_presence	affirms	edge-a323d6de1ebcb916
proposition	ordination-conferred-by-laying-on-of-hands	rome	215	215	derived_proposition_presence	affirms	edge-94dbc44cbdcff798
proposition	prayer-is-offered-without-ceasing	rome	215	215	derived_proposition_presence	affirms	edge-c2baf866cf882868
proposition	rule-of-faith-received-from-apostles	rome	215	215	derived_proposition_presence	affirms	edge-daee6e2ca7aabec3
proposition	threefold-ministry-required	rome	215	215	derived_proposition_presence	affirms	edge-50da3bb33bcdb6e8
proposition	virginity-is-honored-calling	rome	215	215	derived_proposition_presence	affirms	edge-d0f97deb4f676be1
person	callistus-i	rome	217	222	bishop_of		edge-677f920d7e91211b
proposition	post-baptismal-sin-forgiven-by-penance	rome	217	222	derived_proposition_presence	affirms	edge-1d26d9693a67f826
event	hippolytus-callistus-schism	rome	217	235	event_occurs_at		edge-61a61447bd6b57af
person	hippolytus-of-rome	rome	217	235	bishop_of		edge-88c23da549718532
proposition	allegorical-interpretation-of-scripture	alexandria	220	230	derived_proposition_presence	affirms	edge-6d895178f426c068
person	ambrose-of-alexandria	rome	220	230	active_in		edge-4a8d8e416d5ca4cd
proposition	apostolic-succession-transmits-faith	alexandria	220	230	derived_proposition_presence	affirms	edge-c9b0ae6a3c53b09f
proposition	baptism-effects-regeneration	alexandria	220	230	derived_proposition_presence	affirms	edge-f4e449ead859b3f4
proposition	bodies-will-be-raised-at-last-day	alexandria	220	230	derived_proposition_presence	affirms	edge-85e5cd84716afe3f
proposition	catechumenate-precedes-baptism	alexandria	220	230	derived_proposition_presence	affirms	edge-078c3baf42de6e3b
proposition	christ-truly-became-flesh	alexandria	220	230	derived_proposition_presence	affirms	edge-e4882c7df51c0606
work	de-principiis	alexandria	220	230	written_at		edge-37b6b97b1366356e
proposition	final-judgment-is-coming	alexandria	220	230	derived_proposition_presence	affirms	edge-710902b0d351c303
proposition	free-will-grounds-moral-responsibility	alexandria	220	230	derived_proposition_presence	affirms	edge-1b36a63a02802de6
proposition	jesus-born-of-virgin	alexandria	220	230	derived_proposition_presence	affirms	edge-caaa14f60151313c
person	julius-africanus	rome	220	230	active_in		edge-65bdb2161c801843
proposition	logos-is-pre-existent-son-of-god	alexandria	220	230	derived_proposition_presence	affirms	edge-07cdc70a8ee9789d
proposition	old-testament-is-authoritative-scripture	alexandria	220	230	derived_proposition_presence	affirms	edge-a78d340065b4fee6
proposition	perpetual-virginity-of-mary	alexandria	220	230	derived_proposition_presence	affirms	edge-4f97c8bd751240c1
proposition	prayer-is-offered-without-ceasing	alexandria	220	230	derived_proposition_presence	affirms	edge-22041f8a85af5527
proposition	pre-existence-of-souls	alexandria	220	230	derived_proposition_presence	affirms	edge-50a50837d55eb8b6
proposition	rule-of-faith-received-from-apostles	alexandria	220	230	derived_proposition_presence	affirms	edge-78b74f25cea0fad4
proposition	son-is-eternally-generated	alexandria	220	230	derived_proposition_presence	affirms	edge-0cd03de9fde0630f
proposition	trinity-is-three-persons-one-substance	alexandria	220	230	derived_proposition_presence	affirms	edge-87d2b5bf3ca47d9e
proposition	universal-restoration-of-all	alexandria	220	230	derived_proposition_presence	affirms	edge-d8242d59bf085243
work	acts-of-thomas	edessa	220	240	written_at		edge-50abe07fa13125af
proposition	ascetic-covenant-is-normative	edessa	220	240	derived_proposition_presence	affirms	edge-b72edc0dbe6cedb0
proposition	baptism-effects-regeneration	edessa	220	240	derived_proposition_presence	affirms	edge-cbd27dc3772c6d41
proposition	baptism-with-water-commanded	edessa	220	240	derived_proposition_presence	affirms	edge-c57b1e8b07b8f8fa
proposition	baptismal-anointing-with-oil	edessa	220	240	derived_proposition_presence	affirms	edge-b7b71d77a41d850b
proposition	christ-truly-became-flesh	edessa	220	240	derived_proposition_presence	neutral	edge-449efcfd414e58bb
proposition	encratism-is-required	edessa	220	240	derived_proposition_presence	affirms	edge-6429511f393a47c0
proposition	eucharist-is-body-and-blood	edessa	220	240	derived_proposition_presence	neutral	edge-c1a9e8ca659053bc
proposition	fasting-is-required	edessa	220	240	derived_proposition_presence	affirms	edge-8a00d8422d4b2a2d
proposition	prayer-is-offered-without-ceasing	edessa	220	240	derived_proposition_presence	affirms	edge-9091e2dd0dddc7bc
proposition	repentance-is-required	edessa	220	240	derived_proposition_presence	affirms	edge-865bbd4f2cc58473
proposition	second-marriage-is-forbidden	edessa	220	240	derived_proposition_presence	affirms	edge-f0c03365b7bc649f
proposition	virginity-is-honored-calling	edessa	220	240	derived_proposition_presence	affirms	edge-4f35d7c9738dc4b2
proposition	allegorical-interpretation-of-scripture	alexandria	220	250	derived_proposition_presence	affirms	edge-1dbcfbb275d9ea4d
proposition	allegorical-interpretation-of-scripture	antioch	220	250	derived_proposition_presence	affirms	edge-72e1bdba8594edb9
proposition	allegorical-interpretation-of-scripture	caesarea	220	250	derived_proposition_presence	affirms	edge-7c5e6974dcecd900
proposition	allegorical-interpretation-of-scripture	tyre	220	250	derived_proposition_presence	affirms	edge-9463bc3e0a6fd220
person	beryllus-of-bostra	bostra	220	250	bishop_of		edge-196c16a4cc309d88
proposition	apostolic-succession-transmits-faith	rome	222	225	derived_proposition_presence	affirms	edge-4806e3634e835344
proposition	logos-is-pre-existent-son-of-god	rome	222	225	derived_proposition_presence	affirms	edge-88dcff98b43c7b88
proposition	post-baptismal-sin-forgiven-by-penance	rome	222	225	derived_proposition_presence	affirms	edge-af16cb5b3266b723
work	refutation-of-all-heresies	rome	222	225	written_at		edge-26620a6bff79e874
proposition	rule-of-faith-received-from-apostles	rome	222	225	derived_proposition_presence	affirms	edge-44a8f5933de1042b
person	urban-i	rome	222	230	bishop_of		edge-7fef2dec199736ce
work	commentary-on-john-origen	alexandria	226	228	written_at		edge-0334e5efdbbc1890
proposition	allegorical-interpretation-of-scripture	alexandria	226	235	derived_proposition_presence	affirms	edge-a66027bba22b81ea
proposition	allegorical-interpretation-of-scripture	caesarea	226	235	derived_proposition_presence	affirms	edge-1ea78b7960f4b7e6
proposition	christ-truly-became-flesh	alexandria	226	235	derived_proposition_presence	affirms	edge-9e2c41037417e0e1
proposition	christ-truly-became-flesh	caesarea	226	235	derived_proposition_presence	affirms	edge-c105cceb6f659e23
proposition	final-judgment-is-coming	alexandria	226	235	derived_proposition_presence	affirms	edge-01849e1b349939c0
proposition	final-judgment-is-coming	caesarea	226	235	derived_proposition_presence	affirms	edge-86414b165966ab3f
proposition	free-will-grounds-moral-responsibility	alexandria	226	235	derived_proposition_presence	affirms	edge-3fef34f644b4c4ab
proposition	free-will-grounds-moral-responsibility	caesarea	226	235	derived_proposition_presence	affirms	edge-2862d60a2f7a9360
proposition	jesus-born-of-virgin	alexandria	226	235	derived_proposition_presence	affirms	edge-bd847201428479cb
proposition	jesus-born-of-virgin	caesarea	226	235	derived_proposition_presence	affirms	edge-b42c7c2c562df8a4
proposition	logos-is-pre-existent-son-of-god	alexandria	226	235	derived_proposition_presence	affirms	edge-ee517c82a268c02a
proposition	logos-is-pre-existent-son-of-god	caesarea	226	235	derived_proposition_presence	affirms	edge-3cfeb0cb86f6bdf2
proposition	old-testament-is-authoritative-scripture	alexandria	226	235	derived_proposition_presence	affirms	edge-99a0012f7ab5c991
proposition	old-testament-is-authoritative-scripture	caesarea	226	235	derived_proposition_presence	affirms	edge-e3989fa16795ed5f
proposition	prayer-is-offered-without-ceasing	alexandria	226	235	derived_proposition_presence	affirms	edge-93b66c303812baa2
proposition	prayer-is-offered-without-ceasing	caesarea	226	235	derived_proposition_presence	affirms	edge-23f68a18d2a2f2ed
proposition	pre-existence-of-souls	alexandria	226	235	derived_proposition_presence	affirms	edge-a9ca277ae867526e
proposition	pre-existence-of-souls	caesarea	226	235	derived_proposition_presence	affirms	edge-a6663b122840502c
proposition	son-is-eternally-generated	alexandria	226	235	derived_proposition_presence	affirms	edge-72c599c8ce2eef58
proposition	son-is-eternally-generated	caesarea	226	235	derived_proposition_presence	affirms	edge-39b11af9322a2b74
proposition	trinity-is-three-persons-one-substance	alexandria	226	235	derived_proposition_presence	affirms	edge-eaa828f49c29464a
proposition	trinity-is-three-persons-one-substance	caesarea	226	235	derived_proposition_presence	affirms	edge-1de706f2843799e1
proposition	almsgiving-is-required	edessa	230	230	derived_proposition_presence	affirms	edge-a90ea5089a9bf66a
proposition	baptism-administered-in-trinitarian-name	edessa	230	230	derived_proposition_presence	affirms	edge-8a3960065185283a
proposition	baptism-effects-regeneration	edessa	230	230	derived_proposition_presence	affirms	edge-407b2858fc870134
proposition	baptismal-anointing-with-oil	edessa	230	230	derived_proposition_presence	affirms	edge-87a010dcb24f8e1e
proposition	bishop-authority-over-eucharist	edessa	230	230	derived_proposition_presence	affirms	edge-f494cf25b0f12ca3
proposition	bishops-govern-local-church	edessa	230	230	derived_proposition_presence	affirms	edge-ca5631a5e30d49c7
proposition	bodies-will-be-raised-at-last-day	edessa	230	230	derived_proposition_presence	affirms	edge-fb563758bdedfbc3
proposition	catechumenate-precedes-baptism	edessa	230	230	derived_proposition_presence	affirms	edge-9ad8288c8ac3da63
proposition	christians-avoid-public-spectacles	edessa	230	230	derived_proposition_presence	affirms	edge-93aee300e0ee3deb
work	didascalia-apostolorum	edessa	230	230	written_at		edge-c81cd3f938a8201b
proposition	eucharist-is-sacrifice	edessa	230	230	derived_proposition_presence	affirms	edge-3fa85c2eb394fab5
proposition	eucharist-offered-on-sunday	edessa	230	230	derived_proposition_presence	affirms	edge-7d2e0e3f891b5881
proposition	fasting-is-required	edessa	230	230	derived_proposition_presence	affirms	edge-39557c28e691c941
proposition	old-testament-is-authoritative-scripture	edessa	230	230	derived_proposition_presence	affirms	edge-2d506ddfbf19f5c3
proposition	ordination-conferred-by-laying-on-of-hands	edessa	230	230	derived_proposition_presence	affirms	edge-47cfc45cb198eb65
proposition	post-baptismal-sin-forgiven-by-penance	edessa	230	230	derived_proposition_presence	affirms	edge-e5e67d718e9265a2
proposition	repentance-is-required	edessa	230	230	derived_proposition_presence	affirms	edge-10f3dfb0b5ad90a4
proposition	threefold-ministry-required	edessa	230	230	derived_proposition_presence	affirms	edge-f5df00cba8abafe9
proposition	virginity-is-honored-calling	edessa	230	230	derived_proposition_presence	affirms	edge-9447acc97273b3e3
work	commentary-on-john-origen	caesarea	230	235	written_at		edge-827c3ac714e0ce03
person	pontian	rome	230	235	bishop_of		edge-9bedb2bdcd018e3b
proposition	baptismal-anointing-with-oil	edessa	230	240	derived_proposition_presence	neutral	edge-87e00ecf003aa72c
proposition	gospel-reached-india	edessa	230	240	derived_proposition_presence	neutral	edge-cd219dec7367c239
proposition	thomas-preached-in-india	edessa	230	240	derived_proposition_presence	affirms	edge-6a205c51c1f6de33
person	firmilian-of-caesarea	caesarea-cappadocia	230	268	bishop_of		edge-4a3d5949067205a7
person	origen-of-alexandria	antioch	232	235	active_in		edge-890395ed1ddeadf9
person	heraclas	alexandria	232	248	bishop_of		edge-d9a79e5ca5959964
person	origen-of-alexandria	caesarea	232	254	active_in		edge-25e055c882c3652a
proposition	allegorical-interpretation-of-scripture	caesarea	233	234	derived_proposition_presence	affirms	edge-8034dfeaca713b3a
proposition	baptism-effects-regeneration	caesarea	233	234	derived_proposition_presence	affirms	edge-b04345e3e49b8004
proposition	christ-truly-became-flesh	caesarea	233	234	derived_proposition_presence	affirms	edge-775a1175a302ff8a
proposition	final-judgment-is-coming	caesarea	233	234	derived_proposition_presence	affirms	edge-d023325d2646a240
proposition	free-will-grounds-moral-responsibility	caesarea	233	234	derived_proposition_presence	affirms	edge-252c666956ea6801
work	homilies-on-luke-origen	caesarea	233	234	written_at		edge-5db97e7c111fd365
proposition	infants-and-children-are-baptized	caesarea	233	234	derived_proposition_presence	affirms	edge-1a0ffd8af901044e
proposition	jesus-born-of-virgin	caesarea	233	234	derived_proposition_presence	affirms	edge-29134ebea3b6f6d3
proposition	logos-is-pre-existent-son-of-god	caesarea	233	234	derived_proposition_presence	affirms	edge-32cac6818dcee3f0
proposition	old-testament-is-authoritative-scripture	caesarea	233	234	derived_proposition_presence	affirms	edge-9885f25450b43b8d
work	on-prayer-origen	caesarea	233	234	written_at		edge-6d5f1e0d8319c5f4
proposition	perpetual-virginity-of-mary	caesarea	233	234	derived_proposition_presence	affirms	edge-b03d134585abd69c
proposition	post-baptismal-sin-forgiven-by-penance	caesarea	233	234	derived_proposition_presence	affirms	edge-e6e28585d1ccd72e
proposition	prayer-is-offered-without-ceasing	caesarea	233	234	derived_proposition_presence	affirms	edge-a01073375569d8b7
proposition	rule-of-faith-received-from-apostles	caesarea	233	234	derived_proposition_presence	affirms	edge-5df3073377fc1849
proposition	son-is-eternally-generated	caesarea	233	234	derived_proposition_presence	affirms	edge-6a1cddd5820e6c73
proposition	trinity-is-three-persons-one-substance	caesarea	233	234	derived_proposition_presence	affirms	edge-fb5b4afac7323071
person	gregory-thaumaturgus	caesarea	233	238	active_in		edge-ac34c08a0687b1eb
proposition	bodies-will-be-raised-at-last-day	caesarea	235	235	derived_proposition_presence	affirms	edge-b4ad1eff20213f0a
proposition	christ-truly-became-flesh	caesarea	235	235	derived_proposition_presence	affirms	edge-c7e68d31616f2b90
work	exhortation-to-martyrdom	caesarea	235	235	written_at		edge-3cd9b6f2ae62a907
proposition	final-judgment-is-coming	caesarea	235	235	derived_proposition_presence	affirms	edge-db6baa4f22573c9a
proposition	free-will-grounds-moral-responsibility	caesarea	235	235	derived_proposition_presence	affirms	edge-35b61fa9a27b96b0
proposition	logos-is-pre-existent-son-of-god	caesarea	235	235	derived_proposition_presence	affirms	edge-21f51794dbe1d549
proposition	martyrdom-witnesses-to-christ	caesarea	235	235	derived_proposition_presence	affirms	edge-79d2287205298dac
proposition	old-testament-is-authoritative-scripture	caesarea	235	235	derived_proposition_presence	affirms	edge-f1100079fbbd39a4
event	sardinian-exile	sardinia	235	235	event_occurs_at		edge-ee86e3735fa0eb7d
person	fabian	rome	236	250	bishop_of		edge-e402c19878c00754
work	address-to-origen	caesarea	238	238	written_at		edge-44bba268c20a6635
proposition	allegorical-interpretation-of-scripture	caesarea	238	238	derived_proposition_presence	affirms	edge-6d3063fad13867e6
proposition	free-will-grounds-moral-responsibility	caesarea	238	238	derived_proposition_presence	affirms	edge-a378b87043cf8d47
proposition	greek-philosophy-prepared-gentiles-for-gospel	caesarea	238	238	derived_proposition_presence	affirms	edge-4bc5434d710e7754
proposition	logos-is-pre-existent-son-of-god	caesarea	238	238	derived_proposition_presence	affirms	edge-0b6d2f6d7de0e4c8
proposition	old-testament-is-authoritative-scripture	caesarea	238	238	derived_proposition_presence	affirms	edge-3ae0bf60dfc5af7e
proposition	allegorical-interpretation-of-scripture	caesarea	238	244	derived_proposition_presence	affirms	edge-a822954feb31a9b6
proposition	almsgiving-is-required	caesarea	238	244	derived_proposition_presence	affirms	edge-2050bbc8db7c5d68
proposition	baptism-effects-regeneration	caesarea	238	244	derived_proposition_presence	affirms	edge-7724e0d4a7bf2259
proposition	bishops-govern-local-church	caesarea	238	244	derived_proposition_presence	affirms	edge-2a30b671204b6774
proposition	christ-truly-became-flesh	caesarea	238	244	derived_proposition_presence	affirms	edge-36e0917e19dc947a
proposition	eucharist-is-body-and-blood	caesarea	238	244	derived_proposition_presence	affirms	edge-77b8a4bddfcce83d
proposition	eucharist-is-sacrifice	caesarea	238	244	derived_proposition_presence	affirms	edge-c54ffee938eb470d
proposition	fasting-is-required	caesarea	238	244	derived_proposition_presence	affirms	edge-f559cd3a34cc0d5f
proposition	final-judgment-is-coming	caesarea	238	244	derived_proposition_presence	affirms	edge-8ca11bdf56312c30
proposition	free-will-grounds-moral-responsibility	caesarea	238	244	derived_proposition_presence	affirms	edge-c0b69a8fa0b06b8c
work	homilies-on-jeremiah-origen	caesarea	238	244	written_at		edge-37729b04c757ad2b
work	homilies-on-leviticus-origen	caesarea	238	244	written_at		edge-006e31f21c39eca9
proposition	jesus-born-of-virgin	caesarea	238	244	derived_proposition_presence	affirms	edge-8b403b3445bc3039
proposition	logos-is-pre-existent-son-of-god	caesarea	238	244	derived_proposition_presence	affirms	edge-d785849c676737ca
proposition	old-testament-is-authoritative-scripture	caesarea	238	244	derived_proposition_presence	affirms	edge-1446ae206859206c
proposition	ordination-conferred-by-laying-on-of-hands	caesarea	238	244	derived_proposition_presence	affirms	edge-83dccf362e9aced1
proposition	post-baptismal-sin-forgiven-by-penance	caesarea	238	244	derived_proposition_presence	affirms	edge-4f5a37ced00fefd4
proposition	son-is-eternally-generated	caesarea	238	244	derived_proposition_presence	affirms	edge-79805adf931383f1
proposition	threefold-ministry-required	caesarea	238	244	derived_proposition_presence	affirms	edge-25778e58f0a2061e
proposition	virginity-is-honored-calling	caesarea	238	244	derived_proposition_presence	affirms	edge-f475555609c42d76
person	novatian	rome	240	258	active_in		edge-e4c388aee29740e0
person	gregory-thaumaturgus	neocaesarea	240	270	bishop_of		edge-07448b7b8dd1ad07
person	gregory-thaumaturgus	pontus	240	270	active_in		edge-c6615e1af76bd691
proposition	allegorical-interpretation-of-scripture	caesarea	243	244	derived_proposition_presence	affirms	edge-50991e70585ae9b9
proposition	baptism-administered-in-trinitarian-name	caesarea	243	244	derived_proposition_presence	affirms	edge-5664466c0cd95be9
proposition	baptism-effects-regeneration	caesarea	243	244	derived_proposition_presence	affirms	edge-ef9f8739c86c7a54
proposition	christ-truly-became-flesh	caesarea	243	244	derived_proposition_presence	affirms	edge-34cab674d1dbff22
work	commentary-on-romans-origen	caesarea	243	244	written_at		edge-dee8b0e963ad33c4
proposition	final-judgment-is-coming	caesarea	243	244	derived_proposition_presence	affirms	edge-7e20f28e7a388804
proposition	free-will-grounds-moral-responsibility	caesarea	243	244	derived_proposition_presence	affirms	edge-e4ae167df2e18e53
proposition	infants-and-children-are-baptized	caesarea	243	244	derived_proposition_presence	affirms	edge-8a4e95a2c56638a8
proposition	logos-is-pre-existent-son-of-god	caesarea	243	244	derived_proposition_presence	affirms	edge-f8f61b036f8a13e8
proposition	old-testament-is-authoritative-scripture	caesarea	243	244	derived_proposition_presence	affirms	edge-68fc8ef44ef9ec6f
proposition	post-baptismal-sin-forgiven-by-penance	caesarea	243	244	derived_proposition_presence	affirms	edge-0a119b7498f6a32a
proposition	rule-of-faith-received-from-apostles	caesarea	243	244	derived_proposition_presence	affirms	edge-7b7784120d2ebe97
proposition	son-is-eternally-generated	caesarea	243	244	derived_proposition_presence	affirms	edge-ccf0d3ed49358516
proposition	christianity-reached-britannia	caesarea	244	244	derived_proposition_presence	neutral	edge-87b91e3fd0941871
group	arabian-christians	bostra	244	380	controls_place		edge-6161feddbd719761
work	ad-donatum	carthage	246	246	written_at		edge-fcb8c85901887cc8
proposition	baptism-administered-in-trinitarian-name	carthage	246	246	derived_proposition_presence	affirms	edge-3d6d4d2051fc6560
proposition	baptism-effects-regeneration	carthage	246	246	derived_proposition_presence	affirms	edge-90b2c4a804bd3a35
proposition	baptism-is-illumination	carthage	246	246	derived_proposition_presence	affirms	edge-1b0f09f993fe8fad
proposition	baptism-with-water-commanded	carthage	246	246	derived_proposition_presence	affirms	edge-625685e13f5cd223
proposition	christians-avoid-public-spectacles	carthage	246	246	derived_proposition_presence	neutral	edge-1c9a4fa42fe0528f
proposition	post-baptismal-sin-forgiven-by-penance	carthage	246	246	derived_proposition_presence	neutral	edge-5d43b69443d875e3
proposition	allegorical-interpretation-of-scripture	caesarea	246	248	derived_proposition_presence	affirms	edge-8cd673933476d84c
proposition	apostolic-succession-transmits-faith	caesarea	246	248	derived_proposition_presence	affirms	edge-cc5f1bfbc17cb9c8
proposition	baptism-administered-in-trinitarian-name	caesarea	246	248	derived_proposition_presence	affirms	edge-160a8b1a56b31a3c
proposition	bishops-govern-local-church	caesarea	246	248	derived_proposition_presence	affirms	edge-b16635feec35126e
work	commentary-on-matthew-origen	caesarea	246	248	written_at		edge-6179d769ca0bb02f
proposition	eucharist-is-body-and-blood	caesarea	246	248	derived_proposition_presence	affirms	edge-4f6330c5fc25ce8b
proposition	final-judgment-is-coming	caesarea	246	248	derived_proposition_presence	affirms	edge-c3de94453467e1b7
proposition	free-will-grounds-moral-responsibility	caesarea	246	248	derived_proposition_presence	affirms	edge-a0e2fb47dc1ef5ac
proposition	logos-is-pre-existent-son-of-god	caesarea	246	248	derived_proposition_presence	affirms	edge-b35d6e5506fa01ee
proposition	old-testament-is-authoritative-scripture	caesarea	246	248	derived_proposition_presence	affirms	edge-50dc6ab21cc05251
proposition	perpetual-virginity-of-mary	caesarea	246	248	derived_proposition_presence	affirms	edge-08d2397e52167266
proposition	post-baptismal-sin-forgiven-by-penance	caesarea	246	248	derived_proposition_presence	affirms	edge-f48fc4fb82aed804
proposition	son-is-eternally-generated	caesarea	246	248	derived_proposition_presence	affirms	edge-75f503cf902bd7af
proposition	trinity-is-three-persons-one-substance	caesarea	246	248	derived_proposition_presence	affirms	edge-28ac9a0b0dd10264
proposition	virginity-is-honored-calling	caesarea	246	248	derived_proposition_presence	affirms	edge-487dcb45de9d7812
proposition	allegorical-interpretation-of-scripture	caesarea	248	248	derived_proposition_presence	affirms	edge-0f2374df9453e882
proposition	bodies-will-be-raised-at-last-day	caesarea	248	248	derived_proposition_presence	affirms	edge-4386b7f1647aa132
proposition	catechumenate-precedes-baptism	caesarea	248	248	derived_proposition_presence	affirms	edge-f4ab4f20f52d2870
proposition	christ-truly-became-flesh	caesarea	248	248	derived_proposition_presence	affirms	edge-180c060cd4f502e4
work	contra-celsum	caesarea	248	248	written_at		edge-00534c8bb222a501
proposition	final-judgment-is-coming	caesarea	248	248	derived_proposition_presence	affirms	edge-2ab40b181ec0ca2e
proposition	free-will-grounds-moral-responsibility	caesarea	248	248	derived_proposition_presence	affirms	edge-7b95aaa82a7b81e4
proposition	jesus-born-of-virgin	caesarea	248	248	derived_proposition_presence	affirms	edge-8f3ed35ec82e73ab
proposition	logos-is-pre-existent-son-of-god	caesarea	248	248	derived_proposition_presence	affirms	edge-f2a83e90d80b5e8a
proposition	martyrdom-witnesses-to-christ	caesarea	248	248	derived_proposition_presence	affirms	edge-82d6723b4fc358ba
proposition	old-testament-is-authoritative-scripture	caesarea	248	248	derived_proposition_presence	affirms	edge-36abac406a7a6a5c
proposition	perpetual-virginity-of-mary	caesarea	248	248	derived_proposition_presence	affirms	edge-233e23be48d39ba7
proposition	prayer-is-offered-without-ceasing	caesarea	248	248	derived_proposition_presence	affirms	edge-a810794b62ee8b12
proposition	rule-of-faith-received-from-apostles	caesarea	248	248	derived_proposition_presence	affirms	edge-91b766560933bffe
proposition	son-is-eternally-generated	caesarea	248	248	derived_proposition_presence	affirms	edge-22d0a45547777f2b
proposition	trinity-is-three-persons-one-substance	caesarea	248	248	derived_proposition_presence	affirms	edge-2b51fffe86f62990
proposition	virginity-is-honored-calling	caesarea	248	248	derived_proposition_presence	affirms	edge-a23bc4c6cd18d147
person	cyprian-of-carthage	carthage	248	258	bishop_of		edge-3ef8ffe965f21dd5
person	pontius-deacon	carthage	248	258	active_in		edge-bcb5a69d75cc7a01
person	dionysius-of-alexandria	alexandria	248	264	bishop_of		edge-7455f6afc64a8662
proposition	almsgiving-is-required	carthage	249	249	derived_proposition_presence	neutral	edge-8a7ac5dcb5bf40f4
proposition	baptism-effects-regeneration	carthage	249	249	derived_proposition_presence	neutral	edge-c95f1c8ff16a5265
proposition	christians-avoid-public-spectacles	carthage	249	249	derived_proposition_presence	affirms	edge-ab7ba657071c16ea
work	de-habitu-virginum	carthage	249	249	written_at		edge-7537b432160e9e27
proposition	martyrdom-witnesses-to-christ	carthage	249	249	derived_proposition_presence	neutral	edge-8609655deae933dc
proposition	virginity-is-honored-calling	carthage	249	249	derived_proposition_presence	affirms	edge-2aa92a230c57dfbf
proposition	bodies-will-be-raised-at-last-day	rome	250	250	derived_proposition_presence	affirms	edge-e814886afaed194a
proposition	christ-truly-became-flesh	rome	250	250	derived_proposition_presence	affirms	edge-7e4dbb687d62c308
proposition	christ-truly-suffered-and-died	rome	250	250	derived_proposition_presence	affirms	edge-773c45072037fb0f
work	de-trinitate-novatian	rome	250	250	written_at		edge-7e89f484cab69f9f
proposition	jesus-born-of-virgin	rome	250	250	derived_proposition_presence	affirms	edge-e00f7a93ec877bee
proposition	logos-is-pre-existent-son-of-god	rome	250	250	derived_proposition_presence	affirms	edge-5ee9f7b375b93a13
proposition	old-testament-is-authoritative-scripture	rome	250	250	derived_proposition_presence	affirms	edge-383550de1fd6773c
proposition	rule-of-faith-received-from-apostles	rome	250	250	derived_proposition_presence	affirms	edge-3f843cffdccff1d5
proposition	trinity-is-three-persons-one-substance	rome	250	250	derived_proposition_presence	affirms	edge-7984d0fabe658eab
event	decian-persecution	rome	250	251	event_occurs_at		edge-dfa65c6a09dcd7e3
person	celerinus	rome	250	252	active_in		edge-46a2d5f5d97c4d31
person	origen-of-alexandria	tyre	250	254	active_in		edge-1d0a8ea15e4e7f1b
person	celerinus	carthage	250	260	active_in		edge-7ab1bdcd511890dc
proposition	almsgiving-is-required	carthage	251	251	derived_proposition_presence	neutral	edge-220db62553efdf7e
proposition	apostolic-succession-transmits-faith	carthage	251	251	derived_proposition_presence	affirms	edge-64bc43311db3bef2
proposition	baptism-administered-in-trinitarian-name	carthage	251	251	derived_proposition_presence	affirms	edge-3a5c744d5e4edc4a
proposition	baptism-effects-regeneration	carthage	251	251	derived_proposition_presence	affirms	edge-72e9aaa8543f6dc0
proposition	baptism-with-water-commanded	carthage	251	251	derived_proposition_presence	affirms	edge-24d334d51c78db5a
proposition	bishop-authority-over-eucharist	carthage	251	251	derived_proposition_presence	affirms	edge-36459da539c146ec
work	de-lapsis	carthage	251	251	written_at		edge-8dc8e2e685eb9042
work	de-unitate-ecclesiae	carthage	251	251	written_at		edge-a8a86b13efe6bdff
proposition	episcopal-unity-grounds-church-unity	carthage	251	251	derived_proposition_presence	affirms	edge-9a4ff6d60b1c9f0f
proposition	eucharist-is-body-and-blood	carthage	251	251	derived_proposition_presence	affirms	edge-8b853d4852f85e30
proposition	eucharist-is-sacrifice	carthage	251	251	derived_proposition_presence	affirms	edge-3408ce0d57809d53
proposition	eucharist-offered-on-sunday	carthage	251	251	derived_proposition_presence	neutral	edge-45c7f9b68526e89b
proposition	frequent-eucharistic-assembly	carthage	251	251	derived_proposition_presence	affirms	edge-821be347b612bc01
proposition	heretic-baptism-is-invalid	carthage	251	251	derived_proposition_presence	affirms	edge-be3adda640d0c7f7
proposition	martyrdom-witnesses-to-christ	carthage	251	251	derived_proposition_presence	affirms	edge-8a9b409bbe14e4ad
proposition	martyrs-relics-honored	carthage	251	251	derived_proposition_presence	neutral	edge-3b07fa2844038695
event	novatian-schism	rome	251	251	event_occurs_at		edge-e5c2ebcf677c82ea
proposition	old-testament-is-authoritative-scripture	carthage	251	251	derived_proposition_presence	affirms	edge-bd76b4da0d96ffe1
proposition	ordination-conferred-by-laying-on-of-hands	carthage	251	251	derived_proposition_presence	neutral	edge-5e1c1456445e8592
proposition	post-baptismal-sin-forgiven-by-penance	carthage	251	251	derived_proposition_presence	affirms	edge-806bffc36e4921ba
proposition	rule-of-faith-received-from-apostles	carthage	251	251	derived_proposition_presence	affirms	edge-2f1b5219d5e1cc97
proposition	threefold-ministry-required	carthage	251	251	derived_proposition_presence	affirms	edge-459b9d29cbf4fe08
proposition	trinity-is-three-persons-one-substance	carthage	251	251	derived_proposition_presence	affirms	edge-155d8ce74010d3ee
proposition	apostolic-succession-transmits-faith	rome	251	253	derived_proposition_presence	affirms	edge-2dab1917ab21c507
person	cornelius-pope	rome	251	253	bishop_of		edge-7d71b4f3729caf18
proposition	post-baptismal-sin-forgiven-by-penance	rome	251	253	derived_proposition_presence	affirms	edge-9bb46fe65ebb3fa8
proposition	post-baptismal-sin-forgiven-by-penance	rome	251	258	derived_proposition_presence	opposes	edge-85d2bd5d3a630b18
group	novatianists	carthage	251	350	group_present_at		edge-279f1dd532236deb
group	novatianists	rome	251	400	group_present_at		edge-b197e165eea499ae
proposition	almsgiving-is-required	carthage	252	252	derived_proposition_presence	affirms	edge-5515213545986c3d
proposition	baptism-administered-in-trinitarian-name	carthage	252	252	derived_proposition_presence	affirms	edge-27dc1783a1d509cc
proposition	baptism-effects-regeneration	carthage	252	252	derived_proposition_presence	affirms	edge-c7386b427e36be38
proposition	baptism-with-water-commanded	carthage	252	252	derived_proposition_presence	affirms	edge-6cf7c69663d79eb0
proposition	baptismal-anointing-with-oil	carthage	252	252	derived_proposition_presence	affirms	edge-311ac122e0053002
proposition	bishop-authority-over-eucharist	carthage	252	252	derived_proposition_presence	affirms	edge-0c3c1b1b54b6965e
work	de-dominica-oratione	carthage	252	252	written_at		edge-7d5a8fdae32cb89a
proposition	episcopal-unity-grounds-church-unity	carthage	252	252	derived_proposition_presence	affirms	edge-16e62f6c7a1ade13
work	epistula-64-cyprian	carthage	252	252	written_at		edge-763ed4b2cba7d5ef
proposition	eucharist-fulfills-malachi-pure-offering	carthage	252	252	derived_proposition_presence	neutral	edge-5dd1f9f9a0d1e977
proposition	eucharist-is-body-and-blood	carthage	252	252	derived_proposition_presence	affirms	edge-19a05cd78fe890fa
proposition	eucharist-is-sacrifice	carthage	252	252	derived_proposition_presence	affirms	edge-fd26aa278f1d7b86
proposition	eucharist-offered-on-sunday	carthage	252	252	derived_proposition_presence	affirms	edge-134ab797cb97e111
proposition	fasting-is-required	carthage	252	252	derived_proposition_presence	affirms	edge-659a6def1aec132e
proposition	frequent-eucharistic-assembly	carthage	252	252	derived_proposition_presence	affirms	edge-1c022b616ac8f8ec
proposition	infants-and-children-are-baptized	carthage	252	252	derived_proposition_presence	affirms	edge-582d305cf31cc77e
proposition	old-testament-is-authoritative-scripture	carthage	252	252	derived_proposition_presence	affirms	edge-1553bc1f6fe66f02
proposition	ordination-conferred-by-laying-on-of-hands	carthage	252	252	derived_proposition_presence	affirms	edge-7b172bb9bfec097d
proposition	post-baptismal-sin-forgiven-by-penance	carthage	252	252	derived_proposition_presence	affirms	edge-14adee53c4fb36f7
proposition	prayer-is-offered-without-ceasing	carthage	252	252	derived_proposition_presence	affirms	edge-53a67b867891574e
proposition	rule-of-faith-received-from-apostles	carthage	252	252	derived_proposition_presence	affirms	edge-0afdff8cd847f1f0
proposition	trinity-is-three-persons-one-substance	carthage	252	252	derived_proposition_presence	affirms	edge-6db5137ab2b560a8
person	lucius-i-pope	rome	253	254	bishop_of		edge-85133978f5da4be6
proposition	apostolic-succession-transmits-faith	rome	254	257	derived_proposition_presence	affirms	edge-9c0f434f37af0904
proposition	heretic-baptism-is-invalid	rome	254	257	derived_proposition_presence	opposes	edge-2c4977e82040a334
person	stephen-i-pope	rome	254	257	bishop_of		edge-502736a5c36ba941
proposition	heretic-baptism-is-invalid	caesarea-cappadocia	254	268	derived_proposition_presence	affirms	edge-d0b4e6a50986d325
proposition	apostolic-succession-transmits-faith	carthage	256	256	derived_proposition_presence	affirms	edge-567f2e6dfd03f7b1
proposition	baptism-administered-in-trinitarian-name	carthage	256	256	derived_proposition_presence	affirms	edge-c2ba042a65e6f590
proposition	baptism-effects-regeneration	carthage	256	256	derived_proposition_presence	affirms	edge-38855dcb0aa02a09
proposition	baptism-with-water-commanded	carthage	256	256	derived_proposition_presence	affirms	edge-5acd8776c694b5aa
proposition	bishop-authority-over-eucharist	carthage	256	256	derived_proposition_presence	neutral	edge-3a22d8edaf7d67d6
proposition	episcopal-unity-grounds-church-unity	carthage	256	256	derived_proposition_presence	affirms	edge-7152f29980367e43
work	epistula-73-cyprian	carthage	256	256	written_at		edge-da2f0547e9201a90
proposition	heretic-baptism-is-invalid	carthage	256	256	derived_proposition_presence	affirms	edge-9066d8e400f1da81
proposition	old-testament-is-authoritative-scripture	carthage	256	256	derived_proposition_presence	affirms	edge-2f7f6cfc94ae0572
proposition	post-baptismal-sin-forgiven-by-penance	carthage	256	256	derived_proposition_presence	neutral	edge-cdd192e2fb783e3a
proposition	rule-of-faith-received-from-apostles	carthage	256	256	derived_proposition_presence	affirms	edge-042d06ea46e3ad5b
work	sententiae-episcoporum	carthage	256	256	written_at		edge-c130feba0e2ca884
proposition	threefold-ministry-required	carthage	256	256	derived_proposition_presence	affirms	edge-56392c521bd9aa60
person	arius	alexandria	256	336	active_in		edge-7753338231ef0313
group	novatianists	alexandria	260	400	group_present_at		edge-13189d1ecdd0fde1
group	novatianists	antioch	260	400	group_present_at		edge-8db6d19b5639f67f
group	novatianists	asia	260	400	group_present_at		edge-d089b0496c6811e5
group	novatianists	ephesus	260	400	group_present_at		edge-ddee7eecbd8889a4
group	novatianists	galatia	260	400	group_present_at		edge-dd1ed9e3c755fb57
group	novatianists	pontus	260	400	group_present_at		edge-e6a7975e18d9d218
group	church-of-the-east	nisibis	280	363	group_present_at		edge-647cf5b2179fa7a0
person	frumentius	tyre	300	328	active_in		edge-c5488c14b7a1e110
group	church-of-the-east	edessa	300	400	group_present_at		edge-1c7fe41dac6382a3
group	church-of-the-east	india-malabar	300	400	group_present_at		edge-9566e44beefecaa9
group	church-of-the-east	seleucia-ctesiphon	300	400	group_present_at		edge-a41901a77c603493
person	gregory-the-illuminator	vagharshapat	301	331	bishop_of		edge-16c9fc6703c05954
person	ephrem-the-syrian	nisibis	306	363	active_in		edge-f942bf632612b324
person	jacob-of-nisibis	nisibis	308	338	bishop_of		edge-180f983e1207b5e0
person	shapur-ii	seleucia-ctesiphon	309	379	active_in		edge-d596184601cacf71
work	ecclesiastical-history-of-eusebius	caesarea	312	325	written_at		edge-915ed96c7113fa4b
person	eusebius-of-caesarea	caesarea	313	339	bishop_of		edge-8c475dfb6b813541
group	british-church	arles	314	314	group_present_at		edge-ad8be87d0be73609
group	british-church	britannia	314	380	controls_place		edge-b2e01f2d398e7bf6
group	british-church	londinium	314	380	controls_place		edge-a3ae223da2ff2653
proposition	christ-truly-became-flesh	alexandria	318	336	derived_proposition_presence	opposes	edge-e64f8125d2e62966
proposition	bartholomew-preached-in-india	caesarea	325	325	derived_proposition_presence	affirms	edge-db70978dcfc4c8d0
proposition	christ-dominion-is-universal	caesarea	325	325	derived_proposition_presence	affirms	edge-8d8af572ad6d4686
proposition	christianity-established-in-arabia	caesarea	325	325	derived_proposition_presence	neutral	edge-872d6d8392c00139
proposition	christianity-established-in-ethiopia	caesarea	325	325	derived_proposition_presence	neutral	edge-9ef9f27d561d6f22
event	council-of-nicaea-325	nicaea	325	325	event_occurs_at		edge-9dd97431a5e50ac3
proposition	gospel-reached-india	caesarea	325	325	derived_proposition_presence	affirms	edge-b4dcd9bf020e9a17
proposition	thomas-preached-in-india	caesarea	325	325	derived_proposition_presence	neutral	edge-bb83fcfcc698bb19
proposition	apostolic-succession-transmits-faith	alexandria	328	373	derived_proposition_presence	affirms	edge-f6f4a7e8db2fcf00
proposition	apostolic-succession-transmits-faith	rome	328	373	derived_proposition_presence	affirms	edge-88514679829d64df
proposition	apostolic-succession-transmits-faith	trier	328	373	derived_proposition_presence	affirms	edge-bbae727d1ebf2611
person	athanasius-of-alexandria	alexandria	328	373	bishop_of		edge-392de990981f11c1
proposition	bodies-will-be-raised-at-last-day	alexandria	328	373	derived_proposition_presence	affirms	edge-bea69aa4c58441b2
proposition	bodies-will-be-raised-at-last-day	rome	328	373	derived_proposition_presence	affirms	edge-c51330c7c226190a
proposition	bodies-will-be-raised-at-last-day	trier	328	373	derived_proposition_presence	affirms	edge-10fd314beff1fc83
proposition	christ-truly-became-flesh	alexandria	328	373	derived_proposition_presence	affirms	edge-ad94d00172705f61
proposition	christ-truly-became-flesh	rome	328	373	derived_proposition_presence	affirms	edge-dee03bc165a8b227
proposition	christ-truly-became-flesh	trier	328	373	derived_proposition_presence	affirms	edge-4ff1ad93a7ee3472
proposition	christianity-established-in-ethiopia	alexandria	328	373	derived_proposition_presence	affirms	edge-d3db00a230346200
proposition	christianity-established-in-ethiopia	rome	328	373	derived_proposition_presence	affirms	edge-6879e31e491776da
proposition	christianity-established-in-ethiopia	trier	328	373	derived_proposition_presence	affirms	edge-46fbff7379316eb6
proposition	jesus-born-of-virgin	alexandria	328	373	derived_proposition_presence	affirms	edge-53dedc0657a90c70
proposition	jesus-born-of-virgin	rome	328	373	derived_proposition_presence	affirms	edge-7d0fd32137a40e24
proposition	jesus-born-of-virgin	trier	328	373	derived_proposition_presence	affirms	edge-8fd17870ac574475
proposition	logos-is-pre-existent-son-of-god	alexandria	328	373	derived_proposition_presence	affirms	edge-640336fc88a603a5
proposition	logos-is-pre-existent-son-of-god	rome	328	373	derived_proposition_presence	affirms	edge-b08996cf399b6e9d
proposition	logos-is-pre-existent-son-of-god	trier	328	373	derived_proposition_presence	affirms	edge-0e73b59521b2d419
proposition	son-is-eternally-generated	alexandria	328	373	derived_proposition_presence	affirms	edge-57e830c0075a8f50
proposition	son-is-eternally-generated	rome	328	373	derived_proposition_presence	affirms	edge-21365141f913fcaf
proposition	son-is-eternally-generated	trier	328	373	derived_proposition_presence	affirms	edge-bd550d42fbf4ed8f
proposition	trinity-is-three-persons-one-substance	alexandria	328	373	derived_proposition_presence	affirms	edge-1201cc646e63b2f1
proposition	trinity-is-three-persons-one-substance	rome	328	373	derived_proposition_presence	affirms	edge-f9499ab7f799ac4e
proposition	trinity-is-three-persons-one-substance	trier	328	373	derived_proposition_presence	affirms	edge-2430eb54b3927a70
proposition	christianity-established-in-ethiopia	aksum	328	383	derived_proposition_presence	affirms	edge-a06c28aea2d1d21d
proposition	christianity-established-in-ethiopia	tyre	328	383	derived_proposition_presence	affirms	edge-3758432e22e6860a
person	ezana-of-aksum	aksum	330	356	active_in		edge-810451a9fff9f8a2
person	frumentius	aksum	333	383	bishop_of		edge-95a570d1c8e8cd60
person	athanasius-of-alexandria	trier	335	337	active_in		edge-361c2f5e9b904b56
work	vita-constantini-eusebius	caesarea	337	339	written_at		edge-e515e8516595d01f
person	constantius-ii	rome	337	350	active_in		edge-2004a2b62fba43b5
person	constantius-ii	antioch	337	361	active_in		edge-16bf110bf7740b88
proposition	christ-dominion-is-universal	caesarea	339	339	derived_proposition_presence	affirms	edge-389b984929b94caf
proposition	christianity-established-in-arabia	caesarea	339	339	derived_proposition_presence	neutral	edge-9b81437c5738a7e9
proposition	christianity-established-in-ethiopia	caesarea	339	339	derived_proposition_presence	affirms	edge-0fcecda996e23dd7
proposition	gospel-reached-india	caesarea	339	339	derived_proposition_presence	neutral	edge-ec868df2e1f602fc
person	athanasius-of-alexandria	rome	339	346	active_in		edge-e27e31a8f5d4701e
proposition	christianity-established-in-ethiopia	aksum	340	356	derived_proposition_presence	affirms	edge-b16acdd99fd85d4d
group	aksumite-church	aksum	340	380	controls_place		edge-c0130f554354b693
person	theophilus-the-indian	zafar	354	356	active_in		edge-fc70dfa1a7be1cab
proposition	christianity-established-in-arabia	zafar	354	364	derived_proposition_presence	affirms	edge-f50952eb4564017f
group	arabian-christians	najran	354	380	controls_place		edge-56cfc9f17f1ce064
group	arabian-christians	zafar	354	380	controls_place		edge-7ac18aace2631a20
proposition	christianity-established-in-ethiopia	antioch	356	356	derived_proposition_presence	affirms	edge-ee35392ce5da13a1
proposition	christianity-established-in-ethiopia	rome	356	356	derived_proposition_presence	affirms	edge-a157e2bc9c3f8159
proposition	gospel-reached-india	zafar	356	364	derived_proposition_presence	affirms	edge-95d1eeef1a298194
proposition	bodies-will-be-raised-at-last-day	edessa	360	370	derived_proposition_presence	affirms	edge-25cfaf2ef06ab98c
proposition	christ-truly-became-flesh	edessa	360	370	derived_proposition_presence	affirms	edge-5e6e1af43b8b2438
proposition	christ-truly-suffered-and-died	edessa	360	370	derived_proposition_presence	affirms	edge-07c322954115f6e3
work	commentary-on-diatessaron-ephrem	edessa	360	370	written_at		edge-b9981c8f8e58299f
proposition	eucharist-is-body-and-blood	edessa	360	370	derived_proposition_presence	affirms	edge-68beb242d682eea1
proposition	gospel-harmony-is-authoritative	edessa	360	370	derived_proposition_presence	affirms	edge-2ae28220c6833441
proposition	jesus-born-of-virgin	edessa	360	370	derived_proposition_presence	affirms	edge-067e6222b9521f14
proposition	logos-is-pre-existent-son-of-god	edessa	360	370	derived_proposition_presence	affirms	edge-68aafffc77ea9527
proposition	old-testament-is-authoritative-scripture	edessa	360	370	derived_proposition_presence	affirms	edge-af3bf02afc5171d1
proposition	repentance-is-required	edessa	360	370	derived_proposition_presence	affirms	edge-a773bd5db90fe84e
proposition	baptism-effects-regeneration	edessa	363	373	derived_proposition_presence	affirms	edge-5c4b30901a2bbb8c
proposition	baptismal-anointing-with-oil	edessa	363	373	derived_proposition_presence	affirms	edge-ff19ec30060789f7
proposition	bodies-will-be-raised-at-last-day	edessa	363	373	derived_proposition_presence	affirms	edge-516e9e61094c0a33
proposition	christ-truly-became-flesh	edessa	363	373	derived_proposition_presence	affirms	edge-250cc76060344c96
proposition	christ-truly-suffered-and-died	edessa	363	373	derived_proposition_presence	affirms	edge-8ad9b1fc6afc3aee
person	ephrem-the-syrian	edessa	363	373	active_in		edge-59641541846cbb58
proposition	eucharist-is-body-and-blood	edessa	363	373	derived_proposition_presence	affirms	edge-48e38018aade7988
proposition	eucharist-is-medicine-of-immortality	edessa	363	373	derived_proposition_presence	affirms	edge-02a0747c1ed827fe
proposition	final-judgment-is-coming	edessa	363	373	derived_proposition_presence	affirms	edge-9d4d7ab0bad91186
proposition	free-will-grounds-moral-responsibility	edessa	363	373	derived_proposition_presence	affirms	edge-36bb323d275a03a5
work	hymns-against-heresies-ephrem	edessa	363	373	written_at		edge-b533430c48dc2b9b
work	hymns-on-faith-ephrem	edessa	363	373	written_at		edge-dd933f6954221b9f
work	hymns-on-nativity-ephrem	edessa	363	373	written_at		edge-909b25c5b58225d5
work	hymns-on-paradise-ephrem	edessa	363	373	written_at		edge-9b48a076bbbdd938
proposition	jesus-born-of-virgin	edessa	363	373	derived_proposition_presence	affirms	edge-0330fe46ffcedd7c
proposition	logos-is-pre-existent-son-of-god	edessa	363	373	derived_proposition_presence	affirms	edge-7f7f3846a6fde37d
proposition	old-testament-is-authoritative-scripture	edessa	363	373	derived_proposition_presence	affirms	edge-ae356ebf47876335
proposition	perpetual-virginity-of-mary	edessa	363	373	derived_proposition_presence	affirms	edge-1d2d10fdfbac4d78
proposition	prayer-is-offered-without-ceasing	edessa	363	373	derived_proposition_presence	affirms	edge-92f1d0d212307c09
proposition	prayer-is-offered-without-ceasing	nisibis	363	373	derived_proposition_presence	affirms	edge-1446dd055ae8c8b6
proposition	rule-of-faith-received-from-apostles	edessa	363	373	derived_proposition_presence	affirms	edge-af7a8992ed654eec
proposition	son-is-eternally-generated	edessa	363	373	derived_proposition_presence	affirms	edge-51b0e81919686f03
proposition	trinity-is-three-persons-one-substance	edessa	363	373	derived_proposition_presence	affirms	edge-87e02bcb3a1ce0ba
person	rufinus-of-aquileia	alexandria	372	380	active_in		edge-14771044e1c30afd
person	rufinus-of-aquileia	jerusalem	380	397	active_in		edge-28e88c88dc6b2e00
person	rufinus-of-aquileia	rome	380	397	active_in		edge-1700ddfa308315b8
person	philostorgius	antioch	390	439	active_in		edge-b342778f9751b4fb
proposition	christianity-established-in-ethiopia	antioch	425	425	derived_proposition_presence	affirms	edge-75bc570a030e20d6
person	addai-of-edessa	edessa			active_in		edge-4720eeb6b9764b86
event	christianization-of-aksum	aksum			event_occurs_at		edge-88dcb6d4b33a0a54
event	conversion-of-edessa	edessa			event_occurs_at		edge-902be5ce647c6554
event	council-of-arles-314	arles			event_occurs_at		edge-df48d34c8189ffff
event	council-of-carthage-251	carthage			event_occurs_at		edge-034466086ed78542
event	council-of-carthage-252	carthage			event_occurs_at		edge-7e3426760504d50e
event	council-of-carthage-256	carthage			event_occurs_at		edge-283e4e24a8893c2b
event	council-of-ephesus-431	ephesus			event_occurs_at		edge-b972e008a266047e
person	cyprian-of-carthage	carthage			originated_in		edge-ef47627c09f95541
event	cyprians-martyrdom	carthage			event_occurs_at		edge-d346343a3d8b3573
event	decian-persecution	carthage			event_occurs_at		edge-53487dca986db2f0
proposition	disciples-are-called-to-follow-jesus	nazareth			derived_proposition_presence	affirms	edge-373dfa8b3565e655
event	dura-europos-church-construction	dura-europos			event_occurs_at		edge-20ea8d8c6babf911
event	fall-of-nisibis-363	nisibis			event_occurs_at		edge-6b92be00a05c0769
person	irenaeus-of-lyons	smyrna			originated_in		edge-a423397e1d32b51f
person	jesus-of-nazareth	nazareth			originated_in		edge-0857c28985875813
proposition	jesus-teaches-with-unique-authority	nazareth			derived_proposition_presence	affirms	edge-62f23cc216b31fce
proposition	kingdom-of-god-has-drawn-near	nazareth			derived_proposition_presence	affirms	edge-f7ac1f06205a8f05
event	martyrdom-of-alban	britannia			event_occurs_at		edge-6df46fbd6661bb37
event	mission-of-pantaenus-to-india	india-malabar			event_occurs_at		edge-40f9d93acb10ef34
event	mission-of-theophilus-to-himyar	zafar			event_occurs_at		edge-b075f7daff7c816d
event	origen-expulsion-from-alexandria	alexandria			event_occurs_at		edge-f45180bcca6508d6
person	origen-of-alexandria	alexandria			originated_in		edge-ce46f10589c498bc
event	origen-torture-under-decius	caesarea			event_occurs_at		edge-f2e12784ad614738
event	pauls-martyrdom	rome			event_occurs_at		edge-54e8dfbad41d0777
event	persecution-of-shapur-ii	seleucia-ctesiphon			event_occurs_at		edge-18269c31073b873c
event	peters-martyrdom	rome			event_occurs_at		edge-88f12101364038fd
event	synod-of-bostra	bostra			event_occurs_at		edge-52d599c0e8882ab7
person	tertullian	carthage			originated_in		edge-2450edf70a936e80
