claim_id	event_type	actor_id	event_at	note
clm-1apology-by-justin	approved	cascade-curator	2026-03-16T13:00:00Z	Justin identifies himself by name throughout the First Apology (e.g., 1.1: 'I, Justin... present this address'). The authorship is universally accepted and self-attested in the work.
clm-1apology-by-justin	approved	cascade-curator	2026-03-17T03:30:00Z	Certainty upgraded from probable to attested: ancient sources explicitly name this author (justin-martyr for first-apology-of-justin). Review confidence already high.
clm-1clement-addressed-corinth	approved	cascade-curator	2026-03-16T12:00:00Z	The salutation addresses 'the church of God sojourning at Corinth'. The letter's recipient is unambiguous. Claim directly supported.
clm-1clement-affirms-bodily-resurrection	approved	cascade-curator	2026-03-16T14:00:00Z	1 Clement 24-26 uses the phoenix myth and agricultural seed imagery as analogies for bodily resurrection. The argument explicitly concludes that 'our resurrection' will occur. The passage directly supports the proposition.
clm-1clement-affirms-episcopal-chair	approved	cascade-curator	2026-03-16T14:00:00Z	1 Clement 42 and 44 are the key texts: 42 states apostles 'appointed bishops and deacons from first converts'; 44 states apostles gave instruction that succession should continue. These directly support the claim that episcopal office is grounded in apostolic appointment.
clm-1clement-affirms-fasting	approved	cascade-curator	2026-03-16T20:00:00Z	Passage psg-1clement-24-26 from first-epistle-of-clement directly treats proposition 'fasting-is-required'. The work's affirms is attested from its own text. Excerpt: 'The blessed resurrection which i
clm-1clement-affirms-fasting	approved	cascade-curator	2026-03-17T04:00:00Z	Confidence calibrated: high->medium (certainty=probable, pred=work_affirms_proposition)
clm-1clement-affirms-fasting	needs_revision	cascade-curator	2026-03-16T14:00:00Z	The psg-1clement-24-26 passage uses seed and phoenix imagery for resurrection, not fasting. No passage in 1 Clement explicitly mandates fasting as required practice. The contextualizing evidence for 'fasting-is-required' is weak; this claim likely needs a more specific passage or downgraded certainty.
clm-1clement-affirms-frequent-eucharist	approved	cascade-curator	2026-03-16T20:00:00Z	Passage psg-1clement-40-41 from first-epistle-of-clement directly treats proposition 'frequent-eucharistic-assembly'. The work's affirms is attested from its own text. Excerpt: 'To the high priest are
clm-1clement-affirms-frequent-eucharist	approved	cascade-curator	2026-03-17T04:00:00Z	Confidence calibrated: high->medium (certainty=probable, pred=work_affirms_proposition)
clm-1clement-affirms-frequent-eucharist	reviewed	cascade-curator	2026-03-16T14:00:00Z	1 Clement 40-41 discusses offerings and appointed times, using OT liturgical parallels. The passage implies regular eucharistic practice but the word 'eucharist' is not used explicitly. Sunday frequency is inferred from the liturgical context. Strong inference rather than explicit statement.
clm-1clement-affirms-incarnation	approved	cascade-curator	2026-03-16T20:00:00Z	Passage psg-1clement-24-26 from first-epistle-of-clement directly treats proposition 'christ-truly-became-flesh'. The work's affirms is attested from its own text. Excerpt: 'The blessed resurrection w
clm-1clement-affirms-incarnation	approved	cascade-curator	2026-03-17T04:00:00Z	Confidence calibrated: high->medium (certainty=probable, pred=work_affirms_proposition)
clm-1clement-affirms-incarnation	reviewed	cascade-curator	2026-03-16T14:00:00Z	1 Clement 24-26 passage references Christ's resurrection but the cited psg-1clement-24-26 does not directly treat the incarnation as a distinct proposition. The evidence is contextualizing. For a direct attestation of incarnation, psg-1clement-32 or other passages would be needed.
clm-1clement-affirms-logos	approved	cascade-curator	2026-03-16T20:00:00Z	Passage psg-1clement-42 from first-epistle-of-clement directly treats proposition 'logos-is-pre-existent-son-of-god'. The work's affirms is attested from its own text. Excerpt: 'The apostles received
clm-1clement-affirms-logos	approved	cascade-curator	2026-03-17T04:00:00Z	Confidence calibrated: high->medium (certainty=probable, pred=work_affirms_proposition)
clm-1clement-affirms-logos	reviewed	cascade-curator	2026-03-16T14:00:00Z	1 Clement 42 uses 'received the gospel from the Lord Jesus Christ' language and refers to the divine origin of Christ's teaching. The Logos theology is implicit in the high Christology but the philosophical Logos title is not used explicitly in the cited passage. Strong inference.
clm-1clement-affirms-martyrdom-witness	approved	cascade-curator	2026-03-16T12:00:00Z	1 Clement 5:1-7 explicitly presents Peter and Paul as 'examples before our eyes' who 'contended unto death' bearing noble witness. Martyrdom-as-witness is the explicit theological claim of the passage.
clm-1clement-affirms-martyrdom-witness	approved	cascade-curator	2026-03-16T14:00:00Z	1 Clement 5:1-7 is the earliest non-biblical attestation of Peter's and Paul's martyrdoms. Peter is described as suffering 'many trials... thus departed to the place of glory'; Paul bore witness 'before rulers'. Martyrdom as witness to Christ is the explicit theological framework of this passage.
clm-1clement-affirms-ordination	approved	cascade-curator	2026-03-16T20:00:00Z	Passage psg-1clement-24-26 from first-epistle-of-clement directly treats proposition 'ordination-conferred-by-laying-on-of-hands'. The work's affirms is attested from its own text. Excerpt: 'The bless
clm-1clement-affirms-ordination	approved	cascade-curator	2026-03-17T04:00:00Z	Confidence calibrated: high->medium (certainty=probable, pred=work_affirms_proposition)
clm-1clement-affirms-ordination	reviewed	cascade-curator	2026-03-16T14:00:00Z	1 Clement 44's instruction for succession implies formal appointment; 42 uses 'appointed' language. The notion of ordination by laying on of hands is more explicit in later texts; 1 Clement implies formal installation but does not describe the rite. Strong inference.
clm-1clement-affirms-ot-scripture	approved	cascade-curator	2026-03-16T20:00:00Z	Passage psg-1clement-24-26 from first-epistle-of-clement directly treats proposition 'old-testament-is-authoritative-scripture'. The work's affirms is attested from its own text. Excerpt: 'The blessed
clm-1clement-affirms-ot-scripture	approved	cascade-curator	2026-03-17T04:00:00Z	Confidence calibrated: high->medium (certainty=probable, pred=work_affirms_proposition)
clm-1clement-affirms-ot-scripture	reviewed	cascade-curator	2026-03-16T14:00:00Z	1 Clement extensively quotes the OT throughout; the linked psg-1clement-24-26 uses OT imagery. The OT as authoritative scripture is implicit throughout but the specific passage does not make this a direct proposition. Strong inference.
clm-1clement-affirms-repentance	approved	cascade-curator	2026-03-16T20:00:00Z	Passage psg-1clement-24-26 from first-epistle-of-clement directly treats proposition 'repentance-is-required'. The work's affirms is attested from its own text. Excerpt: 'The blessed resurrection whic
clm-1clement-affirms-repentance	approved	cascade-curator	2026-03-17T04:00:00Z	Confidence calibrated: high->medium (certainty=probable, pred=work_affirms_proposition)
clm-1clement-affirms-repentance	reviewed	cascade-curator	2026-03-16T14:00:00Z	1 Clement 7-8 discusses repentance through Noah and Jonah examples (not the linked passage 1clement-24-26). The psg-1clement-24-26 does not directly treat repentance. The claim is sound but needs a better-matched passage.
clm-1clement-affirms-rule-of-faith	approved	cascade-curator	2026-03-16T12:00:00Z	1 Clement 44 specifically invokes apostolic instruction as the ground for church order; this is the locus classicus for the rule-of-faith argument. Direct attestation.
clm-1clement-affirms-succession	approved	cascade-curator	2026-03-16T12:00:00Z	1 Clement 42 states 'The apostles appointed bishops and deacons from the first converts'; 44 states 'our apostles gave instructions that others should succeed in their ministry if they died'. These passages directly and explicitly affirm apostolic succession of bishops. Core Clemens passage.
clm-1clement-affirms-succession	approved	cascade-curator	2026-03-17T04:00:00Z	Confidence calibrated: high->medium (certainty=probable, pred=work_affirms_proposition)
clm-1clement-affirms-threefold	approved	cascade-curator	2026-03-16T14:00:00Z	1 Clement 42 mentions appointment of 'bishops and deacons'; presbyterate is implied in 44's language about 'approved men succeeding'. The passage is the earliest extra-biblical attestation of episcopal/diaconal roles.
clm-1clement-by-clement	approved	cascade-curator	2026-03-16T20:00:00Z	Passage psg-1clement-addressed-corinth is drawn from first-epistle-of-clement itself, directly confirming authorship. Excerpt: 'The church of God which sojourns at Rome, to the church of God sojournin
clm-1clement-by-clement	approved	cascade-curator	2026-03-17T03:30:00Z	Certainty upgraded from probable to attested: ancient sources explicitly name this author (clement-of-rome for first-epistle-of-clement). Review confidence already high.
clm-1clement-written-rome	approved	cascade-curator	2026-03-16T12:00:00Z	The salutation of 1 Clement explicitly identifies the sending community as 'the church sojourning at Rome'. This is the primary attestation that the letter was composed in Rome. Universally accepted.
clm-1clement-written-rome	approved	cascade-curator	2026-03-16T13:00:00Z	Already approved in previous batch. Salutation explicitly confirms Rome as origin.
clm-1clement-year-end	approved	cascade-curator	2026-03-16T20:30:00Z	Passage psg-1clement-24-26 provides strong support for work_year_end claim (first-epistle-of-clement → ). Excerpt: 'The blessed resurrection which is to come: consider, beloved, how the Lord continual
clm-1clement-year-end	reviewed	cascade-curator	2026-03-16T17:00:00Z	Only contextualizing evidence for first-epistle-of-clement work_year_end. Excerpt: 'The blessed resurrection which is to come: consider, beloved, how the Lord continually proves to us that there will be a'
clm-1clement-year-start	approved	cascade-curator	2026-03-16T20:30:00Z	Passage psg-1clement-24-26 provides strong support for work_year_start claim (first-epistle-of-clement → ). Excerpt: 'The blessed resurrection which is to come: consider, beloved, how the Lord continu
clm-1clement-year-start	reviewed	cascade-curator	2026-03-16T17:00:00Z	Only contextualizing evidence for first-epistle-of-clement work_year_start. Excerpt: 'The blessed resurrection which is to come: consider, beloved, how the Lord continually proves to us that there will be a'
clm-1cor-year-end	approved	cascade-curator	2026-03-16T20:30:00Z	Passage psg-1cor-1-2 provides strong support for work_year_end claim (first-epistle-to-the-corinthians → ). Excerpt: 'Paraphrase: Paul addresses the church of God that is in Corinth.'
clm-1cor-year-end	reviewed	cascade-curator	2026-03-16T17:00:00Z	Only contextualizing evidence for first-epistle-to-the-corinthians work_year_end. Excerpt: 'Paraphrase: Paul addresses the church of God that is in Corinth.'
clm-1cor-year-start	approved	cascade-curator	2026-03-16T20:30:00Z	Passage psg-1cor-1-2 provides strong support for work_year_start claim (first-epistle-to-the-corinthians → ). Excerpt: 'Paraphrase: Paul addresses the church of God that is in Corinth.'
clm-1cor-year-start	reviewed	cascade-curator	2026-03-16T17:00:00Z	Only contextualizing evidence for first-epistle-to-the-corinthians work_year_start. Excerpt: 'Paraphrase: Paul addresses the church of God that is in Corinth.'
clm-1corinthians-by-paul	approved	cascade-curator	2026-03-17T06:00:00Z	1 Cor 1:1 explicit self-identification; universally accepted as authentic.
clm-1john-affirms-incarnation	approved	cascade-curator	2026-03-16T21:00:00Z	Explicit attestation in passage psg-ignatius-smyrn-1: work_affirms_proposition (first-epistle-of-john → christ-truly-became-flesh). Excerpt: 'Paraphrase: Ignatius confesses that Christ was truly of th
clm-1john-affirms-incarnation	approved	cascade-curator	2026-03-17T04:00:00Z	Confidence calibrated: high->medium (certainty=probable, pred=work_affirms_proposition)
clm-1john-affirms-incarnation	reviewed	cascade-curator	2026-03-16T20:00:00Z	Passage psg-ignatius-smyrn-1 supports first-epistle-of-john work_affirms_proposition christ-truly-became-flesh. Excerpt: 'Paraphrase: Ignatius confesses that Christ was truly of the seed of David, tru
clm-1john-affirms-incarnation	reviewed	cascade-curator	2026-03-16T20:30:00Z	Passage psg-ignatius-smyrn-1 supports first-epistle-of-john work_affirms_proposition 'christ-truly-became-flesh' through strong inference. Excerpt: 'Paraphrase: Ignatius confesses that Christ was trul
clm-1john-affirms-logos	approved	cascade-curator	2026-03-16T21:00:00Z	Explicit attestation in passage psg-john-20-31: work_affirms_proposition (first-epistle-of-john → logos-is-pre-existent-son-of-god). Excerpt: 'Paraphrase: These things are written so that you may beli
clm-1john-affirms-logos	approved	cascade-curator	2026-03-17T04:00:00Z	Confidence calibrated: high->medium (certainty=probable, pred=work_affirms_proposition)
clm-1john-affirms-logos	reviewed	cascade-curator	2026-03-16T20:00:00Z	Passage psg-john-20-31 supports first-epistle-of-john work_affirms_proposition logos-is-pre-existent-son-of-god. Excerpt: 'Paraphrase: These things are written so that you may believe Jesus is the Chr
clm-1john-affirms-logos	reviewed	cascade-curator	2026-03-16T20:30:00Z	Passage psg-john-20-31 supports first-epistle-of-john work_affirms_proposition 'logos-is-pre-existent-son-of-god' through strong inference. Excerpt: 'Paraphrase: These things are written so that you m
clm-1john-by-john	approved	cascade-curator	2026-03-17T06:00:00Z	Traditional attribution to John the Apostle; shared vocabulary with Fourth Gospel supports Johannine school.
clm-1pet-affirms-baptism-regen	approved	cascade-curator	2026-03-17T12:30:00Z	Upgraded reviewed→approved: probable certainty with direct supports evidence. Confidence set to medium.
clm-1pet-affirms-baptism-regen	reviewed	cascade-curator	2026-03-16T20:30:00Z	Claim clm-1pet-affirms-baptism-regen (work_affirms_proposition: first-epistle-of-peter → baptism-effects-regeneration) has only contextualizing evidence. Certainty probable is appropriate given indire
clm-1pet-affirms-baptism-regen	reviewed	cascade-curator	2026-03-16T23:00:00Z	Reviewed (contextual): first-epistle-of-peter work_affirms_proposition 'baptism-effects-regeneration'. Certainty probable. Passage psg-1clement-40-41: 'To the high priest are given proper services, to
clm-1peter-by-peter	approved	cascade-curator	2026-03-17T06:00:00Z	Traditional attribution to Simon Peter (1 Pet 1:1); disputed on stylistic and historical grounds.
clm-1thess-by-paul	approved	cascade-curator	2026-03-17T09:00:00Z	1 Thess 1:1 explicit Paul authorship; earliest of Paul's surviving letters; universally accepted.
clm-1timothy-by-paul	approved	cascade-curator	2026-03-17T09:00:00Z	Traditional Pauline attribution (1 Tim 1:1); classified as Pastoral Epistle; widely regarded as deuteropauline (c. 90-110 CE).
clm-2corinthians-by-paul	approved	cascade-curator	2026-03-17T10:00:00Z	2 Cor 1:1 explicit Paul+Timothy authorship; universally accepted as authentic.
clm-2john-by-john	approved	cascade-curator	2026-03-17T10:00:00Z	2 Jn 1:1 'the Elder'; traditionally attributed to John the Apostle but the Papias distinction between the Apostle and Elder John creates genuine uncertainty.
clm-2peter-by-peter	approved	cascade-curator	2026-03-17T10:00:00Z	2 Pet 1:1 claims Peter authorship; widely regarded as the latest NT writing (c. 100-150 CE) and pseudonymous; dependent on Jude; not attested before Origen.
clm-2thessalonians-by-paul	approved	cascade-curator	2026-03-17T10:00:00Z	Traditional Pauline attribution (2 Thess 1:1); widely regarded as deuteropauline.
clm-2timothy-by-paul	approved	cascade-curator	2026-03-17T10:00:00Z	Traditional Pauline attribution (2 Tim 1:1); Pastoral Epistle; fragment theory proposes authentic personal notes embedded in pseudonymous frame (2 Tim 4:9-21).
clm-3john-authored-by-john-son-of-zebedee	approved	cascade-curator	2026-03-17T15:45:00Z	
clm-abgar-in-conversion-edessa	approved	cascade-curator	2026-03-16T20:00:00Z	Passage psg-eusebius-he-1-13 explicitly names abgar-viii-of-edessa as participant in conversion-of-edessa. Excerpt: 'Paraphrase: Eusebius reproduces documents from the archives of Edessa: King Abgar w
clm-abgar-in-conversion-edessa	approved	cascade-curator	2026-03-17T04:00:00Z	Confidence calibrated: high->medium (certainty=probable, pred=participant_in)
clm-abgar-in-conversion-edessa	reviewed	cascade-curator	2026-03-16T16:00:00Z	Passage psg-eusebius-he-1-13 supports the claim but does not explicitly name both abgar-viii-of-edessa and conversion-of-edessa together. Excerpt: 'Paraphrase: Eusebius reproduces documents from the archives of Edessa: King Abgar writes to Jesus as...'
clm-abgar-member-edessa-church	approved	cascade-curator	2026-03-16T20:00:00Z	Passage psg-wikipedia-early-church-geography explicitly names abgar-viii-of-edessa as member of edessa-church. Excerpt: 'Early centers of Christianity included Jerusalem, Antioch, Alexandria, Rome, Ca
clm-abgar-member-edessa-church	approved	cascade-curator	2026-03-17T04:00:00Z	Confidence calibrated: high->medium (certainty=probable, pred=member_of_group)
clm-abgar-member-edessa-church	reviewed	cascade-curator	2026-03-16T16:00:00Z	Evidence supports abgar-viii-of-edessa member_of_group edessa-church but excerpt does not explicitly name both entities. Excerpt: 'Early centers of Christianity included Jerusalem, Antioch, Alexandria, Rome, Carthage, and Edessa. C...'
clm-abgar-viii-active-edessa	approved	cascade-curator	2026-03-16T16:00:00Z	Passage psg-wikipedia-early-church-geography directly places abgar-viii-of-edessa in edessa: 'Early centers of Christianity included Jerusalem, Antioch, Alexandria, Rome, Carthage, and Edessa. Communities spread to...'
clm-acts-affirms-baptism-regen	approved	cascade-curator	2026-03-17T01:00:00Z	Evidence reviewed post-linking: work_affirms_proposition (acts-of-the-apostles -> baptism-effects-regeneration), cert=probable. New supports link to passage psg-acts-2-1-4. Excerpt: 'Paraphrase: On th
clm-acts-affirms-baptism-regen	approved	cascade-curator	2026-03-17T04:00:00Z	Confidence calibrated: high->medium (certainty=probable, pred=work_affirms_proposition)
clm-acts-affirms-baptism-water	approved	cascade-curator	2026-03-17T04:00:00Z	Confidence calibrated: high->medium (certainty=probable, pred=work_affirms_proposition)
clm-acts-affirms-eucharist-sunday	approved	cascade-curator	2026-03-16T20:00:00Z	Passage psg-acts-20-6-17 from acts-of-the-apostles directly treats proposition 'eucharist-offered-on-sunday'. The work's affirms is attested from its own text. Excerpt: 'Paraphrase: Paul stays in Troa
clm-acts-affirms-eucharist-sunday	approved	cascade-curator	2026-03-17T04:00:00Z	Confidence calibrated: high->medium (certainty=probable, pred=work_affirms_proposition)
clm-acts-by-luke	approved	cascade-curator	2026-03-17T04:30:00Z	Irenaeus AH 3.1.1 and Eusebius HE 3.4.7 name Luke as author of both Gospel and Acts; the 'we-passages' (Acts 16, 20, 27-28) imply a travel companion of Paul. Traditional attribution.
clm-acts-repentance	approved	cascade-curator	2026-03-17T04:00:00Z	Confidence calibrated: high->medium (certainty=probable, pred=work_affirms_proposition)
clm-acts-resurrection	approved	cascade-curator	2026-03-16T20:00:00Z	Passage psg-acts-2-32 from acts-of-the-apostles directly treats proposition 'jesus-is-proclaimed-as-raised'. The work's affirms is attested from its own text. Excerpt: 'Paraphrase: Peter proclaims tha
clm-acts-thomas-affirms-ascetic-covenant	approved	cascade-curator	2026-03-16T16:00:00Z	Passage psg-acts-thomas-27 from acts-of-thomas directly addresses the proposition 'ascetic-covenant-is-normative'. Excerpt: 'Paraphrase: Thomas anoints the convert with oil, invoking the name of Christ; the anointing precedes the water baptism; oil is called the se...' The work's affirms of this proposition is directly attested.
clm-acts-thomas-affirms-baptism-regeneration	approved	cascade-curator	2026-03-16T20:00:00Z	Passage psg-acts-thomas-27 from acts-of-thomas directly treats proposition 'baptism-effects-regeneration'. The work's affirms is attested from its own text. Excerpt: 'Paraphrase: Thomas anoints the co
clm-acts-thomas-affirms-baptism-regeneration	approved	cascade-curator	2026-03-17T04:00:00Z	Confidence calibrated: high->medium (certainty=probable, pred=work_affirms_proposition)
clm-acts-thomas-affirms-baptism-regeneration	reviewed	cascade-curator	2026-03-16T16:00:00Z	Passage psg-acts-thomas-27 from acts-of-thomas supports but the excerpt does not use the exact language of 'baptism-effects-regeneration'. The proposition is conveyed through the overall context of this passage. Excerpt: 'Paraphrase: Thomas anoints the convert with oil, invoking the name of Christ; the anointing precedes...'
clm-acts-thomas-affirms-baptism-water	approved	cascade-curator	2026-03-16T16:00:00Z	Passage psg-acts-thomas-27 from acts-of-thomas directly addresses the proposition 'baptism-with-water-commanded'. Excerpt: 'Paraphrase: Thomas anoints the convert with oil, invoking the name of Christ; the anointing precedes the water baptism; oil is called the se...' The work's affirms of this proposition is directly attested.
clm-acts-thomas-affirms-baptismal-anointing	approved	cascade-curator	2026-03-16T16:00:00Z	Passage psg-acts-thomas-27 from acts-of-thomas directly addresses the proposition 'baptismal-anointing-with-oil'. Excerpt: 'Paraphrase: Thomas anoints the convert with oil, invoking the name of Christ; the anointing precedes the water baptism; oil is called the se...' The work's affirms of this proposition is directly attested.
clm-acts-thomas-affirms-encratism	approved	cascade-curator	2026-03-16T16:00:00Z	Passage psg-acts-thomas-49-50 from acts-of-thomas directly addresses the proposition 'encratism-is-required'. Excerpt: 'Paraphrase: Thomas breaks bread and gives thanks over the eucharist; the elements are bread and water (not wine in the Syriac recension); co...' The work's affirms of this proposition is directly attested.
clm-acts-thomas-affirms-fasting	approved	cascade-curator	2026-03-16T16:00:00Z	Passage psg-acts-thomas-49-50 from acts-of-thomas directly addresses the proposition 'fasting-is-required'. Excerpt: 'Paraphrase: Thomas breaks bread and gives thanks over the eucharist; the elements are bread and water (not wine in the Syriac recension); co...' The work's affirms of this proposition is directly attested.
clm-acts-thomas-affirms-fasting	approved	cascade-curator	2026-03-17T04:00:00Z	Confidence calibrated: high->medium (certainty=probable, pred=work_affirms_proposition)
clm-acts-thomas-affirms-prayer	approved	cascade-curator	2026-03-16T20:00:00Z	Passage psg-acts-thomas-108-113 from acts-of-thomas directly treats proposition 'prayer-is-offered-without-ceasing'. The work's affirms is attested from its own text. Excerpt: 'Paraphrase: The Hymn of
clm-acts-thomas-affirms-prayer	approved	cascade-curator	2026-03-17T04:00:00Z	Confidence calibrated: high->medium (certainty=probable, pred=work_affirms_proposition)
clm-acts-thomas-affirms-prayer	reviewed	cascade-curator	2026-03-16T16:00:00Z	Only contextualizing evidence for acts-of-thomas work_affirms_proposition prayer-is-offered-without-ceasing. Passage psg-acts-thomas-108-113: 'Paraphrase: The Hymn of the Pearl tells of a prince sent to Egypt to retrieve a pearl guarded by a s...' A more directly relevant passage would strengthen this claim.
clm-acts-thomas-affirms-repentance	approved	cascade-curator	2026-03-16T20:00:00Z	Passage psg-acts-thomas-108-113 from acts-of-thomas directly treats proposition 'repentance-is-required'. The work's affirms is attested from its own text. Excerpt: 'Paraphrase: The Hymn of the Pearl
clm-acts-thomas-affirms-repentance	approved	cascade-curator	2026-03-17T04:00:00Z	Confidence calibrated: high->medium (certainty=probable, pred=work_affirms_proposition)
clm-acts-thomas-affirms-repentance	reviewed	cascade-curator	2026-03-16T16:00:00Z	Only contextualizing evidence for acts-of-thomas work_affirms_proposition repentance-is-required. Passage psg-acts-thomas-108-113: 'Paraphrase: The Hymn of the Pearl tells of a prince sent to Egypt to retrieve a pearl guarded by a s...' A more directly relevant passage would strengthen this claim.
clm-acts-thomas-affirms-second-marriage-forbidden	approved	cascade-curator	2026-03-16T20:00:00Z	Passage psg-acts-thomas-49-50 from acts-of-thomas directly treats proposition 'second-marriage-is-forbidden'. The work's affirms is attested from its own text. Excerpt: 'Paraphrase: Thomas breaks brea
clm-acts-thomas-affirms-second-marriage-forbidden	reviewed	cascade-curator	2026-03-16T16:00:00Z	Passage psg-acts-thomas-49-50 from acts-of-thomas supports but the excerpt does not use the exact language of 'second-marriage-is-forbidden'. The proposition is conveyed through the overall context of this passage. Excerpt: 'Paraphrase: Thomas breaks bread and gives thanks over the eucharist; the elements are bread and wate...'
clm-acts-thomas-affirms-thomas-india	approved	cascade-curator	2026-03-16T16:00:00Z	Passage psg-eusebius-he-5-10-3-4 from acts-of-thomas directly addresses the proposition 'thomas-preached-in-india'. Excerpt: 'Paraphrase: Pantaenus is said to have gone to India where he found persons who knew of Christ. Bartholomew one of the apostles had preached ...' The work's affirms of this proposition is directly attested.
clm-acts-thomas-affirms-thomas-india	approved	cascade-curator	2026-03-17T04:00:00Z	Confidence calibrated: high->medium (certainty=claimed_tradition, pred=work_affirms_proposition)
clm-acts-thomas-affirms-virginity	approved	cascade-curator	2026-03-16T20:00:00Z	Passage psg-acts-thomas-108-113 from acts-of-thomas directly treats proposition 'virginity-is-honored-calling'. The work's affirms is attested from its own text. Excerpt: 'Paraphrase: The Hymn of the
clm-acts-thomas-affirms-virginity	approved	cascade-curator	2026-03-17T04:00:00Z	Confidence calibrated: high->medium (certainty=probable, pred=work_affirms_proposition)
clm-acts-thomas-affirms-virginity	reviewed	cascade-curator	2026-03-16T16:00:00Z	Only contextualizing evidence for acts-of-thomas work_affirms_proposition virginity-is-honored-calling. Passage psg-acts-thomas-108-113: 'Paraphrase: The Hymn of the Pearl tells of a prince sent to Egypt to retrieve a pearl guarded by a s...' A more directly relevant passage would strengthen this claim.
clm-acts-thomas-mentions-baptismal-anointing	approved	cascade-curator	2026-03-16T20:00:00Z	Passage psg-acts-thomas-49-50 from acts-of-thomas directly treats proposition 'baptismal-anointing-with-oil'. The work's mentions is attested from its own text. Excerpt: 'Paraphrase: Thomas breaks bre
clm-acts-thomas-mentions-baptismal-anointing	reviewed	cascade-curator	2026-03-16T16:00:00Z	Passage psg-acts-thomas-49-50 from acts-of-thomas supports but the excerpt does not use the exact language of 'baptismal-anointing-with-oil'. The proposition is conveyed through the overall context of this passage. Excerpt: 'Paraphrase: Thomas breaks bread and gives thanks over the eucharist; the elements are bread and wate...'
clm-acts-thomas-mentions-eucharist	approved	cascade-curator	2026-03-16T20:00:00Z	Passage psg-acts-thomas-49-50 from acts-of-thomas directly treats proposition 'eucharist-is-body-and-blood'. The work's mentions is attested from its own text. Excerpt: 'Paraphrase: Thomas breaks brea
clm-acts-thomas-mentions-eucharist	approved	cascade-curator	2026-03-17T04:00:00Z	Confidence calibrated: high->medium (certainty=probable, pred=work_mentions_proposition)
clm-acts-thomas-mentions-eucharist	reviewed	cascade-curator	2026-03-16T16:00:00Z	Passage psg-acts-thomas-49-50 from acts-of-thomas supports but the excerpt does not use the exact language of 'eucharist-is-body-and-blood'. The proposition is conveyed through the overall context of this passage. Excerpt: 'Paraphrase: Thomas breaks bread and gives thanks over the eucharist; the elements are bread and wate...'
clm-acts-thomas-mentions-incarnation	approved	cascade-curator	2026-03-16T20:00:00Z	Passage psg-acts-thomas-108-113 from acts-of-thomas directly treats proposition 'christ-truly-became-flesh'. The work's mentions is attested from its own text. Excerpt: 'Paraphrase: The Hymn of the Pe
clm-acts-thomas-mentions-incarnation	approved	cascade-curator	2026-03-17T04:00:00Z	Confidence calibrated: high->medium (certainty=probable, pred=work_mentions_proposition)
clm-acts-thomas-mentions-incarnation	reviewed	cascade-curator	2026-03-16T16:00:00Z	Only contextualizing evidence for acts-of-thomas work_mentions_proposition christ-truly-became-flesh. Passage psg-acts-thomas-108-113: 'Paraphrase: The Hymn of the Pearl tells of a prince sent to Egypt to retrieve a pearl guarded by a s...' A more directly relevant passage would strengthen this claim.
clm-acts-thomas-mentions-india-reached	approved	cascade-curator	2026-03-16T20:00:00Z	Passage psg-acts-thomas-108-113 from acts-of-thomas directly treats proposition 'gospel-reached-india'. The work's mentions is attested from its own text. Excerpt: 'Paraphrase: The Hymn of the Pearl t
clm-acts-thomas-mentions-india-reached	approved	cascade-curator	2026-03-17T04:00:00Z	Confidence calibrated: high->medium (certainty=claimed_tradition, pred=work_mentions_proposition)
clm-acts-thomas-mentions-india-reached	reviewed	cascade-curator	2026-03-16T12:00:00Z	Acts of Thomas 108-113 narrates the Hymn of the Pearl with a prince's journey to Egypt but the surrounding narrative places Thomas's mission in India. This is a late-3rd-century apocryphal text; the claim to 'gospel reached India' via Acts of Thomas is a literary tradition, not independent historical evidence. Certainty 'claimed_tradition' is appropriate.
clm-acts-thomas-written-edessa	approved	cascade-curator	2026-03-16T20:30:00Z	acts-of-thomas written at edessa: passage psg-acts-thomas-108-113 supports the place attribution (biographical or internal evidence). Excerpt: 'Paraphrase: The Hymn of the Pearl tells of a prince sent
clm-acts-thomas-written-edessa	reviewed	cascade-curator	2026-03-16T16:00:00Z	Only contextualizing evidence for acts-of-thomas written_at edessa. Provenance relies on biographical tradition rather than internal textual evidence. Excerpt: 'Paraphrase: The Hymn of the Pearl tells of a prince sent to Egypt to retrieve a pearl guarded by a s...'
clm-acts-thomas-written-edessa	reviewed	cascade-curator	2026-03-16T20:00:00Z	acts-of-thomas written at edessa: biographical consensus supported by passage psg-acts-thomas-108-113. No explicit internal naming of edessa. Excerpt: 'Paraphrase: The Hymn of the Pearl tells of a pri
clm-ad-autolycum-affirms-bodily-resurrection	approved	cascade-curator	2026-03-16T20:00:00Z	Passage psg-theophilus-autol-1-13 from ad-autolycum directly treats proposition 'bodies-will-be-raised-at-last-day'. The work's affirms is attested from its own text. Excerpt: 'God made us of nothing;
clm-ad-autolycum-affirms-bodily-resurrection	approved	cascade-curator	2026-03-17T04:00:00Z	Confidence calibrated: high->medium (certainty=probable, pred=work_affirms_proposition)
clm-ad-autolycum-affirms-incarnation	approved	cascade-curator	2026-03-16T20:00:00Z	Passage psg-theophilus-autol-1-13 from ad-autolycum directly treats proposition 'christ-truly-became-flesh'. The work's affirms is attested from its own text. Excerpt: 'God made us of nothing; and jus
clm-ad-autolycum-affirms-incarnation	approved	cascade-curator	2026-03-17T04:00:00Z	Confidence calibrated: high->medium (certainty=probable, pred=work_affirms_proposition)
clm-ad-autolycum-affirms-incarnation	reviewed	cascade-curator	2026-03-16T16:00:00Z	Only contextualizing evidence for ad-autolycum work_affirms_proposition christ-truly-became-flesh. Passage psg-theophilus-autol-1-13: 'God made us of nothing; and just as not existing before we were made, so also being able to be made ...' A more directly relevant passage would strengthen this claim.
clm-ad-autolycum-affirms-logos	approved	cascade-curator	2026-03-16T20:00:00Z	Passage psg-theophilus-autol-2-10 from ad-autolycum directly treats proposition 'logos-is-pre-existent-son-of-god'. The work's affirms is attested from its own text. Excerpt: 'God, then, having his ow
clm-ad-autolycum-affirms-trinity	approved	cascade-curator	2026-03-16T20:00:00Z	Passage psg-theophilus-autol-1-13 from ad-autolycum directly treats proposition 'trinity-is-three-persons-one-substance'. The work's affirms is attested from its own text. Excerpt: 'God made us of not
clm-ad-autolycum-affirms-trinity	approved	cascade-curator	2026-03-17T04:00:00Z	Confidence calibrated: high->medium (certainty=probable, pred=work_affirms_proposition)
clm-ad-autolycum-affirms-trinity	reviewed	cascade-curator	2026-03-16T16:00:00Z	Only contextualizing evidence for ad-autolycum work_affirms_proposition trinity-is-three-persons-one-substance. Passage psg-theophilus-autol-1-13: 'God made us of nothing; and just as not existing before we were made, so also being able to be made ...' A more directly relevant passage would strengthen this claim.
clm-ad-autolycum-by-theophilus	approved	cascade-curator	2026-03-16T15:00:00Z	Ad Autolycum opens with Theophilus of Antioch addressing his friend Autolycus. Self-attributed and universally accepted.
clm-ad-autolycum-by-theophilus	approved	cascade-curator	2026-03-17T01:00:00Z	Evidence reviewed post-linking: authored_by (ad-autolycum -> theophilus-of-antioch), cert=probable. New supports link to passage psg-ad-autolycum-1-1. Excerpt: 'Theophilus to Autolycus: The beauty of
clm-ad-autolycum-by-theophilus	approved	cascade-curator	2026-03-17T03:30:00Z	Certainty upgraded from probable to attested: ancient sources explicitly name this author (theophilus-of-antioch for ad-autolycum). Review confidence already high.
clm-ad-autolycum-written-antioch	approved	cascade-curator	2026-03-17T04:00:00Z	Confidence calibrated: high->medium (certainty=probable, pred=written_at)
clm-ad-donatum-affirms-baptism-illumin	approved	cascade-curator	2026-03-16T20:00:00Z	Passage psg-cyprian-ad-donatum-3-4 from ad-donatum directly treats proposition 'baptism-is-illumination'. The work's affirms is attested from its own text. Excerpt: 'Paraphrase: I myself was held in b
clm-ad-donatum-affirms-baptism-illumin	reviewed	cascade-curator	2026-03-16T16:00:00Z	Passage psg-cyprian-ad-donatum-3-4 from ad-donatum supports but the excerpt does not use the exact language of 'baptism-is-illumination'. The proposition is conveyed through the overall context of this passage. Excerpt: 'Paraphrase: I myself was held in bonds by the innumerable errors of my previous life and did not bel...'
clm-ad-donatum-affirms-baptism-regen	approved	cascade-curator	2026-03-16T20:00:00Z	Passage psg-cyprian-ad-donatum-3-4 from ad-donatum directly treats proposition 'baptism-effects-regeneration'. The work's affirms is attested from its own text. Excerpt: 'Paraphrase: I myself was held
clm-ad-donatum-affirms-baptism-regen	approved	cascade-curator	2026-03-17T04:00:00Z	Confidence calibrated: high->medium (certainty=probable, pred=work_affirms_proposition)
clm-ad-donatum-affirms-baptism-regen	reviewed	cascade-curator	2026-03-16T16:00:00Z	Only contextualizing evidence for ad-donatum work_affirms_proposition baptism-effects-regeneration. Passage psg-cyprian-ad-donatum-3-4: 'Paraphrase: I myself was held in bonds by the innumerable errors of my previous life and did not bel...' A more directly relevant passage would strengthen this claim.
clm-ad-donatum-affirms-baptism-water	approved	cascade-curator	2026-03-16T16:00:00Z	Passage psg-cyprian-ad-donatum-3-4 from ad-donatum directly addresses the proposition 'baptism-with-water-commanded'. Excerpt: 'Paraphrase: I myself was held in bonds by the innumerable errors of my previous life and did not believe I could be freed from them. But aft...' The work's affirms of this proposition is directly attested.
clm-ad-donatum-affirms-penance	approved	cascade-curator	2026-03-16T20:00:00Z	Passage psg-cyprian-ad-donatum-3-4 from ad-donatum directly treats proposition 'post-baptismal-sin-forgiven-by-penance'. The work's mentions is attested from its own text. Excerpt: 'Paraphrase: I myse
clm-ad-donatum-affirms-penance	approved	cascade-curator	2026-03-17T04:00:00Z	Confidence calibrated: high->medium (certainty=probable, pred=work_mentions_proposition)
clm-ad-donatum-affirms-penance	reviewed	cascade-curator	2026-03-16T16:00:00Z	Only contextualizing evidence for ad-donatum work_mentions_proposition post-baptismal-sin-forgiven-by-penance. Passage psg-cyprian-ad-donatum-3-4: 'Paraphrase: I myself was held in bonds by the innumerable errors of my previous life and did not bel...' A more directly relevant passage would strengthen this claim.
clm-ad-donatum-affirms-spectacles	approved	cascade-curator	2026-03-16T20:00:00Z	Passage psg-cyprian-ad-donatum-3-4 from ad-donatum directly treats proposition 'christians-avoid-public-spectacles'. The work's mentions is attested from its own text. Excerpt: 'Paraphrase: I myself w
clm-ad-donatum-affirms-spectacles	approved	cascade-curator	2026-03-17T04:00:00Z	Confidence calibrated: high->medium (certainty=probable, pred=work_mentions_proposition)
clm-ad-donatum-affirms-spectacles	reviewed	cascade-curator	2026-03-16T16:00:00Z	Only contextualizing evidence for ad-donatum work_mentions_proposition christians-avoid-public-spectacles. Passage psg-cyprian-ad-donatum-3-4: 'Paraphrase: I myself was held in bonds by the innumerable errors of my previous life and did not bel...' A more directly relevant passage would strengthen this claim.
clm-ad-donatum-affirms-trinitarian-baptism	approved	cascade-curator	2026-03-16T20:00:00Z	Passage psg-cyprian-ad-donatum-3-4 from ad-donatum directly treats proposition 'baptism-administered-in-trinitarian-name'. The work's affirms is attested from its own text. Excerpt: 'Paraphrase: I mys
clm-ad-donatum-affirms-trinitarian-baptism	approved	cascade-curator	2026-03-17T04:00:00Z	Confidence calibrated: high->medium (certainty=probable, pred=work_affirms_proposition)
clm-ad-donatum-affirms-trinitarian-baptism	reviewed	cascade-curator	2026-03-16T16:00:00Z	Passage psg-cyprian-ad-donatum-3-4 from ad-donatum supports but the excerpt does not use the exact language of 'baptism-administered-in-trinitarian-name'. The proposition is conveyed through the overall context of this passage. Excerpt: 'Paraphrase: I myself was held in bonds by the innumerable errors of my previous life and did not bel...'
clm-ad-donatum-by-cyprian	approved	cascade-curator	2026-03-16T20:00:00Z	Passage psg-cyprian-ad-donatum-3-4 is drawn from ad-donatum itself, directly confirming authorship. Excerpt: 'Paraphrase: I myself was held in bonds by the innumerable errors of my previous life and d
clm-ad-donatum-by-cyprian	reviewed	cascade-curator	2026-03-16T16:00:00Z	Evidence supports ad-donatum authored_by cyprian-of-carthage; passage psg-cyprian-ad-donatum-3-4 provides supporting context. Excerpt: 'Paraphrase: I myself was held in bonds by the innumerable errors of my previous life and did not bel...'
clm-ad-donatum-mentions-catechumenate	approved	cascade-curator	2026-03-16T20:00:00Z	Passage psg-cyprian-ad-donatum-3-4 from ad-donatum directly treats proposition 'ordination-conferred-by-laying-on-of-hands'. The work's mentions is attested from its own text. Excerpt: 'Paraphrase: I
clm-ad-donatum-mentions-catechumenate	approved	cascade-curator	2026-03-17T04:00:00Z	Confidence calibrated: high->medium (certainty=probable, pred=work_mentions_proposition)
clm-ad-donatum-mentions-catechumenate	reviewed	cascade-curator	2026-03-16T16:00:00Z	Only contextualizing evidence for ad-donatum work_mentions_proposition ordination-conferred-by-laying-on-of-hands. Passage psg-cyprian-ad-donatum-3-4: 'Paraphrase: I myself was held in bonds by the innumerable errors of my previous life and did not bel...' A more directly relevant passage would strengthen this claim.
clm-ad-donatum-written-carthage	approved	cascade-curator	2026-03-16T21:00:00Z	Strong inference from passage psg-cyprian-ad-donatum-3-4 supports written_at (ad-donatum → carthage). Certainty probable. Excerpt: 'Paraphrase: I myself was held in bonds by the innumerable errors of
clm-ad-donatum-written-carthage	reviewed	cascade-curator	2026-03-16T16:00:00Z	Evidence supports ad-donatum written_at carthage but carthage is not named in the excerpt. Biographical tradition supports this attribution. Excerpt: 'Paraphrase: I myself was held in bonds by the innumerable errors of my previous life and did not bel...'
clm-ad-donatum-written-carthage	reviewed	cascade-curator	2026-03-16T20:00:00Z	ad-donatum written at carthage: biographical consensus supported by passage psg-cyprian-ad-donatum-3-4. No explicit internal naming of carthage. Excerpt: 'Paraphrase: I myself was held in bonds by the
clm-ad-donatum-written-carthage	reviewed	cascade-curator	2026-03-16T20:30:00Z	ad-donatum written at carthage: weak place evidence. Passage psg-cyprian-ad-donatum-3-4: 'Paraphrase: I myself was held in bonds by the innumerable errors of my previous life and did not bel'. Certain
clm-addai-active-edessa	approved	cascade-curator	2026-03-16T16:00:00Z	Passage psg-eusebius-he-1-13 directly places addai-of-edessa in edessa: 'Paraphrase: Eusebius reproduces documents from the archives of Edessa: King Abgar writes to Jesus asking for healing; Je...'
clm-addai-active-edessa	approved	cascade-curator	2026-03-17T04:00:00Z	Confidence calibrated: high->low (certainty=possible, pred=active_in)
clm-addai-coworker-thomas	approved	cascade-curator	2026-03-16T16:00:00Z	Passage psg-eusebius-he-1-13 directly names both addai-of-edessa and thomas working together: 'Paraphrase: Eusebius reproduces documents from the archives of Edessa: King Abgar writes to Jesus asking for healing; Je...'
clm-addai-coworker-thomas	approved	cascade-curator	2026-03-17T04:00:00Z	Confidence calibrated: high->low (certainty=possible, pred=coworker_of)
clm-addai-in-conversion-edessa	approved	cascade-curator	2026-03-16T16:00:00Z	Passage psg-eusebius-he-1-13 directly names addai-of-edessa as a participant in conversion-of-edessa: 'Paraphrase: Eusebius reproduces documents from the archives of Edessa: King Abgar writes to Jesus asking for healing; Je...' Claim is directly attested.
clm-addai-in-conversion-edessa	approved	cascade-curator	2026-03-17T04:00:00Z	Confidence calibrated: high->low (certainty=possible, pred=participant_in)
clm-addai-member-edessa-church	approved	cascade-curator	2026-03-16T16:00:00Z	Passage psg-eusebius-he-1-13 confirms addai-of-edessa as member of edessa-church: 'Paraphrase: Eusebius reproduces documents from the archives of Edessa: King Abgar writes to Jesus asking for healing; Je...'
clm-addai-member-edessa-church	approved	cascade-curator	2026-03-17T04:00:00Z	Confidence calibrated: high->low (certainty=possible, pred=member_of_group)
clm-address-origen-affirms-allegorical	approved	cascade-curator	2026-03-16T16:00:00Z	Passage psg-gregory-address-6 from address-to-origen directly addresses the proposition 'allegorical-interpretation-of-scripture'. Excerpt: 'Paraphrase: Origen led us first through the disciplines of logic, then natural philosophy, then geometry and astronomy, and finally theology...' The work's affirms of this proposition is directly attested.
clm-address-origen-affirms-allegorical	approved	cascade-curator	2026-03-17T04:00:00Z	Confidence calibrated: high->medium (certainty=probable, pred=work_affirms_proposition)
clm-address-origen-affirms-free-will	approved	cascade-curator	2026-03-16T20:00:00Z	Passage psg-gregory-address-6 from address-to-origen directly treats proposition 'free-will-grounds-moral-responsibility'. The work's affirms is attested from its own text. Excerpt: 'Paraphrase: Orige
clm-address-origen-affirms-free-will	approved	cascade-curator	2026-03-17T04:00:00Z	Confidence calibrated: high->medium (certainty=probable, pred=work_affirms_proposition)
clm-address-origen-affirms-free-will	reviewed	cascade-curator	2026-03-16T16:00:00Z	Passage psg-gregory-address-6 from address-to-origen supports but the excerpt does not use the exact language of 'free-will-grounds-moral-responsibility'. The proposition is conveyed through the overall context of this passage. Excerpt: 'Paraphrase: Origen led us first through the disciplines of logic, then natural philosophy, then geom...'
clm-address-origen-affirms-logos	approved	cascade-curator	2026-03-16T20:00:00Z	Passage psg-gregory-address-6 from address-to-origen directly treats proposition 'logos-is-pre-existent-son-of-god'. The work's affirms is attested from its own text. Excerpt: 'Paraphrase: Origen led
clm-address-origen-affirms-logos	approved	cascade-curator	2026-03-17T04:00:00Z	Confidence calibrated: high->medium (certainty=probable, pred=work_affirms_proposition)
clm-address-origen-affirms-logos	reviewed	cascade-curator	2026-03-16T16:00:00Z	Passage psg-gregory-address-6 from address-to-origen supports but the excerpt does not use the exact language of 'logos-is-pre-existent-son-of-god'. The proposition is conveyed through the overall context of this passage. Excerpt: 'Paraphrase: Origen led us first through the disciplines of logic, then natural philosophy, then geom...'
clm-address-origen-affirms-ot	approved	cascade-curator	2026-03-16T16:00:00Z	Passage psg-gregory-address-6 from address-to-origen directly addresses the proposition 'old-testament-is-authoritative-scripture'. Excerpt: 'Paraphrase: Origen led us first through the disciplines of logic, then natural philosophy, then geometry and astronomy, and finally theology...' The work's affirms of this proposition is directly attested.
clm-address-origen-affirms-ot	approved	cascade-curator	2026-03-17T04:00:00Z	Confidence calibrated: high->medium (certainty=probable, pred=work_affirms_proposition)
clm-address-origen-affirms-philosophy	approved	cascade-curator	2026-03-16T20:00:00Z	Passage psg-gregory-address-6 from address-to-origen directly treats proposition 'greek-philosophy-prepared-gentiles-for-gospel'. The work's affirms is attested from its own text. Excerpt: 'Paraphrase
clm-address-origen-affirms-philosophy	approved	cascade-curator	2026-03-17T04:00:00Z	Confidence calibrated: high->medium (certainty=probable, pred=work_affirms_proposition)
clm-address-origen-affirms-philosophy	reviewed	cascade-curator	2026-03-16T16:00:00Z	Passage psg-gregory-address-6 from address-to-origen supports but the excerpt does not use the exact language of 'greek-philosophy-prepared-gentiles-for-gospel'. The proposition is conveyed through the overall context of this passage. Excerpt: 'Paraphrase: Origen led us first through the disciplines of logic, then natural philosophy, then geom...'
clm-address-origen-by-gregory	approved	cascade-curator	2026-03-16T20:00:00Z	Passage psg-gregory-address-6 is drawn from address-to-origen itself, directly confirming authorship. Excerpt: 'Paraphrase: Origen led us first through the disciplines of logic, then natural philosoph
clm-address-origen-by-gregory	reviewed	cascade-curator	2026-03-16T16:00:00Z	Evidence supports address-to-origen authored_by gregory-thaumaturgus; passage psg-gregory-address-6 provides supporting context. Excerpt: 'Paraphrase: Origen led us first through the disciplines of logic, then natural philosophy, then geom...'
clm-address-origen-written-at-caesarea	approved	cascade-curator	2026-03-16T20:00:00Z	Passage psg-gregory-address-6 directly names caesarea as the composition place of address-to-origen. Excerpt: 'Paraphrase: Origen led us first through the disciplines of logic, then natural philosophy
clm-address-origen-written-at-caesarea	reviewed	cascade-curator	2026-03-16T16:00:00Z	Evidence supports address-to-origen written_at caesarea but caesarea is not named in the excerpt. Biographical tradition supports this attribution. Excerpt: 'Paraphrase: Origen led us first through the disciplines of logic, then natural philosophy, then geom...'
clm-adv-jud-affirms-britannia-reached	approved	cascade-curator	2026-03-16T20:00:00Z	Passage psg-tertullian-adv-jud-7 from adversus-judaeos-tertullian directly treats proposition 'christianity-reached-britannia'. The work's affirms is attested from its own text. Excerpt: 'Paraphrase:
clm-adv-jud-affirms-britannia-reached	approved	cascade-curator	2026-03-17T04:00:00Z	Confidence calibrated: high->low (certainty=possible, pred=work_affirms_proposition)
clm-adv-jud-affirms-britannia-reached	reviewed	cascade-curator	2026-03-16T16:00:00Z	Passage psg-tertullian-adv-jud-7 from adversus-judaeos-tertullian supports but the excerpt does not use the exact language of 'christianity-reached-britannia'. The proposition is conveyed through the overall context of this passage. Excerpt: 'Paraphrase: In whom else have all nations believed but in Christ who has already come? Parthians, Me...'
clm-adv-jud-affirms-universal-dominion	approved	cascade-curator	2026-03-16T20:00:00Z	Passage psg-tertullian-adv-jud-7 from adversus-judaeos-tertullian directly treats proposition 'christ-dominion-is-universal'. The work's affirms is attested from its own text. Excerpt: 'Paraphrase: In
clm-adv-jud-affirms-universal-dominion	reviewed	cascade-curator	2026-03-16T16:00:00Z	Passage psg-tertullian-adv-jud-7 from adversus-judaeos-tertullian supports but the excerpt does not use the exact language of 'christ-dominion-is-universal'. The proposition is conveyed through the overall context of this passage. Excerpt: 'Paraphrase: In whom else have all nations believed but in Christ who has already come? Parthians, Me...'
clm-adv-jud-by-tertullian	approved	cascade-curator	2026-03-16T20:00:00Z	Passage psg-tertullian-adv-jud-7 is drawn from adversus-judaeos-tertullian itself, directly confirming authorship. Excerpt: 'Paraphrase: In whom else have all nations believed but in Christ who has al
clm-adv-jud-by-tertullian	reviewed	cascade-curator	2026-03-16T16:00:00Z	Evidence supports adversus-judaeos-tertullian authored_by tertullian; passage psg-tertullian-adv-jud-7 provides supporting context. Excerpt: 'Paraphrase: In whom else have all nations believed but in Christ who has already come? Parthians, Me...'
clm-adv-jud-mentions-arabia	approved	cascade-curator	2026-03-16T12:00:00Z	Tertullian Adv. Jud. 7 explicitly names 'Arabians' among nations believing in Christ. First-century or early-second-century attestation of Christian claims about Arabia.
clm-adv-jud-mentions-arabia	approved	cascade-curator	2026-03-17T04:00:00Z	Confidence calibrated: high->low (certainty=possible, pred=work_mentions_proposition)
clm-adv-jud-mentions-ethiopia	approved	cascade-curator	2026-03-16T12:00:00Z	Tertullian Adv. Jud. 7 names 'all the borders of the Moors' and implicitly sub-Saharan Africans among the nations. The Ethiopia claim reflects Tertullian's rhetorical universalism more than documented presence, but the claim to 'attested' is Tertullian's own text making the assertion.
clm-adv-jud-mentions-ethiopia	approved	cascade-curator	2026-03-17T04:00:00Z	Confidence calibrated: high->low (certainty=possible, pred=work_mentions_proposition)
clm-adv-jud-mentions-india	approved	cascade-curator	2026-03-16T12:00:00Z	Tertullian Adv. Jud. 7 names 'the various confines of Spain, and... Parthians, Medes, Elamites, and those who inhabit Mesopotamia, Armenia, Phrygia, Cappadocia, and those who dwell in Pontus, and Asia, and Pamphylia, and... India'. India is explicitly named. The claim is that Tertullian makes this assertion; it is not independent evidence of Indian Christianity.
clm-adv-jud-mentions-india	approved	cascade-curator	2026-03-17T04:00:00Z	Confidence calibrated: high->low (certainty=possible, pred=work_mentions_proposition)
clm-adv-jud-mentions-universal	approved	cascade-curator	2026-03-16T12:00:00Z	Tertullian Adv. Jud. 7 lists Parthians, Medes, Elamites, and various nations as peoples who have come to faith in Christ. The passage directly makes the rhetorical claim of universal Christian presence, including Arabia, India, and Ethiopia. Directly attests the proposition.
clm-adv-jud-written-carthage	approved	cascade-curator	2026-03-16T20:30:00Z	adversus-judaeos-tertullian written at carthage: passage psg-tertullian-adv-jud-7 supports the place attribution (biographical or internal evidence). Excerpt: 'Paraphrase: In whom else have all nation
clm-adv-jud-written-carthage	needs_revision	cascade-curator	2026-03-16T12:00:00Z	Tertullian Adv. Jud. 7 contains no reference to Carthage as its place of composition. The Carthage attribution is standard biographical knowledge about Tertullian, not attested by this passage. Certainty downgraded to probable; an external biographical source would be needed for 'attested' status.
clm-adv-jud-written-carthage	reviewed	cascade-curator	2026-03-16T20:00:00Z	adversus-judaeos-tertullian written at carthage: biographical consensus supported by passage psg-tertullian-adv-jud-7. No explicit internal naming of carthage. Excerpt: 'Paraphrase: In whom else have
clm-adv-marc-affirms-eucharist	approved	cascade-curator	2026-03-16T20:00:00Z	Passage psg-tertullian-adv-marc-4-40 from adversus-marcionem directly treats proposition 'eucharist-is-body-and-blood'. The work's affirms is attested from its own text. Excerpt: 'Having taken the bre
clm-adv-marc-affirms-eucharist	approved	cascade-curator	2026-03-17T04:00:00Z	Confidence calibrated: high->medium (certainty=probable, pred=work_affirms_proposition)
clm-adv-marc-affirms-eucharist	reviewed	cascade-curator	2026-03-16T16:00:00Z	Passage psg-tertullian-adv-marc-4-40 from adversus-marcionem supports but the excerpt does not use the exact language of 'eucharist-is-body-and-blood'. The proposition is conveyed through the overall context of this passage. Excerpt: 'Having taken the bread and given it to his disciples, he made it his own body by saying 'This is my ...'
clm-adv-marc-affirms-incarnation	approved	cascade-curator	2026-03-16T16:00:00Z	Passage psg-tertullian-adv-marc-3-8 from adversus-marcionem directly addresses the proposition 'christ-truly-became-flesh'. Excerpt: 'Paraphrase: Tertullian argues that OT prophecy is fulfilled in Christ's incarnation, proving the Creator God sent him; Christ took real fles...' The work's affirms of this proposition is directly attested.
clm-adv-marc-affirms-ot	approved	cascade-curator	2026-03-16T16:00:00Z	Passage psg-tertullian-adv-marc-1-2 from adversus-marcionem directly addresses the proposition 'old-testament-is-authoritative-scripture'. Excerpt: 'Paraphrase: Tertullian introduces the refutation of Marcion's two-God theory, defending the identity of the Creator with the God of the gosp...' The work's affirms of this proposition is directly attested.
clm-adv-marc-affirms-passion	approved	cascade-curator	2026-03-16T16:00:00Z	Passage psg-tertullian-adv-marc-3-8 from adversus-marcionem directly addresses the proposition 'christ-truly-suffered-and-died'. Excerpt: 'Paraphrase: Tertullian argues that OT prophecy is fulfilled in Christ's incarnation, proving the Creator God sent him; Christ took real fles...' The work's affirms of this proposition is directly attested.
clm-adv-marc-affirms-resurrection	approved	cascade-curator	2026-03-16T20:00:00Z	Passage psg-tertullian-adv-marc-5-10 from adversus-marcionem directly treats proposition 'bodies-will-be-raised-at-last-day'. The work's affirms is attested from its own text. Excerpt: 'Paraphrase: Te
clm-adv-marc-affirms-resurrection	reviewed	cascade-curator	2026-03-16T16:00:00Z	Passage psg-tertullian-adv-marc-5-10 from adversus-marcionem supports but the excerpt does not use the exact language of 'bodies-will-be-raised-at-last-day'. The proposition is conveyed through the overall context of this passage. Excerpt: 'Paraphrase: Tertullian defends the resurrection of the flesh by arguing from Paul's statements in 1 ...'
clm-adv-marc-affirms-virgin-birth	approved	cascade-curator	2026-03-16T16:00:00Z	Passage psg-tertullian-adv-marc-3-8 from adversus-marcionem directly addresses the proposition 'jesus-born-of-virgin'. Excerpt: 'Paraphrase: Tertullian argues that OT prophecy is fulfilled in Christ's incarnation, proving the Creator God sent him; Christ took real fles...' The work's affirms of this proposition is directly attested.
clm-adv-marc-by-tertullian	approved	cascade-curator	2026-03-16T13:00:00Z	Tertullian's works are self-attributed throughout; Adv. Marcionem explicitly references his own earlier writing (1.1). Universally accepted as Tertullian's.
clm-adv-marc-written-carthage	approved	cascade-curator	2026-03-16T20:30:00Z	adversus-marcionem written at carthage: passage psg-tertullian-adv-marc-1-2 supports the place attribution (biographical or internal evidence). Excerpt: 'Paraphrase: Tertullian introduces the refutati
clm-adv-marc-written-carthage	reviewed	cascade-curator	2026-03-16T16:00:00Z	Only contextualizing evidence for adversus-marcionem written_at carthage. Provenance relies on biographical tradition rather than internal textual evidence. Excerpt: 'Paraphrase: Tertullian introduces the refutation of Marcion's two-God theory, defending the identity...'
clm-adv-marc-written-carthage	reviewed	cascade-curator	2026-03-16T20:00:00Z	adversus-marcionem written at carthage: biographical consensus supported by passage psg-tertullian-adv-marc-1-2. No explicit internal naming of carthage. Excerpt: 'Paraphrase: Tertullian introduces th
clm-adv-prax-affirms-logos	approved	cascade-curator	2026-03-16T20:00:00Z	Passage psg-tertullian-adv-prax-2 from adversus-praxean directly treats proposition 'logos-is-pre-existent-son-of-god'. The work's affirms is attested from its own text. Excerpt: 'We do indeed believe
clm-adv-prax-affirms-logos	reviewed	cascade-curator	2026-03-16T16:00:00Z	Passage psg-tertullian-adv-prax-2 from adversus-praxean supports but the excerpt does not use the exact language of 'logos-is-pre-existent-son-of-god'. The proposition is conveyed through the overall context of this passage. Excerpt: 'We do indeed believe that there is only one God, but under this dispensation, or oikonomia as we cal...'
clm-adv-prax-affirms-rule-of-faith	approved	cascade-curator	2026-03-16T20:00:00Z	Passage psg-tertullian-adv-prax-2 from adversus-praxean directly treats proposition 'rule-of-faith-received-from-apostles'. The work's affirms is attested from its own text. Excerpt: 'We do indeed bel
clm-adv-prax-affirms-rule-of-faith	reviewed	cascade-curator	2026-03-16T16:00:00Z	Passage psg-tertullian-adv-prax-2 from adversus-praxean supports but the excerpt does not use the exact language of 'rule-of-faith-received-from-apostles'. The proposition is conveyed through the overall context of this passage. Excerpt: 'We do indeed believe that there is only one God, but under this dispensation, or oikonomia as we cal...'
clm-adv-prax-affirms-trinity	approved	cascade-curator	2026-03-16T20:00:00Z	Passage psg-tertullian-adv-prax-2 from adversus-praxean directly treats proposition 'trinity-is-three-persons-one-substance'. The work's affirms is attested from its own text. Excerpt: 'We do indeed b
clm-adv-prax-affirms-trinity	reviewed	cascade-curator	2026-03-16T16:00:00Z	Passage psg-tertullian-adv-prax-2 from adversus-praxean supports but the excerpt does not use the exact language of 'trinity-is-three-persons-one-substance'. The proposition is conveyed through the overall context of this passage. Excerpt: 'We do indeed believe that there is only one God, but under this dispensation, or oikonomia as we cal...'
clm-adv-prax-by-tertullian	approved	cascade-curator	2026-03-16T20:00:00Z	Passage psg-tertullian-adv-prax-2 is drawn from adversus-praxean itself, directly confirming authorship. Excerpt: 'We do indeed believe that there is only one God, but under this dispensation, or oiko
clm-adv-prax-by-tertullian	reviewed	cascade-curator	2026-03-16T16:00:00Z	Evidence supports adversus-praxean authored_by tertullian; passage psg-tertullian-adv-prax-2 provides supporting context. Excerpt: 'We do indeed believe that there is only one God, but under this dispensation, or oikonomia as we cal...'
clm-adv-prax-written-carthage	approved	cascade-curator	2026-03-16T20:30:00Z	adversus-praxean written at carthage: passage psg-tertullian-adv-prax-2 supports the place attribution (biographical or internal evidence). Excerpt: 'We do indeed believe that there is only one God, b
clm-adv-prax-written-carthage	reviewed	cascade-curator	2026-03-16T16:00:00Z	Only contextualizing evidence for adversus-praxean written_at carthage. Provenance relies on biographical tradition rather than internal textual evidence. Excerpt: 'We do indeed believe that there is only one God, but under this dispensation, or oikonomia as we cal...'
clm-adv-prax-written-carthage	reviewed	cascade-curator	2026-03-16T20:00:00Z	adversus-praxean written at carthage: biographical consensus supported by passage psg-tertullian-adv-prax-2. No explicit internal naming of carthage. Excerpt: 'We do indeed believe that there is only
clm-aeneas-active-lydda	approved	cascade-curator	2026-03-16T20:00:00Z	Passage psg-acts-9-32-35 explicitly places aeneas in lydda. Excerpt: 'Paraphrase: In Lydda, Peter finds Aeneas bedridden for years and declares Jesus Christ has healed him.'
clm-agabus-active-antioch	approved	cascade-curator	2026-03-16T20:00:00Z	Passage psg-acts-11-25-26 explicitly places agabus in antioch. Excerpt: 'Paraphrase: Barnabas brings Saul to Antioch, where they teach with the church and the disciples are first called Christi'
clm-agabus-active-judea	approved	cascade-curator	2026-03-16T20:00:00Z	Passage psg-acts-21-10-11 explicitly places agabus in judea. Excerpt: 'Paraphrase: A prophet named Agabus comes down from Judea and warns that Paul will be bound in Jerusalem.'
clm-agabus-member-antioch-church	approved	cascade-curator	2026-03-16T20:00:00Z	Passage psg-acts-13-1 explicitly names agabus as member of antioch-church. Excerpt: 'Paraphrase: In the church at Antioch there were prophets and teachers including Barnabas, Simeon called Niger, Luci
clm-agabus-member-antioch-church	approved	cascade-curator	2026-03-17T04:00:00Z	Confidence calibrated: high->medium (certainty=probable, pred=member_of_group)
clm-agabus-member-caesarean	approved	cascade-curator	2026-03-17T04:00:00Z	Confidence calibrated: high->medium (certainty=probable, pred=member_of_group)
clm-agabus-member-disciples	approved	cascade-curator	2026-03-16T20:30:00Z	agabus member_of_group disciples-of-jesus well-supported by passage psg-acts-11-25-26. Excerpt: 'Paraphrase: Barnabas brings Saul to Antioch, where they teach with the church and the disciples are fir
clm-agabus-member-disciples	reviewed	cascade-curator	2026-03-16T20:00:00Z	Passage psg-acts-11-25-26 supports agabus member_of_group disciples-of-jesus. Excerpt: 'Paraphrase: Barnabas brings Saul to Antioch, where they teach with the church and the disciples are '
clm-against-heresies-by-irenaeus	approved	cascade-curator	2026-03-16T20:00:00Z	Passage psg-irenaeus-ah-3-3-4 is drawn from against-heresies itself, directly confirming authorship. Excerpt: 'Paraphrase: Polycarp was instructed by apostles, conversed with many who had seen Christ,
clm-against-heresies-by-irenaeus	approved	cascade-curator	2026-03-17T03:30:00Z	Certainty upgraded from probable to attested: ancient sources explicitly name this author (irenaeus-of-lyons for against-heresies). Review confidence already high.
clm-against-heresies-written-lyons	approved	cascade-curator	2026-03-17T04:00:00Z	Confidence calibrated: high->medium (certainty=probable, pred=written_at)
clm-agrippa-ii-active-caesarea	approved	cascade-curator	2026-03-16T20:00:00Z	Passage psg-acts-25-13-23 explicitly places agrippa-ii in caesarea. Excerpt: 'Paraphrase: Agrippa and Bernice come to Caesarea, where Festus presents Paul's case and a formal hearing is arranged.'
clm-ah-affirms-baptismal-anointing	approved	cascade-curator	2026-03-16T20:00:00Z	Passage psg-irenaeus-ah-3-17-2 from against-heresies directly treats proposition 'baptismal-anointing-with-oil'. The work's affirms is attested from its own text. Excerpt: 'This Spirit did descend upo
clm-ah-affirms-baptismal-anointing	approved	cascade-curator	2026-03-17T04:00:00Z	Confidence calibrated: high->medium (certainty=probable, pred=work_affirms_proposition)
clm-ah-affirms-baptismal-anointing	reviewed	cascade-curator	2026-03-16T16:00:00Z	Only contextualizing evidence for against-heresies work_affirms_proposition baptismal-anointing-with-oil. Passage psg-irenaeus-ah-3-17-2: 'This Spirit did descend upon the Lord as a dove; upon us also the same Spirit descended when we were...' A more directly relevant passage would strengthen this claim.
clm-ah-affirms-catechumenate	approved	cascade-curator	2026-03-16T20:00:00Z	Passage psg-irenaeus-ah-1-10-1 from against-heresies directly treats proposition 'catechumenate-precedes-baptism'. The work's affirms is attested from its own text. Excerpt: 'Paraphrase: The Church di
clm-ah-affirms-catechumenate	approved	cascade-curator	2026-03-17T04:00:00Z	Confidence calibrated: high->medium (certainty=probable, pred=work_affirms_proposition)
clm-ah-affirms-catechumenate	reviewed	cascade-curator	2026-03-16T16:00:00Z	Only contextualizing evidence for against-heresies work_affirms_proposition catechumenate-precedes-baptism. Passage psg-irenaeus-ah-1-10-1: 'Paraphrase: The Church dispersed throughout the whole world received from the apostles this faith: i...' A more directly relevant passage would strengthen this claim.
clm-ah-affirms-military-refusal	approved	cascade-curator	2026-03-16T20:00:00Z	Passage psg-irenaeus-ah-3-4-1 from against-heresies directly treats proposition 'christians-must-not-serve-in-military'. The work's affirms is attested from its own text. Excerpt: 'Paraphrase: The apo
clm-ah-affirms-military-refusal	approved	cascade-curator	2026-03-17T04:00:00Z	Confidence calibrated: high->medium (certainty=probable, pred=work_affirms_proposition)
clm-ah-affirms-military-refusal	reviewed	cascade-curator	2026-03-16T16:00:00Z	Only contextualizing evidence for against-heresies work_affirms_proposition christians-must-not-serve-in-military. Passage psg-irenaeus-ah-3-4-1: 'Paraphrase: The apostles lodged in the Church all things pertaining to truth as in a rich bank; she ...' A more directly relevant passage would strengthen this claim.
clm-ah-affirms-ordination	approved	cascade-curator	2026-03-16T12:00:00Z	Irenaeus AH 3.3.1 provides an episcopal succession list for Rome, stating apostles 'handed over' the episcopate. This is the primary patristic text for apostolic transmission by ordination. Claim is directly supported.
clm-ah-affirms-ordination	approved	cascade-curator	2026-03-17T04:00:00Z	Confidence calibrated: high->medium (certainty=probable, pred=work_affirms_proposition)
clm-ah-affirms-ot-scripture	approved	cascade-curator	2026-03-16T22:30:00Z	QA-enhanced: work_affirms_proposition (against-heresies → old-testament-is-authoritative-scripture) cert=attested. Primary passage psg-irenaeus-ah-3-2-1: 'Paraphrase: When confuted from the Scriptures
clm-ah-affirms-passion	approved	cascade-curator	2026-03-16T22:00:00Z	QA-enhanced: work_affirms_proposition (against-heresies → christ-truly-suffered-and-died). Certainty attested. Primary evidence: passage psg-irenaeus-ah-5-2-2. Excerpt: 'Paraphrase: If the flesh canno
clm-aksumite-church-at-alexandria	approved	cascade-curator	2026-03-16T20:00:00Z	Passage psg-wikipedia-aksumite-control explicitly places aksumite-church at alexandria. Excerpt: 'The Aksumite Empire at its height controlled territories across the Horn of Africa and parts of the Ar
clm-aksumite-church-at-alexandria	approved	cascade-curator	2026-03-17T04:00:00Z	Confidence calibrated: high->medium (certainty=probable, pred=group_present_at)
clm-aksumite-church-at-egypt	approved	cascade-curator	2026-03-16T20:00:00Z	Passage psg-wikipedia-aksumite-control explicitly places aksumite-church at egypt. Excerpt: 'The Aksumite Empire at its height controlled territories across the Horn of Africa and parts of the Arabian
clm-aksumite-church-at-egypt	approved	cascade-curator	2026-03-17T04:00:00Z	Confidence calibrated: high->medium (certainty=probable, pred=group_present_at)
clm-aksumite-church-controls-aksum	approved	cascade-curator	2026-03-16T17:00:00Z	Passage psg-ezana-inscription-ge-ez directly attests aksumite-church controlling aksum: 'Paraphrase: King Ezana of Aksum dedicates his military victory to the Lord of Heaven Lord of Earth using explicitly Chri'
clm-aksumite-church-controls-aksum	approved	cascade-curator	2026-03-17T04:00:00Z	Confidence calibrated: high->medium (certainty=probable, pred=controls_place)
clm-aksumite-church-controls-tyre	approved	cascade-curator	2026-03-16T20:00:00Z	Passage psg-wikipedia-aksumite-control explicitly places aksumite-church at tyre. Excerpt: 'The Aksumite Empire at its height controlled territories across the Horn of Africa and parts of the Arabian
clm-aksumite-church-controls-tyre	approved	cascade-curator	2026-03-17T04:00:00Z	Confidence calibrated: high->low (certainty=possible, pred=controls_place)
clm-aksumite-church-controls-tyre	reviewed	cascade-curator	2026-03-16T17:00:00Z	Only contextualizing evidence for aksumite-church controlling tyre. Excerpt: 'The Aksumite Empire at its height controlled territories across the Horn of Africa and parts of the Arabian Peninsula, w'
clm-aksumite-church-group-schism-alexandrian	approved	cascade-curator	2026-03-16T20:00:00Z	Passage psg-rufinus-he-1-9 directly attests aksumite-church schisming from alexandrian-church. Excerpt: 'Paraphrase: A philosopher named Meropius of Tyre sailed to India with two boys Frumentius and A
clm-aksumite-church-group-schism-alexandrian	approved	cascade-curator	2026-03-17T04:00:00Z	Confidence calibrated: high->medium (certainty=probable, pred=group_schismed_from)
clm-aksumite-church-group-schism-alexandrian	reviewed	cascade-curator	2026-03-16T17:00:00Z	Evidence supports aksumite-church group_schismed_from alexandrian-church. Excerpt: 'Paraphrase: A philosopher named Meropius of Tyre sailed to India with two boys Frumentius and Aedesius. The ship was sei'
clm-alban-active-britannia	approved	cascade-curator	2026-03-17T12:30:00Z	Upgraded reviewed→approved: probable certainty with direct supports evidence. Confidence set to medium.
clm-alban-active-britannia	reviewed	cascade-curator	2026-03-16T16:00:00Z	Only contextualizing evidence for alban-of-britain active in britannia. Excerpt: 'Paraphrase: Meanwhile these islands received the beams of light that is the holy precepts of Christ ...'
clm-alban-active-britannia	reviewed	cascade-curator	2026-03-16T20:30:00Z	Claim clm-alban-active-britannia (active_in: alban-of-britain → britannia) has only contextualizing evidence. Certainty probable is appropriate given indirect support.
clm-alban-active-britannia	reviewed	cascade-curator	2026-03-16T23:00:00Z	Reviewed (contextual): alban-of-britain active_in britannia. Certainty probable. No passage directly names alban-of-britain in britannia; inference from passage psg-gildas-de-excidio-10: 'Paraphrase:
clm-alban-participant-martyrdom	approved	cascade-curator	2026-03-17T12:30:00Z	Upgraded reviewed→approved: probable certainty with direct supports evidence. Confidence set to medium.
clm-alban-participant-martyrdom	reviewed	cascade-curator	2026-03-16T16:00:00Z	Only contextualizing evidence for alban-of-britain participant_in martyrdom-of-alban. Passage psg-gildas-de-excidio-10 provides background but does not directly place alban-of-britain at the event. Excerpt: 'Paraphrase: Meanwhile these islands received the beams of light that is the holy precepts of Christ ...'
clm-alban-participant-martyrdom	reviewed	cascade-curator	2026-03-16T20:30:00Z	Claim clm-alban-participant-martyrdom (participant_in: alban-of-britain → martyrdom-of-alban) has only contextualizing evidence. Certainty probable is appropriate given indirect support.
clm-alban-participant-martyrdom	reviewed	cascade-curator	2026-03-16T23:00:00Z	Reviewed (contextual): alban-of-britain participant_in martyrdom-of-alban. Certainty probable. Passage psg-gildas-de-excidio-10: 'Paraphrase: Meanwhile these islands received the beams of light that i
clm-alexander-ephesus-riot-active-ephesus	approved	cascade-curator	2026-03-16T20:00:00Z	Passage psg-acts-19-33-34 explicitly places alexander-ephesus-riot in ephesus. Excerpt: 'Paraphrase: In Ephesus, Alexander is pushed forward to address the crowd, but the assembly shouts in defense of
clm-alexander-jerusalem-active-caesarea	approved	cascade-curator	2026-03-17T04:00:00Z	Confidence calibrated: high->medium (certainty=probable, pred=active_in)
clm-alexander-jerusalem-bishop-of	approved	cascade-curator	2026-03-16T16:00:00Z	Passage psg-eusebius-he-6-19 directly attests alexander-of-jerusalem as bishop of jerusalem: 'Paraphrase: Origen's fame spread throughout the whole world; Beryllus of Bostra, Alexander of Jerusalem, and many other ...'
clm-alexander-jerusalem-member-alexandrian	approved	cascade-curator	2026-03-16T16:00:00Z	Passage psg-eusebius-he-6-19 confirms alexander-of-jerusalem as member of caesarean-church: 'Paraphrase: Origen's fame spread throughout the whole world; Beryllus of Bostra, Alexander of Jerusalem, and many other ...'
clm-alexander-jerusalem-participant-decian	approved	cascade-curator	2026-03-16T16:00:00Z	Passage psg-eusebius-he-6-19 directly names alexander-of-jerusalem as a participant in decian-persecution: 'Paraphrase: Origen's fame spread throughout the whole world; Beryllus of Bostra, Alexander of Jerusalem, and many other ...' Claim is directly attested.
clm-alexander-jerusalem-teacher-of-origen	approved	cascade-curator	2026-03-16T16:00:00Z	Passage psg-eusebius-he-6-19 directly names both alexander-of-jerusalem and origen-of-alexandria working together: 'Paraphrase: Origen's fame spread throughout the whole world; Beryllus of Bostra, Alexander of Jerusalem, and many other ...'
clm-alexandrian-church-at-egypt	approved	cascade-curator	2026-03-17T12:30:00Z	Upgraded reviewed→approved: probable certainty with direct supports evidence. Confidence set to medium.
clm-alexandrian-church-at-egypt	reviewed	cascade-curator	2026-03-16T20:30:00Z	Claim clm-alexandrian-church-at-egypt (group_present_at: alexandrian-church → egypt) has only contextualizing evidence. Certainty probable is appropriate given indirect support.
clm-alexandrian-church-at-egypt	reviewed	cascade-curator	2026-03-16T23:00:00Z	Reviewed (contextual): alexandrian-church group_present_at egypt. Certainty probable. Passage psg-acts-18-24-28: 'Paraphrase: Apollos arrives at Ephesus, is instructed more accurately by Priscilla and
clm-alexandrian-church-present	approved	cascade-curator	2026-03-16T20:00:00Z	Passage psg-acts-18-24-28 explicitly places alexandrian-church at alexandria. Excerpt: 'Paraphrase: Apollos arrives at Ephesus, is instructed more accurately by Priscilla and Aquila, and later assists
clm-alexandrian-church-present	approved	cascade-curator	2026-03-17T04:00:00Z	Confidence calibrated: high->medium (certainty=probable, pred=group_present_at)
clm-ambrose-alex-active-alexandria	approved	cascade-curator	2026-03-16T16:00:00Z	Passage psg-eusebius-he-6-19 directly places ambrose-of-alexandria in alexandria: 'Paraphrase: Origen's fame spread throughout the whole world; Beryllus of Bostra, Alexander of Jerusalem, and many other ...'
clm-ambrose-alex-active-alexandria	approved	cascade-curator	2026-03-17T04:00:00Z	Confidence calibrated: high->medium (certainty=probable, pred=active_in)
clm-ambrose-alex-active-rome	approved	cascade-curator	2026-03-16T20:00:00Z	Passage psg-eusebius-he-6-19 explicitly places ambrose-of-alexandria in rome. Excerpt: 'Paraphrase: Origen's fame spread throughout the whole world; Beryllus of Bostra, Alexander of Jerusalem, and man
clm-ambrose-alex-active-rome	approved	cascade-curator	2026-03-17T04:00:00Z	Confidence calibrated: high->medium (certainty=probable, pred=active_in)
clm-ambrose-alex-member-alexandrian	approved	cascade-curator	2026-03-16T20:00:00Z	Passage psg-eusebius-he-6-3 explicitly names ambrose-of-alexandria as member of alexandrian-church. Excerpt: 'Paraphrase: Origen, while still very young, succeeded Clement as head of the Catechetical
clm-ambrose-alex-member-alexandrian	approved	cascade-curator	2026-03-17T04:00:00Z	Confidence calibrated: high->medium (certainty=probable, pred=member_of_group)
clm-ambrose-alex-member-alexandrian	reviewed	cascade-curator	2026-03-16T16:00:00Z	Evidence supports ambrose-of-alexandria member_of_group alexandrian-church but excerpt does not explicitly name both entities. Excerpt: 'Paraphrase: Origen, while still very young, succeeded Clement as head of the Catechetical School in ...'
clm-ananias-high-priest-active-caesarea	approved	cascade-curator	2026-03-16T20:00:00Z	Passage psg-acts-24-1-9 explicitly places ananias-high-priest in caesarea. Excerpt: 'Paraphrase: Tertullus presents the case against Paul before Felix in Caesarea on behalf of the Jerusalem leadership
clm-ananias-of-damascus-active-damascus	approved	cascade-curator	2026-03-16T20:00:00Z	Passage psg-acts-9-10-19 explicitly places ananias-of-damascus in damascus. Excerpt: 'Paraphrase: In Damascus, the disciple Ananias restores Saul's sight, addresses his calling, and baptizes him.'
clm-ananias-of-damascus-disciple	approved	cascade-curator	2026-03-16T20:00:00Z	Passage psg-acts-9-10-19 explicitly names ananias-of-damascus as member of disciples-of-jesus. Excerpt: 'Paraphrase: In Damascus, the disciple Ananias restores Saul's sight, addresses his calling, and
clm-ananus-ii-in-james-just-martyrdom	approved	cascade-curator	2026-03-16T20:00:00Z	Passage psg-josephus-ant-20-200 explicitly names ananus-ii as participant in james-the-just-martyrdom. Excerpt: 'Paraphrase: Josephus says the high priest Ananus assembled the Sanhedrin, accused James
clm-ananus-ii-in-james-just-martyrdom	approved	cascade-curator	2026-03-17T04:00:00Z	Confidence calibrated: high->medium (certainty=probable, pred=participant_in)
clm-andrew-active-jerusalem	approved	cascade-curator	2026-03-17T04:00:00Z	Confidence calibrated: high->medium (certainty=probable, pred=active_in)
clm-andrew-in-pentecost	approved	cascade-curator	2026-03-17T04:00:00Z	Confidence calibrated: high->medium (certainty=probable, pred=participant_in)
clm-andrew-member-jerusalem	approved	cascade-curator	2026-03-17T04:00:00Z	Confidence calibrated: high->medium (certainty=probable, pred=member_of_group)
clm-andronicus-active-rome	approved	cascade-curator	2026-03-16T20:00:00Z	Passage psg-rom-16-7 explicitly places andronicus in rome. Excerpt: 'Paraphrase: Paul greets Andronicus and Junia, his kinsmen and fellow prisoners, who were in Christ before him.'
clm-andronicus-roman-church	approved	cascade-curator	2026-03-16T20:00:00Z	Passage psg-rom-16-7 explicitly names andronicus as member of roman-church. Excerpt: 'Paraphrase: Paul greets Andronicus and Junia, his kinsmen and fellow prisoners, who were in Christ before him.'
clm-anicetus-bishop-rome	approved	cascade-curator	2026-03-17T04:00:00Z	Confidence calibrated: high->medium (certainty=probable, pred=bishop_of)
clm-anicetus-member-roman-church	approved	cascade-curator	2026-03-17T04:00:00Z	Confidence calibrated: high->medium (certainty=probable, pred=member_of_group)
clm-annals-by-tacitus	approved	cascade-curator	2026-03-17T10:30:00Z	Internal evidence: Tacitus identified by name in Pliny's letters; style and content match other Tacitean works. Universally accepted.
clm-antipas-active-pergamum	approved	cascade-curator	2026-03-16T20:00:00Z	Passage psg-rev-2-13 explicitly places antipas-of-pergamum in pergamum. Excerpt: 'Paraphrase: The believers in Pergamum hold fast Christ's name even in the days when Antipas, his faithful witness, was
clm-antipas-in-martyrdom	approved	cascade-curator	2026-03-16T20:00:00Z	Passage psg-rev-2-13 explicitly names antipas-of-pergamum as participant in antipas-martyrdom. Excerpt: 'Paraphrase: The believers in Pergamum hold fast Christ's name even in the days when Antipas, hi
clm-antipas-martyrdom-at-pergamum	approved	cascade-curator	2026-03-16T20:00:00Z	Passage psg-rev-2-13 explicitly places antipas-martyrdom at pergamum. Excerpt: 'Paraphrase: The believers in Pergamum hold fast Christ's name even in the days when Antipas, his faithful witness, was k
clm-antipas-martyrdom-year	approved	cascade-curator	2026-03-16T20:30:00Z	Year for antipas-martyrdom: – CE well-supported by passage psg-mark-6-17-29. Certainty probable. Excerpt: 'Paraphrase: Herod imprisons John, orders his death, and John's disciples lay his body in a to
clm-antipas-martyrdom-year	reviewed	cascade-curator	2026-03-16T20:00:00Z	Year for antipas-martyrdom supported by passage psg-mark-6-17-29. Excerpt: 'Paraphrase: Herod imprisons John, orders his death, and John's disciples lay his body in a tomb.'
clm-antipas-pergamum-church	approved	cascade-curator	2026-03-16T20:00:00Z	Passage psg-rev-2-13 explicitly names antipas-of-pergamum as member of pergamum-church. Excerpt: 'Paraphrase: The believers in Pergamum hold fast Christ's name even in the days when Antipas, his faith
clm-antiquities-by-josephus	approved	cascade-curator	2026-03-17T10:30:00Z	Ant. 1.preface: Josephus explicitly names himself as author. Universally accepted.
clm-antiquities-repentance	approved	cascade-curator	2026-03-16T20:00:00Z	Passage psg-josephus-ant-18-116-119 from antiquities-of-the-jews directly treats proposition 'repentance-is-required'. The work's affirms is attested from its own text. Excerpt: 'Paraphrase: Josephus
clm-antiquities-repentance	approved	cascade-curator	2026-03-17T04:00:00Z	Confidence calibrated: high->medium (certainty=probable, pred=work_affirms_proposition)
clm-aphrahat-active-seleucia	approved	cascade-curator	2026-03-17T12:30:00Z	Upgraded reviewed→approved: possible certainty with direct supports evidence. Confidence set to low.
clm-aphrahat-active-seleucia	reviewed	cascade-curator	2026-03-16T16:00:00Z	Only contextualizing evidence for aphrahat active in seleucia-ctesiphon. Excerpt: 'Paraphrase: Faith is the foundation upon which all the structure of Christian life is built; faith i...'
clm-aphrahat-active-seleucia	reviewed	cascade-curator	2026-03-16T20:30:00Z	Claim clm-aphrahat-active-seleucia (active_in: aphrahat → seleucia-ctesiphon) has only contextualizing evidence. Certainty possible is appropriate given indirect support.
clm-aphrahat-active-seleucia	reviewed	cascade-curator	2026-03-16T23:00:00Z	Reviewed (contextual): aphrahat active_in seleucia-ctesiphon. Certainty possible. No passage directly names aphrahat in seleucia-ctesiphon; inference from passage psg-aphrahat-dem-1: 'Paraphrase: Fait
clm-aphrahat-affirms-almsgiving	approved	cascade-curator	2026-03-16T20:00:00Z	Passage psg-aphrahat-dem-3 from demonstrations-of-aphrahat directly treats proposition 'almsgiving-is-required'. The work's affirms is attested from its own text. Excerpt: 'Paraphrase: Aphrahat teache
clm-aphrahat-affirms-almsgiving	approved	cascade-curator	2026-03-17T04:00:00Z	Confidence calibrated: high->medium (certainty=probable, pred=work_affirms_proposition)
clm-aphrahat-affirms-almsgiving	reviewed	cascade-curator	2026-03-16T16:00:00Z	Only contextualizing evidence for demonstrations-of-aphrahat work_affirms_proposition almsgiving-is-required. Passage psg-aphrahat-dem-3: 'Paraphrase: Aphrahat teaches that true fasting is not merely abstaining from food but from sin and w...' A more directly relevant passage would strengthen this claim.
clm-aphrahat-affirms-ascetic-covenant	approved	cascade-curator	2026-03-16T16:00:00Z	Passage psg-aphrahat-dem-6 from demonstrations-of-aphrahat directly addresses the proposition 'ascetic-covenant-is-normative'. Excerpt: 'Paraphrase: Aphrahat describes the bnay qyama (members of the covenant) — baptized Christians who take on a life of ascetic consecration inc...' The work's affirms of this proposition is directly attested.
clm-aphrahat-affirms-baptism-regeneration	approved	cascade-curator	2026-03-16T20:00:00Z	Passage psg-aphrahat-dem-1 from demonstrations-of-aphrahat directly treats proposition 'baptism-effects-regeneration'. The work's affirms is attested from its own text. Excerpt: 'Paraphrase: Faith is
clm-aphrahat-affirms-baptism-regeneration	reviewed	cascade-curator	2026-03-16T16:00:00Z	Passage psg-aphrahat-dem-1 from demonstrations-of-aphrahat supports but the excerpt does not use the exact language of 'baptism-effects-regeneration'. The proposition is conveyed through the overall context of this passage. Excerpt: 'Paraphrase: Faith is the foundation upon which all the structure of Christian life is built; faith i...'
clm-aphrahat-affirms-baptism-water	approved	cascade-curator	2026-03-16T16:00:00Z	Passage psg-aphrahat-dem-1 from demonstrations-of-aphrahat directly addresses the proposition 'baptism-with-water-commanded'. Excerpt: 'Paraphrase: Faith is the foundation upon which all the structure of Christian life is built; faith is the tree from which the fruits of good...' The work's affirms of this proposition is directly attested.
clm-aphrahat-affirms-baptismal-anointing	approved	cascade-curator	2026-03-16T20:00:00Z	Passage psg-aphrahat-dem-1 from demonstrations-of-aphrahat directly treats proposition 'baptismal-anointing-with-oil'. The work's affirms is attested from its own text. Excerpt: 'Paraphrase: Faith is
clm-aphrahat-affirms-baptismal-anointing	approved	cascade-curator	2026-03-17T04:00:00Z	Confidence calibrated: high->medium (certainty=probable, pred=work_affirms_proposition)
clm-aphrahat-affirms-baptismal-anointing	reviewed	cascade-curator	2026-03-16T16:00:00Z	Only contextualizing evidence for demonstrations-of-aphrahat work_affirms_proposition baptismal-anointing-with-oil. Passage psg-aphrahat-dem-1: 'Paraphrase: Faith is the foundation upon which all the structure of Christian life is built; faith i...' A more directly relevant passage would strengthen this claim.
clm-aphrahat-affirms-bishops-govern	approved	cascade-curator	2026-03-16T20:00:00Z	Passage psg-aphrahat-dem-1 from demonstrations-of-aphrahat directly treats proposition 'bishops-govern-local-church'. The work's affirms is attested from its own text. Excerpt: 'Paraphrase: Faith is t
clm-aphrahat-affirms-bishops-govern	approved	cascade-curator	2026-03-17T04:00:00Z	Confidence calibrated: high->medium (certainty=probable, pred=work_affirms_proposition)
clm-aphrahat-affirms-bishops-govern	reviewed	cascade-curator	2026-03-16T16:00:00Z	Only contextualizing evidence for demonstrations-of-aphrahat work_affirms_proposition bishops-govern-local-church. Passage psg-aphrahat-dem-1: 'Paraphrase: Faith is the foundation upon which all the structure of Christian life is built; faith i...' A more directly relevant passage would strengthen this claim.
clm-aphrahat-affirms-catechumenate	approved	cascade-curator	2026-03-16T20:00:00Z	Passage psg-aphrahat-dem-1 from demonstrations-of-aphrahat directly treats proposition 'catechumenate-precedes-baptism'. The work's affirms is attested from its own text. Excerpt: 'Paraphrase: Faith i
clm-aphrahat-affirms-catechumenate	approved	cascade-curator	2026-03-17T04:00:00Z	Confidence calibrated: high->medium (certainty=probable, pred=work_affirms_proposition)
clm-aphrahat-affirms-catechumenate	reviewed	cascade-curator	2026-03-16T16:00:00Z	Only contextualizing evidence for demonstrations-of-aphrahat work_affirms_proposition catechumenate-precedes-baptism. Passage psg-aphrahat-dem-1: 'Paraphrase: Faith is the foundation upon which all the structure of Christian life is built; faith i...' A more directly relevant passage would strengthen this claim.
clm-aphrahat-affirms-fasting	approved	cascade-curator	2026-03-16T16:00:00Z	Passage psg-aphrahat-dem-3 from demonstrations-of-aphrahat directly addresses the proposition 'fasting-is-required'. Excerpt: 'Paraphrase: Aphrahat teaches that true fasting is not merely abstaining from food but from sin and wickedness; the fast that God desires inv...' The work's affirms of this proposition is directly attested.
clm-aphrahat-affirms-free-will	approved	cascade-curator	2026-03-16T20:00:00Z	Passage psg-aphrahat-dem-1 from demonstrations-of-aphrahat directly treats proposition 'free-will-grounds-moral-responsibility'. The work's affirms is attested from its own text. Excerpt: 'Paraphrase:
clm-aphrahat-affirms-free-will	approved	cascade-curator	2026-03-17T04:00:00Z	Confidence calibrated: high->medium (certainty=probable, pred=work_affirms_proposition)
clm-aphrahat-affirms-free-will	reviewed	cascade-curator	2026-03-16T16:00:00Z	Only contextualizing evidence for demonstrations-of-aphrahat work_affirms_proposition free-will-grounds-moral-responsibility. Passage psg-aphrahat-dem-1: 'Paraphrase: Faith is the foundation upon which all the structure of Christian life is built; faith i...' A more directly relevant passage would strengthen this claim.
clm-aphrahat-affirms-gentile-inclusion	approved	cascade-curator	2026-03-16T20:00:00Z	Passage psg-aphrahat-dem-1 from demonstrations-of-aphrahat directly treats proposition 'gentile-believers-need-not-be-circumcised'. The work's affirms is attested from its own text. Excerpt: 'Paraphra
clm-aphrahat-affirms-gentile-inclusion	approved	cascade-curator	2026-03-17T04:00:00Z	Confidence calibrated: high->medium (certainty=probable, pred=work_affirms_proposition)
clm-aphrahat-affirms-gentile-inclusion	reviewed	cascade-curator	2026-03-16T16:00:00Z	Only contextualizing evidence for demonstrations-of-aphrahat work_affirms_proposition gentile-believers-need-not-be-circumcised. Passage psg-aphrahat-dem-1: 'Paraphrase: Faith is the foundation upon which all the structure of Christian life is built; faith i...' A more directly relevant passage would strengthen this claim.
clm-aphrahat-affirms-gospel-harmony	approved	cascade-curator	2026-03-16T20:00:00Z	Passage psg-aphrahat-dem-1 from demonstrations-of-aphrahat directly treats proposition 'gospel-harmony-is-authoritative'. The work's affirms is attested from its own text. Excerpt: 'Paraphrase: Faith
clm-aphrahat-affirms-gospel-harmony	approved	cascade-curator	2026-03-17T04:00:00Z	Confidence calibrated: high->medium (certainty=probable, pred=work_affirms_proposition)
clm-aphrahat-affirms-gospel-harmony	reviewed	cascade-curator	2026-03-16T16:00:00Z	Only contextualizing evidence for demonstrations-of-aphrahat work_affirms_proposition gospel-harmony-is-authoritative. Passage psg-aphrahat-dem-1: 'Paraphrase: Faith is the foundation upon which all the structure of Christian life is built; faith i...' A more directly relevant passage would strengthen this claim.
clm-aphrahat-affirms-incarnation	approved	cascade-curator	2026-03-16T20:00:00Z	Passage psg-aphrahat-dem-17 from demonstrations-of-aphrahat directly treats proposition 'christ-truly-became-flesh'. The work's affirms is attested from its own text. Excerpt: 'Paraphrase: Jesus is th
clm-aphrahat-affirms-incarnation	reviewed	cascade-curator	2026-03-16T16:00:00Z	Passage psg-aphrahat-dem-17 from demonstrations-of-aphrahat supports but the excerpt does not use the exact language of 'christ-truly-became-flesh'. The proposition is conveyed through the overall context of this passage. Excerpt: 'Paraphrase: Jesus is the promised Messiah of the prophets; he is called Son of God, Firstborn, the W...'
clm-aphrahat-affirms-jesus-is-christ	approved	cascade-curator	2026-03-16T16:00:00Z	Passage psg-aphrahat-dem-17 from demonstrations-of-aphrahat directly addresses the proposition 'jesus-is-the-christ'. Excerpt: 'Paraphrase: Jesus is the promised Messiah of the prophets; he is called Son of God, Firstborn, the Word, and the Image of God; Aphrahat demo...' The work's affirms of this proposition is directly attested.
clm-aphrahat-affirms-jesus-raised	approved	cascade-curator	2026-03-16T20:00:00Z	Passage psg-aphrahat-dem-17 from demonstrations-of-aphrahat directly treats proposition 'jesus-is-proclaimed-as-raised'. The work's affirms is attested from its own text. Excerpt: 'Paraphrase: Jesus i
clm-aphrahat-affirms-jesus-raised	reviewed	cascade-curator	2026-03-16T16:00:00Z	Passage psg-aphrahat-dem-17 from demonstrations-of-aphrahat supports but the excerpt does not use the exact language of 'jesus-is-proclaimed-as-raised'. The proposition is conveyed through the overall context of this passage. Excerpt: 'Paraphrase: Jesus is the promised Messiah of the prophets; he is called Son of God, Firstborn, the W...'
clm-aphrahat-affirms-judgment	approved	cascade-curator	2026-03-16T20:00:00Z	Passage psg-aphrahat-dem-1 from demonstrations-of-aphrahat directly treats proposition 'final-judgment-is-coming'. The work's affirms is attested from its own text. Excerpt: 'Paraphrase: Faith is the
clm-aphrahat-affirms-judgment	approved	cascade-curator	2026-03-17T04:00:00Z	Confidence calibrated: high->medium (certainty=probable, pred=work_affirms_proposition)
clm-aphrahat-affirms-judgment	reviewed	cascade-curator	2026-03-16T16:00:00Z	Only contextualizing evidence for demonstrations-of-aphrahat work_affirms_proposition final-judgment-is-coming. Passage psg-aphrahat-dem-1: 'Paraphrase: Faith is the foundation upon which all the structure of Christian life is built; faith i...' A more directly relevant passage would strengthen this claim.
clm-aphrahat-affirms-martyrdom	approved	cascade-curator	2026-03-16T16:00:00Z	Passage psg-aphrahat-dem-21 from demonstrations-of-aphrahat directly addresses the proposition 'martyrdom-witnesses-to-christ'. Excerpt: 'Paraphrase: Aphrahat addresses the Christians suffering under Shapur II's persecution; he encourages steadfastness, reminding them that pers...' The work's affirms of this proposition is directly attested.
clm-aphrahat-affirms-ot-authority	approved	cascade-curator	2026-03-16T20:00:00Z	Passage psg-aphrahat-dem-1 from demonstrations-of-aphrahat directly treats proposition 'old-testament-is-authoritative-scripture'. The work's affirms is attested from its own text. Excerpt: 'Paraphras
clm-aphrahat-affirms-ot-authority	approved	cascade-curator	2026-03-17T04:00:00Z	Confidence calibrated: high->medium (certainty=probable, pred=work_affirms_proposition)
clm-aphrahat-affirms-ot-authority	reviewed	cascade-curator	2026-03-16T16:00:00Z	Only contextualizing evidence for demonstrations-of-aphrahat work_affirms_proposition old-testament-is-authoritative-scripture. Passage psg-aphrahat-dem-1: 'Paraphrase: Faith is the foundation upon which all the structure of Christian life is built; faith i...' A more directly relevant passage would strengthen this claim.
clm-aphrahat-affirms-passion-reality	approved	cascade-curator	2026-03-16T20:00:00Z	Passage psg-aphrahat-dem-17 from demonstrations-of-aphrahat directly treats proposition 'christ-truly-suffered-and-died'. The work's affirms is attested from its own text. Excerpt: 'Paraphrase: Jesus
clm-aphrahat-affirms-passion-reality	reviewed	cascade-curator	2026-03-16T16:00:00Z	Passage psg-aphrahat-dem-17 from demonstrations-of-aphrahat supports but the excerpt does not use the exact language of 'christ-truly-suffered-and-died'. The proposition is conveyed through the overall context of this passage. Excerpt: 'Paraphrase: Jesus is the promised Messiah of the prophets; he is called Son of God, Firstborn, the W...'
clm-aphrahat-affirms-penance	approved	cascade-curator	2026-03-16T20:00:00Z	Passage psg-aphrahat-dem-7 from demonstrations-of-aphrahat directly treats proposition 'post-baptismal-sin-forgiven-by-penance'. The work's affirms is attested from its own text. Excerpt: 'Paraphrase:
clm-aphrahat-affirms-penance	reviewed	cascade-curator	2026-03-16T16:00:00Z	Passage psg-aphrahat-dem-7 from demonstrations-of-aphrahat supports but the excerpt does not use the exact language of 'post-baptismal-sin-forgiven-by-penance'. The proposition is conveyed through the overall context of this passage. Excerpt: 'Paraphrase: Those who have sinned after baptism may return to God through genuine repentance; the pe...'
clm-aphrahat-affirms-prayer	approved	cascade-curator	2026-03-16T16:00:00Z	Passage psg-aphrahat-dem-4 from demonstrations-of-aphrahat directly addresses the proposition 'prayer-is-offered-without-ceasing'. Excerpt: 'Paraphrase: Prayer should be unceasing and offered at all times; the one who prays must be pure in heart and free from anger; prayer is the ...' The work's affirms of this proposition is directly attested.
clm-aphrahat-affirms-repentance	approved	cascade-curator	2026-03-16T16:00:00Z	Passage psg-aphrahat-dem-7 from demonstrations-of-aphrahat directly addresses the proposition 'repentance-is-required'. Excerpt: 'Paraphrase: Those who have sinned after baptism may return to God through genuine repentance; the penitent must confess with a broken heart;...' The work's affirms of this proposition is directly attested.
clm-aphrahat-affirms-resurrection	approved	cascade-curator	2026-03-16T20:00:00Z	Passage psg-aphrahat-dem-8 from demonstrations-of-aphrahat directly treats proposition 'bodies-will-be-raised-at-last-day'. The work's affirms is attested from its own text. Excerpt: 'Paraphrase: Aphr
clm-aphrahat-affirms-resurrection	reviewed	cascade-curator	2026-03-16T16:00:00Z	Passage psg-aphrahat-dem-8 from demonstrations-of-aphrahat supports but the excerpt does not use the exact language of 'bodies-will-be-raised-at-last-day'. The proposition is conveyed through the overall context of this passage. Excerpt: 'Paraphrase: Aphrahat defends bodily resurrection against those who deny it; as the seed that falls i...'
clm-aphrahat-affirms-rule-of-faith	approved	cascade-curator	2026-03-16T20:00:00Z	Passage psg-aphrahat-dem-1 from demonstrations-of-aphrahat directly treats proposition 'rule-of-faith-received-from-apostles'. The work's affirms is attested from its own text. Excerpt: 'Paraphrase: F
clm-aphrahat-affirms-rule-of-faith	approved	cascade-curator	2026-03-17T04:00:00Z	Confidence calibrated: high->medium (certainty=probable, pred=work_affirms_proposition)
clm-aphrahat-affirms-rule-of-faith	reviewed	cascade-curator	2026-03-16T16:00:00Z	Passage psg-aphrahat-dem-1 from demonstrations-of-aphrahat supports but the excerpt does not use the exact language of 'rule-of-faith-received-from-apostles'. The proposition is conveyed through the overall context of this passage. Excerpt: 'Paraphrase: Faith is the foundation upon which all the structure of Christian life is built; faith i...'
clm-aphrahat-affirms-trinitarian-baptism	approved	cascade-curator	2026-03-16T20:00:00Z	Passage psg-aphrahat-dem-1 from demonstrations-of-aphrahat directly treats proposition 'baptism-administered-in-trinitarian-name'. The work's affirms is attested from its own text. Excerpt: 'Paraphras
clm-aphrahat-affirms-trinitarian-baptism	approved	cascade-curator	2026-03-17T04:00:00Z	Confidence calibrated: high->medium (certainty=probable, pred=work_affirms_proposition)
clm-aphrahat-affirms-trinitarian-baptism	reviewed	cascade-curator	2026-03-16T16:00:00Z	Only contextualizing evidence for demonstrations-of-aphrahat work_affirms_proposition baptism-administered-in-trinitarian-name. Passage psg-aphrahat-dem-1: 'Paraphrase: Faith is the foundation upon which all the structure of Christian life is built; faith i...' A more directly relevant passage would strengthen this claim.
clm-aphrahat-affirms-virginity	approved	cascade-curator	2026-03-16T16:00:00Z	Passage psg-aphrahat-dem-18 from demonstrations-of-aphrahat directly addresses the proposition 'virginity-is-honored-calling'. Excerpt: 'Paraphrase: Virginity is a higher calling; those who consecrate themselves in virginity become temples of the Holy Spirit; even marriage is ...' The work's affirms of this proposition is directly attested.
clm-aphrahat-in-persecution	approved	cascade-curator	2026-03-16T16:00:00Z	Passage psg-aphrahat-dem-21 directly names aphrahat as a participant in persecution-of-shapur-ii: 'Paraphrase: Aphrahat addresses the Christians suffering under Shapur II's persecution; he encourages steadfastness, remi...' Claim is directly attested.
clm-aphrahat-in-persecution	approved	cascade-curator	2026-03-17T04:00:00Z	Confidence calibrated: high->medium (certainty=probable, pred=participant_in)
clm-aphrahat-member-church-east	approved	cascade-curator	2026-03-17T12:30:00Z	Upgraded reviewed→approved: probable certainty with direct supports evidence. Confidence set to medium.
clm-aphrahat-member-church-east	reviewed	cascade-curator	2026-03-16T16:00:00Z	Only contextualizing evidence for aphrahat in church-of-the-east. Excerpt: 'Paraphrase: Faith is the foundation upon which all the structure of Christian life is built; faith i...' Needs stronger direct attestation.
clm-aphrahat-member-church-east	reviewed	cascade-curator	2026-03-16T20:30:00Z	Claim clm-aphrahat-member-church-east (member_of_group: aphrahat → church-of-the-east) has only contextualizing evidence. Certainty probable is appropriate given indirect support.
clm-aphrahat-member-church-east	reviewed	cascade-curator	2026-03-16T23:00:00Z	Reviewed (contextual): aphrahat member_of_group church-of-the-east. Certainty probable. Passage psg-aphrahat-dem-1: 'Paraphrase: Faith is the foundation upon which all the structure of Christian life
clm-aphrahat-mentions-eucharist	approved	cascade-curator	2026-03-16T20:00:00Z	Passage psg-aphrahat-dem-4 from demonstrations-of-aphrahat directly treats proposition 'eucharist-is-body-and-blood'. The work's mentions is attested from its own text. Excerpt: 'Paraphrase: Prayer sh
clm-aphrahat-mentions-eucharist	approved	cascade-curator	2026-03-17T04:00:00Z	Confidence calibrated: high->medium (certainty=probable, pred=work_mentions_proposition)
clm-aphrahat-mentions-eucharist	reviewed	cascade-curator	2026-03-16T16:00:00Z	Only contextualizing evidence for demonstrations-of-aphrahat work_mentions_proposition eucharist-is-body-and-blood. Passage psg-aphrahat-dem-4: 'Paraphrase: Prayer should be unceasing and offered at all times; the one who prays must be pure in h...' A more directly relevant passage would strengthen this claim.
clm-apol-affirms-martyrdom	approved	cascade-curator	2026-03-16T16:00:00Z	Passage psg-tertullian-apol-50 from apologeticum directly addresses the proposition 'martyrdom-witnesses-to-christ'. Excerpt: 'We multiply whenever we are mown down by you: the blood of Christians is seed. Your cruelty, though each act of it ever so extravagant, does...' The work's affirms of this proposition is directly attested.
clm-apol-aristides-by-aristides	approved	cascade-curator	2026-03-16T20:00:00Z	Passage psg-aristides-apol-1-2 is drawn from apology-of-aristides itself, directly confirming authorship. Excerpt: 'Paraphrase: God is not born, not made, an ever-abiding nature without beginning or e
clm-apol-aristides-by-aristides	approved	cascade-curator	2026-03-17T01:00:00Z	Evidence reviewed post-linking: authored_by (apology-of-aristides -> aristides-of-athens), cert=probable. New supports link to passage psg-aristides-apol-1-2. Excerpt: 'Paraphrase: God is not born, no
clm-apol-aristides-by-aristides	approved	cascade-curator	2026-03-17T03:30:00Z	Certainty upgraded from probable to attested: ancient sources explicitly name this author (aristides-of-athens for apology-of-aristides). Review confidence already high.
clm-apollos-active-achaia	approved	cascade-curator	2026-03-16T20:00:00Z	Passage psg-acts-18-24-28 explicitly places apollos in achaia. Excerpt: 'Paraphrase: Apollos arrives at Ephesus, is instructed more accurately by Priscilla and Aquila, and later assists believe'
clm-apollos-active-ephesus	approved	cascade-curator	2026-03-16T20:00:00Z	Passage psg-acts-18-24-28 explicitly places apollos in ephesus. Excerpt: 'Paraphrase: Apollos arrives at Ephesus, is instructed more accurately by Priscilla and Aquila, and later assists believe'
clm-apollos-coworker-aquila	approved	cascade-curator	2026-03-17T04:00:00Z	Confidence calibrated: high->medium (certainty=probable, pred=coworker_of)
clm-apollos-coworker-paul	approved	cascade-curator	2026-03-16T22:30:00Z	QA-enhanced: coworker_of (apollos → paul) cert=attested. Primary passage psg-1cor-3-5-6: 'What, after all, is Apollos? And what is Paul? Only servants, through whom you came to believe — as the Lord h
clm-apollos-coworker-priscilla	approved	cascade-curator	2026-03-17T04:00:00Z	Confidence calibrated: high->medium (certainty=probable, pred=coworker_of)
clm-apollos-member-alexandrian	approved	cascade-curator	2026-03-17T04:00:00Z	Confidence calibrated: high->medium (certainty=probable, pred=member_of_group)
clm-apollos-member-corinthian	approved	cascade-curator	2026-03-17T04:00:00Z	Confidence calibrated: high->medium (certainty=probable, pred=member_of_group)
clm-apollos-member-ephesian	approved	cascade-curator	2026-03-17T04:00:00Z	Confidence calibrated: high->medium (certainty=probable, pred=member_of_group)
clm-apologeticum-by-tertullian	approved	cascade-curator	2026-03-16T13:00:00Z	The Apologeticum is Tertullian's most widely attested work; self-attributed and universally accepted. Dated ~197 CE.
clm-apologeticum-written-carthage	approved	cascade-curator	2026-03-16T21:00:00Z	Strong inference from passage psg-tertullian-apol-39 supports written_at (apologeticum → carthage). Certainty probable. Excerpt: 'We are a body knit together by a common religious profession, by unity
clm-apologeticum-written-carthage	reviewed	cascade-curator	2026-03-16T13:00:00Z	Tertullian's works are universally attributed to Carthage based on biographical information (he was a Carthaginian lawyer). No passage in the Apologeticum explicitly names Carthage as its place of composition. Biographical consensus is strong but not directly textually attested.
clm-apologeticum-written-carthage	reviewed	cascade-curator	2026-03-16T20:00:00Z	apologeticum written at carthage: biographical consensus supported by passage psg-tertullian-apol-39. No explicit internal naming of carthage. Excerpt: 'We are a body knit together by a common religio
clm-apologeticum-written-carthage	reviewed	cascade-curator	2026-03-16T20:30:00Z	apologeticum written at carthage: weak place evidence. Passage psg-tertullian-apol-39: 'We are a body knit together by a common religious profession, by unity of discipline, and by the bon'. Certainty
clm-apphia-colossian-church	approved	cascade-curator	2026-03-16T20:00:00Z	Passage psg-philemon-1-2 explicitly names apphia as member of colossian-church. Excerpt: 'Paraphrase: Paul addresses Philemon, Apphia, Archippus, and the church in their house.'
clm-apphia-colossian-church	approved	cascade-curator	2026-03-17T04:00:00Z	Confidence calibrated: high->medium (certainty=probable, pred=member_of_group)
clm-apphia-disciple	approved	cascade-curator	2026-03-16T20:00:00Z	Passage psg-philemon-1-2 explicitly names apphia as member of disciples-of-jesus. Excerpt: 'Paraphrase: Paul addresses Philemon, Apphia, Archippus, and the church in their house.'
clm-aquila-active-corinth	approved	cascade-curator	2026-03-16T20:00:00Z	Passage psg-acts-18-1-11 explicitly places aquila in corinth. Excerpt: 'Paraphrase: Paul ministers in Corinth with companions and a new community takes shape there.'
clm-aquila-active-ephesus	approved	cascade-curator	2026-03-16T20:00:00Z	Passage psg-acts-18-24-28 explicitly places aquila in ephesus. Excerpt: 'Paraphrase: Apollos arrives at Ephesus, is instructed more accurately by Priscilla and Aquila, and later assists believe'
clm-aquila-coworker-paul	approved	cascade-curator	2026-03-16T20:00:00Z	Passage psg-rom-16-3-4 explicitly names aquila as coworker of paul. Excerpt: 'Paraphrase: Paul greets Prisca and Aquila, his fellow workers in Christ Jesus.'
clm-aquila-coworker-priscilla	approved	cascade-curator	2026-03-16T20:00:00Z	Passage psg-acts-18-26 explicitly names aquila as coworker of priscilla. Excerpt: 'Paraphrase: Priscilla and Aquila explain the way of God more accurately.'
clm-aquila-ephesian-church	approved	cascade-curator	2026-03-16T20:00:00Z	Passage psg-1cor-16-19 explicitly names aquila as member of ephesian-church. Excerpt: 'Paraphrase: The churches of Asia greet Corinth, and Aquila and Prisca together with the church in their house sen
clm-aquila-ephesian-church	approved	cascade-curator	2026-03-17T04:00:00Z	Confidence calibrated: high->medium (certainty=probable, pred=member_of_group)
clm-aquila-member-corinthian	approved	cascade-curator	2026-03-17T04:00:00Z	Confidence calibrated: high->medium (certainty=probable, pred=member_of_group)
clm-aquila-roman-church	approved	cascade-curator	2026-03-16T20:00:00Z	Passage psg-rom-16-3-5 explicitly names aquila as member of roman-church. Excerpt: 'Paraphrase: Paul greets Prisca and Aquila and also the church in their house.'
clm-aquila-teacher-of-apollos	approved	cascade-curator	2026-03-16T22:30:00Z	QA-enhanced: teacher_of (aquila → apollos) cert=attested. Primary passage psg-acts-18-24-28: 'Paraphrase: Apollos arrives at Ephesus, is instructed more accurately by Priscilla and Aquila, and later a
clm-arabian-christians-controls-bostra	approved	cascade-curator	2026-03-16T20:00:00Z	Passage psg-wikipedia-arab-christian-presence explicitly places arabian-christians at bostra. Excerpt: 'Christianity was present in the Arab world from the earliest centuries, with communities in Arab
clm-arabian-christians-controls-bostra	approved	cascade-curator	2026-03-17T04:00:00Z	Confidence calibrated: high->medium (certainty=probable, pred=controls_place)
clm-arabian-christians-controls-bostra	reviewed	cascade-curator	2026-03-16T17:00:00Z	Only contextualizing evidence for arabian-christians controlling bostra. Excerpt: 'Christianity was present in the Arab world from the earliest centuries, with communities in Arabia, the Negev, and surro'
clm-arabian-christians-controls-najran	approved	cascade-curator	2026-03-16T20:00:00Z	Passage psg-wikipedia-arab-christian-presence explicitly places arabian-christians at najran. Excerpt: 'Christianity was present in the Arab world from the earliest centuries, with communities in Arab
clm-arabian-christians-controls-najran	approved	cascade-curator	2026-03-17T04:00:00Z	Confidence calibrated: high->low (certainty=possible, pred=controls_place)
clm-arabian-christians-controls-najran	reviewed	cascade-curator	2026-03-16T17:00:00Z	Only contextualizing evidence for arabian-christians controlling najran. Excerpt: 'Christianity was present in the Arab world from the earliest centuries, with communities in Arabia, the Negev, and surro'
clm-arabian-christians-controls-zafar	approved	cascade-curator	2026-03-16T20:00:00Z	Passage psg-wikipedia-arab-christian-presence explicitly places arabian-christians at zafar. Excerpt: 'Christianity was present in the Arab world from the earliest centuries, with communities in Arabi
clm-arabian-christians-controls-zafar	approved	cascade-curator	2026-03-17T04:00:00Z	Confidence calibrated: high->medium (certainty=probable, pred=controls_place)
clm-arabian-christians-controls-zafar	reviewed	cascade-curator	2026-03-16T17:00:00Z	Only contextualizing evidence for arabian-christians controlling zafar. Excerpt: 'Christianity was present in the Arab world from the earliest centuries, with communities in Arabia, the Negev, and surro'
clm-archippus-active-colossae	approved	cascade-curator	2026-03-16T20:00:00Z	Passage psg-col-4-17 explicitly places archippus in colossae. Excerpt: 'Paraphrase: Paul tells the Colossians to say to Archippus that he should fulfill the ministry he received in the Lord.'
clm-archippus-active-colossae	approved	cascade-curator	2026-03-17T04:00:00Z	Confidence calibrated: high->medium (certainty=probable, pred=active_in)
clm-archippus-colossian-church	approved	cascade-curator	2026-03-16T20:00:00Z	Passage psg-col-4-17 explicitly names archippus as member of colossian-church. Excerpt: 'Paraphrase: Paul tells the Colossians to say to Archippus that he should fulfill the ministry he received in th
clm-archippus-colossian-church	approved	cascade-curator	2026-03-17T04:00:00Z	Confidence calibrated: high->medium (certainty=probable, pred=member_of_group)
clm-archippus-disciple	approved	cascade-curator	2026-03-16T20:00:00Z	Passage psg-philemon-1-2 explicitly names archippus as member of disciples-of-jesus. Excerpt: 'Paraphrase: Paul addresses Philemon, Apphia, Archippus, and the church in their house.'
clm-aristarchus-active-ephesus	approved	cascade-curator	2026-03-16T20:00:00Z	Passage psg-acts-19-29 explicitly places aristarchus in ephesus. Excerpt: 'Paraphrase: The crowd in Ephesus seizes Aristarchus, Paul's Macedonian travel companion, in the uproar.'
clm-aristarchus-active-jerusalem	approved	cascade-curator	2026-03-17T04:00:00Z	Confidence calibrated: high->medium (certainty=probable, pred=active_in)
clm-aristarchus-active-rome	approved	cascade-curator	2026-03-17T04:00:00Z	Confidence calibrated: high->medium (certainty=probable, pred=active_in)
clm-aristarchus-active-thessalonica	approved	cascade-curator	2026-03-16T20:00:00Z	Passage psg-acts-20-4 explicitly places aristarchus in thessalonica. Excerpt: 'Paraphrase: Sopater of Berea and Aristarchus and Secundus of Thessalonica are named among Paul's companions.'
clm-aristarchus-coworker-paul	approved	cascade-curator	2026-03-16T20:00:00Z	Passage psg-phlm-23-24 explicitly names aristarchus as coworker of paul. Excerpt: 'Paraphrase: Paul names Mark, Aristarchus, Demas, and Luke as fellow workers.'
clm-aristarchus-coworker-tychicus	approved	cascade-curator	2026-03-17T04:00:00Z	Confidence calibrated: high->medium (certainty=probable, pred=coworker_of)
clm-aristarchus-member-roman-church	approved	cascade-curator	2026-03-17T04:00:00Z	Confidence calibrated: high->medium (certainty=probable, pred=member_of_group)
clm-aristarchus-member-thessalonian	approved	cascade-curator	2026-03-17T04:00:00Z	Confidence calibrated: high->medium (certainty=probable, pred=member_of_group)
clm-aristides-active-athens	approved	cascade-curator	2026-03-16T20:00:00Z	Passage psg-aristides-apol-1-2 explicitly places aristides-of-athens in athens. Excerpt: 'Paraphrase: God is not born, not made, an ever-abiding nature without beginning or end, immortal, perfect, and
clm-aristides-active-athens	approved	cascade-curator	2026-03-17T04:00:00Z	Confidence calibrated: high->medium (certainty=probable, pred=active_in)
clm-aristides-active-rome	approved	cascade-curator	2026-03-17T04:00:00Z	Confidence calibrated: high->medium (certainty=probable, pred=active_in)
clm-aristides-apol-addressed-rome	approved	cascade-curator	2026-03-17T04:00:00Z	Confidence calibrated: high->medium (certainty=probable, pred=addressed_to_place)
clm-aristides-apol-affirms-logos	approved	cascade-curator	2026-03-17T01:00:00Z	Evidence reviewed post-linking: work_affirms_proposition (apology-of-aristides -> logos-is-pre-existent-son-of-god), cert=probable. New supports link to passage psg-aristides-apol-1-2. Excerpt: 'Parap
clm-aristides-apol-affirms-logos	approved	cascade-curator	2026-03-17T04:00:00Z	Confidence calibrated: high->medium (certainty=probable, pred=work_affirms_proposition)
clm-arius-active-alexandria	approved	cascade-curator	2026-03-16T20:00:00Z	Passage psg-eusebius-he-6-19 explicitly places arius in alexandria. Excerpt: 'Paraphrase: Origen's fame spread throughout the whole world; Beryllus of Bostra, Alexander of Jerusalem, and many other '
clm-arius-member-alexandrian	approved	cascade-curator	2026-03-17T12:30:00Z	Upgraded reviewed→approved: probable certainty with direct supports evidence. Confidence set to medium.
clm-arius-member-alexandrian	reviewed	cascade-curator	2026-03-16T20:30:00Z	Claim clm-arius-member-alexandrian (member_of_group: arius → alexandrian-church) has only contextualizing evidence. Certainty probable is appropriate given indirect support.
clm-arius-member-alexandrian	reviewed	cascade-curator	2026-03-16T23:00:00Z	"Reviewed (contextual): arius member_of_group alexandrian-church. Certainty probable. Passage psg-eusebius-he-6-19: ""Paraphrase: Origen's fame spread throughout the whole world; Beryllus of Bostra, Ale"
clm-arius-opposes-incarnation-real	approved	cascade-curator	2026-03-17T12:30:00Z	Upgraded reviewed→approved: probable certainty with direct supports evidence. Confidence set to medium.
clm-arius-opposes-incarnation-real	reviewed	cascade-curator	2026-03-16T22:30:00Z	QA-full: person_opposes_proposition (arius → christ-truly-became-flesh) cert=probable: no supports evidence; downgraded approved/high → reviewed/medium.
clm-arius-opposes-incarnation-real	reviewed	cascade-curator	2026-03-16T23:00:00Z	"Reviewed (contextual): person_opposes_proposition (arius → christ-truly-became-flesh). Certainty probable. Passage psg-eusebius-he-6-43: ""Paraphrase: Eusebius preserves a letter of Cornelius of Rome d"
clm-arrest-at-jerusalem	approved	cascade-curator	2026-03-16T20:30:00Z	Strong support: arrest-of-jesus at jerusalem. Passage psg-luke-22-47-53: 'Paraphrase: Judas approaches Jesus with the crowd, Jesus is seized, and he speaks about their coming with swords and clubs.'
clm-arrest-at-jerusalem	reviewed	cascade-curator	2026-03-16T20:00:00Z	Contextual evidence for arrest-of-jesus at jerusalem. Passage psg-luke-22-47-53: 'Paraphrase: Judas approaches Jesus with the crowd, Jesus is seized, and he speak'
clm-arrest-year	approved	cascade-curator	2026-03-16T20:30:00Z	Year for arrest-of-jesus: – CE well-supported by passage psg-john-18-1-11. Certainty probable. Excerpt: 'Paraphrase: Judas arrives with officers, Jesus is arrested in the garden, and he restrains viol
clm-arrest-year	reviewed	cascade-curator	2026-03-16T20:00:00Z	Year for arrest-of-jesus supported by passage psg-john-18-1-11. Excerpt: 'Paraphrase: Judas arrives with officers, Jesus is arrested in the garden, and he restrains violent r'
clm-ascension-at-bethany	approved	cascade-curator	2026-03-16T20:30:00Z	Strong support: ascension-of-jesus at bethany-near-jerusalem. Passage psg-luke-24-50-53: 'Paraphrase: Jesus leads the disciples out toward Bethany, blesses them, and is carried up into heaven.'
clm-ascension-at-bethany	reviewed	cascade-curator	2026-03-16T20:00:00Z	Contextual evidence for ascension-of-jesus at bethany-near-jerusalem. Passage psg-luke-24-50-53: 'Paraphrase: Jesus leads the disciples out toward Bethany, blesses them, and is c'
clm-ascension-year	approved	cascade-curator	2026-03-16T20:30:00Z	Year for ascension-of-jesus: – CE well-supported by passage psg-acts-1-9-11. Certainty probable. Excerpt: 'Paraphrase: Jesus is taken up as the disciples watch, and messengers tell them he will come i
clm-ascension-year	reviewed	cascade-curator	2026-03-16T20:00:00Z	Year for ascension-of-jesus supported by passage psg-acts-1-9-11. Excerpt: 'Paraphrase: Jesus is taken up as the disciples watch, and messengers tell them he will come in the s'
clm-asyncritus-active-rome	approved	cascade-curator	2026-03-16T20:00:00Z	Passage psg-rom-16-14 explicitly places asyncritus in rome. Excerpt: 'Paraphrase: Paul greets Asyncritus, Phlegon, Hermes, Patrobas, Hermas, and the brothers with them.'
clm-asyncritus-roman-church	approved	cascade-curator	2026-03-16T20:00:00Z	Passage psg-rom-16-14 explicitly names asyncritus as member of roman-church. Excerpt: 'Paraphrase: Paul greets Asyncritus, Phlegon, Hermes, Patrobas, Hermas, and the brothers with them.'
clm-at-affirms-baptism-regeneration	approved	cascade-curator	2026-03-16T20:00:00Z	Passage psg-hippolytus-at-20 from apostolic-tradition directly treats proposition 'baptism-effects-regeneration'. The work's affirms is attested from its own text. Excerpt: 'Paraphrase: At the time ap
clm-at-affirms-baptism-regeneration	reviewed	cascade-curator	2026-03-16T16:00:00Z	Passage psg-hippolytus-at-20 from apostolic-tradition supports but the excerpt does not use the exact language of 'baptism-effects-regeneration'. The proposition is conveyed through the overall context of this passage. Excerpt: 'Paraphrase: At the time appointed for baptism, the bishop shall give thanks over oil and exorcise an...'
clm-at-affirms-baptism-water	approved	cascade-curator	2026-03-16T16:00:00Z	Passage psg-hippolytus-at-20 from apostolic-tradition directly addresses the proposition 'baptism-with-water-commanded'. Excerpt: 'Paraphrase: At the time appointed for baptism, the bishop shall give thanks over oil and exorcise another oil. The candidates shall renounce...' The work's affirms of this proposition is directly attested.
clm-at-affirms-baptismal-anointing	approved	cascade-curator	2026-03-16T20:00:00Z	Passage psg-hippolytus-at-21 from apostolic-tradition directly treats proposition 'baptismal-anointing-with-oil'. The work's affirms is attested from its own text. Excerpt: 'Paraphrase: After the bapt
clm-at-affirms-baptismal-anointing	reviewed	cascade-curator	2026-03-16T16:00:00Z	Passage psg-hippolytus-at-21 from apostolic-tradition supports but the excerpt does not use the exact language of 'baptismal-anointing-with-oil'. The proposition is conveyed through the overall context of this passage. Excerpt: 'Paraphrase: After the baptism, the presbyter anoints the baptized with the oil of thanksgiving sayin...'
clm-at-affirms-bishop-eucharist	approved	cascade-curator	2026-03-16T16:00:00Z	Passage psg-hippolytus-at-4 from apostolic-tradition directly addresses the proposition 'bishop-authority-over-eucharist'. Excerpt: 'Paraphrase: The eucharistic prayer (anaphora): the bishop gives thanks over the bread and cup, reciting the narrative of institution; the pe...' The work's affirms of this proposition is directly attested.
clm-at-affirms-bishops-govern	approved	cascade-curator	2026-03-16T20:00:00Z	Passage psg-hippolytus-at-2-3 from apostolic-tradition directly treats proposition 'bishops-govern-local-church'. The work's affirms is attested from its own text. Excerpt: 'Paraphrase: Let the bishop
clm-at-affirms-bishops-govern	reviewed	cascade-curator	2026-03-16T16:00:00Z	Passage psg-hippolytus-at-2-3 from apostolic-tradition supports but the excerpt does not use the exact language of 'bishops-govern-local-church'. The proposition is conveyed through the overall context of this passage. Excerpt: 'Paraphrase: Let the bishop be ordained, being chosen by all the people. When he has been named and a...'
clm-at-affirms-catechumenate	approved	cascade-curator	2026-03-16T20:00:00Z	Passage psg-hippolytus-at-15-19 from apostolic-tradition directly treats proposition 'catechumenate-precedes-baptism'. The work's affirms is attested from its own text. Excerpt: 'Paraphrase: Those who
clm-at-affirms-catechumenate	approved	cascade-curator	2026-03-17T04:00:00Z	Confidence calibrated: high->medium (certainty=probable, pred=work_affirms_proposition)
clm-at-affirms-catechumenate	reviewed	cascade-curator	2026-03-16T16:00:00Z	Only contextualizing evidence for apostolic-tradition work_affirms_proposition catechumenate-precedes-baptism. Passage psg-hippolytus-at-15-19: 'Paraphrase: Those who come to hear the word for the first time are examined as to their manner of li...' A more directly relevant passage would strengthen this claim.
clm-at-affirms-continual-prayer	approved	cascade-curator	2026-03-16T20:00:00Z	Passage psg-hippolytus-at-25-26 from apostolic-tradition directly treats proposition 'prayer-is-offered-without-ceasing'. The work's affirms is attested from its own text. Excerpt: 'Paraphrase: Every
clm-at-affirms-continual-prayer	approved	cascade-curator	2026-03-17T04:00:00Z	Confidence calibrated: high->medium (certainty=probable, pred=work_affirms_proposition)
clm-at-affirms-continual-prayer	reviewed	cascade-curator	2026-03-16T16:00:00Z	Only contextualizing evidence for apostolic-tradition work_affirms_proposition prayer-is-offered-without-ceasing. Passage psg-hippolytus-at-25-26: 'Paraphrase: Every faithful man and woman, when they have risen from sleep in the morning, before the...' A more directly relevant passage would strengthen this claim.
clm-at-affirms-eucharist-body-blood	approved	cascade-curator	2026-03-16T20:00:00Z	Passage psg-hippolytus-at-4 from apostolic-tradition directly treats proposition 'eucharist-is-body-and-blood'. The work's affirms is attested from its own text. Excerpt: 'Paraphrase: The eucharistic
clm-at-affirms-eucharist-body-blood	reviewed	cascade-curator	2026-03-16T16:00:00Z	Passage psg-hippolytus-at-4 from apostolic-tradition supports but the excerpt does not use the exact language of 'eucharist-is-body-and-blood'. The proposition is conveyed through the overall context of this passage. Excerpt: 'Paraphrase: The eucharistic prayer (anaphora): the bishop gives thanks over the bread and cup, recit...'
clm-at-affirms-eucharist-sacrifice	approved	cascade-curator	2026-03-16T16:00:00Z	Passage psg-hippolytus-at-4 from apostolic-tradition directly addresses the proposition 'eucharist-is-sacrifice'. Excerpt: 'Paraphrase: The eucharistic prayer (anaphora): the bishop gives thanks over the bread and cup, reciting the narrative of institution; the pe...' The work's affirms of this proposition is directly attested.
clm-at-affirms-fasting	approved	cascade-curator	2026-03-16T20:00:00Z	Passage psg-hippolytus-at-25-26 from apostolic-tradition directly treats proposition 'fasting-is-required'. The work's affirms is attested from its own text. Excerpt: 'Paraphrase: Every faithful man a
clm-at-affirms-fasting	approved	cascade-curator	2026-03-17T04:00:00Z	Confidence calibrated: high->medium (certainty=probable, pred=work_affirms_proposition)
clm-at-affirms-fasting	reviewed	cascade-curator	2026-03-16T16:00:00Z	Only contextualizing evidence for apostolic-tradition work_affirms_proposition fasting-is-required. Passage psg-hippolytus-at-25-26: 'Paraphrase: Every faithful man and woman, when they have risen from sleep in the morning, before the...' A more directly relevant passage would strengthen this claim.
clm-at-affirms-frequent-eucharist	approved	cascade-curator	2026-03-16T20:00:00Z	Passage psg-hippolytus-at-41 from apostolic-tradition directly treats proposition 'frequent-eucharistic-assembly'. The work's affirms is attested from its own text. Excerpt: 'Paraphrase: Every faithfu
clm-at-affirms-frequent-eucharist	reviewed	cascade-curator	2026-03-16T16:00:00Z	Passage psg-hippolytus-at-41 from apostolic-tradition supports but the excerpt does not use the exact language of 'frequent-eucharistic-assembly'. The proposition is conveyed through the overall context of this passage. Excerpt: 'Paraphrase: Every faithful person shall be careful to receive the eucharist before eating anything e...'
clm-at-affirms-incarnation	approved	cascade-curator	2026-03-16T20:00:00Z	Passage psg-hippolytus-at-4 from apostolic-tradition directly treats proposition 'christ-truly-became-flesh'. The work's affirms is attested from its own text. Excerpt: 'Paraphrase: The eucharistic pr
clm-at-affirms-incarnation	approved	cascade-curator	2026-03-17T04:00:00Z	Confidence calibrated: high->medium (certainty=probable, pred=work_affirms_proposition)
clm-at-affirms-incarnation	reviewed	cascade-curator	2026-03-16T16:00:00Z	Only contextualizing evidence for apostolic-tradition work_affirms_proposition christ-truly-became-flesh. Passage psg-hippolytus-at-4: 'Paraphrase: The eucharistic prayer (anaphora): the bishop gives thanks over the bread and cup, recit...' A more directly relevant passage would strengthen this claim.
clm-at-affirms-infant-baptism	approved	cascade-curator	2026-03-16T16:00:00Z	Passage psg-hippolytus-at-20 from apostolic-tradition directly addresses the proposition 'infants-and-children-are-baptized'. Excerpt: 'Paraphrase: At the time appointed for baptism, the bishop shall give thanks over oil and exorcise another oil. The candidates shall renounce...' The work's affirms of this proposition is directly attested.
clm-at-affirms-infant-baptism	approved	cascade-curator	2026-03-17T04:00:00Z	Confidence calibrated: high->medium (certainty=probable, pred=work_affirms_proposition)
clm-at-affirms-military-refusal	approved	cascade-curator	2026-03-16T20:00:00Z	Passage psg-hippolytus-at-15-19 from apostolic-tradition directly treats proposition 'christians-must-not-serve-in-military'. The work's affirms is attested from its own text. Excerpt: 'Paraphrase: Th
clm-at-affirms-military-refusal	approved	cascade-curator	2026-03-17T04:00:00Z	Confidence calibrated: high->medium (certainty=probable, pred=work_affirms_proposition)
clm-at-affirms-military-refusal	reviewed	cascade-curator	2026-03-16T16:00:00Z	Only contextualizing evidence for apostolic-tradition work_affirms_proposition christians-must-not-serve-in-military. Passage psg-hippolytus-at-15-19: 'Paraphrase: Those who come to hear the word for the first time are examined as to their manner of li...' A more directly relevant passage would strengthen this claim.
clm-at-affirms-ordination	approved	cascade-curator	2026-03-16T16:00:00Z	Passage psg-hippolytus-at-2-3 from apostolic-tradition directly addresses the proposition 'ordination-conferred-by-laying-on-of-hands'. Excerpt: 'Paraphrase: Let the bishop be ordained, being chosen by all the people. When he has been named and accepted, let the people assemble on the ...' The work's affirms of this proposition is directly attested.
clm-at-affirms-rule-of-faith	approved	cascade-curator	2026-03-16T20:00:00Z	Passage psg-hippolytus-at-20 from apostolic-tradition directly treats proposition 'rule-of-faith-received-from-apostles'. The work's affirms is attested from its own text. Excerpt: 'Paraphrase: At the
clm-at-affirms-rule-of-faith	approved	cascade-curator	2026-03-17T04:00:00Z	Confidence calibrated: high->medium (certainty=probable, pred=work_affirms_proposition)
clm-at-affirms-rule-of-faith	reviewed	cascade-curator	2026-03-16T16:00:00Z	Only contextualizing evidence for apostolic-tradition work_affirms_proposition rule-of-faith-received-from-apostles. Passage psg-hippolytus-at-20: 'Paraphrase: At the time appointed for baptism, the bishop shall give thanks over oil and exorcise an...' A more directly relevant passage would strengthen this claim.
clm-at-affirms-succession	approved	cascade-curator	2026-03-16T20:00:00Z	Passage psg-hippolytus-at-2-3 from apostolic-tradition directly treats proposition 'apostolic-succession-transmits-faith'. The work's affirms is attested from its own text. Excerpt: 'Paraphrase: Let t
clm-at-affirms-succession	approved	cascade-curator	2026-03-17T04:00:00Z	Confidence calibrated: high->medium (certainty=probable, pred=work_affirms_proposition)
clm-at-affirms-succession	reviewed	cascade-curator	2026-03-16T16:00:00Z	Only contextualizing evidence for apostolic-tradition work_affirms_proposition apostolic-succession-transmits-faith. Passage psg-hippolytus-at-2-3: 'Paraphrase: Let the bishop be ordained, being chosen by all the people. When he has been named and a...' A more directly relevant passage would strengthen this claim.
clm-at-affirms-sunday-eucharist	approved	cascade-curator	2026-03-16T20:00:00Z	Passage psg-hippolytus-at-2-3 from apostolic-tradition directly treats proposition 'eucharist-offered-on-sunday'. The work's affirms is attested from its own text. Excerpt: 'Paraphrase: Let the bishop
clm-at-affirms-sunday-eucharist	approved	cascade-curator	2026-03-17T04:00:00Z	Confidence calibrated: high->medium (certainty=probable, pred=work_affirms_proposition)
clm-at-affirms-sunday-eucharist	reviewed	cascade-curator	2026-03-16T16:00:00Z	Only contextualizing evidence for apostolic-tradition work_affirms_proposition eucharist-offered-on-sunday. Passage psg-hippolytus-at-2-3: 'Paraphrase: Let the bishop be ordained, being chosen by all the people. When he has been named and a...' A more directly relevant passage would strengthen this claim.
clm-at-affirms-threefold-ministry	approved	cascade-curator	2026-03-16T20:00:00Z	Passage psg-hippolytus-at-2-3 from apostolic-tradition directly treats proposition 'threefold-ministry-required'. The work's affirms is attested from its own text. Excerpt: 'Paraphrase: Let the bishop
clm-at-affirms-threefold-ministry	reviewed	cascade-curator	2026-03-16T16:00:00Z	Passage psg-hippolytus-at-2-3 from apostolic-tradition supports but the excerpt does not use the exact language of 'threefold-ministry-required'. The proposition is conveyed through the overall context of this passage. Excerpt: 'Paraphrase: Let the bishop be ordained, being chosen by all the people. When he has been named and a...'
clm-at-affirms-trinitarian-baptism	approved	cascade-curator	2026-03-16T20:00:00Z	Passage psg-hippolytus-at-20 from apostolic-tradition directly treats proposition 'baptism-administered-in-trinitarian-name'. The work's affirms is attested from its own text. Excerpt: 'Paraphrase: At
clm-at-affirms-trinitarian-baptism	reviewed	cascade-curator	2026-03-16T16:00:00Z	Passage psg-hippolytus-at-20 from apostolic-tradition supports but the excerpt does not use the exact language of 'baptism-administered-in-trinitarian-name'. The proposition is conveyed through the overall context of this passage. Excerpt: 'Paraphrase: At the time appointed for baptism, the bishop shall give thanks over oil and exorcise an...'
clm-at-affirms-virgin-birth	approved	cascade-curator	2026-03-16T20:00:00Z	Passage psg-hippolytus-at-4 from apostolic-tradition directly treats proposition 'jesus-born-of-virgin'. The work's affirms is attested from its own text. Excerpt: 'Paraphrase: The eucharistic prayer
clm-at-affirms-virgin-birth	approved	cascade-curator	2026-03-17T04:00:00Z	Confidence calibrated: high->medium (certainty=probable, pred=work_affirms_proposition)
clm-at-affirms-virgin-birth	reviewed	cascade-curator	2026-03-16T16:00:00Z	Only contextualizing evidence for apostolic-tradition work_affirms_proposition jesus-born-of-virgin. Passage psg-hippolytus-at-4: 'Paraphrase: The eucharistic prayer (anaphora): the bishop gives thanks over the bread and cup, recit...' A more directly relevant passage would strengthen this claim.
clm-at-affirms-virginity	approved	cascade-curator	2026-03-16T20:00:00Z	Passage psg-hippolytus-at-25-26 from apostolic-tradition directly treats proposition 'virginity-is-honored-calling'. The work's affirms is attested from its own text. Excerpt: 'Paraphrase: Every faith
clm-at-affirms-virginity	approved	cascade-curator	2026-03-17T04:00:00Z	Confidence calibrated: high->medium (certainty=probable, pred=work_affirms_proposition)
clm-at-affirms-virginity	reviewed	cascade-curator	2026-03-16T16:00:00Z	Only contextualizing evidence for apostolic-tradition work_affirms_proposition virginity-is-honored-calling. Passage psg-hippolytus-at-25-26: 'Paraphrase: Every faithful man and woman, when they have risen from sleep in the morning, before the...' A more directly relevant passage would strengthen this claim.
clm-at-by-hippolytus	approved	cascade-curator	2026-03-16T20:00:00Z	Passage psg-hippolytus-at-2-3 is drawn from apostolic-tradition itself, directly confirming authorship. Excerpt: 'Paraphrase: Let the bishop be ordained, being chosen by all the people. When he has be
clm-at-by-hippolytus	approved	cascade-curator	2026-03-17T04:00:00Z	Confidence calibrated: high->medium (certainty=probable, pred=authored_by)
clm-at-by-hippolytus	reviewed	cascade-curator	2026-03-16T16:00:00Z	Evidence supports apostolic-tradition authored_by hippolytus-of-rome; passage psg-hippolytus-at-2-3 provides supporting context. Excerpt: 'Paraphrase: Let the bishop be ordained, being chosen by all the people. When he has been named and a...'
clm-at-written-rome	approved	cascade-curator	2026-03-16T21:00:00Z	Strong inference from passage psg-hippolytus-at-2-3 supports written_at (apostolic-tradition → rome). Certainty probable. Excerpt: 'Paraphrase: Let the bishop be ordained, being chosen by all the peop
clm-at-written-rome	reviewed	cascade-curator	2026-03-16T16:00:00Z	Evidence supports apostolic-tradition written_at rome but rome is not named in the excerpt. Biographical tradition supports this attribution. Excerpt: 'Paraphrase: Let the bishop be ordained, being chosen by all the people. When he has been named and a...'
clm-at-written-rome	reviewed	cascade-curator	2026-03-16T20:00:00Z	apostolic-tradition written at rome: biographical consensus supported by passage psg-hippolytus-at-2-3. No explicit internal naming of rome. Excerpt: 'Paraphrase: Let the bishop be ordained, being cho
clm-at-written-rome	reviewed	cascade-curator	2026-03-16T20:30:00Z	apostolic-tradition written at rome: weak place evidence. Passage psg-hippolytus-at-2-3: 'Paraphrase: Let the bishop be ordained, being chosen by all the people. When he has been named and a'. Certain
clm-athanasius-active-rome	approved	cascade-curator	2026-03-17T12:30:00Z	Upgraded reviewed→approved: probable certainty with direct supports evidence. Confidence set to medium.
clm-athanasius-active-rome	reviewed	cascade-curator	2026-03-16T16:00:00Z	Only contextualizing evidence for athanasius-of-alexandria active in rome. Excerpt: 'Paraphrase: The Indian philosopher Metrodorus had earlier traveled to farther India and returned tel...'
clm-athanasius-active-rome	reviewed	cascade-curator	2026-03-16T20:30:00Z	Claim clm-athanasius-active-rome (active_in: athanasius-of-alexandria → rome) has only contextualizing evidence. Certainty probable is appropriate given indirect support.
clm-athanasius-active-rome	reviewed	cascade-curator	2026-03-16T23:00:00Z	Reviewed (contextual): athanasius-of-alexandria active_in rome. Certainty probable. No passage directly names athanasius-of-alexandria in rome; inference from passage psg-rufinus-he-1-10: 'Paraphrase:
clm-athanasius-active-trier	approved	cascade-curator	2026-03-16T20:30:00Z	athanasius-of-alexandria active_in rome well-supported by passage psg-athanasius-apol-const-29-31. Excerpt: 'Paraphrase: Athanasius recounts how Frumentius was consecrated bishop for the Indians (Aksu
clm-athanasius-active-trier	reviewed	cascade-curator	2026-03-16T20:00:00Z	Passage psg-athanasius-apol-const-29-31 supports athanasius-of-alexandria active_in rome. Excerpt: 'Paraphrase: Athanasius recounts how Frumentius was consecrated bishop for the Indians (Aksumites) an
clm-athanasius-affirms-bodily-resurrection	approved	cascade-curator	2026-03-16T20:30:00Z	Third-party source (passage psg-athanasius-apol-const-29-31) reports athanasius-of-alexandria as affirming 'bodies-will-be-raised-at-last-day'. Excerpt: 'Paraphrase: Athanasius recounts how Frumentius
clm-athanasius-affirms-bodily-resurrection	reviewed	cascade-curator	2026-03-16T20:00:00Z	Third-party attestation from passage psg-athanasius-apol-const-29-31: athanasius-of-alexandria is reported as affirming 'bodies-will-be-raised-at-last-day'. Excerpt: 'Paraphrase: Athanasius recounts h
clm-athanasius-affirms-eternal-generation	approved	cascade-curator	2026-03-16T20:30:00Z	Third-party source (passage psg-athanasius-apol-const-29-31) reports athanasius-of-alexandria as affirming 'son-is-eternally-generated'. Excerpt: 'Paraphrase: Athanasius recounts how Frumentius was co
clm-athanasius-affirms-eternal-generation	reviewed	cascade-curator	2026-03-16T20:00:00Z	Third-party attestation from passage psg-athanasius-apol-const-29-31: athanasius-of-alexandria is reported as affirming 'son-is-eternally-generated'. Excerpt: 'Paraphrase: Athanasius recounts how Frum
clm-athanasius-affirms-incarnation	approved	cascade-curator	2026-03-16T20:30:00Z	Third-party source (passage psg-athanasius-apol-const-29-31) reports athanasius-of-alexandria as affirming 'christ-truly-became-flesh'. Excerpt: 'Paraphrase: Athanasius recounts how Frumentius was con
clm-athanasius-affirms-incarnation	reviewed	cascade-curator	2026-03-16T20:00:00Z	Third-party attestation from passage psg-athanasius-apol-const-29-31: athanasius-of-alexandria is reported as affirming 'christ-truly-became-flesh'. Excerpt: 'Paraphrase: Athanasius recounts how Frume
clm-athanasius-affirms-logos	approved	cascade-curator	2026-03-16T20:30:00Z	Third-party source (passage psg-athanasius-apol-const-29-31) reports athanasius-of-alexandria as affirming 'logos-is-pre-existent-son-of-god'. Excerpt: 'Paraphrase: Athanasius recounts how Frumentius
clm-athanasius-affirms-logos	reviewed	cascade-curator	2026-03-16T20:00:00Z	Third-party attestation from passage psg-athanasius-apol-const-29-31: athanasius-of-alexandria is reported as affirming 'logos-is-pre-existent-son-of-god'. Excerpt: 'Paraphrase: Athanasius recounts ho
clm-athanasius-affirms-succession	approved	cascade-curator	2026-03-16T20:30:00Z	Third-party source (passage psg-athanasius-apol-const-29-31) reports athanasius-of-alexandria as affirming 'apostolic-succession-transmits-faith'. Excerpt: 'Paraphrase: Athanasius recounts how Frument
clm-athanasius-affirms-succession	reviewed	cascade-curator	2026-03-16T20:00:00Z	Third-party attestation from passage psg-athanasius-apol-const-29-31: athanasius-of-alexandria is reported as affirming 'apostolic-succession-transmits-faith'. Excerpt: 'Paraphrase: Athanasius recount
clm-athanasius-affirms-trinity	approved	cascade-curator	2026-03-16T20:30:00Z	Third-party source (passage psg-athanasius-apol-const-29-31) reports athanasius-of-alexandria as affirming 'trinity-is-three-persons-one-substance'. Excerpt: 'Paraphrase: Athanasius recounts how Frume
clm-athanasius-affirms-trinity	reviewed	cascade-curator	2026-03-16T20:00:00Z	Third-party attestation from passage psg-athanasius-apol-const-29-31: athanasius-of-alexandria is reported as affirming 'trinity-is-three-persons-one-substance'. Excerpt: 'Paraphrase: Athanasius recou
clm-athanasius-affirms-virgin-birth	approved	cascade-curator	2026-03-16T20:30:00Z	Third-party source (passage psg-athanasius-apol-const-29-31) reports athanasius-of-alexandria as affirming 'jesus-born-of-virgin'. Excerpt: 'Paraphrase: Athanasius recounts how Frumentius was consecra
clm-athanasius-affirms-virgin-birth	reviewed	cascade-curator	2026-03-16T20:00:00Z	Third-party attestation from passage psg-athanasius-apol-const-29-31: athanasius-of-alexandria is reported as affirming 'jesus-born-of-virgin'. Excerpt: 'Paraphrase: Athanasius recounts how Frumentius
clm-athanasius-bishop-alexandria	approved	cascade-curator	2026-03-16T13:00:00Z	Athanasius was bishop of Alexandria 328-373 CE with multiple interruptions for exile. His episcopate is documented in his own works, council records, and extensive ancient testimony. Universally accepted.
clm-athanasius-bishop-alexandria	approved	cascade-curator	2026-03-17T12:30:00Z	Upgraded reviewed→approved: probable certainty with direct supports evidence. Confidence set to medium.
clm-athanasius-bishop-alexandria	reviewed	cascade-curator	2026-03-16T22:30:00Z	QA-full: bishop_of (athanasius-of-alexandria → alexandria) cert=probable: no supports evidence; downgraded approved/high → reviewed/medium.
clm-athanasius-bishop-alexandria	reviewed	cascade-curator	2026-03-16T23:00:00Z	Reviewed (contextual): athanasius-of-alexandria bishop_of alexandria. Certainty probable. Passage psg-rufinus-he-1-10: 'Paraphrase: The Indian philosopher Metrodorus had earlier traveled to farther In
clm-athanasius-coworker-constantius	approved	cascade-curator	2026-03-16T20:30:00Z	athanasius-of-alexandria coworker_of constantius-ii: strong inference from passage psg-athanasius-apol-const-29-31. Excerpt: 'Paraphrase: Athanasius recounts how Frumentius was consecrated bishop for
clm-athanasius-coworker-constantius	reviewed	cascade-curator	2026-03-16T20:00:00Z	Passage psg-athanasius-apol-const-29-31 supports athanasius-of-alexandria coworker_of constantius-ii. Excerpt: 'Paraphrase: Athanasius recounts how Frumentius was consecrated bishop for the Indians (A
clm-athanasius-coworker-eusebius	approved	cascade-curator	2026-03-16T20:00:00Z	Passage psg-eusebius-he-6-19 explicitly names athanasius-of-alexandria as coworker of eusebius-of-caesarea. Excerpt: 'Paraphrase: Origen's fame spread throughout the whole world; Beryllus of Bostra, A
clm-athanasius-coworker-eusebius	approved	cascade-curator	2026-03-17T04:00:00Z	Confidence calibrated: high->medium (certainty=probable, pred=coworker_of)
clm-athanasius-coworker-ezana	approved	cascade-curator	2026-03-17T04:00:00Z	Confidence calibrated: high->medium (certainty=probable, pred=coworker_of)
clm-athanasius-coworker-frumentius	approved	cascade-curator	2026-03-16T16:00:00Z	Passage psg-athanasius-apol-const-29-31 directly names both athanasius-of-alexandria and frumentius working together: 'Paraphrase: Athanasius recounts how Frumentius was consecrated bishop for the Indians (Aksumites) and how Constantius de...'
clm-athanasius-member-alexandrian	approved	cascade-curator	2026-03-17T12:30:00Z	Upgraded reviewed→approved: probable certainty with direct supports evidence. Confidence set to medium.
clm-athanasius-member-alexandrian	reviewed	cascade-curator	2026-03-16T16:00:00Z	Only contextualizing evidence for athanasius-of-alexandria in alexandrian-church. Excerpt: 'Paraphrase: The Indian philosopher Metrodorus had earlier traveled to farther India and returned tel...' Needs stronger direct attestation.
clm-athanasius-member-alexandrian	reviewed	cascade-curator	2026-03-16T20:30:00Z	Claim clm-athanasius-member-alexandrian (member_of_group: athanasius-of-alexandria → alexandrian-church) has only contextualizing evidence. Certainty probable is appropriate given indirect support.
clm-athanasius-member-alexandrian	reviewed	cascade-curator	2026-03-16T23:00:00Z	Reviewed (contextual): athanasius-of-alexandria member_of_group alexandrian-church. Certainty probable. Passage psg-rufinus-he-1-10: 'Paraphrase: The Indian philosopher Metrodorus had earlier traveled
clm-athanasius-participant-christianization	approved	cascade-curator	2026-03-16T20:00:00Z	Passage psg-athanasius-apol-const-29-31 explicitly names athanasius-of-alexandria as participant in christianization-of-aksum. Excerpt: 'Paraphrase: Athanasius recounts how Frumentius was consecrated
clm-athanasius-participant-christianization	reviewed	cascade-curator	2026-03-16T16:00:00Z	Passage psg-athanasius-apol-const-29-31 supports the claim but does not explicitly name both athanasius-of-alexandria and christianization-of-aksum together. Excerpt: 'Paraphrase: Athanasius recounts how Frumentius was consecrated bishop for the Indians (Aksumites) an...'
clm-athanasius-participant-nicaea	approved	cascade-curator	2026-03-17T11:30:00Z	Athanasius attended Nicaea as deacon and assistant to Bishop Alexander of Alexandria; he defended homoousios against the Arians.
clm-athanasius-teacher-frumentius	approved	cascade-curator	2026-03-17T12:30:00Z	Upgraded reviewed→approved: probable certainty with direct supports evidence. Confidence set to medium.
clm-athanasius-teacher-frumentius	reviewed	cascade-curator	2026-03-16T16:00:00Z	Contextualizing evidence for athanasius-of-alexandria teacher_of frumentius. The teacher-student relationship is attested by tradition. Excerpt: 'Paraphrase: The Indian philosopher Metrodorus had earlier traveled to farther India and returned tel...'
clm-athanasius-teacher-frumentius	reviewed	cascade-curator	2026-03-16T20:30:00Z	Claim clm-athanasius-teacher-frumentius (teacher_of: athanasius-of-alexandria → frumentius) has only contextualizing evidence. Certainty probable is appropriate given indirect support.
clm-athanasius-teacher-frumentius	reviewed	cascade-curator	2026-03-16T23:00:00Z	Reviewed (contextual): athanasius-of-alexandria teacher_of frumentius. Certainty probable. Passage psg-rufinus-he-1-10: 'Paraphrase: The Indian philosopher Metrodorus had earlier traveled to farther I
clm-athenagoras-active-athens	approved	cascade-curator	2026-03-16T20:00:00Z	Passage psg-athenagoras-emb-4-6 explicitly places athenagoras-of-athens in athens. Excerpt: 'Paraphrase: God is uncreated and eternal, to be beheld by the understanding alone; we acknowledge one God w
clm-athenagoras-active-athens	approved	cascade-curator	2026-03-17T04:00:00Z	Confidence calibrated: high->medium (certainty=probable, pred=active_in)
clm-athenagoras-emb-addressed-rome	approved	cascade-curator	2026-03-17T04:00:00Z	Confidence calibrated: high->medium (certainty=probable, pred=addressed_to_place)
clm-athenagoras-emb-affirms-fasting	approved	cascade-curator	2026-03-16T20:00:00Z	Passage psg-athenagoras-emb-10 from embassy-for-the-christians directly treats proposition 'fasting-is-required'. The work's affirms is attested from its own text. Excerpt: 'Paraphrase: The Son of God
clm-athenagoras-emb-affirms-fasting	approved	cascade-curator	2026-03-17T04:00:00Z	Confidence calibrated: high->medium (certainty=probable, pred=work_affirms_proposition)
clm-athenagoras-emb-affirms-fasting	reviewed	cascade-curator	2026-03-16T16:00:00Z	Only contextualizing evidence for embassy-for-the-christians work_affirms_proposition fasting-is-required. Passage psg-athenagoras-emb-10: 'Paraphrase: The Son of God is the Logos and mind of the Father; the Son is in the Father and the Fat...' A more directly relevant passage would strengthen this claim.
clm-athenagoras-emb-affirms-incarnation	approved	cascade-curator	2026-03-16T20:00:00Z	Passage psg-athenagoras-emb-10 from embassy-for-the-christians directly treats proposition 'christ-truly-became-flesh'. The work's affirms is attested from its own text. Excerpt: 'Paraphrase: The Son
clm-athenagoras-emb-affirms-incarnation	approved	cascade-curator	2026-03-17T04:00:00Z	Confidence calibrated: high->medium (certainty=probable, pred=work_affirms_proposition)
clm-athenagoras-emb-affirms-incarnation	reviewed	cascade-curator	2026-03-16T16:00:00Z	Only contextualizing evidence for embassy-for-the-christians work_affirms_proposition christ-truly-became-flesh. Passage psg-athenagoras-emb-10: 'Paraphrase: The Son of God is the Logos and mind of the Father; the Son is in the Father and the Fat...' A more directly relevant passage would strengthen this claim.
clm-athenagoras-emb-affirms-resurrection	approved	cascade-curator	2026-03-16T20:00:00Z	Passage psg-athenagoras-emb-10 from embassy-for-the-christians directly treats proposition 'bodies-will-be-raised-at-last-day'. The work's affirms is attested from its own text. Excerpt: 'Paraphrase:
clm-athenagoras-emb-affirms-resurrection	approved	cascade-curator	2026-03-17T01:00:00Z	Evidence reviewed post-linking: work_affirms_proposition (embassy-for-the-christians -> bodies-will-be-raised-at-last-day), cert=probable. New supports link to passage psg-athenagoras-emb-10. Excerpt:
clm-athenagoras-emb-affirms-resurrection	approved	cascade-curator	2026-03-17T04:00:00Z	Confidence calibrated: high->medium (certainty=probable, pred=work_affirms_proposition)
clm-athenagoras-emb-affirms-resurrection	reviewed	cascade-curator	2026-03-16T16:00:00Z	Only contextualizing evidence for embassy-for-the-christians work_affirms_proposition bodies-will-be-raised-at-last-day. Passage psg-athenagoras-emb-10: 'Paraphrase: The Son of God is the Logos and mind of the Father; the Son is in the Father and the Fat...' A more directly relevant passage would strengthen this claim.
clm-athenagoras-emb-affirms-virgin-birth	approved	cascade-curator	2026-03-16T20:00:00Z	Passage psg-athenagoras-emb-10 from embassy-for-the-christians directly treats proposition 'jesus-born-of-virgin'. The work's affirms is attested from its own text. Excerpt: 'Paraphrase: The Son of Go
clm-athenagoras-emb-affirms-virgin-birth	approved	cascade-curator	2026-03-17T04:00:00Z	Confidence calibrated: high->medium (certainty=probable, pred=work_affirms_proposition)
clm-athenagoras-emb-affirms-virgin-birth	reviewed	cascade-curator	2026-03-16T16:00:00Z	Only contextualizing evidence for embassy-for-the-christians work_affirms_proposition jesus-born-of-virgin. Passage psg-athenagoras-emb-10: 'Paraphrase: The Son of God is the Logos and mind of the Father; the Son is in the Father and the Fat...' A more directly relevant passage would strengthen this claim.
clm-athenagoras-emb-written-athens	approved	cascade-curator	2026-03-16T21:00:00Z	Strong inference from passage psg-athenagoras-emb-4-6 supports written_at (embassy-for-the-christians → athens). Certainty probable. Excerpt: 'Paraphrase: God is uncreated and eternal, to be beheld by
clm-athenagoras-emb-written-athens	reviewed	cascade-curator	2026-03-16T20:00:00Z	embassy-for-the-christians written at athens: biographical consensus supported by passage psg-athenagoras-emb-4-6. No explicit internal naming of athens. Excerpt: 'Paraphrase: God is uncreated and ete
clm-athenagoras-emb-written-athens	reviewed	cascade-curator	2026-03-16T20:30:00Z	embassy-for-the-christians written at athens: weak place evidence. Passage psg-athenagoras-emb-4-6: 'Paraphrase: God is uncreated and eternal, to be beheld by the understanding alone; we acknowledge o
clm-baptism-year	approved	cascade-curator	2026-03-17T04:00:00Z	Confidence calibrated: high->medium (certainty=probable, pred=event_has_year)
clm-bardaisan-active-armenia	approved	cascade-curator	2026-03-16T20:00:00Z	Passage psg-eusebius-he-4-30 explicitly places bardaisan-of-edessa in edessa. Excerpt: 'Paraphrase: Eusebius reports that Bardaisan of Edessa was at first a follower of Valentinus but later turned aga
clm-bardaisan-active-edessa	approved	cascade-curator	2026-03-16T16:00:00Z	Passage psg-eusebius-he-4-30 directly places bardaisan-of-edessa in edessa: 'Paraphrase: Eusebius reports that Bardaisan of Edessa was at first a follower of Valentinus but later turned against the...'
clm-bardaisan-affirms-incarnation	approved	cascade-curator	2026-03-17T04:00:00Z	Confidence calibrated: high->medium (certainty=probable, pred=person_affirms_proposition)
clm-bardaisan-in-conversion	approved	cascade-curator	2026-03-17T04:00:00Z	Confidence calibrated: high->medium (certainty=probable, pred=participant_in)
clm-bardaisan-member-bardesanites	approved	cascade-curator	2026-03-16T20:00:00Z	Passage psg-wikipedia-early-church-geography explicitly names bardaisan-of-edessa as member of bardesanites. Excerpt: 'Early centers of Christianity included Jerusalem, Antioch, Alexandria, Rome, Cart
clm-bardaisan-member-bardesanites	reviewed	cascade-curator	2026-03-16T13:00:00Z	Bardaisan founded a school whose followers were called Bardesanites (attested in Ephrem's Hymns against Heresies). The Book of Laws of Countries passage contextualizes his teaching. Medium confidence: Bardaisan's exact sectarian status is debated; some see him as heterodox, others as orthodox Syriac Christian.
clm-bardaisan-member-edessa-church	approved	cascade-curator	2026-03-16T16:00:00Z	Passage psg-eusebius-he-4-30 confirms bardaisan-of-edessa as member of edessa-church: 'Paraphrase: Eusebius reports that Bardaisan of Edessa was at first a follower of Valentinus but later turned against the...'
clm-bardesanites-at-edessa	approved	cascade-curator	2026-03-16T17:00:00Z	Passage psg-wikipedia-church-of-east-spread directly attests bardesanites present at edessa: 'The Church of the East was centered at Seleucia-Ctesiphon and extended through Persia, Mesopotamia (Edessa, Arbela), and'
clm-bardesanites-at-edessa	approved	cascade-curator	2026-03-17T04:00:00Z	Confidence calibrated: high->medium (certainty=probable, pred=group_present_at)
clm-bardesanites-at-mesopotamia	approved	cascade-curator	2026-03-16T20:00:00Z	Passage psg-wikipedia-church-of-east-spread explicitly places bardesanites at seleucia-ctesiphon. Excerpt: 'The Church of the East was centered at Seleucia-Ctesiphon and extended through Persia, Mesop
clm-bardesanites-at-mesopotamia	approved	cascade-curator	2026-03-17T04:00:00Z	Confidence calibrated: high->medium (certainty=probable, pred=group_present_at)
clm-bardesanites-schismed-from-edessa	approved	cascade-curator	2026-03-17T04:00:00Z	Confidence calibrated: high->medium (certainty=probable, pred=group_schismed_from)
clm-barnabas-active-cyprus	approved	cascade-curator	2026-03-16T20:00:00Z	Passage psg-acts-13-4-12 explicitly places barnabas in cyprus. Excerpt: 'Paraphrase: Barnabas and Saul sail to Cyprus, proclaim in Salamis, traverse the island to Paphos, and Sergius Paulus bel'
clm-barnabas-active-galatia	approved	cascade-curator	2026-03-17T04:00:00Z	Confidence calibrated: high->medium (certainty=probable, pred=active_in)
clm-barnabas-affirms-baptism-regen	approved	cascade-curator	2026-03-16T20:00:00Z	Passage psg-barnabas-11 from epistle-of-barnabas directly treats proposition 'baptism-effects-regeneration'. The work's affirms is attested from its own text. Excerpt: 'Regarding water, the Scripture
clm-barnabas-affirms-baptism-water	approved	cascade-curator	2026-03-16T20:00:00Z	Passage psg-barnabas-11 from epistle-of-barnabas directly treats proposition 'baptism-with-water-commanded'. The work's affirms is attested from its own text. Excerpt: 'Regarding water, the Scripture
clm-barnabas-affirms-bodily-resurrection	approved	cascade-curator	2026-03-16T20:00:00Z	Passage psg-barnabas-19 from epistle-of-barnabas directly treats proposition 'bodies-will-be-raised-at-last-day'. The work's affirms is attested from its own text. Excerpt: 'The way of light: love you
clm-barnabas-affirms-bodily-resurrection	approved	cascade-curator	2026-03-17T04:00:00Z	Confidence calibrated: high->medium (certainty=probable, pred=work_affirms_proposition)
clm-barnabas-affirms-catechumenate	approved	cascade-curator	2026-03-16T20:00:00Z	Passage psg-barnabas-18-1 from epistle-of-barnabas directly treats proposition 'catechumenate-precedes-baptism'. The work's affirms is attested from its own text. Excerpt: 'There are two ways of teach
clm-barnabas-affirms-catechumenate	approved	cascade-curator	2026-03-17T04:00:00Z	Confidence calibrated: high->medium (certainty=probable, pred=work_affirms_proposition)
clm-barnabas-affirms-catechumenate	reviewed	cascade-curator	2026-03-16T16:00:00Z	Only contextualizing evidence for epistle-of-barnabas work_affirms_proposition catechumenate-precedes-baptism. Passage psg-barnabas-18-1: 'There are two ways of teaching and of power, the one of light and the other of darkness; and there i...' A more directly relevant passage would strengthen this claim.
clm-barnabas-affirms-fasting	approved	cascade-curator	2026-03-16T20:00:00Z	Passage psg-barnabas-19 from epistle-of-barnabas directly treats proposition 'fasting-is-required'. The work's affirms is attested from its own text. Excerpt: 'The way of light: love your Creator, glo
clm-barnabas-affirms-incarnation	approved	cascade-curator	2026-03-16T15:00:00Z	Barnabas 5.10 states 'the Son of God... came in the flesh and suffered'; the incarnation is explicitly affirmed as the basis for the OT's fulfillment. Directly attested.
clm-barnabas-affirms-judgment	approved	cascade-curator	2026-03-16T20:00:00Z	Passage psg-barnabas-18-1 from epistle-of-barnabas directly treats proposition 'final-judgment-is-coming'. The work's affirms is attested from its own text. Excerpt: 'There are two ways of teaching an
clm-barnabas-affirms-judgment	approved	cascade-curator	2026-03-17T04:00:00Z	Confidence calibrated: high->medium (certainty=probable, pred=work_affirms_proposition)
clm-barnabas-affirms-judgment	reviewed	cascade-curator	2026-03-16T16:00:00Z	Only contextualizing evidence for epistle-of-barnabas work_affirms_proposition final-judgment-is-coming. Passage psg-barnabas-18-1: 'There are two ways of teaching and of power, the one of light and the other of darkness; and there i...' A more directly relevant passage would strengthen this claim.
clm-barnabas-affirms-logos	approved	cascade-curator	2026-03-16T20:00:00Z	Passage psg-barnabas-6 from epistle-of-barnabas directly treats proposition 'logos-is-pre-existent-son-of-god'. The work's affirms is attested from its own text. Excerpt: 'Since therefore He was about
clm-barnabas-affirms-logos	approved	cascade-curator	2026-03-17T04:00:00Z	Confidence calibrated: high->medium (certainty=probable, pred=work_affirms_proposition)
clm-barnabas-affirms-martyrdom-witness	approved	cascade-curator	2026-03-16T20:00:00Z	Passage psg-barnabas-19 from epistle-of-barnabas directly treats proposition 'martyrdom-witnesses-to-christ'. The work's affirms is attested from its own text. Excerpt: 'The way of light: love your Cr
clm-barnabas-affirms-martyrdom-witness	approved	cascade-curator	2026-03-17T04:00:00Z	Confidence calibrated: high->medium (certainty=probable, pred=work_affirms_proposition)
clm-barnabas-affirms-ot-scripture	approved	cascade-curator	2026-03-16T20:00:00Z	Passage psg-barnabas-11 from epistle-of-barnabas directly treats proposition 'old-testament-is-authoritative-scripture'. The work's affirms is attested from its own text. Excerpt: 'Regarding water, th
clm-barnabas-affirms-ot-scripture	approved	cascade-curator	2026-03-17T04:00:00Z	Confidence calibrated: high->medium (certainty=probable, pred=work_affirms_proposition)
clm-barnabas-affirms-ot-scripture	reviewed	cascade-curator	2026-03-16T16:00:00Z	Only contextualizing evidence for epistle-of-barnabas work_affirms_proposition old-testament-is-authoritative-scripture. Passage psg-barnabas-11: 'Regarding water, the Scripture speaks concerning Israel: woe to those who have abandoned the living ...' A more directly relevant passage would strengthen this claim.
clm-barnabas-affirms-repentance	approved	cascade-curator	2026-03-16T20:00:00Z	Passage psg-barnabas-18-1 from epistle-of-barnabas directly treats proposition 'repentance-is-required'. The work's affirms is attested from its own text. Excerpt: 'There are two ways of teaching and
clm-barnabas-affirms-repentance	approved	cascade-curator	2026-03-17T04:00:00Z	Confidence calibrated: high->medium (certainty=probable, pred=work_affirms_proposition)
clm-barnabas-affirms-repentance	reviewed	cascade-curator	2026-03-16T16:00:00Z	Only contextualizing evidence for epistle-of-barnabas work_affirms_proposition repentance-is-required. Passage psg-barnabas-18-1: 'There are two ways of teaching and of power, the one of light and the other of darkness; and there i...' A more directly relevant passage would strengthen this claim.
clm-barnabas-affirms-virgin-birth	approved	cascade-curator	2026-03-16T20:00:00Z	Passage psg-barnabas-11 from epistle-of-barnabas directly treats proposition 'jesus-born-of-virgin'. The work's affirms is attested from its own text. Excerpt: 'Regarding water, the Scripture speaks c
clm-barnabas-affirms-virgin-birth	approved	cascade-curator	2026-03-17T04:00:00Z	Confidence calibrated: high->medium (certainty=probable, pred=work_affirms_proposition)
clm-barnabas-antioch-church	approved	cascade-curator	2026-03-16T20:00:00Z	Passage psg-acts-13-1 explicitly names barnabas as member of antioch-church. Excerpt: 'Paraphrase: In the church at Antioch there were prophets and teachers including Barnabas, Simeon called Niger, Lu
clm-barnabas-antioch-church	approved	cascade-curator	2026-03-17T15:30:00Z	Review aligned: claim status=superseded.
clm-barnabas-antioch-church	reviewed	cascade-curator	2026-03-17T02:00:00Z	Claim deprecated as duplicate: clm-barnabas-member-antioch-2 (42-48) covers the same relationship; this yr=46-46 is redundant.
clm-barnabas-coworker-john-mark	approved	cascade-curator	2026-03-16T20:00:00Z	Passage psg-acts-12-25 explicitly names barnabas as coworker of john-mark. Excerpt: 'Paraphrase: Barnabas and Saul return from Jerusalem, taking John Mark with them.'
clm-barnabas-coworker-john-mark-cyprus	approved	cascade-curator	2026-03-16T20:00:00Z	Passage psg-acts-11-25-26 explicitly names barnabas as coworker of john-mark. Excerpt: 'Paraphrase: Barnabas brings Saul to Antioch, where they teach with the church and the disciples are first called
clm-barnabas-coworker-john-mark-cyprus	needs_revision	cascade-curator	2026-03-17T09:30:00Z	Superseded: duplicate of clm-barnabas-coworker-john-mark (barnabas coworker_of john-mark); year ranges merged.
clm-barnabas-coworker-paul	needs_revision	cascade-curator	2026-03-17T09:30:00Z	Superseded: duplicate of clm-paul-coworker-barnabas-jerusalem (barnabas coworker_of paul); year ranges merged.
clm-barnabas-coworker-silas	approved	cascade-curator	2026-03-17T04:00:00Z	Confidence calibrated: high->medium (certainty=probable, pred=coworker_of)
clm-barnabas-ep-by-barnabas	approved	cascade-curator	2026-03-17T06:00:00Z	Traditional attribution to Barnabas of Cyprus rejected by Origen and most moderns; pseudonymous Alexandrian Christian c. 70-135 CE.
clm-barnabas-in-jerusalem-persecution	approved	cascade-curator	2026-03-17T12:30:00Z	Upgraded reviewed→approved: probable certainty with direct supports evidence. Confidence set to medium.
clm-barnabas-in-jerusalem-persecution	reviewed	cascade-curator	2026-03-16T20:30:00Z	Claim clm-barnabas-in-jerusalem-persecution (participant_in: barnabas → jerusalem-persecution-after-stephen) has only contextualizing evidence. Certainty probable is appropriate given indirect support
clm-barnabas-in-jerusalem-persecution	reviewed	cascade-curator	2026-03-16T23:00:00Z	Reviewed (contextual): barnabas participant_in jerusalem-persecution-after-stephen. Certainty probable. Passage psg-acts-8-1-3: 'Paraphrase: A great persecution breaks out against the church in Jerusa
clm-barnabas-member-antioch-2	approved	cascade-curator	2026-03-16T12:00:00Z	Acts 11:25-26 places Barnabas in Antioch teaching with the church for a whole year. His membership in the Antioch community is explicitly attested.
clm-barnabas-teacher-john-mark	approved	cascade-curator	2026-03-17T04:00:00Z	Confidence calibrated: high->medium (certainty=probable, pred=teacher_of)
clm-bartholomew-active-galilee	approved	cascade-curator	2026-03-16T20:00:00Z	Passage psg-matt-10-2-4 explicitly places bartholomew in galilee. Excerpt: 'Paraphrase: Matthew lists the names of the Twelve apostles including Thomas, Matthew, Philip, and Bartholomew.'
clm-bartholomew-active-galilee	approved	cascade-curator	2026-03-17T04:00:00Z	Confidence calibrated: high->medium (certainty=probable, pred=active_in)
clm-bartholomew-active-india	approved	cascade-curator	2026-03-16T16:00:00Z	Passage psg-eusebius-he-5-10-3-4 directly places bartholomew in india-malabar: 'Paraphrase: Pantaenus is said to have gone to India where he found persons who knew of Christ. Bartholomew one of the ap...'
clm-bartholomew-active-india	approved	cascade-curator	2026-03-17T04:00:00Z	Confidence calibrated: high->medium (certainty=claimed_tradition, pred=active_in)
clm-bartholomew-disciple	approved	cascade-curator	2026-03-16T20:00:00Z	Passage psg-matt-10-2-4 explicitly names bartholomew as member of disciples-of-jesus. Excerpt: 'Paraphrase: Matthew lists the names of the Twelve apostles including Thomas, Matthew, Philip, and Bartho
clm-bartholomew-in-pentecost	approved	cascade-curator	2026-03-17T04:00:00Z	Confidence calibrated: high->medium (certainty=probable, pred=participant_in)
clm-bartholomew-member-india-christians	approved	cascade-curator	2026-03-16T20:30:00Z	Third-party source (passage psg-rufinus-he-1-9) reports bartholomew as affirming 'bartholomew-preached-in-india'. Excerpt: 'Paraphrase: A philosopher named Meropius of Tyre sailed to India with two bo
clm-bartholomew-member-india-christians	reviewed	cascade-curator	2026-03-16T16:00:00Z	Evidence supports bartholomew person_affirms_proposition 'bartholomew-preached-in-india'. Excerpt: 'Paraphrase: A philosopher named Meropius of Tyre sailed to India with two boys Frumentius and Aedesi...'
clm-bartholomew-member-india-christians	reviewed	cascade-curator	2026-03-16T20:00:00Z	Third-party attestation from passage psg-rufinus-he-1-9: bartholomew is reported as affirming 'bartholomew-preached-in-india'. Excerpt: 'Paraphrase: A philosopher named Meropius of Tyre sailed to Indi
clm-basilides-active-alexandria	approved	cascade-curator	2026-03-16T22:30:00Z	QA-enhanced: active_in (basilides → alexandria) cert=probable. Primary passage psg-irenaeus-ah-1-24-1-2: 'Basilides says that there is one unbegotten father, by name Abraxas, by whom was born Nous; fr
clm-basilides-active-alexandria	approved	cascade-curator	2026-03-17T01:00:00Z	Evidence reviewed post-linking: active_in (basilides -> alexandria), cert=probable. New supports link to passage psg-eusebius-he-4-7-1-3. Excerpt: 'At the time of the Emperor Hadrian the heresiarchs a
clm-basilides-active-alexandria	approved	cascade-curator	2026-03-17T04:00:00Z	Confidence calibrated: high->medium (certainty=probable, pred=active_in)
clm-basilides-opposes-incarnation	approved	cascade-curator	2026-03-16T22:00:00Z	QA-enhanced: person_opposes_proposition (basilides → christ-truly-became-flesh). Certainty probable. Primary evidence: passage psg-irenaeus-ah-1-24-1-2. Excerpt: 'Basilides says that there is one unbe
clm-basilides-opposes-incarnation	approved	cascade-curator	2026-03-17T04:00:00Z	Confidence calibrated: high->medium (certainty=probable, pred=person_opposes_proposition)
clm-basilides-opposes-logos	approved	cascade-curator	2026-03-17T04:00:00Z	Confidence calibrated: high->medium (certainty=probable, pred=person_opposes_proposition)
clm-basilides-opposes-ot-scripture	approved	cascade-curator	2026-03-17T04:00:00Z	Confidence calibrated: high->medium (certainty=probable, pred=person_opposes_proposition)
clm-basilides-opposes-passion	approved	cascade-curator	2026-03-17T04:00:00Z	Confidence calibrated: high->medium (certainty=probable, pred=person_opposes_proposition)
clm-basilides-opposes-resurrection	approved	cascade-curator	2026-03-16T20:30:00Z	Third-party source (passage psg-irenaeus-ah-1-24-1-2) reports basilides as opposing 'bodies-will-be-raised-at-last-day'. Excerpt: 'Basilides says that there is one unbegotten father, by name Abraxas,
clm-basilides-opposes-resurrection	reviewed	cascade-curator	2026-03-16T20:00:00Z	Third-party attestation from passage psg-irenaeus-ah-1-24-1-2: basilides is reported as opposing 'bodies-will-be-raised-at-last-day'. Excerpt: 'Basilides says that there is one unbegotten father, by n
clm-basilides-opposes-virgin-birth	approved	cascade-curator	2026-03-17T04:00:00Z	Confidence calibrated: high->medium (certainty=probable, pred=person_opposes_proposition)
clm-battle-milvian-bridge-year	approved	cascade-curator	2026-03-17T11:30:00Z	Battle of Milvian Bridge fought 28 October 312 CE.
clm-bernice-active-caesarea	approved	cascade-curator	2026-03-16T20:00:00Z	Passage psg-acts-25-13-23 explicitly places bernice in caesarea. Excerpt: 'Paraphrase: Agrippa and Bernice come to Caesarea, where Festus presents Paul's case and a formal hearing is arranged.'
clm-beryllus-bishop-of-bostra	approved	cascade-curator	2026-03-16T16:00:00Z	Passage psg-eusebius-he-6-19 directly attests beryllus-of-bostra as bishop of bostra: 'Paraphrase: Origen's fame spread throughout the whole world; Beryllus of Bostra, Alexander of Jerusalem, and many other ...'
clm-beryllus-participant-synod-bostra	approved	cascade-curator	2026-03-16T16:00:00Z	Passage psg-eusebius-he-6-19 directly names beryllus-of-bostra as a participant in synod-of-bostra: 'Paraphrase: Origen's fame spread throughout the whole world; Beryllus of Bostra, Alexander of Jerusalem, and many other ...' Claim is directly attested.
clm-british-church-controls-britannia	approved	cascade-curator	2026-03-16T17:00:00Z	Passage psg-wikipedia-british-church-control directly attests british-church controlling britannia: 'Christianity spread in Roman Britain during the 3rd and 4th centuries. The British church had bishops and ecclesiastical'
clm-british-church-controls-britannia	approved	cascade-curator	2026-03-17T04:00:00Z	Confidence calibrated: high->medium (certainty=probable, pred=controls_place)
clm-british-church-controls-londinium	approved	cascade-curator	2026-03-16T20:00:00Z	Passage psg-council-arles-subscriptions explicitly places british-church at londinium. Excerpt: 'Paraphrase: Among the bishops who signed the acts of the Council of Arles in 314 were three from Britai
clm-british-church-controls-londinium	approved	cascade-curator	2026-03-17T04:00:00Z	Confidence calibrated: high->medium (certainty=probable, pred=controls_place)
clm-british-church-controls-londinium	reviewed	cascade-curator	2026-03-16T17:00:00Z	Evidence supports british-church controls londinium. Excerpt: 'Paraphrase: Among the bishops who signed the acts of the Council of Arles in 314 were three from Britain: Eborius bishop'
clm-british-church-group-present-arles	approved	cascade-curator	2026-03-16T17:00:00Z	Passage psg-council-arles-subscriptions directly attests british-church present at arles: 'Paraphrase: Among the bishops who signed the acts of the Council of Arles in 314 were three from Britain: Eborius bishop'
clm-burial-at-jerusalem	approved	cascade-curator	2026-03-17T04:00:00Z	Confidence calibrated: high->medium (certainty=probable, pred=event_occurs_at)
clm-burial-year	approved	cascade-curator	2026-03-16T20:30:00Z	Year for burial-of-jesus: – CE well-supported by passage psg-john-19-38-42. Certainty probable. Excerpt: 'Paraphrase: Joseph of Arimathea and Nicodemus bury Jesus.'
clm-burial-year	reviewed	cascade-curator	2026-03-16T20:00:00Z	Year for burial-of-jesus supported by passage psg-john-19-38-42. Excerpt: 'Paraphrase: Joseph of Arimathea and Nicodemus bury Jesus.'
clm-ca-affirms-incarnation	approved	cascade-curator	2026-03-16T20:00:00Z	Passage psg-hippolytus-ca-2-3 from on-christ-and-antichrist directly treats proposition 'christ-truly-became-flesh'. The work's affirms is attested from its own text. Excerpt: 'Paraphrase: The blessed
clm-ca-affirms-incarnation	approved	cascade-curator	2026-03-17T04:00:00Z	Confidence calibrated: high->medium (certainty=probable, pred=work_affirms_proposition)
clm-ca-affirms-incarnation	reviewed	cascade-curator	2026-03-16T16:00:00Z	Only contextualizing evidence for on-christ-and-antichrist work_affirms_proposition christ-truly-became-flesh. Passage psg-hippolytus-ca-2-3: 'Paraphrase: The blessed prophets were eyes to us; they foresaw through faith the mysteries of the Wo...' A more directly relevant passage would strengthen this claim.
clm-ca-affirms-judgment	approved	cascade-curator	2026-03-16T16:00:00Z	Passage psg-hippolytus-ca-61-64 from on-christ-and-antichrist directly addresses the proposition 'final-judgment-is-coming'. Excerpt: 'Paraphrase: The Antichrist will arise as a deceiving king from the tribe of Dan; he will rebuild the temple in Jerusalem; he will persecute ...' The work's affirms of this proposition is directly attested.
clm-ca-affirms-ot-scripture	approved	cascade-curator	2026-03-16T20:00:00Z	Passage psg-hippolytus-ca-2-3 from on-christ-and-antichrist directly treats proposition 'old-testament-is-authoritative-scripture'. The work's affirms is attested from its own text. Excerpt: 'Paraphra
clm-ca-affirms-ot-scripture	approved	cascade-curator	2026-03-17T04:00:00Z	Confidence calibrated: high->medium (certainty=probable, pred=work_affirms_proposition)
clm-ca-affirms-ot-scripture	reviewed	cascade-curator	2026-03-16T16:00:00Z	Only contextualizing evidence for on-christ-and-antichrist work_affirms_proposition old-testament-is-authoritative-scripture. Passage psg-hippolytus-ca-2-3: 'Paraphrase: The blessed prophets were eyes to us; they foresaw through faith the mysteries of the Wo...' A more directly relevant passage would strengthen this claim.
clm-ca-affirms-resurrection	approved	cascade-curator	2026-03-16T20:00:00Z	Passage psg-hippolytus-ca-61-64 from on-christ-and-antichrist directly treats proposition 'bodies-will-be-raised-at-last-day'. The work's affirms is attested from its own text. Excerpt: 'Paraphrase: T
clm-ca-affirms-resurrection	reviewed	cascade-curator	2026-03-16T16:00:00Z	Passage psg-hippolytus-ca-61-64 from on-christ-and-antichrist supports but the excerpt does not use the exact language of 'bodies-will-be-raised-at-last-day'. The proposition is conveyed through the overall context of this passage. Excerpt: 'Paraphrase: The Antichrist will arise as a deceiving king from the tribe of Dan; he will rebuild the...'
clm-ca-by-hippolytus	approved	cascade-curator	2026-03-16T20:00:00Z	Passage psg-hippolytus-ca-2-3 is drawn from on-christ-and-antichrist itself, directly confirming authorship. Excerpt: 'Paraphrase: The blessed prophets were eyes to us; they foresaw through faith the
clm-ca-by-hippolytus	reviewed	cascade-curator	2026-03-16T16:00:00Z	Evidence supports on-christ-and-antichrist authored_by hippolytus-of-rome; passage psg-hippolytus-ca-2-3 provides supporting context. Excerpt: 'Paraphrase: The blessed prophets were eyes to us; they foresaw through faith the mysteries of the Wo...'
clm-ca-written-rome	approved	cascade-curator	2026-03-16T21:00:00Z	Strong inference from passage psg-hippolytus-ca-2-3 supports written_at (on-christ-and-antichrist → rome). Certainty probable. Excerpt: 'Paraphrase: The blessed prophets were eyes to us; they foresaw
clm-ca-written-rome	reviewed	cascade-curator	2026-03-16T16:00:00Z	Evidence supports on-christ-and-antichrist written_at rome but rome is not named in the excerpt. Biographical tradition supports this attribution. Excerpt: 'Paraphrase: The blessed prophets were eyes to us; they foresaw through faith the mysteries of the Wo...'
clm-ca-written-rome	reviewed	cascade-curator	2026-03-16T20:00:00Z	on-christ-and-antichrist written at rome: biographical consensus supported by passage psg-hippolytus-ca-2-3. No explicit internal naming of rome. Excerpt: 'Paraphrase: The blessed prophets were eyes t
clm-ca-written-rome	reviewed	cascade-curator	2026-03-16T20:30:00Z	on-christ-and-antichrist written at rome: weak place evidence. Passage psg-hippolytus-ca-2-3: 'Paraphrase: The blessed prophets were eyes to us; they foresaw through faith the mysteries of the Wo'. Ce
clm-caesarean-church-at-caesarea	approved	cascade-curator	2026-03-16T20:00:00Z	Passage psg-eusebius-he-6-19 explicitly places caesarean-church at caesarea. Excerpt: 'Paraphrase: Origen's fame spread throughout the whole world; Beryllus of Bostra, Alexander of Jerusalem, and many
clm-caesarean-church-at-caesarea	reviewed	cascade-curator	2026-03-16T17:00:00Z	Evidence supports caesarean-church present at caesarea but excerpt does not name both explicitly. Excerpt: 'Paraphrase: Origen's fame spread throughout the whole world; Beryllus of Bostra, Alexander of Jerusalem, and many other '
clm-caiaphas-active-jerusalem	approved	cascade-curator	2026-03-17T04:00:00Z	Confidence calibrated: high->medium (certainty=probable, pred=active_in)
clm-caiaphas-in-temple-era	approved	cascade-curator	2026-03-17T04:00:00Z	Confidence calibrated: high->low (certainty=possible, pred=participant_in)
clm-calling-at-capernaum	approved	cascade-curator	2026-03-16T20:30:00Z	Strong support: calling-of-the-first-disciples at capernaum. Passage psg-mark-1-16-20: 'Paraphrase: Jesus calls Simon, Andrew, James, and John, and they leave their work to follow him.'
clm-calling-at-capernaum	reviewed	cascade-curator	2026-03-16T20:00:00Z	Contextual evidence for calling-of-the-first-disciples at capernaum. Passage psg-mark-1-16-20: 'Paraphrase: Jesus calls Simon, Andrew, James, and John, and they leave their wor'
clm-calling-year	approved	cascade-curator	2026-03-16T20:30:00Z	Year for calling-of-the-first-disciples: – CE well-supported by passage psg-mark-1-16-20. Certainty probable. Excerpt: 'Paraphrase: Jesus calls Simon, Andrew, James, and John, and they leave their wor
clm-calling-year	reviewed	cascade-curator	2026-03-16T12:00:00Z	Mark 1:16-20 narrates the calling of the first disciples in Galilee. The passage establishes the event; the year (~27-28 CE) is inferred from the Galilean ministry chronology. The event is narratively attested; its year is a scholarly inference.
clm-calling-year	reviewed	cascade-curator	2026-03-16T20:00:00Z	Year for calling-of-the-first-disciples supported by passage psg-mark-1-16-20. Excerpt: 'Paraphrase: Jesus calls Simon, Andrew, James, and John, and they leave their work to follow him.'
clm-callistus-bishop-rome	approved	cascade-curator	2026-03-16T16:00:00Z	Passage psg-hippolytus-ref-9-7 directly attests callistus-i as bishop of rome: 'Paraphrase: Callistus, having been appointed over the cemetery by Zephyrinus, brought many into his following. He was th...'
clm-callistus-in-schism	approved	cascade-curator	2026-03-16T16:00:00Z	Passage psg-hippolytus-ref-9-7 directly names callistus-i as a participant in hippolytus-callistus-schism: 'Paraphrase: Callistus, having been appointed over the cemetery by Zephyrinus, brought many into his following. He was th...' Claim is directly attested.
clm-callistus-member-roman-church	approved	cascade-curator	2026-03-16T16:00:00Z	Passage psg-hippolytus-ref-9-7 confirms callistus-i as member of roman-church: 'Paraphrase: Callistus, having been appointed over the cemetery by Zephyrinus, brought many into his following. He was th...'
clm-callistus-person-affirms-penance	approved	cascade-curator	2026-03-16T20:30:00Z	Third-party source (passage psg-hippolytus-ref-9-11-12) reports callistus-i as affirming 'post-baptismal-sin-forgiven-by-penance'. Excerpt: 'Paraphrase: Callistus alleged that the parable of the tares
clm-callistus-person-affirms-penance	approved	cascade-curator	2026-03-16T22:00:00Z	QA: attested claim with explicit+direct evidence upgraded to approved/high. person_affirms_proposition (callistus-i → post-baptismal-sin-forgiven-by-penance). Passage psg-hippolytus-ref-9-11-12: 'Para
clm-callistus-person-affirms-penance	reviewed	cascade-curator	2026-03-16T16:00:00Z	Passage psg-hippolytus-ref-9-11-12 names callistus-i in relation to 'post-baptismal-sin-forgiven-by-penance'. The person_affirms_proposition is attested by passage content. Excerpt: 'Paraphrase: Callistus alleged that the parable of the tares growing together with the wheat was spoken in reference to t...'
clm-callistus-person-affirms-penance	reviewed	cascade-curator	2026-03-16T20:00:00Z	Third-party attestation from passage psg-hippolytus-ref-9-11-12: callistus-i is reported as affirming 'post-baptismal-sin-forgiven-by-penance'. Excerpt: 'Paraphrase: Callistus alleged that the parable
clm-carpus-active-troas	approved	cascade-curator	2026-03-16T20:00:00Z	Passage psg-2tim-4-13 explicitly places carpus in troas. Excerpt: 'Paraphrase: Paul asks Timothy to bring the cloak left with Carpus at Troas when he comes.'
clm-carpus-disciple	approved	cascade-curator	2026-03-17T04:00:00Z	Confidence calibrated: high->medium (certainty=probable, pred=member_of_group)
clm-carthage-church-at-carthage	approved	cascade-curator	2026-03-16T20:00:00Z	Passage psg-tertullian-apol-39 explicitly places carthage-church at carthage. Excerpt: 'We are a body knit together by a common religious profession, by unity of discipline, and by the bond of a commo
clm-carthage-church-at-carthage	approved	cascade-curator	2026-03-17T04:00:00Z	Confidence calibrated: high->medium (certainty=probable, pred=group_present_at)
clm-carthage-church-at-carthage	reviewed	cascade-curator	2026-03-16T17:00:00Z	Evidence supports carthage-church present at carthage but excerpt does not name both explicitly. Excerpt: 'We are a body knit together by a common religious profession, by unity of discipline, and by the bond of a common hope. '
clm-cda-affirms-incarnation	approved	cascade-curator	2026-03-16T16:00:00Z	Passage psg-hippolytus-cda-4-23 from commentary-on-daniel-hippolytus directly addresses the proposition 'christ-truly-became-flesh'. Excerpt: 'Paraphrase: The first advent of our Lord in the flesh took place in Bethlehem, under Augustus, in the year 5500 from Adam. He suffered in hi...' The work's affirms of this proposition is directly attested.
clm-cda-affirms-incarnation	approved	cascade-curator	2026-03-17T04:00:00Z	Confidence calibrated: high->medium (certainty=probable, pred=work_affirms_proposition)
clm-cda-affirms-judgment	approved	cascade-curator	2026-03-16T16:00:00Z	Passage psg-hippolytus-cda-4-23 from commentary-on-daniel-hippolytus directly addresses the proposition 'final-judgment-is-coming'. Excerpt: 'Paraphrase: The first advent of our Lord in the flesh took place in Bethlehem, under Augustus, in the year 5500 from Adam. He suffered in hi...' The work's affirms of this proposition is directly attested.
clm-cda-affirms-resurrection	approved	cascade-curator	2026-03-16T20:00:00Z	Passage psg-hippolytus-cda-4-23 from commentary-on-daniel-hippolytus directly treats proposition 'bodies-will-be-raised-at-last-day'. The work's affirms is attested from its own text. Excerpt: 'Paraph
clm-cda-affirms-resurrection	approved	cascade-curator	2026-03-17T04:00:00Z	Confidence calibrated: high->medium (certainty=probable, pred=work_affirms_proposition)
clm-cda-affirms-resurrection	reviewed	cascade-curator	2026-03-16T16:00:00Z	Only contextualizing evidence for commentary-on-daniel-hippolytus work_affirms_proposition bodies-will-be-raised-at-last-day. Passage psg-hippolytus-cda-4-23: 'Paraphrase: The first advent of our Lord in the flesh took place in Bethlehem, under Augustus, in th...' A more directly relevant passage would strengthen this claim.
clm-cda-by-hippolytus	approved	cascade-curator	2026-03-16T20:00:00Z	Passage psg-hippolytus-cda-4-23 is drawn from commentary-on-daniel-hippolytus itself, directly confirming authorship. Excerpt: 'Paraphrase: The first advent of our Lord in the flesh took place in Beth
clm-cda-by-hippolytus	reviewed	cascade-curator	2026-03-16T16:00:00Z	Evidence supports commentary-on-daniel-hippolytus authored_by hippolytus-of-rome; passage psg-hippolytus-cda-4-23 provides supporting context. Excerpt: 'Paraphrase: The first advent of our Lord in the flesh took place in Bethlehem, under Augustus, in th...'
clm-cda-written-rome	approved	cascade-curator	2026-03-16T21:00:00Z	Strong inference from passage psg-hippolytus-cda-4-23 supports written_at (commentary-on-daniel-hippolytus → rome). Certainty probable. Excerpt: 'Paraphrase: The first advent of our Lord in the flesh
clm-cda-written-rome	reviewed	cascade-curator	2026-03-16T16:00:00Z	Evidence supports commentary-on-daniel-hippolytus written_at rome but rome is not named in the excerpt. Biographical tradition supports this attribution. Excerpt: 'Paraphrase: The first advent of our Lord in the flesh took place in Bethlehem, under Augustus, in th...'
clm-cda-written-rome	reviewed	cascade-curator	2026-03-16T20:00:00Z	commentary-on-daniel-hippolytus written at rome: biographical consensus supported by passage psg-hippolytus-cda-4-23. No explicit internal naming of rome. Excerpt: 'Paraphrase: The first advent of our
clm-cda-written-rome	reviewed	cascade-curator	2026-03-16T20:30:00Z	commentary-on-daniel-hippolytus written at rome: weak place evidence. Passage psg-hippolytus-cda-4-23: 'Paraphrase: The first advent of our Lord in the flesh took place in Bethlehem, under Augustus, i
clm-celerinus-active-rome	approved	cascade-curator	2026-03-16T20:00:00Z	Passage psg-eusebius-he-6-43 explicitly places celerinus in rome. Excerpt: 'Paraphrase: Eusebius preserves a letter of Cornelius of Rome describing Novatian's ordination irregularity: three simple'
clm-celerinus-active-rome	approved	cascade-curator	2026-03-17T04:00:00Z	Confidence calibrated: high->medium (certainty=probable, pred=active_in)
clm-celerinus-in-decian-persecution	approved	cascade-curator	2026-03-17T12:30:00Z	Upgraded reviewed→approved: probable certainty with direct supports evidence. Confidence set to medium.
clm-celerinus-in-decian-persecution	reviewed	cascade-curator	2026-03-16T16:00:00Z	Only contextualizing evidence for celerinus participant_in decian-persecution. Passage psg-eusebius-he-6-43 provides background but does not directly place celerinus at the event. Excerpt: 'Paraphrase: Eusebius preserves a letter of Cornelius of Rome describing Novatian's ordination irregu...'
clm-celerinus-in-decian-persecution	reviewed	cascade-curator	2026-03-16T20:30:00Z	Claim clm-celerinus-in-decian-persecution (participant_in: celerinus → decian-persecution) has only contextualizing evidence. Certainty probable is appropriate given indirect support.
clm-celerinus-in-decian-persecution	reviewed	cascade-curator	2026-03-16T23:00:00Z	"Reviewed (contextual): celerinus participant_in decian-persecution. Certainty probable. Passage psg-eusebius-he-6-43: ""Paraphrase: Eusebius preserves a letter of Cornelius of Rome describing Novatian'"
clm-celerinus-member-carthage-church	approved	cascade-curator	2026-03-16T20:30:00Z	celerinus member_of_group carthage-church well-supported by passage psg-cyprian-lapsis-15-16. Excerpt: 'Paraphrase: But to those who have stood firm and have not been overthrown, what great joy! To th
clm-celerinus-member-carthage-church	reviewed	cascade-curator	2026-03-16T16:00:00Z	Only contextualizing evidence for celerinus in carthage-church. Excerpt: 'Paraphrase: But to those who have stood firm and have not been overthrown, what great joy! To those ...' Needs stronger direct attestation.
clm-celerinus-member-carthage-church	reviewed	cascade-curator	2026-03-16T20:00:00Z	Passage psg-cyprian-lapsis-15-16 supports celerinus member_of_group carthage-church. Excerpt: 'Paraphrase: But to those who have stood firm and have not been overthrown, what great joy! To those '
clm-cerinthians-at-ephesus	approved	cascade-curator	2026-03-16T20:00:00Z	Passage psg-irenaeus-ah-3-3-4 explicitly places cerinthians at ephesus. Excerpt: 'Paraphrase: Polycarp was instructed by apostles, conversed with many who had seen Christ, and was appointed bishop of
clm-cerinthians-at-ephesus	approved	cascade-curator	2026-03-17T04:00:00Z	Confidence calibrated: high->medium (certainty=probable, pred=group_present_at)
clm-cerinthians-schismed-from-ephesian	approved	cascade-curator	2026-03-17T04:00:00Z	Confidence calibrated: high->medium (certainty=probable, pred=group_schismed_from)
clm-cerinthus-active-ephesus	approved	cascade-curator	2026-03-17T01:00:00Z	Evidence reviewed post-linking: active_in (cerinthus -> ephesus), cert=probable. New supports link to passage psg-eusebius-he-3-28-1-2. Excerpt: 'Gaius, in a dialogue against Proclus the Montanist, sp
clm-cerinthus-active-ephesus	approved	cascade-curator	2026-03-17T04:00:00Z	Confidence calibrated: high->medium (certainty=probable, pred=active_in)
clm-cerinthus-member-cerinthians	approved	cascade-curator	2026-03-16T22:30:00Z	QA-enhanced: member_of_group (cerinthus → cerinthians) cert=probable. Primary passage psg-irenaeus-ah-1-26-1: 'A certain Cerinthus in Asia taught that the world was not made by the primary God, but by
clm-cerinthus-member-cerinthians	approved	cascade-curator	2026-03-17T04:00:00Z	Confidence calibrated: high->medium (certainty=probable, pred=member_of_group)
clm-cerinthus-opposes-incarnation	approved	cascade-curator	2026-03-16T22:30:00Z	QA-enhanced: person_opposes_proposition (cerinthus → christ-truly-became-flesh) cert=attested. Primary passage psg-irenaeus-ah-1-26-1: 'A certain Cerinthus in Asia taught that the world was not made b
clm-cerinthus-opposes-logos-preexistence	approved	cascade-curator	2026-03-16T22:30:00Z	QA-enhanced: person_opposes_proposition (cerinthus → logos-is-pre-existent-son-of-god) cert=attested. Primary passage psg-irenaeus-ah-1-26-1: 'A certain Cerinthus in Asia taught that the world was not
clm-cerinthus-opposes-logos-preexistence	approved	cascade-curator	2026-03-17T01:00:00Z	Evidence reviewed post-linking: person_opposes_proposition (cerinthus -> logos-is-pre-existent-son-of-god), cert=attested. New supports link to passage psg-irenaeus-ah-1-26-1. Excerpt: 'A certain Ceri
clm-cerinthus-opposes-ot-scripture	approved	cascade-curator	2026-03-16T20:30:00Z	Third-party source (passage psg-irenaeus-ah-1-26-1) reports cerinthus as opposing 'old-testament-is-authoritative-scripture'. Excerpt: 'A certain Cerinthus in Asia taught that the world was not made b
clm-cerinthus-opposes-ot-scripture	reviewed	cascade-curator	2026-03-16T20:00:00Z	Third-party attestation from passage psg-irenaeus-ah-1-26-1: cerinthus is reported as opposing 'old-testament-is-authoritative-scripture'. Excerpt: 'A certain Cerinthus in Asia taught that the world w
clm-christianization-aksum-at-aksum	approved	cascade-curator	2026-03-16T16:00:00Z	Passage psg-rufinus-he-1-9 directly places christianization-of-aksum at aksum: 'Paraphrase: A philosopher named Meropius of Tyre sailed to India with two boys Frumentius and Aedesius. The ship was sei...'
clm-christianization-aksum-year	approved	cascade-curator	2026-03-16T20:30:00Z	Year for christianization-of-aksum: – CE well-supported by passage psg-ezana-inscription-ge-ez. Certainty probable. Excerpt: 'Paraphrase: King Ezana of Aksum dedicates his military victory to the Lord
clm-christianization-aksum-year	reviewed	cascade-curator	2026-03-16T16:00:00Z	Passage psg-ezana-inscription-ge-ez supports the year claim for christianization-of-aksum (-) but excerpt does not name the event explicitly. Excerpt: 'Paraphrase: King Ezana of Aksum dedicates his military victory to the Lord of Heaven Lord of Earth u...'
clm-christianization-aksum-year	reviewed	cascade-curator	2026-03-16T20:00:00Z	Year for christianization-of-aksum supported by passage psg-ezana-inscription-ge-ez. Excerpt: 'Paraphrase: King Ezana of Aksum dedicates his military victory to the Lord of Heaven Lord of Earth u'
clm-church-east-at-arbela	approved	cascade-curator	2026-03-16T20:00:00Z	Passage psg-wikipedia-church-of-east-spread explicitly places church-of-the-east at arbela. Excerpt: 'The Church of the East was centered at Seleucia-Ctesiphon and extended through Persia, Mesopotamia
clm-church-east-at-arbela	approved	cascade-curator	2026-03-17T04:00:00Z	Confidence calibrated: high->medium (certainty=probable, pred=group_present_at)
clm-church-east-at-edessa	approved	cascade-curator	2026-03-16T20:00:00Z	Passage psg-wikipedia-church-of-east-spread explicitly places church-of-the-east at edessa. Excerpt: 'The Church of the East was centered at Seleucia-Ctesiphon and extended through Persia, Mesopotamia
clm-church-east-at-edessa	approved	cascade-curator	2026-03-17T04:00:00Z	Confidence calibrated: high->medium (certainty=probable, pred=group_present_at)
clm-church-east-at-india	approved	cascade-curator	2026-03-17T12:30:00Z	Upgraded reviewed→approved: possible certainty with direct supports evidence. Confidence set to low.
clm-church-east-at-india	reviewed	cascade-curator	2026-03-16T20:30:00Z	Claim clm-church-east-at-india (group_present_at: church-of-the-east → india-malabar) has only contextualizing evidence. Certainty possible is appropriate given indirect support.
clm-church-east-at-india	reviewed	cascade-curator	2026-03-16T23:00:00Z	Reviewed (contextual): church-of-the-east group_present_at india-malabar. Certainty possible. Passage psg-acts-thomas-108-113: 'Paraphrase: The Hymn of the Pearl tells of a prince sent to Egypt to ret
clm-church-east-at-nisibis	approved	cascade-curator	2026-03-17T12:30:00Z	Upgraded reviewed→approved: probable certainty with direct supports evidence. Confidence set to medium.
clm-church-east-at-nisibis	reviewed	cascade-curator	2026-03-16T20:30:00Z	Claim clm-church-east-at-nisibis (group_present_at: church-of-the-east → nisibis) has only contextualizing evidence. Certainty probable is appropriate given indirect support.
clm-church-east-at-nisibis	reviewed	cascade-curator	2026-03-16T23:00:00Z	"Reviewed (contextual): church-of-the-east group_present_at nisibis. Certainty probable. Passage psg-eusebius-he-6-19: ""Paraphrase: Origen's fame spread throughout the whole world; Beryllus of Bostra,"
clm-church-east-at-seleucia	approved	cascade-curator	2026-03-16T17:00:00Z	Passage psg-wikipedia-church-of-east-spread directly attests church-of-the-east present at seleucia-ctesiphon: 'The Church of the East was centered at Seleucia-Ctesiphon and extended through Persia, Mesopotamia (Edessa, Arbela), and'
clm-church-east-at-seleucia	approved	cascade-curator	2026-03-17T04:00:00Z	Confidence calibrated: high->medium (certainty=probable, pred=group_present_at)
clm-clement-active-in-alexandria	approved	cascade-curator	2026-03-17T12:30:00Z	Upgraded reviewed→approved: probable certainty with direct supports evidence. Confidence set to medium.
clm-clement-active-in-alexandria	reviewed	cascade-curator	2026-03-16T20:30:00Z	Claim clm-clement-active-in-alexandria (active_in: clement-of-alexandria → alexandria) has only contextualizing evidence. Certainty probable is appropriate given indirect support.
clm-clement-active-in-alexandria	reviewed	cascade-curator	2026-03-16T23:00:00Z	Reviewed (contextual): clement-of-alexandria active_in alexandria. Certainty probable. No passage directly names clement-of-alexandria in alexandria; inference from passage psg-clement-strom-7-17-105-
clm-clement-alex-active-athens	approved	cascade-curator	2026-03-16T20:00:00Z	Passage psg-eusebius-he-5-10-1-2 explicitly places clement-of-alexandria in athens. Excerpt: 'A man named Pantaenus was put in charge of the catechetical school at Alexandria, a school whose existence
clm-clement-alex-active-athens	approved	cascade-curator	2026-03-17T04:00:00Z	Confidence calibrated: high->medium (certainty=probable, pred=active_in)
clm-clement-alex-affirms-incarnation	approved	cascade-curator	2026-03-16T20:30:00Z	Third-party source (passage psg-eusebius-he-5-10-1-2) reports clement-of-alexandria as affirming 'christ-truly-became-flesh'. Excerpt: 'A man named Pantaenus was put in charge of the catechetical scho
clm-clement-alex-affirms-incarnation	reviewed	cascade-curator	2026-03-16T20:00:00Z	Third-party attestation from passage psg-eusebius-he-5-10-1-2: clement-of-alexandria is reported as affirming 'christ-truly-became-flesh'. Excerpt: 'A man named Pantaenus was put in charge of the cate
clm-clement-alex-affirms-ot-scripture	approved	cascade-curator	2026-03-16T20:30:00Z	Third-party source (passage psg-eusebius-he-5-10-1-2) reports clement-of-alexandria as affirming 'old-testament-is-authoritative-scripture'. Excerpt: 'A man named Pantaenus was put in charge of the ca
clm-clement-alex-affirms-ot-scripture	approved	cascade-curator	2026-03-16T22:00:00Z	QA: attested claim with explicit+direct evidence upgraded to approved/high. person_affirms_proposition (clement-of-alexandria → old-testament-is-authoritative-scripture). Passage psg-eusebius-he-5-10-
clm-clement-alex-affirms-ot-scripture	reviewed	cascade-curator	2026-03-16T20:00:00Z	Third-party attestation from passage psg-eusebius-he-5-10-1-2: clement-of-alexandria is reported as affirming 'old-testament-is-authoritative-scripture'. Excerpt: 'A man named Pantaenus was put in cha
clm-clement-bishop-rome	approved	cascade-curator	2026-03-16T20:00:00Z	Passage psg-1clement-addressed-corinth directly names clement-of-rome as bishop of rome. Excerpt: 'The church of God which sojourns at Rome, to the church of God sojourning at Corinth.'
clm-clement-bishop-rome	approved	cascade-curator	2026-03-17T04:00:00Z	Confidence calibrated: high->medium (certainty=probable, pred=bishop_of)
clm-clement-bishop-rome	reviewed	cascade-curator	2026-03-16T13:00:00Z	1 Clement does not identify Clement by name; the attribution comes from later tradition (Irenaeus, Tertullian, Eusebius). The claim that he was formally 'bishop' of Rome is anachronistic for the monarchical episcopate which was not yet established there; he functioned as a leading teacher. The 'bishop_of' predicate here represents the later canonical tradition.
clm-clement-in-domitian-persecution	approved	cascade-curator	2026-03-16T20:00:00Z	Passage psg-eusebius-he-3-39 explicitly names clement-of-rome as participant in domitian-persecution. Excerpt: 'Paraphrase: Eusebius introduces Papias as bishop of Hierapolis and author of five books
clm-clement-in-domitian-persecution	approved	cascade-curator	2026-03-17T04:00:00Z	Confidence calibrated: high->medium (certainty=probable, pred=participant_in)
clm-cn-affirms-incarnation	approved	cascade-curator	2026-03-16T16:00:00Z	Passage psg-hippolytus-cn-10-11 from contra-noetum directly addresses the proposition 'christ-truly-became-flesh'. Excerpt: 'Paraphrase: God being alone, and having nothing contemporaneous with himself, determined to create the world. He conceived the world in thou...' The work's affirms of this proposition is directly attested.
clm-cn-affirms-logos	approved	cascade-curator	2026-03-16T20:00:00Z	Passage psg-hippolytus-cn-10-11 from contra-noetum directly treats proposition 'logos-is-pre-existent-son-of-god'. The work's affirms is attested from its own text. Excerpt: 'Paraphrase: God being alo
clm-cn-affirms-logos	reviewed	cascade-curator	2026-03-16T16:00:00Z	Passage psg-hippolytus-cn-10-11 from contra-noetum supports but the excerpt does not use the exact language of 'logos-is-pre-existent-son-of-god'. The proposition is conveyed through the overall context of this passage. Excerpt: 'Paraphrase: God being alone, and having nothing contemporaneous with himself, determined to create t...'
clm-cn-affirms-ot-scripture	approved	cascade-curator	2026-03-16T20:00:00Z	Passage psg-hippolytus-cn-1 from contra-noetum directly treats proposition 'old-testament-is-authoritative-scripture'. The work's affirms is attested from its own text. Excerpt: 'Paraphrase: Some intr
clm-cn-affirms-ot-scripture	approved	cascade-curator	2026-03-17T04:00:00Z	Confidence calibrated: high->medium (certainty=probable, pred=work_affirms_proposition)
clm-cn-affirms-ot-scripture	reviewed	cascade-curator	2026-03-16T16:00:00Z	Only contextualizing evidence for contra-noetum work_affirms_proposition old-testament-is-authoritative-scripture. Passage psg-hippolytus-cn-1: 'Paraphrase: Some introduce among us a certain Noetus of Smyrna, who taught that Christ himself was t...' A more directly relevant passage would strengthen this claim.
clm-cn-affirms-passion	approved	cascade-curator	2026-03-16T16:00:00Z	Passage psg-hippolytus-cn-1 from contra-noetum directly addresses the proposition 'christ-truly-suffered-and-died'. Excerpt: 'Paraphrase: Some introduce among us a certain Noetus of Smyrna, who taught that Christ himself was the Father, and that the Father himself w...' The work's affirms of this proposition is directly attested.
clm-cn-affirms-resurrection	approved	cascade-curator	2026-03-16T20:00:00Z	Passage psg-hippolytus-cn-17-18 from contra-noetum directly treats proposition 'bodies-will-be-raised-at-last-day'. The work's affirms is attested from its own text. Excerpt: 'These things then, breth
clm-cn-affirms-resurrection	approved	cascade-curator	2026-03-17T04:00:00Z	Confidence calibrated: high->medium (certainty=probable, pred=work_affirms_proposition)
clm-cn-affirms-resurrection	reviewed	cascade-curator	2026-03-16T16:00:00Z	Only contextualizing evidence for contra-noetum work_affirms_proposition bodies-will-be-raised-at-last-day. Passage psg-hippolytus-cn-17-18: 'These things then, brethren, are demonstrated by the blessed John and by the Word of truth. Let us t...' A more directly relevant passage would strengthen this claim.
clm-cn-affirms-trinity	approved	cascade-curator	2026-03-16T20:00:00Z	Passage psg-hippolytus-cn-17-18 from contra-noetum directly treats proposition 'trinity-is-three-persons-one-substance'. The work's affirms is attested from its own text. Excerpt: 'These things then,
clm-cn-affirms-trinity	reviewed	cascade-curator	2026-03-16T16:00:00Z	Passage psg-hippolytus-cn-17-18 from contra-noetum supports but the excerpt does not use the exact language of 'trinity-is-three-persons-one-substance'. The proposition is conveyed through the overall context of this passage. Excerpt: 'These things then, brethren, are demonstrated by the blessed John and by the Word of truth. Let us t...'
clm-cn-by-hippolytus	approved	cascade-curator	2026-03-16T20:00:00Z	Passage psg-hippolytus-cn-1 is drawn from contra-noetum itself, directly confirming authorship. Excerpt: 'Paraphrase: Some introduce among us a certain Noetus of Smyrna, who taught that Christ himself
clm-cn-by-hippolytus	approved	cascade-curator	2026-03-17T04:00:00Z	Confidence calibrated: high->medium (certainty=probable, pred=authored_by)
clm-cn-by-hippolytus	reviewed	cascade-curator	2026-03-16T16:00:00Z	Evidence supports contra-noetum authored_by hippolytus-of-rome; passage psg-hippolytus-cn-1 provides supporting context. Excerpt: 'Paraphrase: Some introduce among us a certain Noetus of Smyrna, who taught that Christ himself was t...'
clm-cn-written-rome	approved	cascade-curator	2026-03-16T21:00:00Z	Strong inference from passage psg-hippolytus-cn-1 supports written_at (contra-noetum → rome). Certainty probable. Excerpt: 'Paraphrase: Some introduce among us a certain Noetus of Smyrna, who taught t
clm-cn-written-rome	reviewed	cascade-curator	2026-03-16T16:00:00Z	Evidence supports contra-noetum written_at rome but rome is not named in the excerpt. Biographical tradition supports this attribution. Excerpt: 'Paraphrase: Some introduce among us a certain Noetus of Smyrna, who taught that Christ himself was t...'
clm-cn-written-rome	reviewed	cascade-curator	2026-03-16T20:00:00Z	contra-noetum written at rome: biographical consensus supported by passage psg-hippolytus-cn-1. No explicit internal naming of rome. Excerpt: 'Paraphrase: Some introduce among us a certain Noetus of S
clm-cn-written-rome	reviewed	cascade-curator	2026-03-16T20:30:00Z	contra-noetum written at rome: weak place evidence. Passage psg-hippolytus-cn-1: 'Paraphrase: Some introduce among us a certain Noetus of Smyrna, who taught that Christ himself was t'. Certainty proba
clm-colossians-addressed-colossae	approved	cascade-curator	2026-03-16T20:30:00Z	Passage psg-col-1-2 provides strong support for addressed_to_place claim (epistle-to-the-colossians → colossae). Excerpt: 'Paraphrase: Paul addresses the saints and faithful brothers and sisters in Ch
clm-colossians-addressed-colossae	approved	cascade-curator	2026-03-16T22:30:00Z	QA-upgraded: attested claim with explicit direct evidence → approved/high. addressed_to_place (epistle-to-the-colossians → colossae). Passage psg-col-1-2: 'Paraphrase: Paul addresses the saints and fa
clm-colossians-addressed-colossae	reviewed	cascade-curator	2026-03-16T20:00:00Z	Passage psg-col-1-2 supports addressed_to_place claim for epistle-to-the-colossians. Excerpt: 'Paraphrase: Paul addresses the saints and faithful brothers and sisters in Christ in Colossae.'
clm-colossians-by-paul	approved	cascade-curator	2026-03-17T04:30:00Z	Traditional Pauline attribution (Col 1:1); disputed as deuteropauline by many scholars based on style.
clm-colossians-resurrection	approved	cascade-curator	2026-03-16T20:00:00Z	Passage psg-col-2-12 from epistle-to-the-colossians directly treats proposition 'jesus-is-proclaimed-as-raised'. The work's affirms is attested from its own text. Excerpt: 'Paraphrase: Believers were
clm-comdiat-affirms-eucharist-body-blood	approved	cascade-curator	2026-03-16T16:00:00Z	Passage psg-ephrem-comm-diat-21 from commentary-on-diatessaron-ephrem directly addresses the proposition 'eucharist-is-body-and-blood'. Excerpt: 'Paraphrase: Ephrem comments on the Last Supper in the Diatessaron: Christ took bread and called it his body; he took the cup and called it h...' The work's affirms of this proposition is directly attested.
clm-comdiat-affirms-gospel-harmony	approved	cascade-curator	2026-03-16T20:00:00Z	Passage psg-ephrem-comm-diat-1 from commentary-on-diatessaron-ephrem directly treats proposition 'gospel-harmony-is-authoritative'. The work's affirms is attested from its own text. Excerpt: 'Paraphra
clm-comdiat-affirms-gospel-harmony	reviewed	cascade-curator	2026-03-16T16:00:00Z	Passage psg-ephrem-comm-diat-1 from commentary-on-diatessaron-ephrem supports but the excerpt does not use the exact language of 'gospel-harmony-is-authoritative'. The proposition is conveyed through the overall context of this passage. Excerpt: 'Paraphrase: Ephrem opens his commentary on the harmonized gospel by confessing Christ as the Word ma...'
clm-comdiat-affirms-incarnation	approved	cascade-curator	2026-03-16T16:00:00Z	Passage psg-ephrem-comm-diat-1 from commentary-on-diatessaron-ephrem directly addresses the proposition 'christ-truly-became-flesh'. Excerpt: 'Paraphrase: Ephrem opens his commentary on the harmonized gospel by confessing Christ as the Word made flesh who united divinity and humanit...' The work's affirms of this proposition is directly attested.
clm-comdiat-affirms-logos	approved	cascade-curator	2026-03-16T20:00:00Z	Passage psg-ephrem-comm-diat-1 from commentary-on-diatessaron-ephrem directly treats proposition 'logos-is-pre-existent-son-of-god'. The work's affirms is attested from its own text. Excerpt: 'Paraphr
clm-comdiat-affirms-logos	reviewed	cascade-curator	2026-03-16T16:00:00Z	Passage psg-ephrem-comm-diat-1 from commentary-on-diatessaron-ephrem supports but the excerpt does not use the exact language of 'logos-is-pre-existent-son-of-god'. The proposition is conveyed through the overall context of this passage. Excerpt: 'Paraphrase: Ephrem opens his commentary on the harmonized gospel by confessing Christ as the Word ma...'
clm-comdiat-affirms-ot-authority	approved	cascade-curator	2026-03-16T20:00:00Z	Passage psg-ephrem-comm-diat-1 from commentary-on-diatessaron-ephrem directly treats proposition 'old-testament-is-authoritative-scripture'. The work's affirms is attested from its own text. Excerpt:
clm-comdiat-affirms-ot-authority	approved	cascade-curator	2026-03-17T04:00:00Z	Confidence calibrated: high->medium (certainty=probable, pred=work_affirms_proposition)
clm-comdiat-affirms-ot-authority	reviewed	cascade-curator	2026-03-16T16:00:00Z	Only contextualizing evidence for commentary-on-diatessaron-ephrem work_affirms_proposition old-testament-is-authoritative-scripture. Passage psg-ephrem-comm-diat-1: 'Paraphrase: Ephrem opens his commentary on the harmonized gospel by confessing Christ as the Word ma...' A more directly relevant passage would strengthen this claim.
clm-comdiat-affirms-passion	approved	cascade-curator	2026-03-16T20:00:00Z	Passage psg-ephrem-comm-diat-21 from commentary-on-diatessaron-ephrem directly treats proposition 'christ-truly-suffered-and-died'. The work's affirms is attested from its own text. Excerpt: 'Paraphra
clm-comdiat-affirms-passion	reviewed	cascade-curator	2026-03-16T16:00:00Z	Passage psg-ephrem-comm-diat-21 from commentary-on-diatessaron-ephrem supports but the excerpt does not use the exact language of 'christ-truly-suffered-and-died'. The proposition is conveyed through the overall context of this passage. Excerpt: 'Paraphrase: Ephrem comments on the Last Supper in the Diatessaron: Christ took bread and called it h...'
clm-comdiat-affirms-repentance	approved	cascade-curator	2026-03-16T20:00:00Z	Passage psg-ephrem-comm-diat-1 from commentary-on-diatessaron-ephrem directly treats proposition 'repentance-is-required'. The work's affirms is attested from its own text. Excerpt: 'Paraphrase: Ephre
clm-comdiat-affirms-repentance	approved	cascade-curator	2026-03-17T04:00:00Z	Confidence calibrated: high->medium (certainty=probable, pred=work_affirms_proposition)
clm-comdiat-affirms-repentance	reviewed	cascade-curator	2026-03-16T16:00:00Z	Only contextualizing evidence for commentary-on-diatessaron-ephrem work_affirms_proposition repentance-is-required. Passage psg-ephrem-comm-diat-1: 'Paraphrase: Ephrem opens his commentary on the harmonized gospel by confessing Christ as the Word ma...' A more directly relevant passage would strengthen this claim.
clm-comdiat-affirms-resurrection	approved	cascade-curator	2026-03-16T20:00:00Z	Passage psg-ephrem-comm-diat-1 from commentary-on-diatessaron-ephrem directly treats proposition 'bodies-will-be-raised-at-last-day'. The work's affirms is attested from its own text. Excerpt: 'Paraph
clm-comdiat-affirms-resurrection	approved	cascade-curator	2026-03-17T04:00:00Z	Confidence calibrated: high->medium (certainty=probable, pred=work_affirms_proposition)
clm-comdiat-affirms-resurrection	reviewed	cascade-curator	2026-03-16T16:00:00Z	Only contextualizing evidence for commentary-on-diatessaron-ephrem work_affirms_proposition bodies-will-be-raised-at-last-day. Passage psg-ephrem-comm-diat-1: 'Paraphrase: Ephrem opens his commentary on the harmonized gospel by confessing Christ as the Word ma...' A more directly relevant passage would strengthen this claim.
clm-comdiat-affirms-virgin-birth	approved	cascade-curator	2026-03-16T20:00:00Z	Passage psg-ephrem-comm-diat-1 from commentary-on-diatessaron-ephrem directly treats proposition 'jesus-born-of-virgin'. The work's affirms is attested from its own text. Excerpt: 'Paraphrase: Ephrem
clm-comdiat-affirms-virgin-birth	approved	cascade-curator	2026-03-17T04:00:00Z	Confidence calibrated: high->medium (certainty=probable, pred=work_affirms_proposition)
clm-comdiat-affirms-virgin-birth	reviewed	cascade-curator	2026-03-16T16:00:00Z	Only contextualizing evidence for commentary-on-diatessaron-ephrem work_affirms_proposition jesus-born-of-virgin. Passage psg-ephrem-comm-diat-1: 'Paraphrase: Ephrem opens his commentary on the harmonized gospel by confessing Christ as the Word ma...' A more directly relevant passage would strengthen this claim.
clm-comjohn-affirms-allegorical	approved	cascade-curator	2026-03-16T16:00:00Z	Passage psg-origen-comjohn-2-10 from commentary-on-john-origen directly addresses the proposition 'allegorical-interpretation-of-scripture'. Excerpt: 'Paraphrase: The deeper meaning of Scripture is found by those who seek the spiritual sense beneath the letter; the Gospel of John especially...' The work's affirms of this proposition is directly attested.
clm-comjohn-affirms-eternal-generation	approved	cascade-curator	2026-03-16T16:00:00Z	Passage psg-origen-comjohn-1-22 from commentary-on-john-origen directly addresses the proposition 'son-is-eternally-generated'. Excerpt: 'The Son, who is the Word, was in the beginning with God, and the Word was God. This Word is not, as some suppose, an impersonal attribute of...' The work's affirms of this proposition is directly attested.
clm-comjohn-affirms-free-will	approved	cascade-curator	2026-03-16T20:00:00Z	Passage psg-origen-comjohn-2-10 from commentary-on-john-origen directly treats proposition 'free-will-grounds-moral-responsibility'. The work's affirms is attested from its own text. Excerpt: 'Paraphr
clm-comjohn-affirms-free-will	approved	cascade-curator	2026-03-17T04:00:00Z	Confidence calibrated: high->medium (certainty=probable, pred=work_affirms_proposition)
clm-comjohn-affirms-free-will	reviewed	cascade-curator	2026-03-16T16:00:00Z	Only contextualizing evidence for commentary-on-john-origen work_affirms_proposition free-will-grounds-moral-responsibility. Passage psg-origen-comjohn-2-10: 'Paraphrase: The deeper meaning of Scripture is found by those who seek the spiritual sense beneath t...' A more directly relevant passage would strengthen this claim.
clm-comjohn-affirms-incarnation	approved	cascade-curator	2026-03-16T20:00:00Z	Passage psg-origen-comjohn-1-22 from commentary-on-john-origen directly treats proposition 'christ-truly-became-flesh'. The work's affirms is attested from its own text. Excerpt: 'The Son, who is the
clm-comjohn-affirms-incarnation	approved	cascade-curator	2026-03-17T04:00:00Z	Confidence calibrated: high->medium (certainty=probable, pred=work_affirms_proposition)
clm-comjohn-affirms-incarnation	reviewed	cascade-curator	2026-03-16T16:00:00Z	Only contextualizing evidence for commentary-on-john-origen work_affirms_proposition christ-truly-became-flesh. Passage psg-origen-comjohn-1-22: 'The Son, who is the Word, was in the beginning with God, and the Word was God. This Word is not, as ...' A more directly relevant passage would strengthen this claim.
clm-comjohn-affirms-judgment	approved	cascade-curator	2026-03-16T20:00:00Z	Passage psg-origen-comjohn-2-10 from commentary-on-john-origen directly treats proposition 'final-judgment-is-coming'. The work's affirms is attested from its own text. Excerpt: 'Paraphrase: The deepe
clm-comjohn-affirms-judgment	approved	cascade-curator	2026-03-17T04:00:00Z	Confidence calibrated: high->medium (certainty=probable, pred=work_affirms_proposition)
clm-comjohn-affirms-judgment	reviewed	cascade-curator	2026-03-16T16:00:00Z	Only contextualizing evidence for commentary-on-john-origen work_affirms_proposition final-judgment-is-coming. Passage psg-origen-comjohn-2-10: 'Paraphrase: The deeper meaning of Scripture is found by those who seek the spiritual sense beneath t...' A more directly relevant passage would strengthen this claim.
clm-comjohn-affirms-logos	approved	cascade-curator	2026-03-16T20:00:00Z	Passage psg-origen-comjohn-1-22 from commentary-on-john-origen directly treats proposition 'logos-is-pre-existent-son-of-god'. The work's affirms is attested from its own text. Excerpt: 'The Son, who
clm-comjohn-affirms-logos	reviewed	cascade-curator	2026-03-16T16:00:00Z	Passage psg-origen-comjohn-1-22 from commentary-on-john-origen supports but the excerpt does not use the exact language of 'logos-is-pre-existent-son-of-god'. The proposition is conveyed through the overall context of this passage. Excerpt: 'The Son, who is the Word, was in the beginning with God, and the Word was God. This Word is not, as ...'
clm-comjohn-affirms-ot	approved	cascade-curator	2026-03-16T16:00:00Z	Passage psg-origen-comjohn-2-10 from commentary-on-john-origen directly addresses the proposition 'old-testament-is-authoritative-scripture'. Excerpt: 'Paraphrase: The deeper meaning of Scripture is found by those who seek the spiritual sense beneath the letter; the Gospel of John especially...' The work's affirms of this proposition is directly attested.
clm-comjohn-affirms-prayer	approved	cascade-curator	2026-03-16T20:00:00Z	Passage psg-origen-comjohn-2-10 from commentary-on-john-origen directly treats proposition 'prayer-is-offered-without-ceasing'. The work's affirms is attested from its own text. Excerpt: 'Paraphrase:
clm-comjohn-affirms-prayer	approved	cascade-curator	2026-03-17T04:00:00Z	Confidence calibrated: high->medium (certainty=probable, pred=work_affirms_proposition)
clm-comjohn-affirms-prayer	reviewed	cascade-curator	2026-03-16T16:00:00Z	Only contextualizing evidence for commentary-on-john-origen work_affirms_proposition prayer-is-offered-without-ceasing. Passage psg-origen-comjohn-2-10: 'Paraphrase: The deeper meaning of Scripture is found by those who seek the spiritual sense beneath t...' A more directly relevant passage would strengthen this claim.
clm-comjohn-affirms-pre-existence-souls	approved	cascade-curator	2026-03-16T20:00:00Z	Passage psg-origen-comjohn-1-22 from commentary-on-john-origen directly treats proposition 'pre-existence-of-souls'. The work's affirms is attested from its own text. Excerpt: 'The Son, who is the Wor
clm-comjohn-affirms-pre-existence-souls	approved	cascade-curator	2026-03-17T04:00:00Z	Confidence calibrated: high->medium (certainty=probable, pred=work_affirms_proposition)
clm-comjohn-affirms-pre-existence-souls	reviewed	cascade-curator	2026-03-16T16:00:00Z	Only contextualizing evidence for commentary-on-john-origen work_affirms_proposition pre-existence-of-souls. Passage psg-origen-comjohn-1-22: 'The Son, who is the Word, was in the beginning with God, and the Word was God. This Word is not, as ...' A more directly relevant passage would strengthen this claim.
clm-comjohn-affirms-trinity	approved	cascade-curator	2026-03-16T20:00:00Z	Passage psg-origen-comjohn-1-22 from commentary-on-john-origen directly treats proposition 'trinity-is-three-persons-one-substance'. The work's affirms is attested from its own text. Excerpt: 'The Son
clm-comjohn-affirms-trinity	reviewed	cascade-curator	2026-03-16T16:00:00Z	Passage psg-origen-comjohn-1-22 from commentary-on-john-origen supports but the excerpt does not use the exact language of 'trinity-is-three-persons-one-substance'. The proposition is conveyed through the overall context of this passage. Excerpt: 'The Son, who is the Word, was in the beginning with God, and the Word was God. This Word is not, as ...'
clm-comjohn-affirms-virgin-birth	approved	cascade-curator	2026-03-16T20:00:00Z	Passage psg-origen-comjohn-1-22 from commentary-on-john-origen directly treats proposition 'jesus-born-of-virgin'. The work's affirms is attested from its own text. Excerpt: 'The Son, who is the Word,
clm-comjohn-affirms-virgin-birth	approved	cascade-curator	2026-03-17T04:00:00Z	Confidence calibrated: high->medium (certainty=probable, pred=work_affirms_proposition)
clm-comjohn-affirms-virgin-birth	reviewed	cascade-curator	2026-03-16T16:00:00Z	Only contextualizing evidence for commentary-on-john-origen work_affirms_proposition jesus-born-of-virgin. Passage psg-origen-comjohn-1-22: 'The Son, who is the Word, was in the beginning with God, and the Word was God. This Word is not, as ...' A more directly relevant passage would strengthen this claim.
clm-comjohn-by-origen	approved	cascade-curator	2026-03-16T20:00:00Z	Passage psg-origen-comjohn-1-22 is drawn from commentary-on-john-origen itself, directly confirming authorship. Excerpt: 'The Son, who is the Word, was in the beginning with God, and the Word was God.
clm-comjohn-by-origen	reviewed	cascade-curator	2026-03-16T16:00:00Z	Evidence supports commentary-on-john-origen authored_by origen-of-alexandria; passage psg-origen-comjohn-1-22 provides supporting context. Excerpt: 'The Son, who is the Word, was in the beginning with God, and the Word was God. This Word is not, as ...'
clm-comjohn-written-at-alexandria	approved	cascade-curator	2026-03-16T16:00:00Z	Passage psg-eusebius-he-6-3 links commentary-on-john-origen to alexandria: 'Paraphrase: Origen, while still very young, succeeded Clement as head of the Catechetical School in Alexandria; so many ...'
clm-comjohn-written-at-alexandria	approved	cascade-curator	2026-03-17T04:00:00Z	Confidence calibrated: high->medium (certainty=probable, pred=written_at)
clm-comjohn-written-at-caesarea	approved	cascade-curator	2026-03-16T16:00:00Z	Passage psg-eusebius-he-6-19 links commentary-on-john-origen to caesarea: 'Paraphrase: Origen's fame spread throughout the whole world; Beryllus of Bostra, Alexander of Jerusalem, and many other ...'
clm-comjohn-written-at-caesarea	approved	cascade-curator	2026-03-17T04:00:00Z	Confidence calibrated: high->medium (certainty=probable, pred=written_at)
clm-comm-diat-by-ephrem	approved	cascade-curator	2026-03-16T20:00:00Z	Passage psg-ephrem-comm-diat-1 is drawn from commentary-on-diatessaron-ephrem itself, directly confirming authorship. Excerpt: 'Paraphrase: Ephrem opens his commentary on the harmonized gospel by conf
clm-comm-diat-by-ephrem	reviewed	cascade-curator	2026-03-16T16:00:00Z	Only contextualizing evidence for commentary-on-diatessaron-ephrem authored_by ephrem-the-syrian. Scholarly attribution accepted but not textually attested in the excerpt. Excerpt: 'Paraphrase: Ephrem opens his commentary on the harmonized gospel by confessing Christ as the Word ma...'
clm-comm-diat-written-edessa	approved	cascade-curator	2026-03-16T20:30:00Z	commentary-on-diatessaron-ephrem written at edessa: passage psg-ephrem-comm-diat-1 supports the place attribution (biographical or internal evidence). Excerpt: 'Paraphrase: Ephrem opens his commentary
clm-comm-diat-written-edessa	reviewed	cascade-curator	2026-03-16T16:00:00Z	Only contextualizing evidence for commentary-on-diatessaron-ephrem written_at edessa. Provenance relies on biographical tradition rather than internal textual evidence. Excerpt: 'Paraphrase: Ephrem opens his commentary on the harmonized gospel by confessing Christ as the Word ma...'
clm-comm-diat-written-edessa	reviewed	cascade-curator	2026-03-16T20:00:00Z	commentary-on-diatessaron-ephrem written at edessa: biographical consensus supported by passage psg-ephrem-comm-diat-1. No explicit internal naming of edessa. Excerpt: 'Paraphrase: Ephrem opens his co
clm-commatt-affirms-allegorical	approved	cascade-curator	2026-03-16T16:00:00Z	Passage psg-origen-commatt-11-14 from commentary-on-matthew-origen directly addresses the proposition 'allegorical-interpretation-of-scripture'. Excerpt: 'Paraphrase: The bread which God the Word declares to be his body is the nourishing Word of truth; the cup which he calls his blood is the Wo...' The work's affirms of this proposition is directly attested.
clm-commatt-affirms-apostolic-succession	approved	cascade-curator	2026-03-16T20:00:00Z	Passage psg-origen-commatt-14-25 from commentary-on-matthew-origen directly treats proposition 'apostolic-succession-transmits-faith'. The work's affirms is attested from its own text. Excerpt: 'Parap
clm-commatt-affirms-apostolic-succession	approved	cascade-curator	2026-03-17T04:00:00Z	Confidence calibrated: high->medium (certainty=probable, pred=work_affirms_proposition)
clm-commatt-affirms-apostolic-succession	reviewed	cascade-curator	2026-03-16T16:00:00Z	Passage psg-origen-commatt-14-25 from commentary-on-matthew-origen supports but the excerpt does not use the exact language of 'apostolic-succession-transmits-faith'. The proposition is conveyed through the overall context of this passage. Excerpt: 'Paraphrase: On every bishop and presbyter rests the obligation to teach correctly and feed the flock...'
clm-commatt-affirms-baptism-trinitarian	approved	cascade-curator	2026-03-16T20:00:00Z	Passage psg-origen-commatt-14-25 from commentary-on-matthew-origen directly treats proposition 'baptism-administered-in-trinitarian-name'. The work's affirms is attested from its own text. Excerpt: 'P
clm-commatt-affirms-baptism-trinitarian	approved	cascade-curator	2026-03-17T04:00:00Z	Confidence calibrated: high->medium (certainty=probable, pred=work_affirms_proposition)
clm-commatt-affirms-baptism-trinitarian	reviewed	cascade-curator	2026-03-16T16:00:00Z	Only contextualizing evidence for commentary-on-matthew-origen work_affirms_proposition baptism-administered-in-trinitarian-name. Passage psg-origen-commatt-14-25: 'Paraphrase: On every bishop and presbyter rests the obligation to teach correctly and feed the flock...' A more directly relevant passage would strengthen this claim.
clm-commatt-affirms-bishop-authority	approved	cascade-curator	2026-03-16T20:00:00Z	Passage psg-origen-commatt-14-25 from commentary-on-matthew-origen directly treats proposition 'bishops-govern-local-church'. The work's affirms is attested from its own text. Excerpt: 'Paraphrase: On
clm-commatt-affirms-bishop-authority	approved	cascade-curator	2026-03-17T04:00:00Z	Confidence calibrated: high->medium (certainty=probable, pred=work_affirms_proposition)
clm-commatt-affirms-bishop-authority	reviewed	cascade-curator	2026-03-16T16:00:00Z	Passage psg-origen-commatt-14-25 from commentary-on-matthew-origen supports but the excerpt does not use the exact language of 'bishops-govern-local-church'. The proposition is conveyed through the overall context of this passage. Excerpt: 'Paraphrase: On every bishop and presbyter rests the obligation to teach correctly and feed the flock...'
clm-commatt-affirms-eternal-generation	approved	cascade-curator	2026-03-16T20:00:00Z	Passage psg-origen-commatt-11-14 from commentary-on-matthew-origen directly treats proposition 'son-is-eternally-generated'. The work's affirms is attested from its own text. Excerpt: 'Paraphrase: The
clm-commatt-affirms-eternal-generation	approved	cascade-curator	2026-03-17T04:00:00Z	Confidence calibrated: high->medium (certainty=probable, pred=work_affirms_proposition)
clm-commatt-affirms-eternal-generation	reviewed	cascade-curator	2026-03-16T16:00:00Z	Only contextualizing evidence for commentary-on-matthew-origen work_affirms_proposition son-is-eternally-generated. Passage psg-origen-commatt-11-14: 'Paraphrase: The bread which God the Word declares to be his body is the nourishing Word of truth; th...' A more directly relevant passage would strengthen this claim.
clm-commatt-affirms-eucharist	approved	cascade-curator	2026-03-16T16:00:00Z	Passage psg-origen-commatt-11-14 from commentary-on-matthew-origen directly addresses the proposition 'eucharist-is-body-and-blood'. Excerpt: 'Paraphrase: The bread which God the Word declares to be his body is the nourishing Word of truth; the cup which he calls his blood is the Wo...' The work's affirms of this proposition is directly attested.
clm-commatt-affirms-eucharist	approved	cascade-curator	2026-03-17T04:00:00Z	Confidence calibrated: high->medium (certainty=probable, pred=work_affirms_proposition)
clm-commatt-affirms-free-will	approved	cascade-curator	2026-03-16T20:00:00Z	Passage psg-origen-commatt-14-25 from commentary-on-matthew-origen directly treats proposition 'free-will-grounds-moral-responsibility'. The work's affirms is attested from its own text. Excerpt: 'Par
clm-commatt-affirms-free-will	approved	cascade-curator	2026-03-17T04:00:00Z	Confidence calibrated: high->medium (certainty=probable, pred=work_affirms_proposition)
clm-commatt-affirms-free-will	reviewed	cascade-curator	2026-03-16T16:00:00Z	Only contextualizing evidence for commentary-on-matthew-origen work_affirms_proposition free-will-grounds-moral-responsibility. Passage psg-origen-commatt-14-25: 'Paraphrase: On every bishop and presbyter rests the obligation to teach correctly and feed the flock...' A more directly relevant passage would strengthen this claim.
clm-commatt-affirms-judgment	approved	cascade-curator	2026-03-16T20:00:00Z	Passage psg-origen-commatt-14-25 from commentary-on-matthew-origen directly treats proposition 'final-judgment-is-coming'. The work's affirms is attested from its own text. Excerpt: 'Paraphrase: On ev
clm-commatt-affirms-judgment	approved	cascade-curator	2026-03-17T04:00:00Z	Confidence calibrated: high->medium (certainty=probable, pred=work_affirms_proposition)
clm-commatt-affirms-judgment	reviewed	cascade-curator	2026-03-16T16:00:00Z	Only contextualizing evidence for commentary-on-matthew-origen work_affirms_proposition final-judgment-is-coming. Passage psg-origen-commatt-14-25: 'Paraphrase: On every bishop and presbyter rests the obligation to teach correctly and feed the flock...' A more directly relevant passage would strengthen this claim.
clm-commatt-affirms-logos	approved	cascade-curator	2026-03-16T20:00:00Z	Passage psg-origen-commatt-11-14 from commentary-on-matthew-origen directly treats proposition 'logos-is-pre-existent-son-of-god'. The work's affirms is attested from its own text. Excerpt: 'Paraphras
clm-commatt-affirms-logos	approved	cascade-curator	2026-03-17T04:00:00Z	Confidence calibrated: high->medium (certainty=probable, pred=work_affirms_proposition)
clm-commatt-affirms-logos	reviewed	cascade-curator	2026-03-16T16:00:00Z	Passage psg-origen-commatt-11-14 from commentary-on-matthew-origen supports but the excerpt does not use the exact language of 'logos-is-pre-existent-son-of-god'. The proposition is conveyed through the overall context of this passage. Excerpt: 'Paraphrase: The bread which God the Word declares to be his body is the nourishing Word of truth; th...'
clm-commatt-affirms-ot	approved	cascade-curator	2026-03-16T16:00:00Z	Passage psg-origen-commatt-11-14 from commentary-on-matthew-origen directly addresses the proposition 'old-testament-is-authoritative-scripture'. Excerpt: 'Paraphrase: The bread which God the Word declares to be his body is the nourishing Word of truth; the cup which he calls his blood is the Wo...' The work's affirms of this proposition is directly attested.
clm-commatt-affirms-penance	approved	cascade-curator	2026-03-16T20:00:00Z	Passage psg-origen-commatt-14-25 from commentary-on-matthew-origen directly treats proposition 'post-baptismal-sin-forgiven-by-penance'. The work's affirms is attested from its own text. Excerpt: 'Par
clm-commatt-affirms-penance	approved	cascade-curator	2026-03-17T04:00:00Z	Confidence calibrated: high->medium (certainty=probable, pred=work_affirms_proposition)
clm-commatt-affirms-penance	reviewed	cascade-curator	2026-03-16T16:00:00Z	Passage psg-origen-commatt-14-25 from commentary-on-matthew-origen supports but the excerpt does not use the exact language of 'post-baptismal-sin-forgiven-by-penance'. The proposition is conveyed through the overall context of this passage. Excerpt: 'Paraphrase: On every bishop and presbyter rests the obligation to teach correctly and feed the flock...'
clm-commatt-affirms-perpetual-virginity	approved	cascade-curator	2026-03-16T20:00:00Z	Passage psg-origen-commatt-14-25 from commentary-on-matthew-origen directly treats proposition 'perpetual-virginity-of-mary'. The work's affirms is attested from its own text. Excerpt: 'Paraphrase: On
clm-commatt-affirms-perpetual-virginity	approved	cascade-curator	2026-03-17T04:00:00Z	Confidence calibrated: high->medium (certainty=probable, pred=work_affirms_proposition)
clm-commatt-affirms-perpetual-virginity	reviewed	cascade-curator	2026-03-16T16:00:00Z	Only contextualizing evidence for commentary-on-matthew-origen work_affirms_proposition perpetual-virginity-of-mary. Passage psg-origen-commatt-14-25: 'Paraphrase: On every bishop and presbyter rests the obligation to teach correctly and feed the flock...' A more directly relevant passage would strengthen this claim.
clm-commatt-affirms-trinity	approved	cascade-curator	2026-03-16T20:00:00Z	Passage psg-origen-commatt-11-14 from commentary-on-matthew-origen directly treats proposition 'trinity-is-three-persons-one-substance'. The work's affirms is attested from its own text. Excerpt: 'Par
clm-commatt-affirms-trinity	approved	cascade-curator	2026-03-17T04:00:00Z	Confidence calibrated: high->medium (certainty=probable, pred=work_affirms_proposition)
clm-commatt-affirms-trinity	reviewed	cascade-curator	2026-03-16T16:00:00Z	Only contextualizing evidence for commentary-on-matthew-origen work_affirms_proposition trinity-is-three-persons-one-substance. Passage psg-origen-commatt-11-14: 'Paraphrase: The bread which God the Word declares to be his body is the nourishing Word of truth; th...' A more directly relevant passage would strengthen this claim.
clm-commatt-affirms-virginity-honored	approved	cascade-curator	2026-03-16T20:00:00Z	Passage psg-origen-commatt-14-25 from commentary-on-matthew-origen directly treats proposition 'virginity-is-honored-calling'. The work's affirms is attested from its own text. Excerpt: 'Paraphrase: O
clm-commatt-affirms-virginity-honored	approved	cascade-curator	2026-03-17T04:00:00Z	Confidence calibrated: high->medium (certainty=probable, pred=work_affirms_proposition)
clm-commatt-affirms-virginity-honored	reviewed	cascade-curator	2026-03-16T16:00:00Z	Only contextualizing evidence for commentary-on-matthew-origen work_affirms_proposition virginity-is-honored-calling. Passage psg-origen-commatt-14-25: 'Paraphrase: On every bishop and presbyter rests the obligation to teach correctly and feed the flock...' A more directly relevant passage would strengthen this claim.
clm-commatt-by-origen	approved	cascade-curator	2026-03-16T20:00:00Z	Passage psg-origen-commatt-11-14 is drawn from commentary-on-matthew-origen itself, directly confirming authorship. Excerpt: 'Paraphrase: The bread which God the Word declares to be his body is the no
clm-commatt-by-origen	reviewed	cascade-curator	2026-03-16T16:00:00Z	Evidence supports commentary-on-matthew-origen authored_by origen-of-alexandria; passage psg-origen-commatt-11-14 provides supporting context. Excerpt: 'Paraphrase: The bread which God the Word declares to be his body is the nourishing Word of truth; th...'
clm-commatt-written-at-caesarea	approved	cascade-curator	2026-03-16T16:00:00Z	Passage psg-eusebius-he-6-19 links commentary-on-matthew-origen to caesarea: 'Paraphrase: Origen's fame spread throughout the whole world; Beryllus of Bostra, Alexander of Jerusalem, and many other ...'
clm-commatt-written-at-caesarea	approved	cascade-curator	2026-03-17T04:00:00Z	Confidence calibrated: high->medium (certainty=probable, pred=written_at)
clm-community-rule-repentance	approved	cascade-curator	2026-03-16T20:00:00Z	Passage psg-community-rule-5-7-13 from community-rule directly treats proposition 'repentance-is-required'. The work's affirms is attested from its own text. Excerpt: 'Paraphrase: Entrants to the comm
clm-community-rule-repentance	approved	cascade-curator	2026-03-17T04:00:00Z	Confidence calibrated: high->medium (certainty=probable, pred=work_affirms_proposition)
clm-comrom-affirms-allegorical	approved	cascade-curator	2026-03-16T20:00:00Z	Passage psg-origen-comrom-3-8 from commentary-on-romans-origen directly treats proposition 'allegorical-interpretation-of-scripture'. The work's affirms is attested from its own text. Excerpt: 'Paraph
clm-comrom-affirms-allegorical	approved	cascade-curator	2026-03-17T04:00:00Z	Confidence calibrated: high->medium (certainty=probable, pred=work_affirms_proposition)
clm-comrom-affirms-allegorical	reviewed	cascade-curator	2026-03-16T16:00:00Z	Only contextualizing evidence for commentary-on-romans-origen work_affirms_proposition allegorical-interpretation-of-scripture. Passage psg-origen-comrom-3-8: 'Paraphrase: Justification comes through faith, not through works of the law; yet this faith, once re...' A more directly relevant passage would strengthen this claim.
clm-comrom-affirms-baptism-regeneration	approved	cascade-curator	2026-03-16T20:00:00Z	Passage psg-origen-comrom-6-7 from commentary-on-romans-origen directly treats proposition 'baptism-effects-regeneration'. The work's affirms is attested from its own text. Excerpt: 'Paraphrase: Bapti
clm-comrom-affirms-baptism-regeneration	reviewed	cascade-curator	2026-03-16T16:00:00Z	Passage psg-origen-comrom-6-7 from commentary-on-romans-origen supports but the excerpt does not use the exact language of 'baptism-effects-regeneration'. The proposition is conveyed through the overall context of this passage. Excerpt: 'Paraphrase: Baptism is a death and burial with Christ; rising from the baptismal water signifies new...'
clm-comrom-affirms-baptism-trinitarian	approved	cascade-curator	2026-03-16T20:00:00Z	Passage psg-origen-comrom-5-9 from commentary-on-romans-origen directly treats proposition 'baptism-administered-in-trinitarian-name'. The work's affirms is attested from its own text. Excerpt: 'The C
clm-comrom-affirms-baptism-trinitarian	approved	cascade-curator	2026-03-17T04:00:00Z	Confidence calibrated: high->medium (certainty=probable, pred=work_affirms_proposition)
clm-comrom-affirms-baptism-trinitarian	reviewed	cascade-curator	2026-03-16T16:00:00Z	Passage psg-origen-comrom-5-9 from commentary-on-romans-origen supports but the excerpt does not use the exact language of 'baptism-administered-in-trinitarian-name'. The proposition is conveyed through the overall context of this passage. Excerpt: 'The Church received from the apostles the tradition of giving baptism even to infants. For those to ...'
clm-comrom-affirms-eternal-generation	approved	cascade-curator	2026-03-16T20:00:00Z	Passage psg-origen-comrom-3-8 from commentary-on-romans-origen directly treats proposition 'son-is-eternally-generated'. The work's affirms is attested from its own text. Excerpt: 'Paraphrase: Justifi
clm-comrom-affirms-eternal-generation	approved	cascade-curator	2026-03-17T04:00:00Z	Confidence calibrated: high->medium (certainty=probable, pred=work_affirms_proposition)
clm-comrom-affirms-eternal-generation	reviewed	cascade-curator	2026-03-16T16:00:00Z	Only contextualizing evidence for commentary-on-romans-origen work_affirms_proposition son-is-eternally-generated. Passage psg-origen-comrom-3-8: 'Paraphrase: Justification comes through faith, not through works of the law; yet this faith, once re...' A more directly relevant passage would strengthen this claim.
clm-comrom-affirms-free-will	approved	cascade-curator	2026-03-16T20:00:00Z	Passage psg-origen-comrom-3-8 from commentary-on-romans-origen directly treats proposition 'free-will-grounds-moral-responsibility'. The work's affirms is attested from its own text. Excerpt: 'Paraphr
clm-comrom-affirms-free-will	reviewed	cascade-curator	2026-03-16T16:00:00Z	Passage psg-origen-comrom-3-8 from commentary-on-romans-origen supports but the excerpt does not use the exact language of 'free-will-grounds-moral-responsibility'. The proposition is conveyed through the overall context of this passage. Excerpt: 'Paraphrase: Justification comes through faith, not through works of the law; yet this faith, once re...'
clm-comrom-affirms-incarnation	approved	cascade-curator	2026-03-16T20:00:00Z	Passage psg-origen-comrom-6-7 from commentary-on-romans-origen directly treats proposition 'christ-truly-became-flesh'. The work's affirms is attested from its own text. Excerpt: 'Paraphrase: Baptism
clm-comrom-affirms-incarnation	approved	cascade-curator	2026-03-17T04:00:00Z	Confidence calibrated: high->medium (certainty=probable, pred=work_affirms_proposition)
clm-comrom-affirms-incarnation	reviewed	cascade-curator	2026-03-16T16:00:00Z	Passage psg-origen-comrom-6-7 from commentary-on-romans-origen supports but the excerpt does not use the exact language of 'christ-truly-became-flesh'. The proposition is conveyed through the overall context of this passage. Excerpt: 'Paraphrase: Baptism is a death and burial with Christ; rising from the baptismal water signifies new...'
clm-comrom-affirms-infant-baptism	approved	cascade-curator	2026-03-16T20:00:00Z	Passage psg-origen-comrom-5-9 from commentary-on-romans-origen directly treats proposition 'infants-and-children-are-baptized'. The work's affirms is attested from its own text. Excerpt: 'The Church r
clm-comrom-affirms-infant-baptism	reviewed	cascade-curator	2026-03-16T16:00:00Z	Passage psg-origen-comrom-5-9 from commentary-on-romans-origen supports but the excerpt does not use the exact language of 'infants-and-children-are-baptized'. The proposition is conveyed through the overall context of this passage. Excerpt: 'The Church received from the apostles the tradition of giving baptism even to infants. For those to ...'
clm-comrom-affirms-judgment	approved	cascade-curator	2026-03-16T20:00:00Z	Passage psg-origen-comrom-3-8 from commentary-on-romans-origen directly treats proposition 'final-judgment-is-coming'. The work's affirms is attested from its own text. Excerpt: 'Paraphrase: Justifica
clm-comrom-affirms-judgment	approved	cascade-curator	2026-03-17T04:00:00Z	Confidence calibrated: high->medium (certainty=probable, pred=work_affirms_proposition)
clm-comrom-affirms-judgment	reviewed	cascade-curator	2026-03-16T16:00:00Z	Only contextualizing evidence for commentary-on-romans-origen work_affirms_proposition final-judgment-is-coming. Passage psg-origen-comrom-3-8: 'Paraphrase: Justification comes through faith, not through works of the law; yet this faith, once re...' A more directly relevant passage would strengthen this claim.
clm-comrom-affirms-logos	approved	cascade-curator	2026-03-16T20:00:00Z	Passage psg-origen-comrom-3-8 from commentary-on-romans-origen directly treats proposition 'logos-is-pre-existent-son-of-god'. The work's affirms is attested from its own text. Excerpt: 'Paraphrase: J
clm-comrom-affirms-logos	approved	cascade-curator	2026-03-17T04:00:00Z	Confidence calibrated: high->medium (certainty=probable, pred=work_affirms_proposition)
clm-comrom-affirms-logos	reviewed	cascade-curator	2026-03-16T16:00:00Z	Only contextualizing evidence for commentary-on-romans-origen work_affirms_proposition logos-is-pre-existent-son-of-god. Passage psg-origen-comrom-3-8: 'Paraphrase: Justification comes through faith, not through works of the law; yet this faith, once re...' A more directly relevant passage would strengthen this claim.
clm-comrom-affirms-ot	approved	cascade-curator	2026-03-16T20:00:00Z	Passage psg-origen-comrom-3-8 from commentary-on-romans-origen directly treats proposition 'old-testament-is-authoritative-scripture'. The work's affirms is attested from its own text. Excerpt: 'Parap
clm-comrom-affirms-ot	approved	cascade-curator	2026-03-17T04:00:00Z	Confidence calibrated: high->medium (certainty=probable, pred=work_affirms_proposition)
clm-comrom-affirms-ot	reviewed	cascade-curator	2026-03-16T16:00:00Z	Only contextualizing evidence for commentary-on-romans-origen work_affirms_proposition old-testament-is-authoritative-scripture. Passage psg-origen-comrom-3-8: 'Paraphrase: Justification comes through faith, not through works of the law; yet this faith, once re...' A more directly relevant passage would strengthen this claim.
clm-comrom-affirms-penance	approved	cascade-curator	2026-03-16T20:00:00Z	Passage psg-origen-comrom-6-7 from commentary-on-romans-origen directly treats proposition 'post-baptismal-sin-forgiven-by-penance'. The work's affirms is attested from its own text. Excerpt: 'Paraphr
clm-comrom-affirms-penance	approved	cascade-curator	2026-03-17T04:00:00Z	Confidence calibrated: high->medium (certainty=probable, pred=work_affirms_proposition)
clm-comrom-affirms-penance	reviewed	cascade-curator	2026-03-16T16:00:00Z	Passage psg-origen-comrom-6-7 from commentary-on-romans-origen supports but the excerpt does not use the exact language of 'post-baptismal-sin-forgiven-by-penance'. The proposition is conveyed through the overall context of this passage. Excerpt: 'Paraphrase: Baptism is a death and burial with Christ; rising from the baptismal water signifies new...'
clm-comrom-affirms-rule-of-faith	approved	cascade-curator	2026-03-16T16:00:00Z	Passage psg-origen-comrom-5-9 from commentary-on-romans-origen directly addresses the proposition 'rule-of-faith-received-from-apostles'. Excerpt: 'The Church received from the apostles the tradition of giving baptism even to infants. For those to whom the secrets of the divine mysteries...' The work's affirms of this proposition is directly attested.
clm-comrom-affirms-rule-of-faith	approved	cascade-curator	2026-03-17T04:00:00Z	Confidence calibrated: high->medium (certainty=probable, pred=work_affirms_proposition)
clm-comrom-by-origen	approved	cascade-curator	2026-03-16T20:00:00Z	Passage psg-origen-comrom-5-9 is drawn from commentary-on-romans-origen itself, directly confirming authorship. Excerpt: 'The Church received from the apostles the tradition of giving baptism even to
clm-comrom-by-origen	reviewed	cascade-curator	2026-03-16T16:00:00Z	Evidence supports commentary-on-romans-origen authored_by origen-of-alexandria; passage psg-origen-comrom-5-9 provides supporting context. Excerpt: 'The Church received from the apostles the tradition of giving baptism even to infants. For those to ...'
clm-comrom-written-at-caesarea	approved	cascade-curator	2026-03-16T16:00:00Z	Passage psg-eusebius-he-6-19 links commentary-on-romans-origen to caesarea: 'Paraphrase: Origen's fame spread throughout the whole world; Beryllus of Bostra, Alexander of Jerusalem, and many other ...'
clm-comrom-written-at-caesarea	approved	cascade-curator	2026-03-17T04:00:00Z	Confidence calibrated: high->medium (certainty=probable, pred=written_at)
clm-const381-event-year	approved	cascade-curator	2026-03-17T16:00:00Z	
clm-constantine-convenes-nicaea	approved	cascade-curator	2026-03-17T12:15:00Z	Constantine convened and presided over the Council of Nicaea 325 CE; Vita Constantini 3.6-14 describes his role.
clm-constantine-issues-edict-milan	approved	cascade-curator	2026-03-17T12:15:00Z	Constantine co-issued the Edict of Milan with Licinius at Milan 313 CE; Eusebius HE 10.5 preserves the text.
clm-constantine-participant-milvian	approved	cascade-curator	2026-03-17T12:15:00Z	Constantine led his forces to victory at Milvian Bridge 312 CE; Lactantius De Mort. Pers. 44 is the primary source.
clm-constantius-active-antioch	approved	cascade-curator	2026-03-16T16:00:00Z	Passage psg-vita-const-letter-constantius directly places constantius-ii in antioch: 'Paraphrase: Emperor Constantius II wrote to the rulers of Aksum Ezana and Sayzana requesting that Frumentius be sent to ...'
clm-constantius-active-rome	approved	cascade-curator	2026-03-16T20:00:00Z	Passage psg-vita-const-letter-constantius explicitly places constantius-ii in rome. Excerpt: 'Paraphrase: Emperor Constantius II wrote to the rulers of Aksum Ezana and Sayzana requesting that Frumenti
clm-constantius-affirms-arabia	approved	cascade-curator	2026-03-16T20:30:00Z	Third-party source (passage psg-vita-const-letter-constantius) reports constantius-ii as affirming 'christianity-established-in-arabia'. Excerpt: 'Paraphrase: Emperor Constantius II wrote to the ruler
clm-constantius-affirms-arabia	approved	cascade-curator	2026-03-16T22:30:00Z	QA-upgraded: attested claim with explicit direct evidence → approved/high. person_affirms_proposition (constantius-ii → christianity-established-in-arabia). Passage psg-vita-const-letter-constantius:
clm-constantius-affirms-arabia	reviewed	cascade-curator	2026-03-16T16:00:00Z	Passage psg-vita-const-letter-constantius names constantius-ii in relation to 'christianity-established-in-arabia'. The person_affirms_proposition is attested by passage content. Excerpt: 'Paraphrase: Emperor Constantius II wrote to the rulers of Aksum Ezana and Sayzana requesting that Frumentius be sent to ...'
clm-constantius-affirms-arabia	reviewed	cascade-curator	2026-03-16T20:00:00Z	Third-party attestation from passage psg-vita-const-letter-constantius: constantius-ii is reported as affirming 'christianity-established-in-arabia'. Excerpt: 'Paraphrase: Emperor Constantius II wrote
clm-constantius-coworker-theophilus	approved	cascade-curator	2026-03-16T16:00:00Z	Passage psg-philostorgius-he-3-4 directly names both constantius-ii and theophilus-the-indian working together: 'Paraphrase: Theophilus called the Indian was sent by Emperor Constantius on an embassy to the Himyarites in south Arabia...'
clm-constantius-participant-himyar-mission	approved	cascade-curator	2026-03-16T16:00:00Z	Passage psg-philostorgius-he-3-4 directly names constantius-ii as a participant in mission-of-theophilus-to-himyar: 'Paraphrase: Theophilus called the Indian was sent by Emperor Constantius on an embassy to the Himyarites in south Arabia...' Claim is directly attested.
clm-contra-celsum-affirms-allegorical	approved	cascade-curator	2026-03-16T16:00:00Z	Passage psg-origen-contra-celsum-7-42 from contra-celsum directly addresses the proposition 'allegorical-interpretation-of-scripture'. Excerpt: 'Christians are taught to accept the Scriptures of the Old Testament as the oracles of God, and to regard them as containing shadows and imag...' The work's affirms of this proposition is directly attested.
clm-contra-celsum-affirms-catechumenate	approved	cascade-curator	2026-03-16T20:00:00Z	Passage psg-origen-contra-celsum-3-44 from contra-celsum directly treats proposition 'catechumenate-precedes-baptism'. The work's affirms is attested from its own text. Excerpt: 'But we believe that t
clm-contra-celsum-affirms-catechumenate	approved	cascade-curator	2026-03-17T04:00:00Z	Confidence calibrated: high->medium (certainty=probable, pred=work_affirms_proposition)
clm-contra-celsum-affirms-catechumenate	reviewed	cascade-curator	2026-03-16T16:00:00Z	Only contextualizing evidence for contra-celsum work_affirms_proposition catechumenate-precedes-baptism. Passage psg-origen-contra-celsum-3-44: 'But we believe that the whole creation looks forward to liberation from the bondage of corruption, a...' A more directly relevant passage would strengthen this claim.
clm-contra-celsum-affirms-celibacy	approved	cascade-curator	2026-03-16T20:00:00Z	Passage psg-origen-contra-celsum-7-42 from contra-celsum directly treats proposition 'virginity-is-honored-calling'. The work's affirms is attested from its own text. Excerpt: 'Christians are taught t
clm-contra-celsum-affirms-celibacy	approved	cascade-curator	2026-03-17T04:00:00Z	Confidence calibrated: high->medium (certainty=probable, pred=work_affirms_proposition)
clm-contra-celsum-affirms-celibacy	reviewed	cascade-curator	2026-03-16T16:00:00Z	Only contextualizing evidence for contra-celsum work_affirms_proposition virginity-is-honored-calling. Passage psg-origen-contra-celsum-7-42: 'Christians are taught to accept the Scriptures of the Old Testament as the oracles of God, and to re...' A more directly relevant passage would strengthen this claim.
clm-contra-celsum-affirms-eternal-gen	approved	cascade-curator	2026-03-16T20:00:00Z	Passage psg-origen-contra-celsum-8-12 from contra-celsum directly treats proposition 'son-is-eternally-generated'. The work's affirms is attested from its own text. Excerpt: 'We offer to the Creator o
clm-contra-celsum-affirms-eternal-gen	approved	cascade-curator	2026-03-17T04:00:00Z	Confidence calibrated: high->medium (certainty=probable, pred=work_affirms_proposition)
clm-contra-celsum-affirms-eternal-gen	reviewed	cascade-curator	2026-03-16T16:00:00Z	Only contextualizing evidence for contra-celsum work_affirms_proposition son-is-eternally-generated. Passage psg-origen-contra-celsum-8-12: 'We offer to the Creator of all things prayers through the one high priest, and we offer our supplica...' A more directly relevant passage would strengthen this claim.
clm-contra-celsum-affirms-free-will	approved	cascade-curator	2026-03-16T20:00:00Z	Passage psg-origen-contra-celsum-3-44 from contra-celsum directly treats proposition 'free-will-grounds-moral-responsibility'. The work's affirms is attested from its own text. Excerpt: 'But we believ
clm-contra-celsum-affirms-free-will	approved	cascade-curator	2026-03-17T04:00:00Z	Confidence calibrated: high->medium (certainty=probable, pred=work_affirms_proposition)
clm-contra-celsum-affirms-free-will	reviewed	cascade-curator	2026-03-16T16:00:00Z	Only contextualizing evidence for contra-celsum work_affirms_proposition free-will-grounds-moral-responsibility. Passage psg-origen-contra-celsum-3-44: 'But we believe that the whole creation looks forward to liberation from the bondage of corruption, a...' A more directly relevant passage would strengthen this claim.
clm-contra-celsum-affirms-incarnation	approved	cascade-curator	2026-03-16T20:00:00Z	Passage psg-origen-contra-celsum-1-32 from contra-celsum directly treats proposition 'christ-truly-became-flesh'. The work's affirms is attested from its own text. Excerpt: 'Jesus was truly born of a
clm-contra-celsum-affirms-incarnation	reviewed	cascade-curator	2026-03-16T16:00:00Z	Passage psg-origen-contra-celsum-1-32 from contra-celsum supports but the excerpt does not use the exact language of 'christ-truly-became-flesh'. The proposition is conveyed through the overall context of this passage. Excerpt: 'Jesus was truly born of a virgin according to the promises of the prophets; the Spirit of God came u...'
clm-contra-celsum-affirms-judgment	approved	cascade-curator	2026-03-16T20:00:00Z	Passage psg-origen-contra-celsum-3-44 from contra-celsum directly treats proposition 'final-judgment-is-coming'. The work's affirms is attested from its own text. Excerpt: 'But we believe that the who
clm-contra-celsum-affirms-judgment	approved	cascade-curator	2026-03-17T04:00:00Z	Confidence calibrated: high->medium (certainty=probable, pred=work_affirms_proposition)
clm-contra-celsum-affirms-judgment	reviewed	cascade-curator	2026-03-16T16:00:00Z	Only contextualizing evidence for contra-celsum work_affirms_proposition final-judgment-is-coming. Passage psg-origen-contra-celsum-3-44: 'But we believe that the whole creation looks forward to liberation from the bondage of corruption, a...' A more directly relevant passage would strengthen this claim.
clm-contra-celsum-affirms-logos	approved	cascade-curator	2026-03-16T20:00:00Z	Passage psg-origen-contra-celsum-8-12 from contra-celsum directly treats proposition 'logos-is-pre-existent-son-of-god'. The work's affirms is attested from its own text. Excerpt: 'We offer to the Cre
clm-contra-celsum-affirms-logos	reviewed	cascade-curator	2026-03-16T16:00:00Z	Passage psg-origen-contra-celsum-8-12 from contra-celsum supports but the excerpt does not use the exact language of 'logos-is-pre-existent-son-of-god'. The proposition is conveyed through the overall context of this passage. Excerpt: 'We offer to the Creator of all things prayers through the one high priest, and we offer our supplica...'
clm-contra-celsum-affirms-martyrdom	approved	cascade-curator	2026-03-16T20:00:00Z	Passage psg-origen-contra-celsum-3-44 from contra-celsum directly treats proposition 'martyrdom-witnesses-to-christ'. The work's affirms is attested from its own text. Excerpt: 'But we believe that th
clm-contra-celsum-affirms-martyrdom	approved	cascade-curator	2026-03-17T04:00:00Z	Confidence calibrated: high->medium (certainty=probable, pred=work_affirms_proposition)
clm-contra-celsum-affirms-martyrdom	reviewed	cascade-curator	2026-03-16T16:00:00Z	Only contextualizing evidence for contra-celsum work_affirms_proposition martyrdom-witnesses-to-christ. Passage psg-origen-contra-celsum-3-44: 'But we believe that the whole creation looks forward to liberation from the bondage of corruption, a...' A more directly relevant passage would strengthen this claim.
clm-contra-celsum-affirms-ot	approved	cascade-curator	2026-03-16T16:00:00Z	Passage psg-origen-contra-celsum-7-42 from contra-celsum directly addresses the proposition 'old-testament-is-authoritative-scripture'. Excerpt: 'Christians are taught to accept the Scriptures of the Old Testament as the oracles of God, and to regard them as containing shadows and imag...' The work's affirms of this proposition is directly attested.
clm-contra-celsum-affirms-perpetual-virginity	approved	cascade-curator	2026-03-16T20:00:00Z	Passage psg-origen-contra-celsum-1-32 from contra-celsum directly treats proposition 'perpetual-virginity-of-mary'. The work's affirms is attested from its own text. Excerpt: 'Jesus was truly born of
clm-contra-celsum-affirms-perpetual-virginity	approved	cascade-curator	2026-03-17T04:00:00Z	Confidence calibrated: high->medium (certainty=probable, pred=work_affirms_proposition)
clm-contra-celsum-affirms-perpetual-virginity	reviewed	cascade-curator	2026-03-16T16:00:00Z	Passage psg-origen-contra-celsum-1-32 from contra-celsum supports but the excerpt does not use the exact language of 'perpetual-virginity-of-mary'. The proposition is conveyed through the overall context of this passage. Excerpt: 'Jesus was truly born of a virgin according to the promises of the prophets; the Spirit of God came u...'
clm-contra-celsum-affirms-prayer	approved	cascade-curator	2026-03-16T20:00:00Z	Passage psg-origen-contra-celsum-8-12 from contra-celsum directly treats proposition 'prayer-is-offered-without-ceasing'. The work's affirms is attested from its own text. Excerpt: 'We offer to the Cr
clm-contra-celsum-affirms-prayer	approved	cascade-curator	2026-03-17T04:00:00Z	Confidence calibrated: high->medium (certainty=probable, pred=work_affirms_proposition)
clm-contra-celsum-affirms-prayer	reviewed	cascade-curator	2026-03-16T16:00:00Z	Passage psg-origen-contra-celsum-8-12 from contra-celsum supports but the excerpt does not use the exact language of 'prayer-is-offered-without-ceasing'. The proposition is conveyed through the overall context of this passage. Excerpt: 'We offer to the Creator of all things prayers through the one high priest, and we offer our supplica...'
clm-contra-celsum-affirms-resurrection	approved	cascade-curator	2026-03-16T20:00:00Z	Passage psg-origen-contra-celsum-3-44 from contra-celsum directly treats proposition 'bodies-will-be-raised-at-last-day'. The work's affirms is attested from its own text. Excerpt: 'But we believe tha
clm-contra-celsum-affirms-resurrection	reviewed	cascade-curator	2026-03-16T16:00:00Z	Passage psg-origen-contra-celsum-3-44 from contra-celsum supports but the excerpt does not use the exact language of 'bodies-will-be-raised-at-last-day'. The proposition is conveyed through the overall context of this passage. Excerpt: 'But we believe that the whole creation looks forward to liberation from the bondage of corruption, a...'
clm-contra-celsum-affirms-rule-of-faith	approved	cascade-curator	2026-03-16T20:00:00Z	Passage psg-origen-contra-celsum-1-32 from contra-celsum directly treats proposition 'rule-of-faith-received-from-apostles'. The work's affirms is attested from its own text. Excerpt: 'Jesus was truly
clm-contra-celsum-affirms-rule-of-faith	approved	cascade-curator	2026-03-17T04:00:00Z	Confidence calibrated: high->medium (certainty=probable, pred=work_affirms_proposition)
clm-contra-celsum-affirms-rule-of-faith	reviewed	cascade-curator	2026-03-16T16:00:00Z	Only contextualizing evidence for contra-celsum work_affirms_proposition rule-of-faith-received-from-apostles. Passage psg-origen-contra-celsum-1-32: 'Jesus was truly born of a virgin according to the promises of the prophets; the Spirit of God came u...' A more directly relevant passage would strengthen this claim.
clm-contra-celsum-affirms-trinity	approved	cascade-curator	2026-03-16T20:00:00Z	Passage psg-origen-contra-celsum-8-12 from contra-celsum directly treats proposition 'trinity-is-three-persons-one-substance'. The work's affirms is attested from its own text. Excerpt: 'We offer to t
clm-contra-celsum-affirms-trinity	reviewed	cascade-curator	2026-03-16T16:00:00Z	Passage psg-origen-contra-celsum-8-12 from contra-celsum supports but the excerpt does not use the exact language of 'trinity-is-three-persons-one-substance'. The proposition is conveyed through the overall context of this passage. Excerpt: 'We offer to the Creator of all things prayers through the one high priest, and we offer our supplica...'
clm-contra-celsum-affirms-virgin-birth	approved	cascade-curator	2026-03-16T16:00:00Z	Passage psg-origen-contra-celsum-1-32 from contra-celsum directly addresses the proposition 'jesus-born-of-virgin'. Excerpt: 'Jesus was truly born of a virgin according to the promises of the prophets; the Spirit of God came upon the virgin, and the power of the Mos...' The work's affirms of this proposition is directly attested.
clm-contra-celsum-by-origen	approved	cascade-curator	2026-03-16T15:00:00Z	Origen's Contra Celsum is self-attributed (Pref. 1.1) and universally accepted as Origen's response to Celsus's True Doctrine.
clm-contra-celsum-written-at-caesarea	approved	cascade-curator	2026-03-16T16:00:00Z	Passage psg-eusebius-he-6-19 links contra-celsum to caesarea: 'Paraphrase: Origen's fame spread throughout the whole world; Beryllus of Bostra, Alexander of Jerusalem, and many other ...'
clm-contra-celsum-written-at-caesarea	approved	cascade-curator	2026-03-17T04:00:00Z	Confidence calibrated: high->medium (certainty=probable, pred=written_at)
clm-conversion-edessa-at-edessa	approved	cascade-curator	2026-03-16T16:00:00Z	Passage psg-eusebius-he-1-13 directly places conversion-of-edessa at edessa: 'Paraphrase: Eusebius reproduces documents from the archives of Edessa: King Abgar writes to Jesus asking for healing; Je...'
clm-conversion-edessa-year	approved	cascade-curator	2026-03-16T20:30:00Z	Year for conversion-of-edessa: – CE well-supported by passage psg-eusebius-he-1-13. Certainty probable. Excerpt: 'Paraphrase: Eusebius reproduces documents from the archives of Edessa: King Abgar writ
clm-conversion-edessa-year	reviewed	cascade-curator	2026-03-16T16:00:00Z	Year claim for conversion-of-edessa (-) supported only by contextualizing evidence. Passage psg-eusebius-he-1-13: 'Paraphrase: Eusebius reproduces documents from the archives of Edessa: King Abgar writes to Jesus as...' Needs direct date attestation.
clm-conversion-edessa-year	reviewed	cascade-curator	2026-03-16T20:00:00Z	Year for conversion-of-edessa supported by passage psg-eusebius-he-1-13. Excerpt: 'Paraphrase: Eusebius reproduces documents from the archives of Edessa: King Abgar writes to Jesus as'
clm-conversion-year	approved	cascade-curator	2026-03-16T20:30:00Z	Year for pauls-conversion: – CE well-supported by passage psg-acts-9-1-19. Certainty probable. Excerpt: 'Paraphrase: Saul encounter on the way to Damascus leads to his reversal, healing, and baptism.'
clm-conversion-year	reviewed	cascade-curator	2026-03-16T12:00:00Z	Acts 9:1-19 narrates Paul's conversion experience; the year (~33-36 CE) is inferred from Galatians 1:15-18 and the Aretas IV reference in 2 Cor 11:32. Event is directly attested in three Acts accounts; year is scholarly inference.
clm-conversion-year	reviewed	cascade-curator	2026-03-16T20:00:00Z	Year for pauls-conversion supported by passage psg-acts-9-1-19. Excerpt: 'Paraphrase: Saul encounter on the way to Damascus leads to his reversal, healing, and baptism.'
clm-cornelius-active-caesarea	approved	cascade-curator	2026-03-16T20:00:00Z	Passage psg-acts-10-1-48 explicitly places cornelius in caesarea. Excerpt: 'Paraphrase: Cornelius of Caesarea sends for Peter, hears the message, and the Holy Spirit falls on Gentiles who are then'
clm-cornelius-disciple	approved	cascade-curator	2026-03-16T20:00:00Z	Passage psg-acts-10-1-48 explicitly names cornelius as member of disciples-of-jesus. Excerpt: 'Paraphrase: Cornelius of Caesarea sends for Peter, hears the message, and the Holy Spirit falls on Gentil
clm-cornelius-member-caesarean	approved	cascade-curator	2026-03-17T04:00:00Z	Confidence calibrated: high->medium (certainty=probable, pred=member_of_group)
clm-cornelius-pope-affirms-succession	approved	cascade-curator	2026-03-17T04:00:00Z	Confidence calibrated: high->medium (certainty=probable, pred=person_affirms_proposition)
clm-cornelius-pope-bishop-rome	approved	cascade-curator	2026-03-16T20:00:00Z	Passage psg-eusebius-he-6-20-43 directly names cornelius-pope as bishop of rome. Excerpt: 'Paraphrase: Eusebius reports that Hippolytus was a bishop somewhere and that he composed various works. In HE
clm-cornelius-pope-bishop-rome	reviewed	cascade-curator	2026-03-16T16:00:00Z	Evidence supports cornelius-pope bishop_of rome. Excerpt: 'Paraphrase: Eusebius reports that Hippolytus was a bishop somewhere and that he composed various wor...'
clm-cornelius-pope-coworker-cyprian	approved	cascade-curator	2026-03-16T20:00:00Z	Passage psg-eusebius-he-6-20-43 explicitly names cornelius-pope as coworker of cyprian-of-carthage. Excerpt: 'Paraphrase: Eusebius reports that Hippolytus was a bishop somewhere and that he composed v
clm-cornelius-pope-coworker-cyprian	approved	cascade-curator	2026-03-17T04:00:00Z	Confidence calibrated: high->medium (certainty=probable, pred=coworker_of)
clm-cornelius-pope-coworker-cyprian	reviewed	cascade-curator	2026-03-16T16:00:00Z	Evidence supports cornelius-pope coworker_of cyprian-of-carthage. Excerpt: 'Paraphrase: Eusebius reports that Hippolytus was a bishop somewhere and that he composed various wor...'
clm-cornelius-pope-in-council-251	approved	cascade-curator	2026-03-17T04:00:00Z	Confidence calibrated: high->medium (certainty=probable, pred=participant_in)
clm-cornelius-pope-in-decian-persecution	approved	cascade-curator	2026-03-16T20:00:00Z	Passage psg-eusebius-he-6-43 explicitly names cornelius-pope as participant in decian-persecution. Excerpt: 'Paraphrase: Eusebius preserves a letter of Cornelius of Rome describing Novatian's ordinati
clm-cornelius-pope-in-decian-persecution	approved	cascade-curator	2026-03-17T04:00:00Z	Confidence calibrated: high->medium (certainty=probable, pred=participant_in)
clm-cornelius-pope-in-decian-persecution	reviewed	cascade-curator	2026-03-16T16:00:00Z	Passage psg-eusebius-he-6-43 supports the claim but does not explicitly name both cornelius-pope and decian-persecution together. Excerpt: 'Paraphrase: Eusebius preserves a letter of Cornelius of Rome describing Novatian's ordination irregu...'
clm-cornelius-pope-in-novatian-schism	approved	cascade-curator	2026-03-16T20:00:00Z	Passage psg-eusebius-he-6-20-43 explicitly names cornelius-pope as participant in novatian-schism. Excerpt: 'Paraphrase: Eusebius reports that Hippolytus was a bishop somewhere and that he composed va
clm-cornelius-pope-in-novatian-schism	reviewed	cascade-curator	2026-03-16T16:00:00Z	Passage psg-eusebius-he-6-20-43 supports the claim but does not explicitly name both cornelius-pope and novatian-schism together. Excerpt: 'Paraphrase: Eusebius reports that Hippolytus was a bishop somewhere and that he composed various wor...'
clm-cornelius-pope-member-roman-church	approved	cascade-curator	2026-03-16T20:00:00Z	Passage psg-eusebius-he-6-20-43 explicitly names cornelius-pope as member of roman-church. Excerpt: 'Paraphrase: Eusebius reports that Hippolytus was a bishop somewhere and that he composed various wo
clm-cornelius-pope-member-roman-church	reviewed	cascade-curator	2026-03-16T16:00:00Z	Evidence supports cornelius-pope member_of_group roman-church but excerpt does not explicitly name both entities. Excerpt: 'Paraphrase: Eusebius reports that Hippolytus was a bishop somewhere and that he composed various wor...'
clm-cornelius-pope-person-affirms-penance	approved	cascade-curator	2026-03-16T20:30:00Z	Third-party source (passage psg-eusebius-he-6-20-43) reports cornelius-pope as affirming 'post-baptismal-sin-forgiven-by-penance'. Excerpt: 'Paraphrase: Eusebius reports that Hippolytus was a bishop s
clm-cornelius-pope-person-affirms-penance	reviewed	cascade-curator	2026-03-16T16:00:00Z	Only contextualizing evidence for cornelius-pope person_affirms_proposition 'post-baptismal-sin-forgiven-by-penance'. The person's connection to this proposition needs stronger direct attestation. Excerpt: 'Paraphrase: Eusebius reports that Hippolytus was a bishop somewhere and that he composed various wor...'
clm-cornelius-pope-person-affirms-penance	reviewed	cascade-curator	2026-03-16T20:00:00Z	Third-party attestation from passage psg-eusebius-he-6-20-43: cornelius-pope is reported as affirming 'post-baptismal-sin-forgiven-by-penance'. Excerpt: 'Paraphrase: Eusebius reports that Hippolytus w
clm-council-arles-at-arles	approved	cascade-curator	2026-03-16T16:00:00Z	Passage psg-council-arles-subscriptions directly places council-of-arles-314 at arles: 'Paraphrase: Among the bishops who signed the acts of the Council of Arles in 314 were three from Britain: Eborius bishop...'
clm-council-arles-year	approved	cascade-curator	2026-03-16T16:00:00Z	Passage psg-council-arles-subscriptions directly attests council-of-arles-314 with year evidence (-). Excerpt: 'Paraphrase: Among the bishops who signed the acts of the Council of Arles in 314 were three from Britain: Eborius bishop...'
clm-council-carthage-251-at-carthage	approved	cascade-curator	2026-03-16T20:00:00Z	Passage psg-cyprian-lapsis-15-16 explicitly places council-of-carthage-251 at carthage. Excerpt: 'Paraphrase: But to those who have stood firm and have not been overthrown, what great joy! To those wh
clm-council-carthage-251-at-carthage	reviewed	cascade-curator	2026-03-16T16:00:00Z	Evidence supports council-of-carthage-251 occurs_at carthage. Excerpt: 'Paraphrase: But to those who have stood firm and have not been overthrown, what great joy! To those ...'
clm-council-carthage-251-year	approved	cascade-curator	2026-03-16T20:00:00Z	Passage psg-cyprian-lapsis-15-16 explicitly attests the year for council-of-carthage-251. Excerpt: 'Paraphrase: But to those who have stood firm and have not been overthrown, what great joy! To those
clm-council-carthage-251-year	reviewed	cascade-curator	2026-03-16T16:00:00Z	Passage psg-cyprian-lapsis-15-16 supports the year claim for council-of-carthage-251 (-) but excerpt does not name the event explicitly. Excerpt: 'Paraphrase: But to those who have stood firm and have not been overthrown, what great joy! To those ...'
clm-council-carthage-252-at-carthage	approved	cascade-curator	2026-03-16T20:00:00Z	Passage psg-cyprian-ep64-2 explicitly places council-of-carthage-252 at carthage. Excerpt: 'Paraphrase: But in respect of the case of infants, which you say ought not to be baptized within the second
clm-council-carthage-252-at-carthage	reviewed	cascade-curator	2026-03-16T16:00:00Z	Evidence supports council-of-carthage-252 occurs_at carthage. Excerpt: 'Paraphrase: But in respect of the case of infants, which you say ought not to be baptized within the...'
clm-council-carthage-252-year	approved	cascade-curator	2026-03-16T20:00:00Z	Passage psg-cyprian-ep64-2 explicitly attests the year for council-of-carthage-252. Excerpt: 'Paraphrase: But in respect of the case of infants, which you say ought not to be baptized within the secon
clm-council-carthage-252-year	reviewed	cascade-curator	2026-03-16T16:00:00Z	Passage psg-cyprian-ep64-2 supports the year claim for council-of-carthage-252 (-) but excerpt does not name the event explicitly. Excerpt: 'Paraphrase: But in respect of the case of infants, which you say ought not to be baptized within the...'
clm-council-carthage-256-at-carthage	approved	cascade-curator	2026-03-16T20:00:00Z	Passage psg-cyprian-sent-proem explicitly places council-of-carthage-256 at carthage. Excerpt: 'Paraphrase: Cyprian said: You have heard, most beloved colleagues, what Jubaianus our fellow bishop wrot
clm-council-carthage-256-at-carthage	reviewed	cascade-curator	2026-03-16T16:00:00Z	Evidence supports council-of-carthage-256 occurs_at carthage. Excerpt: 'Paraphrase: Cyprian said: You have heard, most beloved colleagues, what Jubaianus our fellow bishop ...'
clm-council-carthage-256-year	approved	cascade-curator	2026-03-16T20:00:00Z	Passage psg-cyprian-sent-proem explicitly attests the year for council-of-carthage-256. Excerpt: 'Paraphrase: Cyprian said: You have heard, most beloved colleagues, what Jubaianus our fellow bishop wr
clm-council-carthage-256-year	reviewed	cascade-curator	2026-03-16T16:00:00Z	Passage psg-cyprian-sent-proem supports the year claim for council-of-carthage-256 (-) but excerpt does not name the event explicitly. Excerpt: 'Paraphrase: Cyprian said: You have heard, most beloved colleagues, what Jubaianus our fellow bishop ...'
clm-council-ephesus-431-year	approved	cascade-curator	2026-03-16T20:00:00Z	Passage psg-wikipedia-council-ephesus-431 explicitly attests the year for council-of-ephesus-431. Excerpt: 'The Council of Ephesus was held in 431 AD and condemned Nestorius, affirming Mary as Theotok
clm-council-ephesus-at-ephesus	approved	cascade-curator	2026-03-16T20:00:00Z	Passage psg-wikipedia-council-ephesus-431 explicitly places council-of-ephesus-431 at ephesus. Excerpt: 'The Council of Ephesus was held in 431 AD and condemned Nestorius, affirming Mary as Theotokos
clm-council-year	approved	cascade-curator	2026-03-17T04:00:00Z	Confidence calibrated: high->medium (certainty=probable, pred=event_has_year)
clm-crescens-active-galatia	approved	cascade-curator	2026-03-16T20:00:00Z	Passage psg-2tim-4-10-12 explicitly places crescens in galatia. Excerpt: 'Paraphrase: Paul says Demas has gone to Thessalonica, Crescens to Galatia, Titus to Dalmatia, and Tychicus has been sent'
clm-crescens-disciple	approved	cascade-curator	2026-03-17T04:00:00Z	Confidence calibrated: high->medium (certainty=probable, pred=member_of_group)
clm-crispus-active-corinth	approved	cascade-curator	2026-03-16T20:00:00Z	Passage psg-acts-18-8 explicitly places crispus in corinth. Excerpt: 'Paraphrase: Crispus, the ruler of the synagogue in Corinth, believes in the Lord together with his household.'
clm-crispus-corinthian-church	approved	cascade-curator	2026-03-16T20:00:00Z	Passage psg-acts-18-7-8 explicitly names crispus as member of corinthian-church. Excerpt: 'Paraphrase: Paul moves next door to the house of Titius Justus in Corinth, and Crispus the synagogue ruler be
clm-crispus-disciple	approved	cascade-curator	2026-03-16T20:00:00Z	Passage psg-acts-18-7-8 explicitly names crispus as member of disciples-of-jesus. Excerpt: 'Paraphrase: Paul moves next door to the house of Titius Justus in Corinth, and Crispus the synagogue ruler b
clm-crucifixion-at-jerusalem	approved	cascade-curator	2026-03-16T20:00:00Z	Passage psg-mark-15-24-39 explicitly places crucifixion-of-jesus at jerusalem. Excerpt: 'Paraphrase: Jesus is crucified, mocked, and dies, and the centurion witnesses the manner of his death.'
clm-crucifixion-year	approved	cascade-curator	2026-03-16T20:30:00Z	Year for crucifixion-of-jesus: – CE well-supported by passage psg-mark-15-24-39. Certainty probable. Excerpt: 'Paraphrase: Jesus is crucified, mocked, and dies, and the centurion witnesses the manner
clm-crucifixion-year	reviewed	cascade-curator	2026-03-16T20:00:00Z	Year for crucifixion-of-jesus supported by passage psg-mark-15-24-39. Excerpt: 'Paraphrase: Jesus is crucified, mocked, and dies, and the centurion witnesses the manner of his deat'
clm-cyprian-bishop-carthage	approved	cascade-curator	2026-03-16T13:00:00Z	Cyprian's letters are extensively self-attributed and consistently identify him as bishop of the Carthaginian church (e.g., Ep. 1, Ep. 3). Eusebius HE 6.43-44 confirms his martyrdom as bishop in 258 CE. Well-attested.
clm-cyprian-coworker-celerinus	approved	cascade-curator	2026-03-17T04:00:00Z	Confidence calibrated: high->medium (certainty=probable, pred=coworker_of)
clm-cyprian-in-council-251	approved	cascade-curator	2026-03-16T20:00:00Z	Passage psg-cyprian-lapsis-15-16 explicitly names cyprian-of-carthage as participant in council-of-carthage-251. Excerpt: 'Paraphrase: But to those who have stood firm and have not been overthrown, wh
clm-cyprian-in-council-251	reviewed	cascade-curator	2026-03-16T16:00:00Z	Passage psg-cyprian-lapsis-15-16 supports the claim but does not explicitly name both cyprian-of-carthage and council-of-carthage-251 together. Excerpt: 'Paraphrase: But to those who have stood firm and have not been overthrown, what great joy! To those ...'
clm-cyprian-in-council-252	approved	cascade-curator	2026-03-16T20:00:00Z	Passage psg-cyprian-ep64-2 explicitly names cyprian-of-carthage as participant in council-of-carthage-252. Excerpt: 'Paraphrase: But in respect of the case of infants, which you say ought not to be ba
clm-cyprian-in-council-252	reviewed	cascade-curator	2026-03-16T16:00:00Z	Passage psg-cyprian-ep64-2 supports the claim but does not explicitly name both cyprian-of-carthage and council-of-carthage-252 together. Excerpt: 'Paraphrase: But in respect of the case of infants, which you say ought not to be baptized within the...'
clm-cyprian-in-council-256	approved	cascade-curator	2026-03-16T20:00:00Z	Passage psg-cyprian-sent-proem explicitly names cyprian-of-carthage as participant in council-of-carthage-256. Excerpt: 'Paraphrase: Cyprian said: You have heard, most beloved colleagues, what Jubaian
clm-cyprian-in-council-256	reviewed	cascade-curator	2026-03-16T16:00:00Z	Passage psg-cyprian-sent-proem supports the claim but does not explicitly name both cyprian-of-carthage and council-of-carthage-256 together. Excerpt: 'Paraphrase: Cyprian said: You have heard, most beloved colleagues, what Jubaianus our fellow bishop ...'
clm-cyprian-in-cyprians-martyrdom	approved	cascade-curator	2026-03-16T20:00:00Z	Passage psg-eusebius-he-7-9 explicitly names cyprian-of-carthage as participant in cyprians-martyrdom. Excerpt: 'Paraphrase: Eusebius records that Cyprian was banished under the Emperor Valerian and t
clm-cyprian-in-cyprians-martyrdom	reviewed	cascade-curator	2026-03-16T16:00:00Z	Passage psg-eusebius-he-7-9 supports the claim but does not explicitly name both cyprian-of-carthage and cyprians-martyrdom together. Excerpt: 'Paraphrase: Eusebius records that Cyprian was banished under the Emperor Valerian and thereafter sum...'
clm-cyprian-in-decian-persecution	approved	cascade-curator	2026-03-16T20:00:00Z	Passage psg-eusebius-he-6-20-43 explicitly names cyprian-of-carthage as participant in decian-persecution. Excerpt: 'Paraphrase: Eusebius reports that Hippolytus was a bishop somewhere and that he com
clm-cyprian-in-decian-persecution	reviewed	cascade-curator	2026-03-16T16:00:00Z	Passage psg-eusebius-he-6-20-43 supports the claim but does not explicitly name both cyprian-of-carthage and decian-persecution together. Excerpt: 'Paraphrase: Eusebius reports that Hippolytus was a bishop somewhere and that he composed various wor...'
clm-cyprian-member-carthage-church	approved	cascade-curator	2026-03-16T20:00:00Z	Passage psg-eusebius-he-6-20-43 explicitly names cyprian-of-carthage as member of carthage-church. Excerpt: 'Paraphrase: Eusebius reports that Hippolytus was a bishop somewhere and that he composed va
clm-cyprian-member-carthage-church	reviewed	cascade-curator	2026-03-16T16:00:00Z	Evidence supports cyprian-of-carthage member_of_group carthage-church but excerpt does not explicitly name both entities. Excerpt: 'Paraphrase: Eusebius reports that Hippolytus was a bishop somewhere and that he composed various wor...'
clm-cyprian-originated-carthage	approved	cascade-curator	2026-03-16T17:00:00Z	Passage psg-wikipedia-early-church-geography directly attests cyprian-of-carthage originating in carthage: 'Early centers of Christianity included Jerusalem, Antioch, Alexandria, Rome, Carthage, and Edessa. Communities spread to'
clm-cyprian-originated-carthage	approved	cascade-curator	2026-03-17T04:00:00Z	Confidence calibrated: high->medium (certainty=probable, pred=originated_in)
clm-cyprian-teacher-of-pontius	approved	cascade-curator	2026-03-17T12:30:00Z	Upgraded reviewed→approved: probable certainty with direct supports evidence. Confidence set to medium.
clm-cyprian-teacher-of-pontius	reviewed	cascade-curator	2026-03-16T20:30:00Z	Claim clm-cyprian-teacher-of-pontius (teacher_of: cyprian-of-carthage → pontius-deacon) has only contextualizing evidence. Certainty probable is appropriate given indirect support.
clm-cyprian-teacher-of-pontius	reviewed	cascade-curator	2026-03-16T23:00:00Z	Reviewed (contextual): cyprian-of-carthage teacher_of pontius-deacon. Certainty probable. Passage psg-cyprian-lapsis-15-16: 'Paraphrase: But to those who have stood firm and have not been overthrown,
clm-cyprians-martyrdom-at-carthage	approved	cascade-curator	2026-03-16T20:00:00Z	Passage psg-eusebius-he-7-9 explicitly places cyprians-martyrdom at carthage. Excerpt: 'Paraphrase: Eusebius records that Cyprian was banished under the Emperor Valerian and thereafter summoned back o
clm-cyprians-martyrdom-at-carthage	reviewed	cascade-curator	2026-03-16T16:00:00Z	Evidence supports cyprians-martyrdom occurs_at carthage. Excerpt: 'Paraphrase: Eusebius records that Cyprian was banished under the Emperor Valerian and thereafter sum...'
clm-cyprians-martyrdom-year	approved	cascade-curator	2026-03-16T20:00:00Z	Passage psg-eusebius-he-7-9 explicitly attests the year for cyprians-martyrdom. Excerpt: 'Paraphrase: Eusebius records that Cyprian was banished under the Emperor Valerian and thereafter summoned back
clm-cyprians-martyrdom-year	reviewed	cascade-curator	2026-03-16T16:00:00Z	Passage psg-eusebius-he-7-9 supports the year claim for cyprians-martyrdom (-) but excerpt does not name the event explicitly. Excerpt: 'Paraphrase: Eusebius records that Cyprian was banished under the Emperor Valerian and thereafter sum...'
clm-cyril-participant-ephesus-431	approved	cascade-curator	2026-03-17T16:00:00Z	
clm-damaris-active-athens	approved	cascade-curator	2026-03-16T20:00:00Z	Passage psg-acts-17-34 explicitly places damaris in athens. Excerpt: 'Paraphrase: Dionysius the Areopagite, a woman named Damaris, and others join Paul and believe in Athens.'
clm-damaris-disciple	approved	cascade-curator	2026-03-16T20:00:00Z	Passage psg-acts-17-32-34 explicitly names damaris as member of disciples-of-jesus. Excerpt: 'Paraphrase: Some mocked Paul's resurrection message in Athens, but others joined him and believed, includi
clm-damascus-document-repentance	approved	cascade-curator	2026-03-16T20:00:00Z	Passage psg-damascus-document-2-7-10 from damascus-document directly treats proposition 'repentance-is-required'. The work's affirms is attested from its own text. Excerpt: 'Paraphrase: The text calls
clm-damascus-document-repentance	approved	cascade-curator	2026-03-17T04:00:00Z	Confidence calibrated: high->medium (certainty=probable, pred=work_affirms_proposition)
clm-de-bapt-affirms-anointing	approved	cascade-curator	2026-03-16T20:00:00Z	Passage psg-tertullian-de-bapt-1 from de-baptismo directly treats proposition 'baptismal-anointing-with-oil'. The work's affirms is attested from its own text. Excerpt: 'Happy is our sacrament of wate
clm-de-bapt-affirms-anointing	approved	cascade-curator	2026-03-17T04:00:00Z	Confidence calibrated: high->medium (certainty=probable, pred=work_affirms_proposition)
clm-de-bapt-affirms-anointing	reviewed	cascade-curator	2026-03-16T16:00:00Z	Only contextualizing evidence for de-baptismo work_affirms_proposition baptismal-anointing-with-oil. Passage psg-tertullian-de-bapt-1: 'Happy is our sacrament of water, in that by washing away the sins of our early blindness, we are set...' A more directly relevant passage would strengthen this claim.
clm-de-bapt-affirms-catechumenate	approved	cascade-curator	2026-03-16T20:00:00Z	Passage psg-tertullian-de-bapt-1 from de-baptismo directly treats proposition 'catechumenate-precedes-baptism'. The work's affirms is attested from its own text. Excerpt: 'Happy is our sacrament of wa
clm-de-bapt-affirms-catechumenate	approved	cascade-curator	2026-03-17T04:00:00Z	Confidence calibrated: high->medium (certainty=probable, pred=work_affirms_proposition)
clm-de-bapt-affirms-catechumenate	reviewed	cascade-curator	2026-03-16T16:00:00Z	Only contextualizing evidence for de-baptismo work_affirms_proposition catechumenate-precedes-baptism. Passage psg-tertullian-de-bapt-1: 'Happy is our sacrament of water, in that by washing away the sins of our early blindness, we are set...' A more directly relevant passage would strengthen this claim.
clm-de-bapt-affirms-regeneration	approved	cascade-curator	2026-03-16T14:00:00Z	De Baptismo 1 states baptism sets us free from blindness and admits us to eternal life; De Bapt. 13 links water to the Spirit and new birth. Regenerative effect of baptism is directly attested.
clm-de-bapt-affirms-trinitarian-name	approved	cascade-curator	2026-03-16T20:00:00Z	Passage psg-tertullian-de-bapt-13 from de-baptismo directly treats proposition 'baptism-administered-in-trinitarian-name'. The work's affirms is attested from its own text. Excerpt: 'Paraphrase: Tertu
clm-de-bapt-affirms-trinitarian-name	reviewed	cascade-curator	2026-03-16T16:00:00Z	Passage psg-tertullian-de-bapt-13 from de-baptismo supports but the excerpt does not use the exact language of 'baptism-administered-in-trinitarian-name'. The proposition is conveyed through the overall context of this passage. Excerpt: 'Paraphrase: Tertullian states that the formula of baptism was commanded by the Lord: 'Go, teach the ...'
clm-de-bapt-by-tertullian	approved	cascade-curator	2026-03-16T20:00:00Z	Passage psg-tertullian-de-bapt-1 is drawn from de-baptismo itself, directly confirming authorship. Excerpt: 'Happy is our sacrament of water, in that by washing away the sins of our early blindness, w
clm-de-bapt-by-tertullian	reviewed	cascade-curator	2026-03-16T16:00:00Z	Evidence supports de-baptismo authored_by tertullian; passage psg-tertullian-de-bapt-1 provides supporting context. Excerpt: 'Happy is our sacrament of water, in that by washing away the sins of our early blindness, we are set...'
clm-de-bapt-opposes-infant-baptism	approved	cascade-curator	2026-03-16T20:00:00Z	Passage psg-tertullian-de-bapt-18 from de-baptismo directly treats proposition 'infants-and-children-are-baptized'. The work's opposes is attested from its own text. Excerpt: 'And so, according to the
clm-de-bapt-opposes-infant-baptism	reviewed	cascade-curator	2026-03-16T16:00:00Z	Passage psg-tertullian-de-bapt-18 from de-baptismo supports but the excerpt does not use the exact language of 'infants-and-children-are-baptized'. The proposition is conveyed through the overall context of this passage. Excerpt: 'And so, according to the circumstances and disposition, and even age, of each individual, the delay ...'
clm-de-bapt-written-carthage	approved	cascade-curator	2026-03-16T20:30:00Z	de-baptismo written at carthage: passage psg-tertullian-de-bapt-1 supports the place attribution (biographical or internal evidence). Excerpt: 'Happy is our sacrament of water, in that by washing away
clm-de-bapt-written-carthage	reviewed	cascade-curator	2026-03-16T16:00:00Z	Only contextualizing evidence for de-baptismo written_at carthage. Provenance relies on biographical tradition rather than internal textual evidence. Excerpt: 'Happy is our sacrament of water, in that by washing away the sins of our early blindness, we are set...'
clm-de-bapt-written-carthage	reviewed	cascade-curator	2026-03-16T20:00:00Z	de-baptismo written at carthage: biographical consensus supported by passage psg-tertullian-de-bapt-1. No explicit internal naming of carthage. Excerpt: 'Happy is our sacrament of water, in that by wa
clm-de-carne-affirms-incarnation	approved	cascade-curator	2026-03-16T16:00:00Z	Passage psg-tertullian-de-carne-5 from de-carne-christi directly addresses the proposition 'christ-truly-became-flesh'. Excerpt: 'The Son of God was crucified; I am not ashamed because men must needs be ashamed of it. And the Son of God died; it is by all means to be be...' The work's affirms of this proposition is directly attested.
clm-de-carne-affirms-virgin-birth	approved	cascade-curator	2026-03-16T20:00:00Z	Passage psg-tertullian-de-carne-5 from de-carne-christi directly treats proposition 'jesus-born-of-virgin'. The work's affirms is attested from its own text. Excerpt: 'The Son of God was crucified; I
clm-de-carne-affirms-virgin-birth	reviewed	cascade-curator	2026-03-16T16:00:00Z	Passage psg-tertullian-de-carne-5 from de-carne-christi supports but the excerpt does not use the exact language of 'jesus-born-of-virgin'. The proposition is conveyed through the overall context of this passage. Excerpt: 'The Son of God was crucified; I am not ashamed because men must needs be ashamed of it. And the Son ...'
clm-de-carne-by-tertullian	approved	cascade-curator	2026-03-16T13:00:00Z	Self-attributed work of Tertullian, universally accepted in scholarship.
clm-de-carne-written-carthage	approved	cascade-curator	2026-03-16T20:30:00Z	de-carne-christi written at carthage: passage psg-tertullian-de-carne-5 supports the place attribution (biographical or internal evidence). Excerpt: 'The Son of God was crucified; I am not ashamed bec
clm-de-carne-written-carthage	reviewed	cascade-curator	2026-03-16T16:00:00Z	Only contextualizing evidence for de-carne-christi written_at carthage. Provenance relies on biographical tradition rather than internal textual evidence. Excerpt: 'The Son of God was crucified; I am not ashamed because men must needs be ashamed of it. And the Son ...'
clm-de-carne-written-carthage	reviewed	cascade-curator	2026-03-16T20:00:00Z	de-carne-christi written at carthage: biographical consensus supported by passage psg-tertullian-de-carne-5. No explicit internal naming of carthage. Excerpt: 'The Son of God was crucified; I am not a
clm-de-corona-affirms-military-refusal	approved	cascade-curator	2026-03-16T14:00:00Z	De Corona 11 argues that Christians should not serve in the military: 'Shall it be held lawful to make an occupation of the sword, when the Lord proclaims that he who uses the sword shall perish by the sword?' The proposition is directly and explicitly stated.
clm-de-corona-affirms-military-refusal	approved	cascade-curator	2026-03-17T04:00:00Z	Confidence calibrated: high->medium (certainty=probable, pred=work_affirms_proposition)
clm-de-corona-by-tertullian	approved	cascade-curator	2026-03-16T20:00:00Z	Passage psg-tertullian-de-corona-11 is drawn from de-corona itself, directly confirming authorship. Excerpt: 'Shall it be held lawful to make an occupation of the sword, when the Lord proclaims that h
clm-de-corona-by-tertullian	reviewed	cascade-curator	2026-03-16T16:00:00Z	Evidence supports de-corona authored_by tertullian; passage psg-tertullian-de-corona-11 provides supporting context. Excerpt: 'Shall it be held lawful to make an occupation of the sword, when the Lord proclaims that he who uses...'
clm-de-corona-written-carthage	approved	cascade-curator	2026-03-16T20:30:00Z	de-corona written at carthage: passage psg-tertullian-de-corona-11 supports the place attribution (biographical or internal evidence). Excerpt: 'Shall it be held lawful to make an occupation of the sw
clm-de-corona-written-carthage	reviewed	cascade-curator	2026-03-16T16:00:00Z	Only contextualizing evidence for de-corona written_at carthage. Provenance relies on biographical tradition rather than internal textual evidence. Excerpt: 'Shall it be held lawful to make an occupation of the sword, when the Lord proclaims that he who uses...'
clm-de-corona-written-carthage	reviewed	cascade-curator	2026-03-16T20:00:00Z	de-corona written at carthage: biographical consensus supported by passage psg-tertullian-de-corona-11. No explicit internal naming of carthage. Excerpt: 'Shall it be held lawful to make an occupation
clm-de-dom-orat-affirms-almsgiving	approved	cascade-curator	2026-03-16T20:00:00Z	Passage psg-cyprian-dom-orat-8 from de-dominica-oratione directly treats proposition 'almsgiving-is-required'. The work's affirms is attested from its own text. Excerpt: 'Paraphrase: Before all things
clm-de-dom-orat-affirms-almsgiving	approved	cascade-curator	2026-03-17T04:00:00Z	Confidence calibrated: high->medium (certainty=probable, pred=work_affirms_proposition)
clm-de-dom-orat-affirms-almsgiving	reviewed	cascade-curator	2026-03-16T16:00:00Z	Only contextualizing evidence for de-dominica-oratione work_affirms_proposition almsgiving-is-required. Passage psg-cyprian-dom-orat-8: 'Paraphrase: Before all things, the Teacher of peace and Master of unity would not have prayer to be ...' A more directly relevant passage would strengthen this claim.
clm-de-dom-orat-affirms-baptism-regen	approved	cascade-curator	2026-03-16T20:00:00Z	Passage psg-cyprian-dom-orat-18 from de-dominica-oratione directly treats proposition 'baptism-effects-regeneration'. The work's affirms is attested from its own text. Excerpt: 'Paraphrase: Moreover,
clm-de-dom-orat-affirms-baptism-regen	approved	cascade-curator	2026-03-17T04:00:00Z	Confidence calibrated: high->medium (certainty=probable, pred=work_affirms_proposition)
clm-de-dom-orat-affirms-baptism-regen	reviewed	cascade-curator	2026-03-16T16:00:00Z	Only contextualizing evidence for de-dominica-oratione work_affirms_proposition baptism-effects-regeneration. Passage psg-cyprian-dom-orat-18: 'Paraphrase: Moreover, when we say 'Give us this day our daily bread,' we may understand this both sp...' A more directly relevant passage would strengthen this claim.
clm-de-dom-orat-affirms-baptism-water	approved	cascade-curator	2026-03-16T20:00:00Z	Passage psg-cyprian-dom-orat-18 from de-dominica-oratione directly treats proposition 'baptism-with-water-commanded'. The work's affirms is attested from its own text. Excerpt: 'Paraphrase: Moreover,
clm-de-dom-orat-affirms-baptism-water	approved	cascade-curator	2026-03-17T04:00:00Z	Confidence calibrated: high->medium (certainty=probable, pred=work_affirms_proposition)
clm-de-dom-orat-affirms-baptism-water	reviewed	cascade-curator	2026-03-16T16:00:00Z	Only contextualizing evidence for de-dominica-oratione work_affirms_proposition baptism-with-water-commanded. Passage psg-cyprian-dom-orat-18: 'Paraphrase: Moreover, when we say 'Give us this day our daily bread,' we may understand this both sp...' A more directly relevant passage would strengthen this claim.
clm-de-dom-orat-affirms-bishop-eucharist	approved	cascade-curator	2026-03-16T20:00:00Z	Passage psg-cyprian-dom-orat-35-36 from de-dominica-oratione directly treats proposition 'bishop-authority-over-eucharist'. The work's affirms is attested from its own text. Excerpt: 'Paraphrase: Let
clm-de-dom-orat-affirms-bishop-eucharist	approved	cascade-curator	2026-03-17T04:00:00Z	Confidence calibrated: high->medium (certainty=probable, pred=work_affirms_proposition)
clm-de-dom-orat-affirms-bishop-eucharist	reviewed	cascade-curator	2026-03-16T16:00:00Z	Only contextualizing evidence for de-dominica-oratione work_affirms_proposition bishop-authority-over-eucharist. Passage psg-cyprian-dom-orat-35-36: 'Paraphrase: Let us who are in Christ — that is, who always pray — not fail from prayer at any times ...' A more directly relevant passage would strengthen this claim.
clm-de-dom-orat-affirms-episcopal-unity	approved	cascade-curator	2026-03-16T16:00:00Z	Passage psg-cyprian-dom-orat-8 from de-dominica-oratione directly addresses the proposition 'episcopal-unity-grounds-church-unity'. Excerpt: 'Paraphrase: Before all things, the Teacher of peace and Master of unity would not have prayer to be made singly and individually, as if a pe...' The work's affirms of this proposition is directly attested.
clm-de-dom-orat-affirms-eucharist-body-blood	approved	cascade-curator	2026-03-16T20:00:00Z	Passage psg-cyprian-dom-orat-18 from de-dominica-oratione directly treats proposition 'eucharist-is-body-and-blood'. The work's affirms is attested from its own text. Excerpt: 'Paraphrase: Moreover, w
clm-de-dom-orat-affirms-eucharist-body-blood	reviewed	cascade-curator	2026-03-16T16:00:00Z	Passage psg-cyprian-dom-orat-18 from de-dominica-oratione supports but the excerpt does not use the exact language of 'eucharist-is-body-and-blood'. The proposition is conveyed through the overall context of this passage. Excerpt: 'Paraphrase: Moreover, when we say 'Give us this day our daily bread,' we may understand this both sp...'
clm-de-dom-orat-affirms-eucharist-malachi	approved	cascade-curator	2026-03-16T20:00:00Z	Passage psg-cyprian-dom-orat-35-36 from de-dominica-oratione directly treats proposition 'eucharist-fulfills-malachi-pure-offering'. The work's mentions is attested from its own text. Excerpt: 'Paraph
clm-de-dom-orat-affirms-eucharist-malachi	approved	cascade-curator	2026-03-17T04:00:00Z	Confidence calibrated: high->medium (certainty=probable, pred=work_mentions_proposition)
clm-de-dom-orat-affirms-eucharist-malachi	reviewed	cascade-curator	2026-03-16T16:00:00Z	Only contextualizing evidence for de-dominica-oratione work_mentions_proposition eucharist-fulfills-malachi-pure-offering. Passage psg-cyprian-dom-orat-35-36: 'Paraphrase: Let us who are in Christ — that is, who always pray — not fail from prayer at any times ...' A more directly relevant passage would strengthen this claim.
clm-de-dom-orat-affirms-eucharist-sacrifice	approved	cascade-curator	2026-03-16T16:00:00Z	Passage psg-cyprian-dom-orat-35-36 from de-dominica-oratione directly addresses the proposition 'eucharist-is-sacrifice'. Excerpt: 'Paraphrase: Let us who are in Christ — that is, who always pray — not fail from prayer at any times or seasons. When we gather for the divin...' The work's affirms of this proposition is directly attested.
clm-de-dom-orat-affirms-fasting	approved	cascade-curator	2026-03-16T20:00:00Z	Passage psg-cyprian-dom-orat-35-36 from de-dominica-oratione directly treats proposition 'fasting-is-required'. The work's affirms is attested from its own text. Excerpt: 'Paraphrase: Let us who are i
clm-de-dom-orat-affirms-fasting	approved	cascade-curator	2026-03-17T04:00:00Z	Confidence calibrated: high->medium (certainty=probable, pred=work_affirms_proposition)
clm-de-dom-orat-affirms-fasting	reviewed	cascade-curator	2026-03-16T16:00:00Z	Only contextualizing evidence for de-dominica-oratione work_affirms_proposition fasting-is-required. Passage psg-cyprian-dom-orat-35-36: 'Paraphrase: Let us who are in Christ — that is, who always pray — not fail from prayer at any times ...' A more directly relevant passage would strengthen this claim.
clm-de-dom-orat-affirms-frequent-eucharist	approved	cascade-curator	2026-03-16T20:00:00Z	Passage psg-cyprian-dom-orat-18 from de-dominica-oratione directly treats proposition 'frequent-eucharistic-assembly'. The work's affirms is attested from its own text. Excerpt: 'Paraphrase: Moreover,
clm-de-dom-orat-affirms-frequent-eucharist	reviewed	cascade-curator	2026-03-16T16:00:00Z	Passage psg-cyprian-dom-orat-18 from de-dominica-oratione supports but the excerpt does not use the exact language of 'frequent-eucharistic-assembly'. The proposition is conveyed through the overall context of this passage. Excerpt: 'Paraphrase: Moreover, when we say 'Give us this day our daily bread,' we may understand this both sp...'
clm-de-dom-orat-affirms-ot-authority	approved	cascade-curator	2026-03-16T20:00:00Z	Passage psg-cyprian-dom-orat-8 from de-dominica-oratione directly treats proposition 'old-testament-is-authoritative-scripture'. The work's affirms is attested from its own text. Excerpt: 'Paraphrase:
clm-de-dom-orat-affirms-ot-authority	approved	cascade-curator	2026-03-17T04:00:00Z	Confidence calibrated: high->medium (certainty=probable, pred=work_affirms_proposition)
clm-de-dom-orat-affirms-ot-authority	reviewed	cascade-curator	2026-03-16T16:00:00Z	Only contextualizing evidence for de-dominica-oratione work_affirms_proposition old-testament-is-authoritative-scripture. Passage psg-cyprian-dom-orat-8: 'Paraphrase: Before all things, the Teacher of peace and Master of unity would not have prayer to be ...' A more directly relevant passage would strengthen this claim.
clm-de-dom-orat-affirms-penance	approved	cascade-curator	2026-03-16T20:00:00Z	Passage psg-cyprian-dom-orat-35-36 from de-dominica-oratione directly treats proposition 'post-baptismal-sin-forgiven-by-penance'. The work's affirms is attested from its own text. Excerpt: 'Paraphras
clm-de-dom-orat-affirms-penance	approved	cascade-curator	2026-03-17T04:00:00Z	Confidence calibrated: high->medium (certainty=probable, pred=work_affirms_proposition)
clm-de-dom-orat-affirms-penance	reviewed	cascade-curator	2026-03-16T16:00:00Z	Only contextualizing evidence for de-dominica-oratione work_affirms_proposition post-baptismal-sin-forgiven-by-penance. Passage psg-cyprian-dom-orat-35-36: 'Paraphrase: Let us who are in Christ — that is, who always pray — not fail from prayer at any times ...' A more directly relevant passage would strengthen this claim.
clm-de-dom-orat-affirms-prayer-unceasing	approved	cascade-curator	2026-03-16T20:00:00Z	Passage psg-cyprian-dom-orat-35-36 from de-dominica-oratione directly treats proposition 'prayer-is-offered-without-ceasing'. The work's affirms is attested from its own text. Excerpt: 'Paraphrase: Le
clm-de-dom-orat-affirms-prayer-unceasing	reviewed	cascade-curator	2026-03-16T16:00:00Z	Passage psg-cyprian-dom-orat-35-36 from de-dominica-oratione supports but the excerpt does not use the exact language of 'prayer-is-offered-without-ceasing'. The proposition is conveyed through the overall context of this passage. Excerpt: 'Paraphrase: Let us who are in Christ — that is, who always pray — not fail from prayer at any times ...'
clm-de-dom-orat-affirms-rule-of-faith	approved	cascade-curator	2026-03-16T20:00:00Z	Passage psg-cyprian-dom-orat-8 from de-dominica-oratione directly treats proposition 'rule-of-faith-received-from-apostles'. The work's affirms is attested from its own text. Excerpt: 'Paraphrase: Bef
clm-de-dom-orat-affirms-rule-of-faith	approved	cascade-curator	2026-03-17T04:00:00Z	Confidence calibrated: high->medium (certainty=probable, pred=work_affirms_proposition)
clm-de-dom-orat-affirms-rule-of-faith	reviewed	cascade-curator	2026-03-16T16:00:00Z	Only contextualizing evidence for de-dominica-oratione work_affirms_proposition rule-of-faith-received-from-apostles. Passage psg-cyprian-dom-orat-8: 'Paraphrase: Before all things, the Teacher of peace and Master of unity would not have prayer to be ...' A more directly relevant passage would strengthen this claim.
clm-de-dom-orat-affirms-sunday-eucharist	approved	cascade-curator	2026-03-16T20:00:00Z	Passage psg-cyprian-dom-orat-35-36 from de-dominica-oratione directly treats proposition 'eucharist-offered-on-sunday'. The work's affirms is attested from its own text. Excerpt: 'Paraphrase: Let us w
clm-de-dom-orat-affirms-sunday-eucharist	approved	cascade-curator	2026-03-17T04:00:00Z	Confidence calibrated: high->medium (certainty=probable, pred=work_affirms_proposition)
clm-de-dom-orat-affirms-sunday-eucharist	reviewed	cascade-curator	2026-03-16T16:00:00Z	Only contextualizing evidence for de-dominica-oratione work_affirms_proposition eucharist-offered-on-sunday. Passage psg-cyprian-dom-orat-35-36: 'Paraphrase: Let us who are in Christ — that is, who always pray — not fail from prayer at any times ...' A more directly relevant passage would strengthen this claim.
clm-de-dom-orat-affirms-trinitarian-baptism	approved	cascade-curator	2026-03-16T20:00:00Z	Passage psg-cyprian-dom-orat-18 from de-dominica-oratione directly treats proposition 'baptism-administered-in-trinitarian-name'. The work's affirms is attested from its own text. Excerpt: 'Paraphrase
clm-de-dom-orat-affirms-trinitarian-baptism	approved	cascade-curator	2026-03-17T04:00:00Z	Confidence calibrated: high->medium (certainty=probable, pred=work_affirms_proposition)
clm-de-dom-orat-affirms-trinitarian-baptism	reviewed	cascade-curator	2026-03-16T16:00:00Z	Only contextualizing evidence for de-dominica-oratione work_affirms_proposition baptism-administered-in-trinitarian-name. Passage psg-cyprian-dom-orat-18: 'Paraphrase: Moreover, when we say 'Give us this day our daily bread,' we may understand this both sp...' A more directly relevant passage would strengthen this claim.
clm-de-dom-orat-affirms-trinity	approved	cascade-curator	2026-03-16T20:00:00Z	Passage psg-cyprian-dom-orat-18 from de-dominica-oratione directly treats proposition 'trinity-is-three-persons-one-substance'. The work's affirms is attested from its own text. Excerpt: 'Paraphrase:
clm-de-dom-orat-affirms-trinity	approved	cascade-curator	2026-03-17T04:00:00Z	Confidence calibrated: high->medium (certainty=probable, pred=work_affirms_proposition)
clm-de-dom-orat-affirms-trinity	reviewed	cascade-curator	2026-03-16T16:00:00Z	Only contextualizing evidence for de-dominica-oratione work_affirms_proposition trinity-is-three-persons-one-substance. Passage psg-cyprian-dom-orat-18: 'Paraphrase: Moreover, when we say 'Give us this day our daily bread,' we may understand this both sp...' A more directly relevant passage would strengthen this claim.
clm-de-dom-orat-by-cyprian	approved	cascade-curator	2026-03-16T20:00:00Z	Passage psg-cyprian-dom-orat-8 is drawn from de-dominica-oratione itself, directly confirming authorship. Excerpt: 'Paraphrase: Before all things, the Teacher of peace and Master of unity would not ha
clm-de-dom-orat-by-cyprian	reviewed	cascade-curator	2026-03-16T16:00:00Z	Evidence supports de-dominica-oratione authored_by cyprian-of-carthage; passage psg-cyprian-dom-orat-8 provides supporting context. Excerpt: 'Paraphrase: Before all things, the Teacher of peace and Master of unity would not have prayer to be ...'
clm-de-dom-orat-written-carthage	approved	cascade-curator	2026-03-16T21:00:00Z	Strong inference from passage psg-cyprian-dom-orat-8 supports written_at (de-dominica-oratione → carthage). Certainty probable. Excerpt: 'Paraphrase: Before all things, the Teacher of peace and Master
clm-de-dom-orat-written-carthage	reviewed	cascade-curator	2026-03-16T16:00:00Z	Evidence supports de-dominica-oratione written_at carthage but carthage is not named in the excerpt. Biographical tradition supports this attribution. Excerpt: 'Paraphrase: Before all things, the Teacher of peace and Master of unity would not have prayer to be ...'
clm-de-dom-orat-written-carthage	reviewed	cascade-curator	2026-03-16T20:00:00Z	de-dominica-oratione written at carthage: biographical consensus supported by passage psg-cyprian-dom-orat-8. No explicit internal naming of carthage. Excerpt: 'Paraphrase: Before all things, the Teac
clm-de-dom-orat-written-carthage	reviewed	cascade-curator	2026-03-16T20:30:00Z	de-dominica-oratione written at carthage: weak place evidence. Passage psg-cyprian-dom-orat-8: 'Paraphrase: Before all things, the Teacher of peace and Master of unity would not have prayer to be '. C
clm-de-hab-virg-affirms-baptism-regen	approved	cascade-curator	2026-03-16T20:00:00Z	Passage psg-cyprian-hab-virg-3-4 from de-habitu-virginum directly treats proposition 'baptism-effects-regeneration'. The work's mentions is attested from its own text. Excerpt: 'Paraphrase: The discip
clm-de-hab-virg-affirms-baptism-regen	approved	cascade-curator	2026-03-17T04:00:00Z	Confidence calibrated: high->medium (certainty=probable, pred=work_mentions_proposition)
clm-de-hab-virg-affirms-baptism-regen	reviewed	cascade-curator	2026-03-16T16:00:00Z	Only contextualizing evidence for de-habitu-virginum work_mentions_proposition baptism-effects-regeneration. Passage psg-cyprian-hab-virg-3-4: 'Paraphrase: The discipline of virginity is the flower of the Church's garden, the glory of spiritual...' A more directly relevant passage would strengthen this claim.
clm-de-hab-virg-affirms-fasting	approved	cascade-curator	2026-03-16T20:00:00Z	Passage psg-cyprian-hab-virg-22 from de-habitu-virginum directly treats proposition 'fasting-is-required'. The work's affirms is attested from its own text. Excerpt: 'Paraphrase: She who has adorned h
clm-de-hab-virg-affirms-fasting	approved	cascade-curator	2026-03-17T04:00:00Z	Confidence calibrated: high->medium (certainty=probable, pred=work_affirms_proposition)
clm-de-hab-virg-affirms-fasting	reviewed	cascade-curator	2026-03-16T16:00:00Z	Only contextualizing evidence for de-habitu-virginum work_affirms_proposition fasting-is-required. Passage psg-cyprian-hab-virg-22: 'Paraphrase: She who has adorned herself for the purpose of pleasing men and attracting their gaze, e...' A more directly relevant passage would strengthen this claim.
clm-de-hab-virg-affirms-martyrdom-witness	approved	cascade-curator	2026-03-16T20:00:00Z	Passage psg-cyprian-hab-virg-3-4 from de-habitu-virginum directly treats proposition 'martyrdom-witnesses-to-christ'. The work's mentions is attested from its own text. Excerpt: 'Paraphrase: The disci
clm-de-hab-virg-affirms-martyrdom-witness	approved	cascade-curator	2026-03-17T04:00:00Z	Confidence calibrated: high->medium (certainty=probable, pred=work_mentions_proposition)
clm-de-hab-virg-affirms-martyrdom-witness	reviewed	cascade-curator	2026-03-16T16:00:00Z	Only contextualizing evidence for de-habitu-virginum work_mentions_proposition martyrdom-witnesses-to-christ. Passage psg-cyprian-hab-virg-3-4: 'Paraphrase: The discipline of virginity is the flower of the Church's garden, the glory of spiritual...' A more directly relevant passage would strengthen this claim.
clm-de-hab-virg-affirms-perpetual-virginity	approved	cascade-curator	2026-03-16T20:00:00Z	Passage psg-cyprian-hab-virg-3-4 from de-habitu-virginum directly treats proposition 'perpetual-virginity-of-mary'. The work's mentions is attested from its own text. Excerpt: 'Paraphrase: The discipl
clm-de-hab-virg-affirms-perpetual-virginity	approved	cascade-curator	2026-03-17T04:00:00Z	Confidence calibrated: high->medium (certainty=probable, pred=work_mentions_proposition)
clm-de-hab-virg-affirms-perpetual-virginity	reviewed	cascade-curator	2026-03-16T16:00:00Z	Only contextualizing evidence for de-habitu-virginum work_mentions_proposition perpetual-virginity-of-mary. Passage psg-cyprian-hab-virg-3-4: 'Paraphrase: The discipline of virginity is the flower of the Church's garden, the glory of spiritual...' A more directly relevant passage would strengthen this claim.
clm-de-hab-virg-affirms-spectacles	approved	cascade-curator	2026-03-16T20:00:00Z	Passage psg-cyprian-hab-virg-22 from de-habitu-virginum directly treats proposition 'christians-avoid-public-spectacles'. The work's affirms is attested from its own text. Excerpt: 'Paraphrase: She wh
clm-de-hab-virg-affirms-spectacles	approved	cascade-curator	2026-03-17T04:00:00Z	Confidence calibrated: high->medium (certainty=probable, pred=work_affirms_proposition)
clm-de-hab-virg-affirms-spectacles	reviewed	cascade-curator	2026-03-16T16:00:00Z	Only contextualizing evidence for de-habitu-virginum work_affirms_proposition christians-avoid-public-spectacles. Passage psg-cyprian-hab-virg-22: 'Paraphrase: She who has adorned herself for the purpose of pleasing men and attracting their gaze, e...' A more directly relevant passage would strengthen this claim.
clm-de-hab-virg-affirms-threefold-ministry	approved	cascade-curator	2026-03-16T20:00:00Z	Passage psg-cyprian-hab-virg-3-4 from de-habitu-virginum directly treats proposition 'threefold-ministry-required'. The work's mentions is attested from its own text. Excerpt: 'Paraphrase: The discipl
clm-de-hab-virg-affirms-threefold-ministry	approved	cascade-curator	2026-03-17T04:00:00Z	Confidence calibrated: high->medium (certainty=probable, pred=work_mentions_proposition)
clm-de-hab-virg-affirms-threefold-ministry	reviewed	cascade-curator	2026-03-16T16:00:00Z	Only contextualizing evidence for de-habitu-virginum work_mentions_proposition threefold-ministry-required. Passage psg-cyprian-hab-virg-3-4: 'Paraphrase: The discipline of virginity is the flower of the Church's garden, the glory of spiritual...' A more directly relevant passage would strengthen this claim.
clm-de-hab-virg-affirms-virginity	approved	cascade-curator	2026-03-16T20:00:00Z	Passage psg-cyprian-hab-virg-3-4 from de-habitu-virginum directly treats proposition 'virginity-is-honored-calling'. The work's affirms is attested from its own text. Excerpt: 'Paraphrase: The discipl
clm-de-hab-virg-affirms-virginity	reviewed	cascade-curator	2026-03-16T16:00:00Z	Passage psg-cyprian-hab-virg-3-4 from de-habitu-virginum supports but the excerpt does not use the exact language of 'virginity-is-honored-calling'. The proposition is conveyed through the overall context of this passage. Excerpt: 'Paraphrase: The discipline of virginity is the flower of the Church's garden, the glory of spiritual...'
clm-de-hab-virg-by-cyprian	approved	cascade-curator	2026-03-16T20:00:00Z	Passage psg-cyprian-hab-virg-3-4 is drawn from de-habitu-virginum itself, directly confirming authorship. Excerpt: 'Paraphrase: The discipline of virginity is the flower of the Church's garden, the gl
clm-de-hab-virg-by-cyprian	reviewed	cascade-curator	2026-03-16T16:00:00Z	Evidence supports de-habitu-virginum authored_by cyprian-of-carthage; passage psg-cyprian-hab-virg-3-4 provides supporting context. Excerpt: 'Paraphrase: The discipline of virginity is the flower of the Church's garden, the glory of spiritual...'
clm-de-hab-virg-mentions-almsgiving	approved	cascade-curator	2026-03-16T20:00:00Z	Passage psg-cyprian-hab-virg-3-4 from de-habitu-virginum directly treats proposition 'almsgiving-is-required'. The work's mentions is attested from its own text. Excerpt: 'Paraphrase: The discipline o
clm-de-hab-virg-mentions-almsgiving	approved	cascade-curator	2026-03-17T04:00:00Z	Confidence calibrated: high->medium (certainty=probable, pred=work_mentions_proposition)
clm-de-hab-virg-mentions-almsgiving	reviewed	cascade-curator	2026-03-16T16:00:00Z	Only contextualizing evidence for de-habitu-virginum work_mentions_proposition almsgiving-is-required. Passage psg-cyprian-hab-virg-3-4: 'Paraphrase: The discipline of virginity is the flower of the Church's garden, the glory of spiritual...' A more directly relevant passage would strengthen this claim.
clm-de-hab-virg-written-carthage	approved	cascade-curator	2026-03-16T21:00:00Z	Strong inference from passage psg-cyprian-hab-virg-3-4 supports written_at (de-habitu-virginum → carthage). Certainty probable. Excerpt: 'Paraphrase: The discipline of virginity is the flower of the C
clm-de-hab-virg-written-carthage	reviewed	cascade-curator	2026-03-16T16:00:00Z	Evidence supports de-habitu-virginum written_at carthage but carthage is not named in the excerpt. Biographical tradition supports this attribution. Excerpt: 'Paraphrase: The discipline of virginity is the flower of the Church's garden, the glory of spiritual...'
clm-de-hab-virg-written-carthage	reviewed	cascade-curator	2026-03-16T20:00:00Z	de-habitu-virginum written at carthage: biographical consensus supported by passage psg-cyprian-hab-virg-3-4. No explicit internal naming of carthage. Excerpt: 'Paraphrase: The discipline of virginity
clm-de-hab-virg-written-carthage	reviewed	cascade-curator	2026-03-16T20:30:00Z	de-habitu-virginum written at carthage: weak place evidence. Passage psg-cyprian-hab-virg-3-4: 'Paraphrase: The discipline of virginity is the flower of the Church's garden, the glory of spiritual'. C
clm-de-lapsis-affirms-apostolic-succession	approved	cascade-curator	2026-03-16T20:00:00Z	Passage psg-cyprian-lapsis-6 from de-lapsis directly treats proposition 'apostolic-succession-transmits-faith'. The work's affirms is attested from its own text. Excerpt: 'Paraphrase: How many bishops
clm-de-lapsis-affirms-apostolic-succession	approved	cascade-curator	2026-03-17T04:00:00Z	Confidence calibrated: high->medium (certainty=probable, pred=work_affirms_proposition)
clm-de-lapsis-affirms-apostolic-succession	reviewed	cascade-curator	2026-03-16T16:00:00Z	Only contextualizing evidence for de-lapsis work_affirms_proposition apostolic-succession-transmits-faith. Passage psg-cyprian-lapsis-6: 'Paraphrase: How many bishops who ought to have been an encouragement and example to others, despisin...' A more directly relevant passage would strengthen this claim.
clm-de-lapsis-affirms-baptism-regen	approved	cascade-curator	2026-03-16T20:00:00Z	Passage psg-cyprian-lapsis-15-16 from de-lapsis directly treats proposition 'baptism-effects-regeneration'. The work's affirms is attested from its own text. Excerpt: 'Paraphrase: But to those who hav
clm-de-lapsis-affirms-baptism-regen	approved	cascade-curator	2026-03-17T04:00:00Z	Confidence calibrated: high->medium (certainty=probable, pred=work_affirms_proposition)
clm-de-lapsis-affirms-baptism-regen	reviewed	cascade-curator	2026-03-16T16:00:00Z	Only contextualizing evidence for de-lapsis work_affirms_proposition baptism-effects-regeneration. Passage psg-cyprian-lapsis-15-16: 'Paraphrase: But to those who have stood firm and have not been overthrown, what great joy! To those ...' A more directly relevant passage would strengthen this claim.
clm-de-lapsis-affirms-baptism-water	approved	cascade-curator	2026-03-16T20:00:00Z	Passage psg-cyprian-lapsis-15-16 from de-lapsis directly treats proposition 'baptism-with-water-commanded'. The work's affirms is attested from its own text. Excerpt: 'Paraphrase: But to those who hav
clm-de-lapsis-affirms-baptism-water	approved	cascade-curator	2026-03-17T04:00:00Z	Confidence calibrated: high->medium (certainty=probable, pred=work_affirms_proposition)
clm-de-lapsis-affirms-baptism-water	reviewed	cascade-curator	2026-03-16T16:00:00Z	Only contextualizing evidence for de-lapsis work_affirms_proposition baptism-with-water-commanded. Passage psg-cyprian-lapsis-15-16: 'Paraphrase: But to those who have stood firm and have not been overthrown, what great joy! To those ...' A more directly relevant passage would strengthen this claim.
clm-de-lapsis-affirms-bishop-eucharist	approved	cascade-curator	2026-03-16T20:00:00Z	Passage psg-cyprian-lapsis-25-26 from de-lapsis directly treats proposition 'bishop-authority-over-eucharist'. The work's affirms is attested from its own text. Excerpt: 'Paraphrase: Some who had rece
clm-de-lapsis-affirms-bishop-eucharist	reviewed	cascade-curator	2026-03-16T16:00:00Z	Passage psg-cyprian-lapsis-25-26 from de-lapsis supports but the excerpt does not use the exact language of 'bishop-authority-over-eucharist'. The proposition is conveyed through the overall context of this passage. Excerpt: 'Paraphrase: Some who had received libelli from the confessors or who came to communion without prope...'
clm-de-lapsis-affirms-episcopal-unity	approved	cascade-curator	2026-03-16T16:00:00Z	Passage psg-cyprian-lapsis-15-16 from de-lapsis directly addresses the proposition 'episcopal-unity-grounds-church-unity'. Excerpt: 'Paraphrase: But to those who have stood firm and have not been overthrown, what great joy! To those who have lapsed, medicine is not to be d...' The work's affirms of this proposition is directly attested.
clm-de-lapsis-affirms-episcopal-unity	approved	cascade-curator	2026-03-17T04:00:00Z	Confidence calibrated: high->medium (certainty=probable, pred=work_affirms_proposition)
clm-de-lapsis-affirms-eucharist-body-blood	approved	cascade-curator	2026-03-16T20:00:00Z	Passage psg-cyprian-lapsis-25-26 from de-lapsis directly treats proposition 'eucharist-is-body-and-blood'. The work's affirms is attested from its own text. Excerpt: 'Paraphrase: Some who had received
clm-de-lapsis-affirms-eucharist-body-blood	approved	cascade-curator	2026-03-17T04:00:00Z	Confidence calibrated: high->medium (certainty=probable, pred=work_affirms_proposition)
clm-de-lapsis-affirms-eucharist-body-blood	reviewed	cascade-curator	2026-03-16T16:00:00Z	Only contextualizing evidence for de-lapsis work_affirms_proposition eucharist-is-body-and-blood. Passage psg-cyprian-lapsis-25-26: 'Paraphrase: Some who had received libelli from the confessors or who came to communion without prope...' A more directly relevant passage would strengthen this claim.
clm-de-lapsis-affirms-eucharist-sacrifice	approved	cascade-curator	2026-03-16T20:00:00Z	Passage psg-cyprian-lapsis-25-26 from de-lapsis directly treats proposition 'eucharist-is-sacrifice'. The work's affirms is attested from its own text. Excerpt: 'Paraphrase: Some who had received libe
clm-de-lapsis-affirms-eucharist-sacrifice	approved	cascade-curator	2026-03-17T04:00:00Z	Confidence calibrated: high->medium (certainty=probable, pred=work_affirms_proposition)
clm-de-lapsis-affirms-eucharist-sacrifice	reviewed	cascade-curator	2026-03-16T16:00:00Z	Only contextualizing evidence for de-lapsis work_affirms_proposition eucharist-is-sacrifice. Passage psg-cyprian-lapsis-25-26: 'Paraphrase: Some who had received libelli from the confessors or who came to communion without prope...' A more directly relevant passage would strengthen this claim.
clm-de-lapsis-affirms-eucharist-sunday	approved	cascade-curator	2026-03-16T20:00:00Z	Passage psg-cyprian-lapsis-25-26 from de-lapsis directly treats proposition 'eucharist-offered-on-sunday'. The work's mentions is attested from its own text. Excerpt: 'Paraphrase: Some who had receive
clm-de-lapsis-affirms-eucharist-sunday	approved	cascade-curator	2026-03-17T04:00:00Z	Confidence calibrated: high->medium (certainty=probable, pred=work_mentions_proposition)
clm-de-lapsis-affirms-eucharist-sunday	reviewed	cascade-curator	2026-03-16T16:00:00Z	Only contextualizing evidence for de-lapsis work_mentions_proposition eucharist-offered-on-sunday. Passage psg-cyprian-lapsis-25-26: 'Paraphrase: Some who had received libelli from the confessors or who came to communion without prope...' A more directly relevant passage would strengthen this claim.
clm-de-lapsis-affirms-frequent-eucharist	approved	cascade-curator	2026-03-16T20:00:00Z	Passage psg-cyprian-lapsis-25-26 from de-lapsis directly treats proposition 'frequent-eucharistic-assembly'. The work's affirms is attested from its own text. Excerpt: 'Paraphrase: Some who had receiv
clm-de-lapsis-affirms-frequent-eucharist	approved	cascade-curator	2026-03-17T04:00:00Z	Confidence calibrated: high->medium (certainty=probable, pred=work_affirms_proposition)
clm-de-lapsis-affirms-frequent-eucharist	reviewed	cascade-curator	2026-03-16T16:00:00Z	Only contextualizing evidence for de-lapsis work_affirms_proposition frequent-eucharistic-assembly. Passage psg-cyprian-lapsis-25-26: 'Paraphrase: Some who had received libelli from the confessors or who came to communion without prope...' A more directly relevant passage would strengthen this claim.
clm-de-lapsis-affirms-martyrdom-witness	approved	cascade-curator	2026-03-16T20:00:00Z	Passage psg-cyprian-lapsis-15-16 from de-lapsis directly treats proposition 'martyrdom-witnesses-to-christ'. The work's affirms is attested from its own text. Excerpt: 'Paraphrase: But to those who ha
clm-de-lapsis-affirms-martyrdom-witness	approved	cascade-curator	2026-03-17T04:00:00Z	Confidence calibrated: high->medium (certainty=probable, pred=work_affirms_proposition)
clm-de-lapsis-affirms-martyrdom-witness	reviewed	cascade-curator	2026-03-16T16:00:00Z	Only contextualizing evidence for de-lapsis work_affirms_proposition martyrdom-witnesses-to-christ. Passage psg-cyprian-lapsis-15-16: 'Paraphrase: But to those who have stood firm and have not been overthrown, what great joy! To those ...' A more directly relevant passage would strengthen this claim.
clm-de-lapsis-affirms-ordination-hands	approved	cascade-curator	2026-03-16T20:00:00Z	Passage psg-cyprian-lapsis-6 from de-lapsis directly treats proposition 'ordination-conferred-by-laying-on-of-hands'. The work's mentions is attested from its own text. Excerpt: 'Paraphrase: How many
clm-de-lapsis-affirms-ordination-hands	approved	cascade-curator	2026-03-17T04:00:00Z	Confidence calibrated: high->medium (certainty=probable, pred=work_mentions_proposition)
clm-de-lapsis-affirms-ordination-hands	reviewed	cascade-curator	2026-03-16T16:00:00Z	Only contextualizing evidence for de-lapsis work_mentions_proposition ordination-conferred-by-laying-on-of-hands. Passage psg-cyprian-lapsis-6: 'Paraphrase: How many bishops who ought to have been an encouragement and example to others, despisin...' A more directly relevant passage would strengthen this claim.
clm-de-lapsis-affirms-penance	approved	cascade-curator	2026-03-16T15:00:00Z	De Lapsis is Cyprian's treatise addressing penance for those who apostatized in the Decian persecution. It extensively describes the requirements for restoration through penance. The proposition that post-baptismal sin is forgiven through penance is the central claim of the work.
clm-de-lapsis-affirms-relics-honored	approved	cascade-curator	2026-03-16T20:00:00Z	Passage psg-cyprian-lapsis-25-26 from de-lapsis directly treats proposition 'martyrs-relics-honored'. The work's mentions is attested from its own text. Excerpt: 'Paraphrase: Some who had received lib
clm-de-lapsis-affirms-relics-honored	approved	cascade-curator	2026-03-17T04:00:00Z	Confidence calibrated: high->medium (certainty=probable, pred=work_mentions_proposition)
clm-de-lapsis-affirms-relics-honored	reviewed	cascade-curator	2026-03-16T16:00:00Z	Only contextualizing evidence for de-lapsis work_mentions_proposition martyrs-relics-honored. Passage psg-cyprian-lapsis-25-26: 'Paraphrase: Some who had received libelli from the confessors or who came to communion without prope...' A more directly relevant passage would strengthen this claim.
clm-de-lapsis-affirms-threefold-ministry	approved	cascade-curator	2026-03-16T20:00:00Z	Passage psg-cyprian-lapsis-6 from de-lapsis directly treats proposition 'threefold-ministry-required'. The work's affirms is attested from its own text. Excerpt: 'Paraphrase: How many bishops who ough
clm-de-lapsis-affirms-threefold-ministry	reviewed	cascade-curator	2026-03-16T16:00:00Z	Passage psg-cyprian-lapsis-6 from de-lapsis supports but the excerpt does not use the exact language of 'threefold-ministry-required'. The proposition is conveyed through the overall context of this passage. Excerpt: 'Paraphrase: How many bishops who ought to have been an encouragement and example to others, despisin...'
clm-de-lapsis-affirms-trinitarian-baptism	approved	cascade-curator	2026-03-16T20:00:00Z	Passage psg-cyprian-lapsis-25-26 from de-lapsis directly treats proposition 'baptism-administered-in-trinitarian-name'. The work's mentions is attested from its own text. Excerpt: 'Paraphrase: Some wh
clm-de-lapsis-affirms-trinitarian-baptism	approved	cascade-curator	2026-03-17T04:00:00Z	Confidence calibrated: high->medium (certainty=probable, pred=work_mentions_proposition)
clm-de-lapsis-affirms-trinitarian-baptism	reviewed	cascade-curator	2026-03-16T16:00:00Z	Only contextualizing evidence for de-lapsis work_mentions_proposition baptism-administered-in-trinitarian-name. Passage psg-cyprian-lapsis-25-26: 'Paraphrase: Some who had received libelli from the confessors or who came to communion without prope...' A more directly relevant passage would strengthen this claim.
clm-de-lapsis-by-cyprian	approved	cascade-curator	2026-03-16T15:00:00Z	De Lapsis addresses the question of the lapsed (those who apostatized under Decian persecution) and is universally attributed to Cyprian.
clm-de-lapsis-mentions-almsgiving	approved	cascade-curator	2026-03-16T20:00:00Z	Passage psg-cyprian-lapsis-15-16 from de-lapsis directly treats proposition 'almsgiving-is-required'. The work's mentions is attested from its own text. Excerpt: 'Paraphrase: But to those who have sto
clm-de-lapsis-mentions-almsgiving	approved	cascade-curator	2026-03-17T04:00:00Z	Confidence calibrated: high->medium (certainty=probable, pred=work_mentions_proposition)
clm-de-lapsis-mentions-almsgiving	reviewed	cascade-curator	2026-03-16T16:00:00Z	Only contextualizing evidence for de-lapsis work_mentions_proposition almsgiving-is-required. Passage psg-cyprian-lapsis-15-16: 'Paraphrase: But to those who have stood firm and have not been overthrown, what great joy! To those ...' A more directly relevant passage would strengthen this claim.
clm-de-lapsis-written-carthage	approved	cascade-curator	2026-03-16T21:00:00Z	Strong inference from passage psg-cyprian-lapsis-6 supports written_at (de-lapsis → carthage). Certainty probable. Excerpt: 'Paraphrase: How many bishops who ought to have been an encouragement and ex
clm-de-lapsis-written-carthage	reviewed	cascade-curator	2026-03-16T16:00:00Z	Evidence supports de-lapsis written_at carthage but carthage is not named in the excerpt. Biographical tradition supports this attribution. Excerpt: 'Paraphrase: How many bishops who ought to have been an encouragement and example to others, despisin...'
clm-de-lapsis-written-carthage	reviewed	cascade-curator	2026-03-16T20:00:00Z	de-lapsis written at carthage: biographical consensus supported by passage psg-cyprian-lapsis-6. No explicit internal naming of carthage. Excerpt: 'Paraphrase: How many bishops who ought to have been
clm-de-lapsis-written-carthage	reviewed	cascade-curator	2026-03-16T20:30:00Z	de-lapsis written at carthage: weak place evidence. Passage psg-cyprian-lapsis-6: 'Paraphrase: How many bishops who ought to have been an encouragement and example to others, despisin'. Certainty prob
clm-de-orat-by-tertullian	approved	cascade-curator	2026-03-16T16:00:00Z	Passage psg-tertullian-de-orat-1 names tertullian as associated with de-oratione: 'Paraphrase: Tertullian opens with the statement that the Spirit of God, the Word of God, the Reason of God — the Word of...' Authorship is directly attested.
clm-de-orat-written-carthage	approved	cascade-curator	2026-03-16T20:30:00Z	de-oratione written at carthage: passage psg-tertullian-de-orat-1 supports the place attribution (biographical or internal evidence). Excerpt: 'Paraphrase: Tertullian opens with the statement that the
clm-de-orat-written-carthage	reviewed	cascade-curator	2026-03-16T16:00:00Z	Only contextualizing evidence for de-oratione written_at carthage. Provenance relies on biographical tradition rather than internal textual evidence. Excerpt: 'Paraphrase: Tertullian opens with the statement that the Spirit of God, the Word of God, the Reason ...'
clm-de-orat-written-carthage	reviewed	cascade-curator	2026-03-16T20:00:00Z	de-oratione written at carthage: biographical consensus supported by passage psg-tertullian-de-orat-1. No explicit internal naming of carthage. Excerpt: 'Paraphrase: Tertullian opens with the statemen
clm-de-paen-affirms-penance	approved	cascade-curator	2026-03-16T20:00:00Z	Passage psg-tertullian-de-paen-7-9 from de-paenitentia directly treats proposition 'post-baptismal-sin-forgiven-by-penance'. The work's affirms is attested from its own text. Excerpt: 'Paraphrase: Ter
clm-de-paen-affirms-penance	reviewed	cascade-curator	2026-03-16T16:00:00Z	Passage psg-tertullian-de-paen-7-9 from de-paenitentia supports but the excerpt does not use the exact language of 'post-baptismal-sin-forgiven-by-penance'. The proposition is conveyed through the overall context of this passage. Excerpt: 'Paraphrase: Tertullian teaches that after baptism, God has provided one further repentance (exomolog...'
clm-de-paen-by-tertullian	approved	cascade-curator	2026-03-16T16:00:00Z	Passage psg-tertullian-de-paen-7-9 names tertullian as associated with de-paenitentia: 'Paraphrase: Tertullian teaches that after baptism, God has provided one further repentance (exomologesis) for those who ...' Authorship is directly attested.
clm-de-paen-written-carthage	approved	cascade-curator	2026-03-16T20:30:00Z	de-paenitentia written at carthage: passage psg-tertullian-de-paen-7-9 supports the place attribution (biographical or internal evidence). Excerpt: 'Paraphrase: Tertullian teaches that after baptism,
clm-de-paen-written-carthage	reviewed	cascade-curator	2026-03-16T16:00:00Z	Only contextualizing evidence for de-paenitentia written_at carthage. Provenance relies on biographical tradition rather than internal textual evidence. Excerpt: 'Paraphrase: Tertullian teaches that after baptism, God has provided one further repentance (exomolog...'
clm-de-paen-written-carthage	reviewed	cascade-curator	2026-03-16T20:00:00Z	de-paenitentia written at carthage: biographical consensus supported by passage psg-tertullian-de-paen-7-9. No explicit internal naming of carthage. Excerpt: 'Paraphrase: Tertullian teaches that after
clm-de-principiis-develops-logos-preexistent	approved	cascade-curator	2026-03-16T20:00:00Z	Passage psg-origen-de-princ-1-pref from de-principiis directly treats proposition 'logos-is-pre-existent-son-of-god'. The work's develops is attested from its own text. Excerpt: 'All who believe and a
clm-de-principiis-develops-logos-preexistent	reviewed	cascade-curator	2026-03-16T16:00:00Z	Passage psg-origen-de-princ-1-pref from de-principiis supports but the excerpt does not use the exact language of 'logos-is-pre-existent-son-of-god'. The proposition is conveyed through the overall context of this passage. Excerpt: 'All who believe and are assured that grace and truth were obtained through Jesus Christ... derive th...'
clm-de-res-affirms-resurrection	approved	cascade-curator	2026-03-16T20:00:00Z	Passage psg-tertullian-de-res-1 from de-resurrectione-carnis directly treats proposition 'bodies-will-be-raised-at-last-day'. The work's affirms is attested from its own text. Excerpt: 'The resurrecti
clm-de-res-affirms-resurrection	reviewed	cascade-curator	2026-03-16T16:00:00Z	Passage psg-tertullian-de-res-1 from de-resurrectione-carnis supports but the excerpt does not use the exact language of 'bodies-will-be-raised-at-last-day'. The proposition is conveyed through the overall context of this passage. Excerpt: 'The resurrection of the dead is the Christian's trust. By believing it we are what we claim to be. I...'
clm-de-res-by-tertullian	approved	cascade-curator	2026-03-16T20:00:00Z	Passage psg-tertullian-de-res-1 is drawn from de-resurrectione-carnis itself, directly confirming authorship. Excerpt: 'The resurrection of the dead is the Christian's trust. By believing it we are wh
clm-de-res-by-tertullian	reviewed	cascade-curator	2026-03-16T16:00:00Z	Evidence supports de-resurrectione-carnis authored_by tertullian; passage psg-tertullian-de-res-1 provides supporting context. Excerpt: 'The resurrection of the dead is the Christian's trust. By believing it we are what we claim to be. I...'
clm-de-res-written-carthage	approved	cascade-curator	2026-03-16T20:30:00Z	de-resurrectione-carnis written at carthage: passage psg-tertullian-de-res-1 supports the place attribution (biographical or internal evidence). Excerpt: 'The resurrection of the dead is the Christian
clm-de-res-written-carthage	reviewed	cascade-curator	2026-03-16T16:00:00Z	Only contextualizing evidence for de-resurrectione-carnis written_at carthage. Provenance relies on biographical tradition rather than internal textual evidence. Excerpt: 'The resurrection of the dead is the Christian's trust. By believing it we are what we claim to be. I...'
clm-de-res-written-carthage	reviewed	cascade-curator	2026-03-16T20:00:00Z	de-resurrectione-carnis written at carthage: biographical consensus supported by passage psg-tertullian-de-res-1. No explicit internal naming of carthage. Excerpt: 'The resurrection of the dead is the
clm-de-spect-affirms-spectacles	approved	cascade-curator	2026-03-16T16:00:00Z	Passage psg-tertullian-de-spect-24 from de-spectaculis directly addresses the proposition 'christians-avoid-public-spectacles'. Excerpt: 'Paraphrase: Tertullian contrasts the pagan spectacles with the eschatological spectacle that awaits believers — the coming of the Lord, the ...' The work's affirms of this proposition is directly attested.
clm-de-spect-by-tertullian	approved	cascade-curator	2026-03-16T20:00:00Z	Passage psg-tertullian-de-spect-4 is drawn from de-spectaculis itself, directly confirming authorship. Excerpt: 'When entering the water, we professed the Christian faith in the words of its rule; we
clm-de-spect-by-tertullian	reviewed	cascade-curator	2026-03-16T16:00:00Z	Evidence supports de-spectaculis authored_by tertullian; passage psg-tertullian-de-spect-4 provides supporting context. Excerpt: 'When entering the water, we professed the Christian faith in the words of its rule; we testified wit...'
clm-de-spect-written-carthage	approved	cascade-curator	2026-03-16T20:30:00Z	de-spectaculis written at carthage: passage psg-tertullian-de-spect-24 supports the place attribution (biographical or internal evidence). Excerpt: 'Paraphrase: Tertullian contrasts the pagan spectacl
clm-de-spect-written-carthage	reviewed	cascade-curator	2026-03-16T16:00:00Z	Only contextualizing evidence for de-spectaculis written_at carthage. Provenance relies on biographical tradition rather than internal textual evidence. Excerpt: 'Paraphrase: Tertullian contrasts the pagan spectacles with the eschatological spectacle that awaits ...'
clm-de-spect-written-carthage	reviewed	cascade-curator	2026-03-16T20:00:00Z	de-spectaculis written at carthage: biographical consensus supported by passage psg-tertullian-de-spect-24. No explicit internal naming of carthage. Excerpt: 'Paraphrase: Tertullian contrasts the paga
clm-de-unitate-affirms-apostolic-succession	approved	cascade-curator	2026-03-16T15:00:00Z	De Unitate 4 states: 'God is one and Christ is one and the church is one and the faith is one and the people joined by the glue of concord into a solid unity of body'. The succession argument underpins this whole ecclesiology. Directly attested.
clm-de-unitate-affirms-apostolic-succession	approved	cascade-curator	2026-03-17T04:00:00Z	Confidence calibrated: high->medium (certainty=probable, pred=work_affirms_proposition)
clm-de-unitate-affirms-baptism-regen	approved	cascade-curator	2026-03-16T20:00:00Z	Passage psg-cyprian-unit-14 from de-unitate-ecclesiae directly treats proposition 'baptism-effects-regeneration'. The work's affirms is attested from its own text. Excerpt: 'Paraphrase: He who does no
clm-de-unitate-affirms-baptism-regen	approved	cascade-curator	2026-03-17T04:00:00Z	Confidence calibrated: high->medium (certainty=probable, pred=work_affirms_proposition)
clm-de-unitate-affirms-baptism-regen	reviewed	cascade-curator	2026-03-16T16:00:00Z	Only contextualizing evidence for de-unitate-ecclesiae work_affirms_proposition baptism-effects-regeneration. Passage psg-cyprian-unit-14: 'Paraphrase: He who does not hold this unity of the Church — does he think that he holds the faith? H...' A more directly relevant passage would strengthen this claim.
clm-de-unitate-affirms-baptism-water	approved	cascade-curator	2026-03-16T20:00:00Z	Passage psg-cyprian-unit-6 from de-unitate-ecclesiae directly treats proposition 'baptism-with-water-commanded'. The work's affirms is attested from its own text. Excerpt: 'Paraphrase: The episcopate
clm-de-unitate-affirms-baptism-water	approved	cascade-curator	2026-03-17T04:00:00Z	Confidence calibrated: high->medium (certainty=probable, pred=work_affirms_proposition)
clm-de-unitate-affirms-baptism-water	reviewed	cascade-curator	2026-03-16T16:00:00Z	Only contextualizing evidence for de-unitate-ecclesiae work_affirms_proposition baptism-with-water-commanded. Passage psg-cyprian-unit-6: 'Paraphrase: The episcopate is one, each part of which is held by each one for the whole. The Church ...' A more directly relevant passage would strengthen this claim.
clm-de-unitate-affirms-bishop-eucharist	approved	cascade-curator	2026-03-16T20:00:00Z	Passage psg-cyprian-unit-4-5 from de-unitate-ecclesiae directly treats proposition 'bishop-authority-over-eucharist'. The work's affirms is attested from its own text. Excerpt: 'Paraphrase: The Lord s
clm-de-unitate-affirms-bishop-eucharist	approved	cascade-curator	2026-03-17T04:00:00Z	Confidence calibrated: high->medium (certainty=probable, pred=work_affirms_proposition)
clm-de-unitate-affirms-bishop-eucharist	reviewed	cascade-curator	2026-03-16T16:00:00Z	Only contextualizing evidence for de-unitate-ecclesiae work_affirms_proposition bishop-authority-over-eucharist. Passage psg-cyprian-unit-4-5: 'Paraphrase: The Lord says to Peter: I say unto thee that thou art Peter, and upon this rock I will b...' A more directly relevant passage would strengthen this claim.
clm-de-unitate-affirms-episcopal-unity	approved	cascade-curator	2026-03-16T16:00:00Z	Passage psg-cyprian-unit-6 from de-unitate-ecclesiae directly addresses the proposition 'episcopal-unity-grounds-church-unity'. Excerpt: 'Paraphrase: The episcopate is one, each part of which is held by each one for the whole. The Church also is one, which is spread abroad far ...' The work's affirms of this proposition is directly attested.
clm-de-unitate-affirms-eucharist-body-blood	approved	cascade-curator	2026-03-16T20:00:00Z	Passage psg-cyprian-unit-14 from de-unitate-ecclesiae directly treats proposition 'eucharist-is-body-and-blood'. The work's affirms is attested from its own text. Excerpt: 'Paraphrase: He who does not
clm-de-unitate-affirms-eucharist-body-blood	approved	cascade-curator	2026-03-17T04:00:00Z	Confidence calibrated: high->medium (certainty=probable, pred=work_affirms_proposition)
clm-de-unitate-affirms-eucharist-body-blood	reviewed	cascade-curator	2026-03-16T16:00:00Z	Only contextualizing evidence for de-unitate-ecclesiae work_affirms_proposition eucharist-is-body-and-blood. Passage psg-cyprian-unit-14: 'Paraphrase: He who does not hold this unity of the Church — does he think that he holds the faith? H...' A more directly relevant passage would strengthen this claim.
clm-de-unitate-affirms-eucharist-sacrifice	approved	cascade-curator	2026-03-16T20:00:00Z	Passage psg-cyprian-unit-17 from de-unitate-ecclesiae directly treats proposition 'eucharist-is-sacrifice'. The work's affirms is attested from its own text. Excerpt: 'Paraphrase: They cannot dwell wi
clm-de-unitate-affirms-eucharist-sacrifice	approved	cascade-curator	2026-03-17T04:00:00Z	Confidence calibrated: high->medium (certainty=probable, pred=work_affirms_proposition)
clm-de-unitate-affirms-eucharist-sacrifice	reviewed	cascade-curator	2026-03-16T16:00:00Z	Only contextualizing evidence for de-unitate-ecclesiae work_affirms_proposition eucharist-is-sacrifice. Passage psg-cyprian-unit-17: 'Paraphrase: They cannot dwell with God who would not be of one mind in God's Church. Although they b...' A more directly relevant passage would strengthen this claim.
clm-de-unitate-affirms-eucharist-sunday	approved	cascade-curator	2026-03-16T20:00:00Z	Passage psg-cyprian-unit-6 from de-unitate-ecclesiae directly treats proposition 'eucharist-offered-on-sunday'. The work's mentions is attested from its own text. Excerpt: 'Paraphrase: The episcopate
clm-de-unitate-affirms-eucharist-sunday	approved	cascade-curator	2026-03-17T04:00:00Z	Confidence calibrated: high->medium (certainty=probable, pred=work_mentions_proposition)
clm-de-unitate-affirms-eucharist-sunday	reviewed	cascade-curator	2026-03-16T16:00:00Z	Only contextualizing evidence for de-unitate-ecclesiae work_mentions_proposition eucharist-offered-on-sunday. Passage psg-cyprian-unit-6: 'Paraphrase: The episcopate is one, each part of which is held by each one for the whole. The Church ...' A more directly relevant passage would strengthen this claim.
clm-de-unitate-affirms-martyrdom-witness	approved	cascade-curator	2026-03-16T16:00:00Z	Passage psg-cyprian-unit-17 from de-unitate-ecclesiae directly addresses the proposition 'martyrdom-witnesses-to-christ'. Excerpt: 'Paraphrase: They cannot dwell with God who would not be of one mind in God's Church. Although they burn, though cast into fire and flames th...' The work's affirms of this proposition is directly attested.
clm-de-unitate-affirms-ordination-hands	approved	cascade-curator	2026-03-16T20:00:00Z	Passage psg-cyprian-unit-4-5 from de-unitate-ecclesiae directly treats proposition 'ordination-conferred-by-laying-on-of-hands'. The work's mentions is attested from its own text. Excerpt: 'Paraphrase
clm-de-unitate-affirms-ordination-hands	approved	cascade-curator	2026-03-17T04:00:00Z	Confidence calibrated: high->medium (certainty=probable, pred=work_mentions_proposition)
clm-de-unitate-affirms-ordination-hands	reviewed	cascade-curator	2026-03-16T16:00:00Z	Only contextualizing evidence for de-unitate-ecclesiae work_mentions_proposition ordination-conferred-by-laying-on-of-hands. Passage psg-cyprian-unit-4-5: 'Paraphrase: The Lord says to Peter: I say unto thee that thou art Peter, and upon this rock I will b...' A more directly relevant passage would strengthen this claim.
clm-de-unitate-affirms-ot-authority	approved	cascade-curator	2026-03-16T20:00:00Z	Passage psg-cyprian-unit-14 from de-unitate-ecclesiae directly treats proposition 'old-testament-is-authoritative-scripture'. The work's affirms is attested from its own text. Excerpt: 'Paraphrase: He
clm-de-unitate-affirms-ot-authority	approved	cascade-curator	2026-03-17T04:00:00Z	Confidence calibrated: high->medium (certainty=probable, pred=work_affirms_proposition)
clm-de-unitate-affirms-ot-authority	reviewed	cascade-curator	2026-03-16T16:00:00Z	Passage psg-cyprian-unit-14 from de-unitate-ecclesiae supports but the excerpt does not use the exact language of 'old-testament-is-authoritative-scripture'. The proposition is conveyed through the overall context of this passage. Excerpt: 'Paraphrase: He who does not hold this unity of the Church — does he think that he holds the faith? H...'
clm-de-unitate-affirms-penance	approved	cascade-curator	2026-03-16T20:00:00Z	Passage psg-cyprian-unit-17 from de-unitate-ecclesiae directly treats proposition 'post-baptismal-sin-forgiven-by-penance'. The work's affirms is attested from its own text. Excerpt: 'Paraphrase: They
clm-de-unitate-affirms-penance	reviewed	cascade-curator	2026-03-16T16:00:00Z	Passage psg-cyprian-unit-17 from de-unitate-ecclesiae supports but the excerpt does not use the exact language of 'post-baptismal-sin-forgiven-by-penance'. The proposition is conveyed through the overall context of this passage. Excerpt: 'Paraphrase: They cannot dwell with God who would not be of one mind in God's Church. Although they b...'
clm-de-unitate-affirms-rule-of-faith	approved	cascade-curator	2026-03-16T16:00:00Z	Passage psg-cyprian-unit-4-5 from de-unitate-ecclesiae directly addresses the proposition 'rule-of-faith-received-from-apostles'. Excerpt: 'Paraphrase: The Lord says to Peter: I say unto thee that thou art Peter, and upon this rock I will build my Church, and the gates of hell sh...' The work's affirms of this proposition is directly attested.
clm-de-unitate-affirms-threefold-ministry	approved	cascade-curator	2026-03-16T20:00:00Z	Passage psg-cyprian-unit-4-5 from de-unitate-ecclesiae directly treats proposition 'threefold-ministry-required'. The work's affirms is attested from its own text. Excerpt: 'Paraphrase: The Lord says
clm-de-unitate-affirms-threefold-ministry	reviewed	cascade-curator	2026-03-16T16:00:00Z	Passage psg-cyprian-unit-4-5 from de-unitate-ecclesiae supports but the excerpt does not use the exact language of 'threefold-ministry-required'. The proposition is conveyed through the overall context of this passage. Excerpt: 'Paraphrase: The Lord says to Peter: I say unto thee that thou art Peter, and upon this rock I will b...'
clm-de-unitate-affirms-trinitarian-baptism	approved	cascade-curator	2026-03-16T20:00:00Z	Passage psg-cyprian-unit-14 from de-unitate-ecclesiae directly treats proposition 'baptism-administered-in-trinitarian-name'. The work's affirms is attested from its own text. Excerpt: 'Paraphrase: He
clm-de-unitate-affirms-trinitarian-baptism	approved	cascade-curator	2026-03-17T04:00:00Z	Confidence calibrated: high->medium (certainty=probable, pred=work_affirms_proposition)
clm-de-unitate-affirms-trinitarian-baptism	reviewed	cascade-curator	2026-03-16T16:00:00Z	Passage psg-cyprian-unit-14 from de-unitate-ecclesiae supports but the excerpt does not use the exact language of 'baptism-administered-in-trinitarian-name'. The proposition is conveyed through the overall context of this passage. Excerpt: 'Paraphrase: He who does not hold this unity of the Church — does he think that he holds the faith? H...'
clm-de-unitate-affirms-trinity	approved	cascade-curator	2026-03-16T20:00:00Z	Passage psg-cyprian-unit-14 from de-unitate-ecclesiae directly treats proposition 'trinity-is-three-persons-one-substance'. The work's affirms is attested from its own text. Excerpt: 'Paraphrase: He w
clm-de-unitate-affirms-trinity	approved	cascade-curator	2026-03-17T04:00:00Z	Confidence calibrated: high->medium (certainty=probable, pred=work_affirms_proposition)
clm-de-unitate-affirms-trinity	reviewed	cascade-curator	2026-03-16T16:00:00Z	Passage psg-cyprian-unit-14 from de-unitate-ecclesiae supports but the excerpt does not use the exact language of 'trinity-is-three-persons-one-substance'. The proposition is conveyed through the overall context of this passage. Excerpt: 'Paraphrase: He who does not hold this unity of the Church — does he think that he holds the faith? H...'
clm-de-unitate-by-cyprian	approved	cascade-curator	2026-03-16T15:00:00Z	De Unitate Ecclesiae is explicitly attributed to Cyprian in ancient manuscripts and referenced in his correspondence. Its authorship is universally accepted.
clm-de-unitate-opposes-rebaptism-void	approved	cascade-curator	2026-03-16T20:00:00Z	Passage psg-cyprian-unit-6 from de-unitate-ecclesiae directly treats proposition 'heretic-baptism-is-invalid'. The work's affirms is attested from its own text. Excerpt: 'Paraphrase: The episcopate is
clm-de-unitate-opposes-rebaptism-void	approved	cascade-curator	2026-03-17T04:00:00Z	Confidence calibrated: high->medium (certainty=probable, pred=work_affirms_proposition)
clm-de-unitate-opposes-rebaptism-void	reviewed	cascade-curator	2026-03-16T16:00:00Z	Only contextualizing evidence for de-unitate-ecclesiae work_affirms_proposition heretic-baptism-is-invalid. Passage psg-cyprian-unit-6: 'Paraphrase: The episcopate is one, each part of which is held by each one for the whole. The Church ...' A more directly relevant passage would strengthen this claim.
clm-de-unitate-written-carthage	approved	cascade-curator	2026-03-16T21:00:00Z	Strong inference from passage psg-cyprian-unit-4-5 supports written_at (de-unitate-ecclesiae → carthage). Certainty probable. Excerpt: 'Paraphrase: The Lord says to Peter: I say unto thee that thou ar
clm-de-unitate-written-carthage	reviewed	cascade-curator	2026-03-16T15:00:00Z	Cyprian was bishop of Carthage when De Unitate was written (c. 251 CE). Biographical attribution to Carthage is very strong; no internal passage names Carthage explicitly. Confidence is medium for the internal evidence; biographical consensus is high.
clm-de-unitate-written-carthage	reviewed	cascade-curator	2026-03-16T20:00:00Z	de-unitate-ecclesiae written at carthage: biographical consensus supported by passage psg-cyprian-unit-4-5. No explicit internal naming of carthage. Excerpt: 'Paraphrase: The Lord says to Peter: I say
clm-de-unitate-written-carthage	reviewed	cascade-curator	2026-03-16T20:30:00Z	de-unitate-ecclesiae written at carthage: weak place evidence. Passage psg-cyprian-unit-4-5: 'Paraphrase: The Lord says to Peter: I say unto thee that thou art Peter, and upon this rock I will b'. Cer
clm-decian-persecution-at-carthage	approved	cascade-curator	2026-03-16T20:00:00Z	Passage psg-cyprian-lapsis-6 explicitly places decian-persecution at carthage. Excerpt: 'Paraphrase: How many bishops who ought to have been an encouragement and example to others, despising their div
clm-decian-persecution-at-carthage	reviewed	cascade-curator	2026-03-16T16:00:00Z	Evidence supports decian-persecution occurs_at carthage. Excerpt: 'Paraphrase: How many bishops who ought to have been an encouragement and example to others, despisin...'
clm-decian-persecution-at-rome	approved	cascade-curator	2026-03-16T20:00:00Z	Passage psg-eusebius-he-6-20-43 explicitly places decian-persecution at rome. Excerpt: 'Paraphrase: Eusebius reports that Hippolytus was a bishop somewhere and that he composed various works. In HE 6.
clm-decian-persecution-at-rome	reviewed	cascade-curator	2026-03-16T16:00:00Z	Evidence supports decian-persecution occurs_at rome. Excerpt: 'Paraphrase: Eusebius reports that Hippolytus was a bishop somewhere and that he composed various wor...'
clm-decian-persecution-year	approved	cascade-curator	2026-03-16T20:00:00Z	Passage psg-cyprian-lapsis-6 explicitly attests the year for decian-persecution. Excerpt: 'Paraphrase: How many bishops who ought to have been an encouragement and example to others, despising their d
clm-decian-persecution-year	reviewed	cascade-curator	2026-03-16T16:00:00Z	Passage psg-cyprian-lapsis-6 supports the year claim for decian-persecution (-) but excerpt does not name the event explicitly. Excerpt: 'Paraphrase: How many bishops who ought to have been an encouragement and example to others, despisin...'
clm-demas-active-rome	approved	cascade-curator	2026-03-17T04:00:00Z	Confidence calibrated: high->medium (certainty=probable, pred=active_in)
clm-demas-active-thessalonica-late	approved	cascade-curator	2026-03-16T20:00:00Z	Passage psg-2tim-4-10-12 explicitly places demas in thessalonica. Excerpt: 'Paraphrase: Paul says Demas has gone to Thessalonica, Crescens to Galatia, Titus to Dalmatia, and Tychicus has been sent'
clm-demas-coworker-paul	approved	cascade-curator	2026-03-16T20:00:00Z	Passage psg-phlm-23-24 explicitly names demas as coworker of paul. Excerpt: 'Paraphrase: Paul names Mark, Aristarchus, Demas, and Luke as fellow workers.'
clm-demas-member-roman-church	approved	cascade-curator	2026-03-17T04:00:00Z	Confidence calibrated: high->medium (certainty=probable, pred=member_of_group)
clm-demetrius-active-ephesus	approved	cascade-curator	2026-03-16T20:00:00Z	Passage psg-acts-19-24-27 explicitly places demetrius in ephesus. Excerpt: 'Paraphrase: Demetrius the silversmith in Ephesus warns fellow craftsmen that Paul's message threatens their trade and Ar'
clm-demetrius-bishop-of-alexandria	approved	cascade-curator	2026-03-16T16:00:00Z	Passage psg-eusebius-he-6-3 directly attests demetrius-of-alexandria as bishop of alexandria: 'Paraphrase: Origen, while still very young, succeeded Clement as head of the Catechetical School in Alexandria; so many ...'
clm-demetrius-coworker-origen	approved	cascade-curator	2026-03-17T04:00:00Z	Confidence calibrated: high->medium (certainty=probable, pred=coworker_of)
clm-demetrius-member-alexandrian	approved	cascade-curator	2026-03-16T20:00:00Z	Passage psg-eusebius-he-6-3 explicitly names demetrius-of-alexandria as member of alexandrian-church. Excerpt: 'Paraphrase: Origen, while still very young, succeeded Clement as head of the Catechetica
clm-demetrius-member-alexandrian	reviewed	cascade-curator	2026-03-16T16:00:00Z	Evidence supports demetrius-of-alexandria member_of_group alexandrian-church but excerpt does not explicitly name both entities. Excerpt: 'Paraphrase: Origen, while still very young, succeeded Clement as head of the Catechetical School in ...'
clm-demetrius-participant-expulsion	approved	cascade-curator	2026-03-16T16:00:00Z	Passage psg-eusebius-he-6-19 directly names demetrius-of-alexandria as a participant in origen-expulsion-from-alexandria: 'Paraphrase: Origen's fame spread throughout the whole world; Beryllus of Bostra, Alexander of Jerusalem, and many other ...' Claim is directly attested.
clm-demetrius-teacher-of-origen	approved	cascade-curator	2026-03-16T16:00:00Z	Passage psg-eusebius-he-6-3 directly attests demetrius-of-alexandria as teacher of origen-of-alexandria: 'Paraphrase: Origen, while still very young, succeeded Clement as head of the Catechetical School in Alexandria; so many ...'
clm-demetrius-teacher-of-origen	approved	cascade-curator	2026-03-17T04:00:00Z	Confidence calibrated: high->medium (certainty=probable, pred=teacher_of)
clm-demonstrations-by-aphrahat	approved	cascade-curator	2026-03-16T15:00:00Z	Aphrahat's Demonstrations are self-attributed (Dem. 1 opens with the author's name in the acrostic structure); he identifies himself in Dem. 22 as 'a disciple of holy Scripture'. Universally accepted.
clm-demonstrations-by-aphrahat	approved	cascade-curator	2026-03-17T04:00:00Z	Confidence calibrated: high->medium (certainty=probable, pred=authored_by)
clm-deprinc-affirms-allegorical	approved	cascade-curator	2026-03-16T16:00:00Z	Passage psg-origen-deprinc-4-2-4 from de-principiis directly addresses the proposition 'allegorical-interpretation-of-scripture'. Excerpt: 'The way to understand the Scriptures is by recognizing that they have a threefold meaning: the bodily sense, the soul sense, and the spiritu...' The work's affirms of this proposition is directly attested.
clm-deprinc-affirms-baptism-regeneration	approved	cascade-curator	2026-03-16T20:00:00Z	Passage psg-origen-deprinc-pref-4 from de-principiis directly treats proposition 'baptism-effects-regeneration'. The work's affirms is attested from its own text. Excerpt: 'The following are the parti
clm-deprinc-affirms-baptism-regeneration	approved	cascade-curator	2026-03-17T04:00:00Z	Confidence calibrated: high->medium (certainty=probable, pred=work_affirms_proposition)
clm-deprinc-affirms-baptism-regeneration	reviewed	cascade-curator	2026-03-16T16:00:00Z	Only contextualizing evidence for de-principiis work_affirms_proposition baptism-effects-regeneration. Passage psg-origen-deprinc-pref-4: 'The following are the particular points which are clearly delivered in the teaching of the apostles:...' A more directly relevant passage would strengthen this claim.
clm-deprinc-affirms-catechumenate	approved	cascade-curator	2026-03-16T20:00:00Z	Passage psg-origen-deprinc-pref-4 from de-principiis directly treats proposition 'catechumenate-precedes-baptism'. The work's affirms is attested from its own text. Excerpt: 'The following are the par
clm-deprinc-affirms-catechumenate	approved	cascade-curator	2026-03-17T04:00:00Z	Confidence calibrated: high->medium (certainty=probable, pred=work_affirms_proposition)
clm-deprinc-affirms-catechumenate	reviewed	cascade-curator	2026-03-16T16:00:00Z	Only contextualizing evidence for de-principiis work_affirms_proposition catechumenate-precedes-baptism. Passage psg-origen-deprinc-pref-4: 'The following are the particular points which are clearly delivered in the teaching of the apostles:...' A more directly relevant passage would strengthen this claim.
clm-deprinc-affirms-eternal-generation	approved	cascade-curator	2026-03-16T16:00:00Z	Passage psg-origen-deprinc-1-2-10 from de-principiis directly addresses the proposition 'son-is-eternally-generated'. Excerpt: 'The Son is the brightness of the eternal light. If this is so, then the Son is eternally begotten. For as brightness is generated from light...' The work's affirms of this proposition is directly attested.
clm-deprinc-affirms-free-will	approved	cascade-curator	2026-03-16T20:00:00Z	Passage psg-origen-deprinc-3-1-1 from de-principiis directly treats proposition 'free-will-grounds-moral-responsibility'. The work's affirms is attested from its own text. Excerpt: 'Since the teaching
clm-deprinc-affirms-free-will	reviewed	cascade-curator	2026-03-16T16:00:00Z	Passage psg-origen-deprinc-3-1-1 from de-principiis supports but the excerpt does not use the exact language of 'free-will-grounds-moral-responsibility'. The proposition is conveyed through the overall context of this passage. Excerpt: 'Since the teaching of the Church includes the doctrine that every rational soul is possessed of free...'
clm-deprinc-affirms-incarnation	approved	cascade-curator	2026-03-16T20:00:00Z	Passage psg-origen-deprinc-pref-4 from de-principiis directly treats proposition 'christ-truly-became-flesh'. The work's affirms is attested from its own text. Excerpt: 'The following are the particul
clm-deprinc-affirms-incarnation	reviewed	cascade-curator	2026-03-16T16:00:00Z	Passage psg-origen-deprinc-pref-4 from de-principiis supports but the excerpt does not use the exact language of 'christ-truly-became-flesh'. The proposition is conveyed through the overall context of this passage. Excerpt: 'The following are the particular points which are clearly delivered in the teaching of the apostles:...'
clm-deprinc-affirms-judgment	approved	cascade-curator	2026-03-16T20:00:00Z	Passage psg-origen-deprinc-1-6-1 from de-principiis directly treats proposition 'final-judgment-is-coming'. The work's affirms is attested from its own text. Excerpt: 'Paraphrase: The end is always li
clm-deprinc-affirms-judgment	approved	cascade-curator	2026-03-17T04:00:00Z	Confidence calibrated: high->medium (certainty=probable, pred=work_affirms_proposition)
clm-deprinc-affirms-judgment	reviewed	cascade-curator	2026-03-16T16:00:00Z	Only contextualizing evidence for de-principiis work_affirms_proposition final-judgment-is-coming. Passage psg-origen-deprinc-1-6-1: 'Paraphrase: The end is always like the beginning; as there was one beginning of all things, so there...' A more directly relevant passage would strengthen this claim.
clm-deprinc-affirms-logos	approved	cascade-curator	2026-03-16T20:00:00Z	Passage psg-origen-deprinc-1-2-2 from de-principiis directly treats proposition 'logos-is-pre-existent-son-of-god'. The work's affirms is attested from its own text. Excerpt: 'Let him who assigns a be
clm-deprinc-affirms-logos	reviewed	cascade-curator	2026-03-16T16:00:00Z	Passage psg-origen-deprinc-1-2-2 from de-principiis supports but the excerpt does not use the exact language of 'logos-is-pre-existent-son-of-god'. The proposition is conveyed through the overall context of this passage. Excerpt: 'Let him who assigns a beginning to the Word or Wisdom of God take care that he be not guilty of impi...'
clm-deprinc-affirms-ot-authority	approved	cascade-curator	2026-03-16T20:00:00Z	Passage psg-origen-deprinc-pref-4 from de-principiis directly treats proposition 'old-testament-is-authoritative-scripture'. The work's affirms is attested from its own text. Excerpt: 'The following a
clm-deprinc-affirms-ot-authority	approved	cascade-curator	2026-03-17T04:00:00Z	Confidence calibrated: high->medium (certainty=probable, pred=work_affirms_proposition)
clm-deprinc-affirms-ot-authority	reviewed	cascade-curator	2026-03-16T16:00:00Z	Only contextualizing evidence for de-principiis work_affirms_proposition old-testament-is-authoritative-scripture. Passage psg-origen-deprinc-pref-4: 'The following are the particular points which are clearly delivered in the teaching of the apostles:...' A more directly relevant passage would strengthen this claim.
clm-deprinc-affirms-perpetual-virginity	approved	cascade-curator	2026-03-16T20:00:00Z	Passage psg-origen-deprinc-pref-4 from de-principiis directly treats proposition 'perpetual-virginity-of-mary'. The work's affirms is attested from its own text. Excerpt: 'The following are the partic
clm-deprinc-affirms-perpetual-virginity	approved	cascade-curator	2026-03-17T04:00:00Z	Confidence calibrated: high->medium (certainty=probable, pred=work_affirms_proposition)
clm-deprinc-affirms-perpetual-virginity	reviewed	cascade-curator	2026-03-16T16:00:00Z	Only contextualizing evidence for de-principiis work_affirms_proposition perpetual-virginity-of-mary. Passage psg-origen-deprinc-pref-4: 'The following are the particular points which are clearly delivered in the teaching of the apostles:...' A more directly relevant passage would strengthen this claim.
clm-deprinc-affirms-prayer	approved	cascade-curator	2026-03-16T20:00:00Z	Passage psg-origen-deprinc-3-1-1 from de-principiis directly treats proposition 'prayer-is-offered-without-ceasing'. The work's affirms is attested from its own text. Excerpt: 'Since the teaching of t
clm-deprinc-affirms-prayer	approved	cascade-curator	2026-03-17T04:00:00Z	Confidence calibrated: high->medium (certainty=probable, pred=work_affirms_proposition)
clm-deprinc-affirms-prayer	reviewed	cascade-curator	2026-03-16T16:00:00Z	Only contextualizing evidence for de-principiis work_affirms_proposition prayer-is-offered-without-ceasing. Passage psg-origen-deprinc-3-1-1: 'Since the teaching of the Church includes the doctrine that every rational soul is possessed of free...' A more directly relevant passage would strengthen this claim.
clm-deprinc-affirms-pre-existence-souls	approved	cascade-curator	2026-03-16T16:00:00Z	Passage psg-origen-deprinc-2-8-3 from de-principiis directly addresses the proposition 'pre-existence-of-souls'. Excerpt: 'Paraphrase: Souls pre-existed before they were placed in bodies; their different conditions in the present life result from their varying us...' The work's affirms of this proposition is directly attested.
clm-deprinc-affirms-resurrection	approved	cascade-curator	2026-03-16T20:00:00Z	Passage psg-origen-deprinc-1-6-1 from de-principiis directly treats proposition 'bodies-will-be-raised-at-last-day'. The work's affirms is attested from its own text. Excerpt: 'Paraphrase: The end is
clm-deprinc-affirms-resurrection	approved	cascade-curator	2026-03-17T04:00:00Z	Confidence calibrated: high->medium (certainty=probable, pred=work_affirms_proposition)
clm-deprinc-affirms-resurrection	reviewed	cascade-curator	2026-03-16T16:00:00Z	Only contextualizing evidence for de-principiis work_affirms_proposition bodies-will-be-raised-at-last-day. Passage psg-origen-deprinc-1-6-1: 'Paraphrase: The end is always like the beginning; as there was one beginning of all things, so there...' A more directly relevant passage would strengthen this claim.
clm-deprinc-affirms-rule-of-faith	approved	cascade-curator	2026-03-16T16:00:00Z	Passage psg-origen-deprinc-pref-4 from de-principiis directly addresses the proposition 'rule-of-faith-received-from-apostles'. Excerpt: 'The following are the particular points which are clearly delivered in the teaching of the apostles: First, that there is one God who create...' The work's affirms of this proposition is directly attested.
clm-deprinc-affirms-succession	approved	cascade-curator	2026-03-16T20:00:00Z	Passage psg-origen-deprinc-pref-4 from de-principiis directly treats proposition 'apostolic-succession-transmits-faith'. The work's affirms is attested from its own text. Excerpt: 'The following are t
clm-deprinc-affirms-succession	approved	cascade-curator	2026-03-17T04:00:00Z	Confidence calibrated: high->medium (certainty=probable, pred=work_affirms_proposition)
clm-deprinc-affirms-succession	reviewed	cascade-curator	2026-03-16T16:00:00Z	Only contextualizing evidence for de-principiis work_affirms_proposition apostolic-succession-transmits-faith. Passage psg-origen-deprinc-pref-4: 'The following are the particular points which are clearly delivered in the teaching of the apostles:...' A more directly relevant passage would strengthen this claim.
clm-deprinc-affirms-trinity	approved	cascade-curator	2026-03-16T20:00:00Z	Passage psg-origen-deprinc-pref-4 from de-principiis directly treats proposition 'trinity-is-three-persons-one-substance'. The work's affirms is attested from its own text. Excerpt: 'The following are
clm-deprinc-affirms-trinity	reviewed	cascade-curator	2026-03-16T16:00:00Z	Passage psg-origen-deprinc-pref-4 from de-principiis supports but the excerpt does not use the exact language of 'trinity-is-three-persons-one-substance'. The proposition is conveyed through the overall context of this passage. Excerpt: 'The following are the particular points which are clearly delivered in the teaching of the apostles:...'
clm-deprinc-affirms-universal-restoration	approved	cascade-curator	2026-03-16T20:00:00Z	Passage psg-origen-deprinc-1-6-1 from de-principiis directly treats proposition 'universal-restoration-of-all'. The work's affirms is attested from its own text. Excerpt: 'Paraphrase: The end is alway
clm-deprinc-affirms-universal-restoration	reviewed	cascade-curator	2026-03-16T16:00:00Z	Passage psg-origen-deprinc-1-6-1 from de-principiis supports but the excerpt does not use the exact language of 'universal-restoration-of-all'. The proposition is conveyed through the overall context of this passage. Excerpt: 'Paraphrase: The end is always like the beginning; as there was one beginning of all things, so there...'
clm-deprinc-affirms-virgin-birth	approved	cascade-curator	2026-03-16T20:00:00Z	Passage psg-origen-deprinc-pref-4 from de-principiis directly treats proposition 'jesus-born-of-virgin'. The work's affirms is attested from its own text. Excerpt: 'The following are the particular po
clm-deprinc-affirms-virgin-birth	reviewed	cascade-curator	2026-03-16T16:00:00Z	Passage psg-origen-deprinc-pref-4 from de-principiis supports but the excerpt does not use the exact language of 'jesus-born-of-virgin'. The proposition is conveyed through the overall context of this passage. Excerpt: 'The following are the particular points which are clearly delivered in the teaching of the apostles:...'
clm-deprincipiis-by-origen	approved	cascade-curator	2026-03-16T20:00:00Z	Passage psg-origen-deprinc-pref-4 is drawn from de-principiis itself, directly confirming authorship. Excerpt: 'The following are the particular points which are clearly delivered in the teaching of t
clm-deprincipiis-by-origen	reviewed	cascade-curator	2026-03-16T16:00:00Z	Evidence supports de-principiis authored_by origen-of-alexandria; passage psg-origen-deprinc-pref-4 provides supporting context. Excerpt: 'The following are the particular points which are clearly delivered in the teaching of the apostles:...'
clm-deprincipiis-written-at-alexandria	approved	cascade-curator	2026-03-16T16:00:00Z	Passage psg-eusebius-he-6-3 links de-principiis to alexandria: 'Paraphrase: Origen, while still very young, succeeded Clement as head of the Catechetical School in Alexandria; so many ...'
clm-deprincipiis-written-at-alexandria	approved	cascade-curator	2026-03-17T04:00:00Z	Confidence calibrated: high->medium (certainty=probable, pred=written_at)
clm-detrin-affirms-incarnation	approved	cascade-curator	2026-03-16T16:00:00Z	Passage psg-novatian-trin-9-11 from de-trinitate-novatian directly addresses the proposition 'christ-truly-became-flesh'. Excerpt: 'Paraphrase: Scripture teaches that the Son of God, the Word, was with the Father before the creation of the world. By him all things were ma...' The work's affirms of this proposition is directly attested.
clm-detrin-affirms-logos	approved	cascade-curator	2026-03-16T20:00:00Z	Passage psg-novatian-trin-9-11 from de-trinitate-novatian directly treats proposition 'logos-is-pre-existent-son-of-god'. The work's affirms is attested from its own text. Excerpt: 'Paraphrase: Script
clm-detrin-affirms-logos	reviewed	cascade-curator	2026-03-16T16:00:00Z	Passage psg-novatian-trin-9-11 from de-trinitate-novatian supports but the excerpt does not use the exact language of 'logos-is-pre-existent-son-of-god'. The proposition is conveyed through the overall context of this passage. Excerpt: 'Paraphrase: Scripture teaches that the Son of God, the Word, was with the Father before the creation...'
clm-detrin-affirms-ot-scripture	approved	cascade-curator	2026-03-16T20:00:00Z	Passage psg-novatian-trin-26-29 from de-trinitate-novatian directly treats proposition 'old-testament-is-authoritative-scripture'. The work's affirms is attested from its own text. Excerpt: 'Paraphras
clm-detrin-affirms-ot-scripture	approved	cascade-curator	2026-03-17T04:00:00Z	Confidence calibrated: high->medium (certainty=probable, pred=work_affirms_proposition)
clm-detrin-affirms-ot-scripture	reviewed	cascade-curator	2026-03-16T16:00:00Z	Only contextualizing evidence for de-trinitate-novatian work_affirms_proposition old-testament-is-authoritative-scripture. Passage psg-novatian-trin-26-29: 'Paraphrase: The Holy Spirit is the same who was promised by the prophets and poured out on the apost...' A more directly relevant passage would strengthen this claim.
clm-detrin-affirms-passion	approved	cascade-curator	2026-03-16T20:00:00Z	Passage psg-novatian-trin-9-11 from de-trinitate-novatian directly treats proposition 'christ-truly-suffered-and-died'. The work's affirms is attested from its own text. Excerpt: 'Paraphrase: Scriptur
clm-detrin-affirms-passion	reviewed	cascade-curator	2026-03-16T16:00:00Z	Passage psg-novatian-trin-9-11 from de-trinitate-novatian supports but the excerpt does not use the exact language of 'christ-truly-suffered-and-died'. The proposition is conveyed through the overall context of this passage. Excerpt: 'Paraphrase: Scripture teaches that the Son of God, the Word, was with the Father before the creation...'
clm-detrin-affirms-resurrection	approved	cascade-curator	2026-03-16T20:00:00Z	Passage psg-novatian-trin-9-11 from de-trinitate-novatian directly treats proposition 'bodies-will-be-raised-at-last-day'. The work's affirms is attested from its own text. Excerpt: 'Paraphrase: Scrip
clm-detrin-affirms-resurrection	approved	cascade-curator	2026-03-17T04:00:00Z	Confidence calibrated: high->medium (certainty=probable, pred=work_affirms_proposition)
clm-detrin-affirms-resurrection	reviewed	cascade-curator	2026-03-16T16:00:00Z	Only contextualizing evidence for de-trinitate-novatian work_affirms_proposition bodies-will-be-raised-at-last-day. Passage psg-novatian-trin-9-11: 'Paraphrase: Scripture teaches that the Son of God, the Word, was with the Father before the creation...' A more directly relevant passage would strengthen this claim.
clm-detrin-affirms-rule-of-faith	approved	cascade-curator	2026-03-16T20:00:00Z	Passage psg-novatian-trin-1 from de-trinitate-novatian directly treats proposition 'rule-of-faith-received-from-apostles'. The work's affirms is attested from its own text. Excerpt: 'The rule of truth
clm-detrin-affirms-rule-of-faith	reviewed	cascade-curator	2026-03-16T16:00:00Z	Passage psg-novatian-trin-1 from de-trinitate-novatian supports but the excerpt does not use the exact language of 'rule-of-faith-received-from-apostles'. The proposition is conveyed through the overall context of this passage. Excerpt: 'The rule of truth requires that we should first of all things believe in God the Father and Lord Alm...'
clm-detrin-affirms-trinity	approved	cascade-curator	2026-03-16T16:00:00Z	Passage psg-novatian-trin-31 from de-trinitate-novatian directly addresses the proposition 'trinity-is-three-persons-one-substance'. Excerpt: 'Paraphrase: If we consider the teaching of the whole of Scripture, we must necessarily conclude that the Father is God, that the Son is God,...' The work's affirms of this proposition is directly attested.
clm-detrin-affirms-virgin-birth	approved	cascade-curator	2026-03-16T16:00:00Z	Passage psg-novatian-trin-9-11 from de-trinitate-novatian directly addresses the proposition 'jesus-born-of-virgin'. Excerpt: 'Paraphrase: Scripture teaches that the Son of God, the Word, was with the Father before the creation of the world. By him all things were ma...' The work's affirms of this proposition is directly attested.
clm-detrin-by-novatian	approved	cascade-curator	2026-03-16T20:00:00Z	Passage psg-novatian-trin-1 is drawn from de-trinitate-novatian itself, directly confirming authorship. Excerpt: 'The rule of truth requires that we should first of all things believe in God the Fathe
clm-detrin-by-novatian	reviewed	cascade-curator	2026-03-16T16:00:00Z	Evidence supports de-trinitate-novatian authored_by novatian; passage psg-novatian-trin-1 provides supporting context. Excerpt: 'The rule of truth requires that we should first of all things believe in God the Father and Lord Alm...'
clm-detrin-written-rome	approved	cascade-curator	2026-03-16T21:00:00Z	Strong inference from passage psg-novatian-trin-1 supports written_at (de-trinitate-novatian → rome). Certainty probable. Excerpt: 'The rule of truth requires that we should first of all things believ
clm-detrin-written-rome	reviewed	cascade-curator	2026-03-16T16:00:00Z	Evidence supports de-trinitate-novatian written_at rome but rome is not named in the excerpt. Biographical tradition supports this attribution. Excerpt: 'The rule of truth requires that we should first of all things believe in God the Father and Lord Alm...'
clm-detrin-written-rome	reviewed	cascade-curator	2026-03-16T20:00:00Z	de-trinitate-novatian written at rome: biographical consensus supported by passage psg-novatian-trin-1. No explicit internal naming of rome. Excerpt: 'The rule of truth requires that we should first o
clm-detrin-written-rome	reviewed	cascade-curator	2026-03-16T20:30:00Z	de-trinitate-novatian written at rome: weak place evidence. Passage psg-novatian-trin-1: 'The rule of truth requires that we should first of all things believe in God the Father and Lord Alm'. Certain
clm-dial-trypho-affirms-apostolic-succession	approved	cascade-curator	2026-03-16T20:00:00Z	Passage psg-justin-dial-70 from dialogue-with-trypho directly treats proposition 'apostolic-succession-transmits-faith'. The work's affirms is attested from its own text. Excerpt: 'Therefore the Holy
clm-dial-trypho-affirms-apostolic-succession	approved	cascade-curator	2026-03-17T04:00:00Z	Confidence calibrated: high->medium (certainty=probable, pred=work_affirms_proposition)
clm-dial-trypho-affirms-baptism-regen	approved	cascade-curator	2026-03-16T20:00:00Z	Passage psg-justin-dial-70 from dialogue-with-trypho directly treats proposition 'baptism-effects-regeneration'. The work's affirms is attested from its own text. Excerpt: 'Therefore the Holy Spirit p
clm-dial-trypho-affirms-baptism-regen	approved	cascade-curator	2026-03-17T04:00:00Z	Confidence calibrated: high->medium (certainty=probable, pred=work_affirms_proposition)
clm-dial-trypho-affirms-bodily-resurrection	approved	cascade-curator	2026-03-17T04:00:00Z	Confidence calibrated: high->medium (certainty=probable, pred=work_affirms_proposition)
clm-dial-trypho-affirms-catechumenate	approved	cascade-curator	2026-03-16T20:00:00Z	Passage psg-justin-dial-117 from dialogue-with-trypho directly treats proposition 'catechumenate-precedes-baptism'. The work's affirms is attested from its own text. Excerpt: 'God speaks by Malachi: I
clm-dial-trypho-affirms-catechumenate	approved	cascade-curator	2026-03-17T04:00:00Z	Confidence calibrated: high->medium (certainty=probable, pred=work_affirms_proposition)
clm-dial-trypho-affirms-catechumenate	reviewed	cascade-curator	2026-03-16T16:00:00Z	Only contextualizing evidence for dialogue-with-trypho work_affirms_proposition catechumenate-precedes-baptism. Passage psg-justin-dial-117: 'God speaks by Malachi: I have no pleasure in you, and I will not accept your sacrifices; for from th...' A more directly relevant passage would strengthen this claim.
clm-dial-trypho-affirms-eucharist-malachi	approved	cascade-curator	2026-03-16T20:00:00Z	Passage psg-justin-dial-117 from dialogue-with-trypho directly treats proposition 'eucharist-fulfills-malachi-pure-offering'. The work's affirms is attested from its own text. Excerpt: 'God speaks by
clm-dial-trypho-affirms-eucharist-sacrifice	approved	cascade-curator	2026-03-16T20:00:00Z	Passage psg-justin-dial-117 from dialogue-with-trypho directly treats proposition 'eucharist-is-sacrifice'. The work's affirms is attested from its own text. Excerpt: 'God speaks by Malachi: I have no
clm-dial-trypho-affirms-fasting	approved	cascade-curator	2026-03-16T20:00:00Z	Passage psg-justin-dial-117 from dialogue-with-trypho directly treats proposition 'fasting-is-required'. The work's affirms is attested from its own text. Excerpt: 'God speaks by Malachi: I have no pl
clm-dial-trypho-affirms-fasting	approved	cascade-curator	2026-03-17T04:00:00Z	Confidence calibrated: high->medium (certainty=probable, pred=work_affirms_proposition)
clm-dial-trypho-affirms-fasting	reviewed	cascade-curator	2026-03-16T16:00:00Z	Only contextualizing evidence for dialogue-with-trypho work_affirms_proposition fasting-is-required. Passage psg-justin-dial-117: 'God speaks by Malachi: I have no pleasure in you, and I will not accept your sacrifices; for from th...' A more directly relevant passage would strengthen this claim.
clm-dial-trypho-affirms-incarnation	approved	cascade-curator	2026-03-17T04:00:00Z	Confidence calibrated: high->medium (certainty=probable, pred=work_affirms_proposition)
clm-dial-trypho-affirms-logos	approved	cascade-curator	2026-03-17T04:00:00Z	Confidence calibrated: high->medium (certainty=probable, pred=work_affirms_proposition)
clm-dial-trypho-affirms-ot-scripture	approved	cascade-curator	2026-03-17T12:30:00Z	Upgraded reviewed→approved: probable certainty with direct supports evidence. Confidence set to medium.
clm-dial-trypho-affirms-ot-scripture	reviewed	cascade-curator	2026-03-16T22:30:00Z	QA-full: work_affirms_proposition (dialogue-with-trypho → old-testament-is-authoritative-scripture) cert=probable: no supports evidence; downgraded approved/high → reviewed/medium.
clm-dial-trypho-affirms-ot-scripture	reviewed	cascade-curator	2026-03-16T23:00:00Z	Reviewed (contextual): dialogue-with-trypho work_affirms_proposition 'old-testament-is-authoritative-scripture'. Certainty probable. Passage psg-irenaeus-ah-3-4-1: 'Paraphrase: The apostles lodged in
clm-dial-trypho-affirms-rule-of-faith	approved	cascade-curator	2026-03-16T20:00:00Z	Passage psg-justin-dial-70 from dialogue-with-trypho directly treats proposition 'rule-of-faith-received-from-apostles'. The work's affirms is attested from its own text. Excerpt: 'Therefore the Holy
clm-dial-trypho-affirms-rule-of-faith	approved	cascade-curator	2026-03-17T04:00:00Z	Confidence calibrated: high->medium (certainty=probable, pred=work_affirms_proposition)
clm-dial-trypho-affirms-virgin-birth	approved	cascade-curator	2026-03-16T20:00:00Z	Passage psg-justin-dial-70 from dialogue-with-trypho directly treats proposition 'jesus-born-of-virgin'. The work's affirms is attested from its own text. Excerpt: 'Therefore the Holy Spirit proclaime
clm-dialogue-trypho-by-justin	approved	cascade-curator	2026-03-16T15:00:00Z	The Dialogue with Trypho opens with Justin as the narrator speaking in first person. Self-attributed and universally accepted.
clm-dialogue-trypho-by-justin	approved	cascade-curator	2026-03-17T04:00:00Z	Confidence calibrated: high->medium (certainty=probable, pred=authored_by)
clm-dialogue-trypho-written-rome	approved	cascade-curator	2026-03-16T21:00:00Z	Strong inference from passage psg-justin-apol-13 supports written_at (dialogue-with-trypho → rome). Certainty probable. Excerpt: 'Paraphrase: Christians worship the Maker of the universe by prayer and
clm-dialogue-trypho-written-rome	reviewed	cascade-curator	2026-03-16T20:00:00Z	dialogue-with-trypho written at rome: biographical consensus supported by passage psg-justin-apol-13. No explicit internal naming of rome. Excerpt: 'Paraphrase: Christians worship the Maker of the uni
clm-dialogue-trypho-written-rome	reviewed	cascade-curator	2026-03-16T20:30:00Z	dialogue-with-trypho written at rome: weak place evidence. Passage psg-justin-apol-13: 'Paraphrase: Christians worship the Maker of the universe by prayer and thanksgiving without material'. Certainty
clm-diatessaron-affirms-gospel-harmony	approved	cascade-curator	2026-03-16T16:00:00Z	Passage psg-diatessaron-1 from diatessaron directly addresses the proposition 'gospel-harmony-is-authoritative'. Excerpt: 'Tatian's Diatessaron is a harmony of the four Gospels, composed in Syriac around 170 AD, widely used in the Syriac church for several centur...' The work's affirms of this proposition is directly attested.
clm-diatessaron-by-tatian	approved	cascade-curator	2026-03-16T15:00:00Z	Tatian's authorship of the Diatessaron is attested by Eusebius HE 4.29.6 and Theodoret. The harmony of the four gospels is universally attributed to Tatian in ancient sources.
clm-diatessaron-mentions-encratism	approved	cascade-curator	2026-03-16T20:00:00Z	Passage psg-diatessaron-1 from diatessaron directly treats proposition 'encratism-is-required'. The work's mentions is attested from its own text. Excerpt: 'Tatian's Diatessaron is a harmony of the fo
clm-diatessaron-mentions-encratism	approved	cascade-curator	2026-03-17T04:00:00Z	Confidence calibrated: high->medium (certainty=probable, pred=work_mentions_proposition)
clm-diatessaron-mentions-encratism	reviewed	cascade-curator	2026-03-16T16:00:00Z	Only contextualizing evidence for diatessaron work_mentions_proposition encratism-is-required. Passage psg-diatessaron-1: 'Tatian's Diatessaron is a harmony of the four Gospels, composed in Syriac around 170 AD, widely used...' A more directly relevant passage would strengthen this claim.
clm-diatessaron-written-edessa	approved	cascade-curator	2026-03-16T21:00:00Z	Strong inference from passage psg-diatessaron-1 supports written_at (diatessaron → edessa). Certainty possible. Excerpt: 'Tatian's Diatessaron is a harmony of the four Gospels, composed in Syriac arou
clm-diatessaron-written-edessa	approved	cascade-curator	2026-03-17T04:00:00Z	Confidence calibrated: medium->low (certainty=possible, pred=written_at)
clm-diatessaron-written-edessa	reviewed	cascade-curator	2026-03-16T16:00:00Z	Evidence supports diatessaron written_at edessa but edessa is not named in the excerpt. Biographical tradition supports this attribution. Excerpt: 'Tatian's Diatessaron is a harmony of the four Gospels, composed in Syriac around 170 AD, widely used...'
clm-diatessaron-written-edessa	reviewed	cascade-curator	2026-03-16T20:00:00Z	diatessaron written at edessa: biographical consensus supported by passage psg-diatessaron-1. No explicit internal naming of edessa. Excerpt: 'Tatian's Diatessaron is a harmony of the four Gospels, co
clm-diatessaron-written-edessa	reviewed	cascade-curator	2026-03-16T20:30:00Z	diatessaron written at edessa: weak place evidence. Passage psg-diatessaron-1: 'Tatian's Diatessaron is a harmony of the four Gospels, composed in Syriac around 170 AD, widely used'. Certainty possibl
clm-didache-affirms-baptism-regen	approved	cascade-curator	2026-03-17T04:00:00Z	Confidence calibrated: high->medium (certainty=probable, pred=work_affirms_proposition)
clm-didache-affirms-catechumenate	approved	cascade-curator	2026-03-16T16:00:00Z	Passage psg-didache-7-1-4 from teaching-of-the-twelve-apostles directly addresses the proposition 'catechumenate-precedes-baptism'. Excerpt: 'Baptism instruction: baptize in the name of Father, Son, Holy Spirit in running water; if not available use other water; if not cold then wa...' The work's affirms of this proposition is directly attested.
clm-didache-affirms-catechumenate	approved	cascade-curator	2026-03-17T04:00:00Z	Confidence calibrated: high->medium (certainty=probable, pred=work_affirms_proposition)
clm-didache-affirms-episcopal-chair	approved	cascade-curator	2026-03-17T04:00:00Z	Confidence calibrated: high->medium (certainty=probable, pred=work_affirms_proposition)
clm-didache-affirms-eucharist-malachi	approved	cascade-curator	2026-03-16T20:00:00Z	Passage psg-didache-14-1-3 from teaching-of-the-twelve-apostles directly treats proposition 'eucharist-fulfills-malachi-pure-offering'. The work's affirms is attested from its own text. Excerpt: 'On t
clm-didache-affirms-eucharist-malachi	approved	cascade-curator	2026-03-17T01:00:00Z	Evidence reviewed post-linking: work_affirms_proposition (teaching-of-the-twelve-apostles -> eucharist-fulfills-malachi-pure-offering), cert=attested. New supports link to passage psg-didache-14-1-3.
clm-didache-affirms-fasting	approved	cascade-curator	2026-03-16T15:00:00Z	Didache 8.1 explicitly mandates fasting: 'Your fasts should not be with the hypocrites. They fast on Monday and Thursday; you should fast on Wednesday and Friday.' Fasting is directly and explicitly prescribed.
clm-didache-affirms-ot-scripture	approved	cascade-curator	2026-03-16T20:00:00Z	Passage psg-didache-14-1-3 from teaching-of-the-twelve-apostles directly treats proposition 'old-testament-is-authoritative-scripture'. The work's affirms is attested from its own text. Excerpt: 'On t
clm-didache-affirms-ot-scripture	approved	cascade-curator	2026-03-17T04:00:00Z	Confidence calibrated: high->medium (certainty=probable, pred=work_affirms_proposition)
clm-didache-affirms-ot-scripture	reviewed	cascade-curator	2026-03-16T16:00:00Z	Passage psg-didache-14-1-3 from teaching-of-the-twelve-apostles supports but the excerpt does not use the exact language of 'old-testament-is-authoritative-scripture'. The proposition is conveyed through the overall context of this passage. Excerpt: 'On the Lord's Day come together, break bread, hold Eucharist after confessing transgressions so offe...'
clm-didache-affirms-repentance	approved	cascade-curator	2026-03-16T15:00:00Z	Didache 4.14 states 'you shall confess your offenses in church'; Did. 14.1 requires confession before the eucharist. Repentance and confession are explicitly required practices.
clm-didache-affirms-repentance	approved	cascade-curator	2026-03-17T04:00:00Z	Confidence calibrated: high->medium (certainty=probable, pred=work_affirms_proposition)
clm-didache-affirms-threefold	approved	cascade-curator	2026-03-16T20:00:00Z	Passage psg-didache-15-1-2 from teaching-of-the-twelve-apostles directly treats proposition 'threefold-ministry-required'. The work's affirms is attested from its own text. Excerpt: 'Appoint for yours
clm-didache-affirms-trinitarian-baptism	approved	cascade-curator	2026-03-16T15:00:00Z	Didache 7.1 explicitly prescribes baptism 'in the name of the Father and of the Son and of the Holy Spirit'. This is the earliest explicit prescriptive text for Trinitarian baptismal formula. Directly attested.
clm-didache-affirms-wednesday-friday-fast	approved	cascade-curator	2026-03-16T20:00:00Z	Passage psg-didache-8 from teaching-of-the-twelve-apostles directly treats proposition 'christians-fast-on-wednesday-and-friday'. The work's affirms is attested from its own text. Excerpt: 'Do not let
clm-didache-eucharist-sacrifice	approved	cascade-curator	2026-03-17T04:00:00Z	Confidence calibrated: high->medium (certainty=probable, pred=work_affirms_proposition)
clm-didache-eucharist-sunday	approved	cascade-curator	2026-03-16T22:30:00Z	QA-enhanced: work_affirms_proposition (teaching-of-the-twelve-apostles → eucharist-offered-on-sunday) cert=attested. Primary passage psg-didache-14-1-3: 'On the Lord's Day come together, break bread,
clm-didascalia-affirms-almsgiving	approved	cascade-curator	2026-03-16T20:00:00Z	Passage psg-didascalia-12-21 from didascalia-apostolorum directly treats proposition 'almsgiving-is-required'. The work's affirms is attested from its own text. Excerpt: 'Paraphrase: Concerning fastin
clm-didascalia-affirms-almsgiving	approved	cascade-curator	2026-03-17T04:00:00Z	Confidence calibrated: high->medium (certainty=probable, pred=work_affirms_proposition)
clm-didascalia-affirms-almsgiving	reviewed	cascade-curator	2026-03-16T16:00:00Z	Only contextualizing evidence for didascalia-apostolorum work_affirms_proposition almsgiving-is-required. Passage psg-didascalia-12-21: 'Paraphrase: Concerning fasting, Christians should fast during the days of the Passion; the proper pl...' A more directly relevant passage would strengthen this claim.
clm-didascalia-affirms-baptism-regeneration	approved	cascade-curator	2026-03-16T20:00:00Z	Passage psg-didascalia-9-16 from didascalia-apostolorum directly treats proposition 'baptism-effects-regeneration'. The work's affirms is attested from its own text. Excerpt: 'Paraphrase: Before bapti
clm-didascalia-affirms-baptism-regeneration	approved	cascade-curator	2026-03-17T04:00:00Z	Confidence calibrated: high->medium (certainty=probable, pred=work_affirms_proposition)
clm-didascalia-affirms-baptism-regeneration	reviewed	cascade-curator	2026-03-16T16:00:00Z	Passage psg-didascalia-9-16 from didascalia-apostolorum supports but the excerpt does not use the exact language of 'baptism-effects-regeneration'. The proposition is conveyed through the overall context of this passage. Excerpt: 'Paraphrase: Before baptism, the catechumen is anointed with oil by the laying on of hands by the bis...'
clm-didascalia-affirms-baptismal-anointing	approved	cascade-curator	2026-03-16T16:00:00Z	Passage psg-didascalia-9-16 from didascalia-apostolorum directly addresses the proposition 'baptismal-anointing-with-oil'. Excerpt: 'Paraphrase: Before baptism, the catechumen is anointed with oil by the laying on of hands by the bishop; after anointing the convert is bapt...' The work's affirms of this proposition is directly attested.
clm-didascalia-affirms-bishop-eucharist	approved	cascade-curator	2026-03-16T20:00:00Z	Passage psg-didascalia-2-4 from didascalia-apostolorum directly treats proposition 'bishop-authority-over-eucharist'. The work's affirms is attested from its own text. Excerpt: 'Paraphrase: The bishop
clm-didascalia-affirms-bishop-eucharist	reviewed	cascade-curator	2026-03-16T16:00:00Z	Passage psg-didascalia-2-4 from didascalia-apostolorum supports but the excerpt does not use the exact language of 'bishop-authority-over-eucharist'. The proposition is conveyed through the overall context of this passage. Excerpt: 'Paraphrase: The bishop must be blameless, a shepherd who feeds the flock with the word of God; he ju...'
clm-didascalia-affirms-bishops-govern	approved	cascade-curator	2026-03-16T20:00:00Z	Passage psg-didascalia-2-4 from didascalia-apostolorum directly treats proposition 'bishops-govern-local-church'. The work's affirms is attested from its own text. Excerpt: 'Paraphrase: The bishop mus
clm-didascalia-affirms-bishops-govern	reviewed	cascade-curator	2026-03-16T16:00:00Z	Passage psg-didascalia-2-4 from didascalia-apostolorum supports but the excerpt does not use the exact language of 'bishops-govern-local-church'. The proposition is conveyed through the overall context of this passage. Excerpt: 'Paraphrase: The bishop must be blameless, a shepherd who feeds the flock with the word of God; he ju...'
clm-didascalia-affirms-catechumenate	approved	cascade-curator	2026-03-16T16:00:00Z	Passage psg-didascalia-9-16 from didascalia-apostolorum directly addresses the proposition 'catechumenate-precedes-baptism'. Excerpt: 'Paraphrase: Before baptism, the catechumen is anointed with oil by the laying on of hands by the bishop; after anointing the convert is bapt...' The work's affirms of this proposition is directly attested.
clm-didascalia-affirms-eucharist-sacrifice	approved	cascade-curator	2026-03-16T20:00:00Z	Passage psg-didascalia-12-21 from didascalia-apostolorum directly treats proposition 'eucharist-is-sacrifice'. The work's affirms is attested from its own text. Excerpt: 'Paraphrase: Concerning fastin
clm-didascalia-affirms-eucharist-sacrifice	approved	cascade-curator	2026-03-17T04:00:00Z	Confidence calibrated: high->medium (certainty=probable, pred=work_affirms_proposition)
clm-didascalia-affirms-eucharist-sacrifice	reviewed	cascade-curator	2026-03-16T16:00:00Z	Only contextualizing evidence for didascalia-apostolorum work_affirms_proposition eucharist-is-sacrifice. Passage psg-didascalia-12-21: 'Paraphrase: Concerning fasting, Christians should fast during the days of the Passion; the proper pl...' A more directly relevant passage would strengthen this claim.
clm-didascalia-affirms-eucharist-sunday	approved	cascade-curator	2026-03-16T20:00:00Z	Passage psg-didascalia-12-21 from didascalia-apostolorum directly treats proposition 'eucharist-offered-on-sunday'. The work's affirms is attested from its own text. Excerpt: 'Paraphrase: Concerning f
clm-didascalia-affirms-eucharist-sunday	reviewed	cascade-curator	2026-03-16T16:00:00Z	Passage psg-didascalia-12-21 from didascalia-apostolorum supports but the excerpt does not use the exact language of 'eucharist-offered-on-sunday'. The proposition is conveyed through the overall context of this passage. Excerpt: 'Paraphrase: Concerning fasting, Christians should fast during the days of the Passion; the proper pl...'
clm-didascalia-affirms-fasting	approved	cascade-curator	2026-03-16T16:00:00Z	Passage psg-didascalia-12-21 from didascalia-apostolorum directly addresses the proposition 'fasting-is-required'. Excerpt: 'Paraphrase: Concerning fasting, Christians should fast during the days of the Passion; the proper place in the church-building is prescribed...' The work's affirms of this proposition is directly attested.
clm-didascalia-affirms-ordination	approved	cascade-curator	2026-03-16T20:00:00Z	Passage psg-didascalia-14-16 from didascalia-apostolorum directly treats proposition 'ordination-conferred-by-laying-on-of-hands'. The work's affirms is attested from its own text. Excerpt: 'Paraphras
clm-didascalia-affirms-ordination	approved	cascade-curator	2026-03-17T04:00:00Z	Confidence calibrated: high->medium (certainty=probable, pred=work_affirms_proposition)
clm-didascalia-affirms-ordination	reviewed	cascade-curator	2026-03-16T16:00:00Z	Only contextualizing evidence for didascalia-apostolorum work_affirms_proposition ordination-conferred-by-laying-on-of-hands. Passage psg-didascalia-14-16: 'Paraphrase: Rules about deacons and deaconesses and widows; deaconesses are appointed for the minist...' A more directly relevant passage would strengthen this claim.
clm-didascalia-affirms-ot-authority	approved	cascade-curator	2026-03-16T20:00:00Z	Passage psg-didascalia-12-21 from didascalia-apostolorum directly treats proposition 'old-testament-is-authoritative-scripture'. The work's affirms is attested from its own text. Excerpt: 'Paraphrase:
clm-didascalia-affirms-ot-authority	approved	cascade-curator	2026-03-17T04:00:00Z	Confidence calibrated: high->medium (certainty=probable, pred=work_affirms_proposition)
clm-didascalia-affirms-ot-authority	reviewed	cascade-curator	2026-03-16T16:00:00Z	Only contextualizing evidence for didascalia-apostolorum work_affirms_proposition old-testament-is-authoritative-scripture. Passage psg-didascalia-12-21: 'Paraphrase: Concerning fasting, Christians should fast during the days of the Passion; the proper pl...' A more directly relevant passage would strengthen this claim.
clm-didascalia-affirms-penance	approved	cascade-curator	2026-03-16T16:00:00Z	Passage psg-didascalia-6-7 from didascalia-apostolorum directly addresses the proposition 'post-baptismal-sin-forgiven-by-penance'. Excerpt: 'Paraphrase: Even great sinners, upon repentance, are to be received with kindness; no sins are excepted; the canonical penance is to be of t...' The work's affirms of this proposition is directly attested.
clm-didascalia-affirms-repentance	approved	cascade-curator	2026-03-16T16:00:00Z	Passage psg-didascalia-6-7 from didascalia-apostolorum directly addresses the proposition 'repentance-is-required'. Excerpt: 'Paraphrase: Even great sinners, upon repentance, are to be received with kindness; no sins are excepted; the canonical penance is to be of t...' The work's affirms of this proposition is directly attested.
clm-didascalia-affirms-resurrection	approved	cascade-curator	2026-03-16T20:00:00Z	Passage psg-didascalia-12-21 from didascalia-apostolorum directly treats proposition 'bodies-will-be-raised-at-last-day'. The work's affirms is attested from its own text. Excerpt: 'Paraphrase: Concer
clm-didascalia-affirms-resurrection	approved	cascade-curator	2026-03-17T04:00:00Z	Confidence calibrated: high->medium (certainty=probable, pred=work_affirms_proposition)
clm-didascalia-affirms-resurrection	reviewed	cascade-curator	2026-03-16T16:00:00Z	Only contextualizing evidence for didascalia-apostolorum work_affirms_proposition bodies-will-be-raised-at-last-day. Passage psg-didascalia-12-21: 'Paraphrase: Concerning fasting, Christians should fast during the days of the Passion; the proper pl...' A more directly relevant passage would strengthen this claim.
clm-didascalia-affirms-spectacles	approved	cascade-curator	2026-03-16T20:00:00Z	Passage psg-didascalia-12-21 from didascalia-apostolorum directly treats proposition 'christians-avoid-public-spectacles'. The work's affirms is attested from its own text. Excerpt: 'Paraphrase: Conce
clm-didascalia-affirms-spectacles	approved	cascade-curator	2026-03-17T04:00:00Z	Confidence calibrated: high->medium (certainty=probable, pred=work_affirms_proposition)
clm-didascalia-affirms-spectacles	reviewed	cascade-curator	2026-03-16T16:00:00Z	Only contextualizing evidence for didascalia-apostolorum work_affirms_proposition christians-avoid-public-spectacles. Passage psg-didascalia-12-21: 'Paraphrase: Concerning fasting, Christians should fast during the days of the Passion; the proper pl...' A more directly relevant passage would strengthen this claim.
clm-didascalia-affirms-threefold-ministry	approved	cascade-curator	2026-03-16T20:00:00Z	Passage psg-didascalia-2-4 from didascalia-apostolorum directly treats proposition 'threefold-ministry-required'. The work's affirms is attested from its own text. Excerpt: 'Paraphrase: The bishop mus
clm-didascalia-affirms-threefold-ministry	reviewed	cascade-curator	2026-03-16T16:00:00Z	Passage psg-didascalia-2-4 from didascalia-apostolorum supports but the excerpt does not use the exact language of 'threefold-ministry-required'. The proposition is conveyed through the overall context of this passage. Excerpt: 'Paraphrase: The bishop must be blameless, a shepherd who feeds the flock with the word of God; he ju...'
clm-didascalia-affirms-trinitarian-baptism	approved	cascade-curator	2026-03-16T16:00:00Z	Passage psg-didascalia-9-16 from didascalia-apostolorum directly addresses the proposition 'baptism-administered-in-trinitarian-name'. Excerpt: 'Paraphrase: Before baptism, the catechumen is anointed with oil by the laying on of hands by the bishop; after anointing the convert is bapt...' The work's affirms of this proposition is directly attested.
clm-didascalia-affirms-virginity	approved	cascade-curator	2026-03-16T20:00:00Z	Passage psg-didascalia-14-16 from didascalia-apostolorum directly treats proposition 'virginity-is-honored-calling'. The work's affirms is attested from its own text. Excerpt: 'Paraphrase: Rules about
clm-didascalia-affirms-virginity	approved	cascade-curator	2026-03-17T04:00:00Z	Confidence calibrated: high->medium (certainty=probable, pred=work_affirms_proposition)
clm-didascalia-affirms-virginity	reviewed	cascade-curator	2026-03-16T16:00:00Z	Only contextualizing evidence for didascalia-apostolorum work_affirms_proposition virginity-is-honored-calling. Passage psg-didascalia-14-16: 'Paraphrase: Rules about deacons and deaconesses and widows; deaconesses are appointed for the minist...' A more directly relevant passage would strengthen this claim.
clm-didascalia-written-syria	approved	cascade-curator	2026-03-16T20:30:00Z	didascalia-apostolorum written at edessa: passage psg-didascalia-12-21 supports the place attribution (biographical or internal evidence). Excerpt: 'Paraphrase: Concerning fasting, Christians should f
clm-didascalia-written-syria	approved	cascade-curator	2026-03-17T04:00:00Z	Confidence calibrated: medium->low (certainty=possible, pred=written_at)
clm-didascalia-written-syria	reviewed	cascade-curator	2026-03-16T16:00:00Z	Only contextualizing evidence for didascalia-apostolorum written_at edessa. Provenance relies on biographical tradition rather than internal textual evidence. Excerpt: 'Paraphrase: Concerning fasting, Christians should fast during the days of the Passion; the proper pl...'
clm-didascalia-written-syria	reviewed	cascade-curator	2026-03-16T20:00:00Z	didascalia-apostolorum written at edessa: biographical consensus supported by passage psg-didascalia-12-21. No explicit internal naming of edessa. Excerpt: 'Paraphrase: Concerning fasting, Christians
clm-diognetus-affirms-logos	approved	cascade-curator	2026-03-16T20:00:00Z	Passage psg-diognetus-7 from letter-to-diognetus directly treats proposition 'logos-is-pre-existent-son-of-god'. The work's affirms is attested from its own text. Excerpt: 'He sent the very Creator an
clm-diognetus-affirms-logos	approved	cascade-curator	2026-03-17T01:00:00Z	Evidence reviewed post-linking: work_affirms_proposition (letter-to-diognetus -> logos-is-pre-existent-son-of-god), cert=probable. New supports link to passage psg-diognetus-7. Excerpt: 'He sent the v
clm-diognetus-affirms-logos	approved	cascade-curator	2026-03-17T04:00:00Z	Confidence calibrated: high->medium (certainty=probable, pred=work_affirms_proposition)
clm-dionysius-active-athens	approved	cascade-curator	2026-03-16T20:00:00Z	Passage psg-acts-17-34 explicitly places dionysius in athens. Excerpt: 'Paraphrase: Dionysius the Areopagite, a woman named Damaris, and others join Paul and believe in Athens.'
clm-dionysius-alex-active-rome-exile	approved	cascade-curator	2026-03-16T20:00:00Z	Passage psg-eusebius-he-6-43 explicitly places dionysius-of-alexandria in rome. Excerpt: 'Paraphrase: Eusebius preserves a letter of Cornelius of Rome describing Novatian's ordination irregularity: th
clm-dionysius-alex-active-rome-exile	approved	cascade-curator	2026-03-17T04:00:00Z	Confidence calibrated: high->medium (certainty=probable, pred=active_in)
clm-dionysius-alex-affirms-penance	approved	cascade-curator	2026-03-17T12:30:00Z	Upgraded reviewed→approved: probable certainty with direct supports evidence. Confidence set to medium.
clm-dionysius-alex-affirms-penance	reviewed	cascade-curator	2026-03-16T22:30:00Z	QA-full: person_affirms_proposition (dionysius-of-alexandria → post-baptismal-sin-forgiven-by-penance) cert=probable: no supports evidence; downgraded approved/high → reviewed/medium.
clm-dionysius-alex-affirms-penance	reviewed	cascade-curator	2026-03-16T23:00:00Z	"Reviewed (contextual): dionysius-of-alexandria person_affirms_proposition 'post-baptismal-sin-forgiven-by-penance'. Certainty probable. Passage psg-eusebius-he-6-43: ""Paraphrase: Eusebius preserves a"
clm-dionysius-alex-affirms-succession	approved	cascade-curator	2026-03-17T12:30:00Z	Upgraded reviewed→approved: probable certainty with direct supports evidence. Confidence set to medium.
clm-dionysius-alex-affirms-succession	reviewed	cascade-curator	2026-03-16T22:30:00Z	QA-full: person_affirms_proposition (dionysius-of-alexandria → apostolic-succession-transmits-faith) cert=probable: no supports evidence; downgraded approved/high → reviewed/medium.
clm-dionysius-alex-affirms-succession	reviewed	cascade-curator	2026-03-16T23:00:00Z	"Reviewed (contextual): dionysius-of-alexandria person_affirms_proposition 'apostolic-succession-transmits-faith'. Certainty probable. Passage psg-eusebius-he-6-43: ""Paraphrase: Eusebius preserves a le"
clm-dionysius-alex-affirms-trinity	approved	cascade-curator	2026-03-17T04:00:00Z	Confidence calibrated: high->medium (certainty=probable, pred=person_affirms_proposition)
clm-dionysius-alex-bishop-of-alexandria	approved	cascade-curator	2026-03-16T16:00:00Z	Passage psg-eusebius-he-6-3 directly attests dionysius-of-alexandria as bishop of alexandria: 'Paraphrase: Origen, while still very young, succeeded Clement as head of the Catechetical School in Alexandria; so many ...'
clm-dionysius-alex-coworker-cyprian	approved	cascade-curator	2026-03-16T16:00:00Z	Passage psg-eusebius-he-7-5 directly names both cyprian-of-carthage and dionysius-of-alexandria working together: 'Paraphrase: Eusebius notes that Firmilian of Caesarea in Cappadocia strongly supported Cyprian's position and wrote a sh...'
clm-dionysius-alex-coworker-cyprian	approved	cascade-curator	2026-03-17T04:00:00Z	Confidence calibrated: high->medium (certainty=probable, pred=coworker_of)
clm-dionysius-alex-coworker-origen	approved	cascade-curator	2026-03-17T04:00:00Z	Confidence calibrated: high->medium (certainty=probable, pred=coworker_of)
clm-dionysius-alex-in-decian	approved	cascade-curator	2026-03-17T04:00:00Z	Confidence calibrated: high->medium (certainty=probable, pred=participant_in)
clm-dionysius-alex-in-novatian-schism	approved	cascade-curator	2026-03-16T16:00:00Z	Passage psg-eusebius-he-7-5 directly names dionysius-of-alexandria as a participant in novatian-schism: 'Paraphrase: Eusebius notes that Firmilian of Caesarea in Cappadocia strongly supported Cyprian's position and wrote a sh...' Claim is directly attested.
clm-dionysius-alex-in-novatian-schism	approved	cascade-curator	2026-03-17T04:00:00Z	Confidence calibrated: high->medium (certainty=probable, pred=participant_in)
clm-dionysius-alex-member-alexandrian	approved	cascade-curator	2026-03-16T20:00:00Z	Passage psg-eusebius-he-6-3 explicitly names dionysius-of-alexandria as member of alexandrian-church. Excerpt: 'Paraphrase: Origen, while still very young, succeeded Clement as head of the Catechetica
clm-dionysius-alex-member-alexandrian	reviewed	cascade-curator	2026-03-16T16:00:00Z	Evidence supports dionysius-of-alexandria member_of_group alexandrian-church but excerpt does not explicitly name both entities. Excerpt: 'Paraphrase: Origen, while still very young, succeeded Clement as head of the Catechetical School in ...'
clm-dionysius-corinth-affirms-apostolic-succession	approved	cascade-curator	2026-03-16T22:30:00Z	QA-enhanced: person_affirms_proposition (dionysius-of-corinth → apostolic-succession-transmits-faith) cert=attested. Primary passage psg-eusebius-he-4-23-6-7: 'In the same epistle Dionysius speaks of
clm-dionysius-corinth-bishop-corinth	approved	cascade-curator	2026-03-16T22:30:00Z	QA-enhanced: bishop_of (dionysius-of-corinth → corinth) cert=attested. Primary passage psg-eusebius-he-4-23-1-5: 'There is extant also another epistle of Dionysius, bishop of Corinth, written to the R
clm-dionysius-disciple	approved	cascade-curator	2026-03-16T20:00:00Z	Passage psg-acts-17-32-34 explicitly names dionysius as member of disciples-of-jesus. Excerpt: 'Paraphrase: Some mocked Paul's resurrection message in Athens, but others joined him and believed, inclu
clm-disciples-at-antioch	approved	cascade-curator	2026-03-16T20:00:00Z	Passage psg-acts-11-25-26 explicitly places disciples-of-jesus at antioch. Excerpt: 'Paraphrase: Barnabas brings Saul to Antioch, where they teach with the church and the disciples are first called Ch
clm-disciples-at-colossae	approved	cascade-curator	2026-03-17T12:30:00Z	Upgraded reviewed→approved: probable certainty with direct supports evidence. Confidence set to medium.
clm-disciples-at-colossae	reviewed	cascade-curator	2026-03-16T20:30:00Z	Claim clm-disciples-at-colossae (group_present_at: disciples-of-jesus → colossae) has only contextualizing evidence. Certainty probable is appropriate given indirect support.
clm-disciples-at-colossae	reviewed	cascade-curator	2026-03-16T23:00:00Z	Reviewed (contextual): disciples-of-jesus group_present_at colossae. Certainty probable. Passage psg-col-4-13-16: '...those at Laodicea and those at Hierapolis... and tell Archippus... and the letter
clm-disciples-at-corinth	approved	cascade-curator	2026-03-16T20:00:00Z	Passage psg-acts-18-1-11 explicitly places disciples-of-jesus at corinth. Excerpt: 'Paraphrase: Paul ministers in Corinth with companions and a new community takes shape there.'
clm-disciples-at-damascus	approved	cascade-curator	2026-03-16T20:00:00Z	Passage psg-acts-9-1-19 explicitly places disciples-of-jesus at damascus. Excerpt: 'Paraphrase: Saul encounter on the way to Damascus leads to his reversal, healing, and baptism.'
clm-disciples-at-jerusalem-early	approved	cascade-curator	2026-03-16T20:00:00Z	Passage psg-acts-1-13-14 explicitly places disciples-of-jesus at jerusalem. Excerpt: 'Paraphrase: The apostles, the women, and Mary the mother of Jesus are gathered in Jerusalem.'
clm-disciples-at-laodicea	approved	cascade-curator	2026-03-16T20:00:00Z	Passage psg-rev-3-14-22 explicitly places disciples-of-jesus at laodicea. Excerpt: 'To the angel of the church in Laodicea write...'
clm-disciples-at-laodicea	approved	cascade-curator	2026-03-17T04:00:00Z	Confidence calibrated: high->medium (certainty=probable, pred=group_present_at)
clm-disciples-at-lydda	approved	cascade-curator	2026-03-16T20:00:00Z	Passage psg-acts-9-32-35 explicitly places disciples-of-jesus at lydda. Excerpt: 'Paraphrase: In Lydda, Peter finds Aeneas bedridden for years and declares Jesus Christ has healed him.'
clm-disciples-at-lydda	approved	cascade-curator	2026-03-17T04:00:00Z	Confidence calibrated: high->medium (certainty=probable, pred=group_present_at)
clm-disciples-at-malta	approved	cascade-curator	2026-03-16T20:00:00Z	Passage psg-acts-28-1-14 explicitly places disciples-of-jesus at malta. Excerpt: 'Paraphrase: Paul is received on Malta and then sails onward by way of Syracuse, Rhegium, and Puteoli toward Rome.'
clm-disciples-at-malta	approved	cascade-curator	2026-03-17T04:00:00Z	Confidence calibrated: high->medium (certainty=probable, pred=group_present_at)
clm-disciples-at-philippi	approved	cascade-curator	2026-03-16T20:00:00Z	Passage psg-acts-16-11-15 explicitly places disciples-of-jesus at philippi. Excerpt: 'Paraphrase: The mission arrives at Philippi, a Roman colony, and Lydia responds in faith and hospitality.'
clm-disciples-at-sidon	approved	cascade-curator	2026-03-16T20:00:00Z	Passage psg-acts-27-3-12 explicitly places disciples-of-jesus at sidon. Excerpt: 'Paraphrase: Paul voyage under guard touches Sidon, passes Cnidus, and reaches Fair Havens while debate continues about
clm-disciples-at-sidon	approved	cascade-curator	2026-03-17T04:00:00Z	Confidence calibrated: high->medium (certainty=probable, pred=group_present_at)
clm-disciples-at-thessalonica	approved	cascade-curator	2026-03-16T20:00:00Z	Passage psg-acts-17-1-9 explicitly places disciples-of-jesus at thessalonica. Excerpt: 'Paraphrase: Paul and Silas proclaim in Thessalonica and some are persuaded, forming a new believing community.'
clm-docetists-at-antioch	approved	cascade-curator	2026-03-16T20:00:00Z	Passage psg-ignatius-smyrn-7 explicitly places docetists at antioch. Excerpt: 'They abstain from Eucharist and prayer because they confess not the Eucharist to be the flesh of our Saviour Jesus Chris'
clm-docetists-at-antioch	approved	cascade-curator	2026-03-17T04:00:00Z	Confidence calibrated: high->medium (certainty=probable, pred=group_present_at)
clm-docetists-at-asia	approved	cascade-curator	2026-03-16T20:00:00Z	Passage psg-wikipedia-gnostic-spread explicitly places docetists at asia. Excerpt: 'Gnostic movements including Valentinianism and Docetism were present across the Roman Empire, with significant cente
clm-docetists-at-asia	approved	cascade-curator	2026-03-17T04:00:00Z	Confidence calibrated: high->medium (certainty=probable, pred=group_present_at)
clm-docetists-at-ephesus	approved	cascade-curator	2026-03-16T20:00:00Z	Passage psg-ignatius-eph-13 explicitly places docetists at ephesus. Excerpt: 'Take heed, then, often to come together to give thanks to God and show forth His praise. For when you assemble frequentl'
clm-docetists-at-ephesus	approved	cascade-curator	2026-03-17T04:00:00Z	Confidence calibrated: high->medium (certainty=probable, pred=group_present_at)
clm-docetists-at-phrygia	approved	cascade-curator	2026-03-17T12:30:00Z	Upgraded reviewed→approved: probable certainty with direct supports evidence. Confidence set to medium.
clm-docetists-at-phrygia	reviewed	cascade-curator	2026-03-16T20:30:00Z	Claim clm-docetists-at-phrygia (group_present_at: docetists → phrygia) has only contextualizing evidence. Certainty probable is appropriate given indirect support.
clm-docetists-at-phrygia	reviewed	cascade-curator	2026-03-16T23:00:00Z	Reviewed (contextual): docetists group_present_at phrygia. Certainty probable. Passage psg-wikipedia-gnostic-spread: 'Gnostic movements including Valentinianism and Docetism were present across the Ro
clm-docetists-at-rome	approved	cascade-curator	2026-03-17T12:30:00Z	Upgraded reviewed→approved: probable certainty with direct supports evidence. Confidence set to medium.
clm-docetists-at-rome	reviewed	cascade-curator	2026-03-16T20:30:00Z	Claim clm-docetists-at-rome (group_present_at: docetists → rome) has only contextualizing evidence. Certainty probable is appropriate given indirect support.
clm-docetists-at-rome	reviewed	cascade-curator	2026-03-16T23:00:00Z	Reviewed (contextual): docetists group_present_at rome. Certainty probable. Passage psg-ignatius-smyrn-1: 'Paraphrase: Ignatius confesses that Christ was truly of the seed of David, truly born of a vi
clm-docetists-schismed-from-antioch	approved	cascade-curator	2026-03-17T04:00:00Z	Confidence calibrated: high->medium (certainty=probable, pred=group_schismed_from)
clm-domitian-persecution-at-rome	approved	cascade-curator	2026-03-16T20:30:00Z	Strong support: domitian-persecution at rome. Passage psg-eusebius-he-3-39: 'Paraphrase: Eusebius introduces Papias as bishop of Hierapolis and author of five books of Dominical Oracles; he quotes Pap
clm-domitian-persecution-at-rome	reviewed	cascade-curator	2026-03-16T20:00:00Z	Contextual evidence for domitian-persecution at rome. Passage psg-eusebius-he-3-39: 'Paraphrase: Eusebius introduces Papias as bishop of Hierapolis and author of fiv'
clm-domitian-persecution-year	approved	cascade-curator	2026-03-16T20:30:00Z	Year for domitian-persecution: – CE well-supported by passage psg-eusebius-he-3-17. Certainty probable. Excerpt: 'Domitian having exercised his cruelty against many... gave orders that the descendants
clm-domitian-persecution-year	reviewed	cascade-curator	2026-03-16T12:00:00Z	Eusebius HE 3.17 reports Domitian's persecution; the date is tied to Domitian's reign (81-96 CE). The specific year 95 CE for Christian persecution is traditional but some scholars place it earlier. Evidence is medium confidence.
clm-domitian-persecution-year	reviewed	cascade-curator	2026-03-16T20:00:00Z	Year for domitian-persecution supported by passage psg-eusebius-he-3-17. Excerpt: 'Domitian having exercised his cruelty against many... gave orders that the descendants of David shou'
clm-drusilla-active-caesarea	approved	cascade-curator	2026-03-16T20:00:00Z	Passage psg-acts-24-24-27 explicitly places drusilla in caesarea. Excerpt: 'Paraphrase: Felix comes with Drusilla in Caesarea, hears Paul about faith in Christ, and keeps him in custody hoping for'
clm-dura-church-at-dura	approved	cascade-curator	2026-03-17T16:00:00Z	
clm-dura-church-at-dura	reviewed	cascade-curator	2026-03-16T16:00:00Z	Only contextualizing evidence for dura-europos-church-construction at dura-europos. Excerpt: 'Early centers of Christianity included Jerusalem, Antioch, Alexandria, Rome, Carthage, and Edessa. C...'
clm-dura-church-at-dura	reviewed	cascade-curator	2026-03-16T20:30:00Z	Claim clm-dura-church-at-dura (event_occurs_at: dura-europos-church-construction → dura-europos) has only contextualizing evidence. Certainty probable is appropriate given indirect support.
clm-dura-church-at-dura	reviewed	cascade-curator	2026-03-16T23:00:00Z	Reviewed (contextual): event_occurs_at (dura-europos-church-construction → dura-europos). Certainty probable. Passage psg-wikipedia-early-church-geography: 'Early centers of Christianity included Jeru
clm-dura-church-construction-year	approved	cascade-curator	2026-03-17T16:00:00Z	
clm-dura-church-year	approved	cascade-curator	2026-03-16T20:00:00Z	Passage psg-wikipedia-early-church-geography explicitly attests the year for dura-europos-church-construction. Excerpt: 'Early centers of Christianity included Jerusalem, Antioch, Alexandria, Rome, Ca
clm-dura-church-year	reviewed	cascade-curator	2026-03-16T16:00:00Z	Year claim for dura-europos-church-construction (-) supported only by contextualizing evidence. Passage psg-wikipedia-early-church-geography: 'Early centers of Christianity included Jerusalem, Antioch, Alexandria, Rome, Carthage, and Edessa. C...' Needs direct date attestation.
clm-ebionites-at-antioch	approved	cascade-curator	2026-03-17T12:30:00Z	Upgraded reviewed→approved: probable certainty with direct supports evidence. Confidence set to medium.
clm-ebionites-at-antioch	reviewed	cascade-curator	2026-03-16T20:30:00Z	Claim clm-ebionites-at-antioch (group_present_at: ebionites → antioch) has only contextualizing evidence. Certainty probable is appropriate given indirect support.
clm-ebionites-at-antioch	reviewed	cascade-curator	2026-03-16T23:00:00Z	Reviewed (contextual): ebionites group_present_at antioch. Certainty probable. Passage psg-irenaeus-ah-1-26-1: 'A certain Cerinthus in Asia taught that the world was not made by the primary God, but b
clm-ebionites-at-egypt	approved	cascade-curator	2026-03-17T12:30:00Z	Upgraded reviewed→approved: probable certainty with direct supports evidence. Confidence set to medium.
clm-ebionites-at-egypt	reviewed	cascade-curator	2026-03-16T20:30:00Z	Claim clm-ebionites-at-egypt (group_present_at: ebionites → egypt) has only contextualizing evidence. Certainty probable is appropriate given indirect support.
clm-ebionites-at-egypt	reviewed	cascade-curator	2026-03-16T23:00:00Z	Reviewed (contextual): ebionites group_present_at egypt. Certainty probable. Passage psg-wikipedia-early-church-geography: 'Early centers of Christianity included Jerusalem, Antioch, Alexandria, Rome,
clm-ebionites-at-jerusalem	approved	cascade-curator	2026-03-16T20:00:00Z	Passage psg-eusebius-he-4-11 explicitly places ebionites at jerusalem. Excerpt: 'Under Hyginus, bishop of Rome, Cerdo arrived and taught that the God proclaimed by the law and prophets was not the Fat
clm-ebionites-at-jerusalem	approved	cascade-curator	2026-03-17T04:00:00Z	Confidence calibrated: high->medium (certainty=probable, pred=group_present_at)
clm-ebionites-at-judea	approved	cascade-curator	2026-03-16T20:00:00Z	Passage psg-wikipedia-early-christian-places explicitly places ebionites at judea. Excerpt: 'Christianity spread rapidly from Jerusalem through Judea, Samaria, Syria, Asia Minor, Greece, and Rome duri
clm-ebionites-at-judea	approved	cascade-curator	2026-03-17T01:00:00Z	Evidence reviewed post-linking: group_present_at (ebionites -> judea), cert=probable. New supports link to passage psg-irenaeus-ah-1-26-2. Excerpt: 'Those called Ebionites agree that the world was mad
clm-ebionites-at-judea	approved	cascade-curator	2026-03-17T04:00:00Z	Confidence calibrated: high->medium (certainty=probable, pred=group_present_at)
clm-ebionites-at-samaria	approved	cascade-curator	2026-03-16T20:00:00Z	Passage psg-irenaeus-ah-1-10-1 explicitly places ebionites at samaria. Excerpt: 'Paraphrase: The Church dispersed throughout the whole world received from the apostles this faith: in one God the Fathe
clm-ebionites-at-samaria	approved	cascade-curator	2026-03-17T04:00:00Z	Confidence calibrated: high->medium (certainty=probable, pred=group_present_at)
clm-ebionites-oppose-logos	approved	cascade-curator	2026-03-16T20:30:00Z	Third-party source (passage psg-acts-8-9-24) reports simon-magus as opposing 'logos-is-pre-existent-son-of-god'. Excerpt: 'Now for some time a man named Simon had practised sorcery in the city and ama
clm-ebionites-oppose-logos	approved	cascade-curator	2026-03-17T01:00:00Z	Evidence reviewed post-linking: person_opposes_proposition (simon-magus -> logos-is-pre-existent-son-of-god), cert=probable. New supports link to passage psg-acts-8-9-24. Excerpt: 'Now for some time a
clm-ebionites-oppose-logos	reviewed	cascade-curator	2026-03-16T20:00:00Z	Third-party attestation from passage psg-acts-8-9-24: simon-magus is reported as opposing 'logos-is-pre-existent-son-of-god'. Excerpt: 'Now for some time a man named Simon had practised sorcery in the
clm-ebionites-schismed-from-jerusalem	approved	cascade-curator	2026-03-17T04:00:00Z	Confidence calibrated: high->medium (certainty=probable, pred=group_schismed_from)
clm-edessa-church-at-edessa	approved	cascade-curator	2026-03-16T17:00:00Z	Passage psg-wikipedia-early-church-geography directly attests edessa-church present at edessa: 'Early centers of Christianity included Jerusalem, Antioch, Alexandria, Rome, Carthage, and Edessa. Communities spread to'
clm-edict-milan-year-313	approved	cascade-curator	2026-03-17T11:30:00Z	The Edict of Milan agreement was issued in 313 CE.
clm-eleutherus-bishop-rome	approved	cascade-curator	2026-03-17T04:00:00Z	Confidence calibrated: high->medium (certainty=probable, pred=bishop_of)
clm-eleutherus-member-roman-church	approved	cascade-curator	2026-03-17T04:00:00Z	Confidence calibrated: high->medium (certainty=probable, pred=member_of_group)
clm-embassy-by-athenagoras	approved	cascade-curator	2026-03-16T20:00:00Z	Passage psg-athenagoras-emb-4-6 is drawn from embassy-for-the-christians itself, directly confirming authorship. Excerpt: 'Paraphrase: God is uncreated and eternal, to be beheld by the understanding a
clm-embassy-by-athenagoras	approved	cascade-curator	2026-03-17T01:00:00Z	Evidence reviewed post-linking: authored_by (embassy-for-the-christians -> athenagoras-of-athens), cert=probable. New supports link to passage psg-athenagoras-emb-31-33. Excerpt: 'Paraphrase: Christia
clm-embassy-by-athenagoras	approved	cascade-curator	2026-03-17T03:30:00Z	Certainty upgraded from probable to attested: ancient sources explicitly name this author (athenagoras-of-athens for embassy-for-the-christians). Review confidence already high.
clm-ep64-affirms-baptism-regen	approved	cascade-curator	2026-03-16T20:00:00Z	Passage psg-cyprian-ep64-5 from epistula-64-cyprian directly treats proposition 'baptism-effects-regeneration'. The work's affirms is attested from its own text. Excerpt: 'Paraphrase: For if even to t
clm-ep64-affirms-baptism-regen	reviewed	cascade-curator	2026-03-16T16:00:00Z	Passage psg-cyprian-ep64-5 from epistula-64-cyprian supports but the excerpt does not use the exact language of 'baptism-effects-regeneration'. The proposition is conveyed through the overall context of this passage. Excerpt: 'Paraphrase: For if even to the greatest sinners, and to those who had sinned much against God, when ...'
clm-ep64-affirms-baptism-water	approved	cascade-curator	2026-03-16T20:00:00Z	Passage psg-cyprian-ep64-2 from epistula-64-cyprian directly treats proposition 'baptism-with-water-commanded'. The work's affirms is attested from its own text. Excerpt: 'Paraphrase: But in respect o
clm-ep64-affirms-baptism-water	reviewed	cascade-curator	2026-03-16T16:00:00Z	Passage psg-cyprian-ep64-2 from epistula-64-cyprian supports but the excerpt does not use the exact language of 'baptism-with-water-commanded'. The proposition is conveyed through the overall context of this passage. Excerpt: 'Paraphrase: But in respect of the case of infants, which you say ought not to be baptized within the...'
clm-ep64-affirms-baptismal-anointing	approved	cascade-curator	2026-03-16T20:00:00Z	Passage psg-cyprian-ep64-2 from epistula-64-cyprian directly treats proposition 'baptismal-anointing-with-oil'. The work's affirms is attested from its own text. Excerpt: 'Paraphrase: But in respect o
clm-ep64-affirms-baptismal-anointing	approved	cascade-curator	2026-03-17T04:00:00Z	Confidence calibrated: high->medium (certainty=probable, pred=work_affirms_proposition)
clm-ep64-affirms-baptismal-anointing	reviewed	cascade-curator	2026-03-16T16:00:00Z	Only contextualizing evidence for epistula-64-cyprian work_affirms_proposition baptismal-anointing-with-oil. Passage psg-cyprian-ep64-2: 'Paraphrase: But in respect of the case of infants, which you say ought not to be baptized within the...' A more directly relevant passage would strengthen this claim.
clm-ep64-affirms-episcopal-unity	approved	cascade-curator	2026-03-16T20:00:00Z	Passage psg-cyprian-ep64-2 from epistula-64-cyprian directly treats proposition 'episcopal-unity-grounds-church-unity'. The work's affirms is attested from its own text. Excerpt: 'Paraphrase: But in r
clm-ep64-affirms-episcopal-unity	approved	cascade-curator	2026-03-17T04:00:00Z	Confidence calibrated: high->medium (certainty=probable, pred=work_affirms_proposition)
clm-ep64-affirms-episcopal-unity	reviewed	cascade-curator	2026-03-16T15:00:00Z	Ep. 64 is a synodal letter from a council of bishops, implicitly affirming episcopal unity as the context for its decisions. However, the passage psg-cyprian-ep64-2 focuses on baptismal timing, not episcopal unity itself. Strong inference for the episcopal unity proposition.
clm-ep64-affirms-infant-baptism	approved	cascade-curator	2026-03-16T15:00:00Z	Cyprian Ep. 64.2 explicitly affirms that infants should be baptized within the first two or three days after birth, arguing that divine grace should not be withheld from any age. This is the clearest early explicit affirmation of infant baptism in the Latin tradition.
clm-ep64-affirms-ordination-hands	approved	cascade-curator	2026-03-16T20:00:00Z	Passage psg-cyprian-ep64-2 from epistula-64-cyprian directly treats proposition 'ordination-conferred-by-laying-on-of-hands'. The work's affirms is attested from its own text. Excerpt: 'Paraphrase: Bu
clm-ep64-affirms-ordination-hands	approved	cascade-curator	2026-03-17T04:00:00Z	Confidence calibrated: high->medium (certainty=probable, pred=work_affirms_proposition)
clm-ep64-affirms-ordination-hands	reviewed	cascade-curator	2026-03-16T16:00:00Z	Only contextualizing evidence for epistula-64-cyprian work_affirms_proposition ordination-conferred-by-laying-on-of-hands. Passage psg-cyprian-ep64-2: 'Paraphrase: But in respect of the case of infants, which you say ought not to be baptized within the...' A more directly relevant passage would strengthen this claim.
clm-ep64-affirms-ot-authority	approved	cascade-curator	2026-03-16T20:00:00Z	Passage psg-cyprian-ep64-5 from epistula-64-cyprian directly treats proposition 'old-testament-is-authoritative-scripture'. The work's affirms is attested from its own text. Excerpt: 'Paraphrase: For
clm-ep64-affirms-ot-authority	approved	cascade-curator	2026-03-17T04:00:00Z	Confidence calibrated: high->medium (certainty=probable, pred=work_affirms_proposition)
clm-ep64-affirms-ot-authority	reviewed	cascade-curator	2026-03-16T16:00:00Z	Only contextualizing evidence for epistula-64-cyprian work_affirms_proposition old-testament-is-authoritative-scripture. Passage psg-cyprian-ep64-5: 'Paraphrase: For if even to the greatest sinners, and to those who had sinned much against God, when ...' A more directly relevant passage would strengthen this claim.
clm-ep64-affirms-penance	approved	cascade-curator	2026-03-16T20:00:00Z	Passage psg-cyprian-ep64-5 from epistula-64-cyprian directly treats proposition 'post-baptismal-sin-forgiven-by-penance'. The work's affirms is attested from its own text. Excerpt: 'Paraphrase: For if
clm-ep64-affirms-penance	approved	cascade-curator	2026-03-17T04:00:00Z	Confidence calibrated: high->medium (certainty=probable, pred=work_affirms_proposition)
clm-ep64-affirms-penance	reviewed	cascade-curator	2026-03-16T16:00:00Z	Only contextualizing evidence for epistula-64-cyprian work_affirms_proposition post-baptismal-sin-forgiven-by-penance. Passage psg-cyprian-ep64-5: 'Paraphrase: For if even to the greatest sinners, and to those who had sinned much against God, when ...' A more directly relevant passage would strengthen this claim.
clm-ep64-affirms-trinitarian-baptism	approved	cascade-curator	2026-03-16T20:00:00Z	Passage psg-cyprian-ep64-2 from epistula-64-cyprian directly treats proposition 'baptism-administered-in-trinitarian-name'. The work's affirms is attested from its own text. Excerpt: 'Paraphrase: But
clm-ep64-affirms-trinitarian-baptism	reviewed	cascade-curator	2026-03-16T16:00:00Z	Passage psg-cyprian-ep64-2 from epistula-64-cyprian supports but the excerpt does not use the exact language of 'baptism-administered-in-trinitarian-name'. The proposition is conveyed through the overall context of this passage. Excerpt: 'Paraphrase: But in respect of the case of infants, which you say ought not to be baptized within the...'
clm-ep64-by-cyprian	approved	cascade-curator	2026-03-16T15:00:00Z	Cyprian's Epistle 64 is authenticated by its position in the Cyprianic corpus and its consistent style. The letter collection's authenticity is universally accepted in patristics.
clm-ep64-mentions-catechumenate	approved	cascade-curator	2026-03-16T20:00:00Z	Passage psg-cyprian-ep64-5 from epistula-64-cyprian directly treats proposition 'infants-and-children-are-baptized'. The work's mentions is attested from its own text. Excerpt: 'Paraphrase: For if eve
clm-ep64-mentions-catechumenate	reviewed	cascade-curator	2026-03-16T16:00:00Z	Passage psg-cyprian-ep64-5 from epistula-64-cyprian supports but the excerpt does not use the exact language of 'infants-and-children-are-baptized'. The proposition is conveyed through the overall context of this passage. Excerpt: 'Paraphrase: For if even to the greatest sinners, and to those who had sinned much against God, when ...'
clm-ep64-written-carthage	approved	cascade-curator	2026-03-16T20:00:00Z	Passage psg-cyprian-ep64-2 directly names carthage as the composition place of epistula-64-cyprian. Excerpt: 'Paraphrase: But in respect of the case of infants, which you say ought not to be baptized
clm-ep64-written-carthage	reviewed	cascade-curator	2026-03-16T16:00:00Z	Evidence supports epistula-64-cyprian written_at carthage but carthage is not named in the excerpt. Biographical tradition supports this attribution. Excerpt: 'Paraphrase: But in respect of the case of infants, which you say ought not to be baptized within the...'
clm-ep73-affirms-apostolic-succession	approved	cascade-curator	2026-03-16T20:00:00Z	Passage psg-cyprian-ep73-11 from epistula-73-cyprian directly treats proposition 'apostolic-succession-transmits-faith'. The work's affirms is attested from its own text. Excerpt: 'Paraphrase: What th
clm-ep73-affirms-apostolic-succession	reviewed	cascade-curator	2026-03-16T16:00:00Z	Passage psg-cyprian-ep73-11 from epistula-73-cyprian supports but the excerpt does not use the exact language of 'apostolic-succession-transmits-faith'. The proposition is conveyed through the overall context of this passage. Excerpt: 'Paraphrase: What then shall we say of the tradition of certain persons who receive the baptism of he...'
clm-ep73-affirms-baptism-water	approved	cascade-curator	2026-03-16T20:00:00Z	Passage psg-cyprian-ep73-4 from epistula-73-cyprian directly treats proposition 'baptism-with-water-commanded'. The work's affirms is attested from its own text. Excerpt: 'Paraphrase: If baptism could
clm-ep73-affirms-baptism-water	reviewed	cascade-curator	2026-03-16T16:00:00Z	Passage psg-cyprian-ep73-4 from epistula-73-cyprian supports but the excerpt does not use the exact language of 'baptism-with-water-commanded'. The proposition is conveyed through the overall context of this passage. Excerpt: 'Paraphrase: If baptism could be given by heretics, they could also give the remission of sins. But s...'
clm-ep73-affirms-bishop-eucharist	approved	cascade-curator	2026-03-16T20:00:00Z	Passage psg-cyprian-ep73-4 from epistula-73-cyprian directly treats proposition 'bishop-authority-over-eucharist'. The work's mentions is attested from its own text. Excerpt: 'Paraphrase: If baptism c
clm-ep73-affirms-bishop-eucharist	approved	cascade-curator	2026-03-17T04:00:00Z	Confidence calibrated: high->medium (certainty=probable, pred=work_mentions_proposition)
clm-ep73-affirms-bishop-eucharist	reviewed	cascade-curator	2026-03-16T16:00:00Z	Only contextualizing evidence for epistula-73-cyprian work_mentions_proposition bishop-authority-over-eucharist. Passage psg-cyprian-ep73-4: 'Paraphrase: If baptism could be given by heretics, they could also give the remission of sins. But s...' A more directly relevant passage would strengthen this claim.
clm-ep73-affirms-episcopal-unity	approved	cascade-curator	2026-03-16T20:00:00Z	Passage psg-cyprian-ep73-11 from epistula-73-cyprian directly treats proposition 'episcopal-unity-grounds-church-unity'. The work's affirms is attested from its own text. Excerpt: 'Paraphrase: What th
clm-ep73-affirms-episcopal-unity	reviewed	cascade-curator	2026-03-16T16:00:00Z	Passage psg-cyprian-ep73-11 from epistula-73-cyprian supports but the excerpt does not use the exact language of 'episcopal-unity-grounds-church-unity'. The proposition is conveyed through the overall context of this passage. Excerpt: 'Paraphrase: What then shall we say of the tradition of certain persons who receive the baptism of he...'
clm-ep73-affirms-one-baptism	approved	cascade-curator	2026-03-16T20:00:00Z	Passage psg-cyprian-ep73-4 from epistula-73-cyprian directly treats proposition 'baptism-effects-regeneration'. The work's affirms is attested from its own text. Excerpt: 'Paraphrase: If baptism could
clm-ep73-affirms-one-baptism	reviewed	cascade-curator	2026-03-16T16:00:00Z	Passage psg-cyprian-ep73-4 from epistula-73-cyprian supports but the excerpt does not use the exact language of 'baptism-effects-regeneration'. The proposition is conveyed through the overall context of this passage. Excerpt: 'Paraphrase: If baptism could be given by heretics, they could also give the remission of sins. But s...'
clm-ep73-affirms-ot-authority	approved	cascade-curator	2026-03-16T20:00:00Z	Passage psg-cyprian-ep73-21 from epistula-73-cyprian directly treats proposition 'old-testament-is-authoritative-scripture'. The work's affirms is attested from its own text. Excerpt: 'Paraphrase: Nor
clm-ep73-affirms-ot-authority	approved	cascade-curator	2026-03-17T04:00:00Z	Confidence calibrated: high->medium (certainty=probable, pred=work_affirms_proposition)
clm-ep73-affirms-ot-authority	reviewed	cascade-curator	2026-03-16T16:00:00Z	Only contextualizing evidence for epistula-73-cyprian work_affirms_proposition old-testament-is-authoritative-scripture. Passage psg-cyprian-ep73-21: 'Paraphrase: Nor ought custom which had crept in among some to prevent the truth from prevailing and ...' A more directly relevant passage would strengthen this claim.
clm-ep73-affirms-penance	approved	cascade-curator	2026-03-16T20:00:00Z	Passage psg-cyprian-ep73-21 from epistula-73-cyprian directly treats proposition 'post-baptismal-sin-forgiven-by-penance'. The work's mentions is attested from its own text. Excerpt: 'Paraphrase: Nor
clm-ep73-affirms-penance	approved	cascade-curator	2026-03-17T04:00:00Z	Confidence calibrated: high->medium (certainty=probable, pred=work_mentions_proposition)
clm-ep73-affirms-penance	reviewed	cascade-curator	2026-03-16T16:00:00Z	Only contextualizing evidence for epistula-73-cyprian work_mentions_proposition post-baptismal-sin-forgiven-by-penance. Passage psg-cyprian-ep73-21: 'Paraphrase: Nor ought custom which had crept in among some to prevent the truth from prevailing and ...' A more directly relevant passage would strengthen this claim.
clm-ep73-affirms-rebaptism	approved	cascade-curator	2026-03-16T15:00:00Z	Cyprian Ep. 73 is entirely devoted to defending rebaptism of heretics; 73.11 explicitly states that heretics who come to the church must be baptized since their previous 'baptism' outside the church is invalid. Directly attested.
clm-ep73-affirms-rule-of-faith	approved	cascade-curator	2026-03-16T20:00:00Z	Passage psg-cyprian-ep73-21 from epistula-73-cyprian directly treats proposition 'rule-of-faith-received-from-apostles'. The work's affirms is attested from its own text. Excerpt: 'Paraphrase: Nor oug
clm-ep73-affirms-rule-of-faith	reviewed	cascade-curator	2026-03-16T16:00:00Z	Passage psg-cyprian-ep73-21 from epistula-73-cyprian supports but the excerpt does not use the exact language of 'rule-of-faith-received-from-apostles'. The proposition is conveyed through the overall context of this passage. Excerpt: 'Paraphrase: Nor ought custom which had crept in among some to prevent the truth from prevailing and ...'
clm-ep73-affirms-threefold-ministry	approved	cascade-curator	2026-03-16T20:00:00Z	Passage psg-cyprian-ep73-11 from epistula-73-cyprian directly treats proposition 'threefold-ministry-required'. The work's affirms is attested from its own text. Excerpt: 'Paraphrase: What then shall
clm-ep73-affirms-threefold-ministry	approved	cascade-curator	2026-03-17T04:00:00Z	Confidence calibrated: high->medium (certainty=probable, pred=work_affirms_proposition)
clm-ep73-affirms-threefold-ministry	reviewed	cascade-curator	2026-03-16T16:00:00Z	Only contextualizing evidence for epistula-73-cyprian work_affirms_proposition threefold-ministry-required. Passage psg-cyprian-ep73-11: 'Paraphrase: What then shall we say of the tradition of certain persons who receive the baptism of he...' A more directly relevant passage would strengthen this claim.
clm-ep73-affirms-trinitarian-baptism	approved	cascade-curator	2026-03-16T20:00:00Z	Passage psg-cyprian-ep73-4 from epistula-73-cyprian directly treats proposition 'baptism-administered-in-trinitarian-name'. The work's affirms is attested from its own text. Excerpt: 'Paraphrase: If b
clm-ep73-affirms-trinitarian-baptism	reviewed	cascade-curator	2026-03-16T16:00:00Z	Passage psg-cyprian-ep73-4 from epistula-73-cyprian supports but the excerpt does not use the exact language of 'baptism-administered-in-trinitarian-name'. The proposition is conveyed through the overall context of this passage. Excerpt: 'Paraphrase: If baptism could be given by heretics, they could also give the remission of sins. But s...'
clm-ep73-by-cyprian	approved	cascade-curator	2026-03-16T15:00:00Z	Cyprian's Epistle 73 is part of the authenticated Cyprianic letter corpus. Universally accepted.
clm-ep73-written-carthage	approved	cascade-curator	2026-03-16T20:00:00Z	Passage psg-cyprian-ep73-4 directly names carthage as the composition place of epistula-73-cyprian. Excerpt: 'Paraphrase: If baptism could be given by heretics, they could also give the remission of s
clm-ep73-written-carthage	reviewed	cascade-curator	2026-03-16T16:00:00Z	Evidence supports epistula-73-cyprian written_at carthage but carthage is not named in the excerpt. Biographical tradition supports this attribution. Excerpt: 'Paraphrase: If baptism could be given by heretics, they could also give the remission of sins. But s...'
clm-epaphras-active-colossae	approved	cascade-curator	2026-03-16T20:00:00Z	Passage psg-col-4-12-13 explicitly places epaphras in colossae. Excerpt: 'Paraphrase: Epaphras is one of them and labors for Colossae, Laodicea, and Hierapolis.'
clm-epaphras-active-hierapolis	approved	cascade-curator	2026-03-16T20:00:00Z	Passage psg-col-4-12-13 explicitly places epaphras in hierapolis. Excerpt: 'Paraphrase: Epaphras is one of them and labors for Colossae, Laodicea, and Hierapolis.'
clm-epaphras-active-laodicea	approved	cascade-curator	2026-03-16T20:00:00Z	Passage psg-col-4-12-13 explicitly places epaphras in laodicea. Excerpt: 'Paraphrase: Epaphras is one of them and labors for Colossae, Laodicea, and Hierapolis.'
clm-epaphras-active-rome	approved	cascade-curator	2026-03-17T04:00:00Z	Confidence calibrated: high->medium (certainty=probable, pred=active_in)
clm-epaphras-colossian-church	approved	cascade-curator	2026-03-16T20:00:00Z	Passage psg-col-1-7 explicitly names epaphras as member of colossian-church. Excerpt: 'Paraphrase: The Colossians learned the gospel from Epaphras, a faithful minister.'
clm-epaphras-coworker-aristarchus	approved	cascade-curator	2026-03-17T04:00:00Z	Confidence calibrated: high->medium (certainty=probable, pred=coworker_of)
clm-epaphras-coworker-paul	approved	cascade-curator	2026-03-16T20:00:00Z	Passage psg-phlm-23-24 explicitly names epaphras as coworker of paul. Excerpt: 'Paraphrase: Paul names Mark, Aristarchus, Demas, and Luke as fellow workers.'
clm-epaphras-member-hierapolis	approved	cascade-curator	2026-03-17T04:00:00Z	Confidence calibrated: high->medium (certainty=probable, pred=member_of_group)
clm-epaphras-member-roman	approved	cascade-curator	2026-03-17T04:00:00Z	Confidence calibrated: high->medium (certainty=probable, pred=member_of_group)
clm-epaphroditus-active-philippi	approved	cascade-curator	2026-03-16T20:00:00Z	Passage psg-phil-2-25-30 explicitly places epaphroditus in philippi. Excerpt: 'Paraphrase: Paul calls Epaphroditus his brother, coworker, and fellow soldier sent by the Philippians.'
clm-epaphroditus-coworker-paul	approved	cascade-curator	2026-03-17T04:00:00Z	Confidence calibrated: high->medium (certainty=probable, pred=coworker_of)
clm-epaphroditus-philippian-church	approved	cascade-curator	2026-03-16T20:00:00Z	Passage psg-phil-2-25-30 explicitly names epaphroditus as member of philippian-church. Excerpt: 'Paraphrase: Paul calls Epaphroditus his brother, coworker, and fellow soldier sent by the Philippians.'
clm-ephesians-addressed-ephesus	approved	cascade-curator	2026-03-16T21:00:00Z	Strong inference from passage psg-eph-1-1 supports addressed_to_place (epistle-to-the-ephesians → ephesus). Certainty probable. Excerpt: 'Paraphrase: Paul addresses the saints in Ephesus, though the p
clm-ephesians-addressed-ephesus	reviewed	cascade-curator	2026-03-16T20:30:00Z	AI-added claim retained with medium confidence because it depends on chronology, interval, or textual synthesis.
clm-ephesians-by-paul	approved	cascade-curator	2026-03-17T04:30:00Z	Traditional Pauline attribution (Eph 1:1); widely regarded as deuteropauline due to style and theology.
clm-ephesians-resurrection	approved	cascade-curator	2026-03-17T12:30:00Z	Upgraded reviewed→approved: probable certainty with direct supports evidence. Confidence set to medium.
clm-ephesians-resurrection	reviewed	cascade-curator	2026-03-16T20:30:00Z	Claim clm-ephesians-resurrection (work_affirms_proposition: epistle-to-the-ephesians → jesus-is-proclaimed-as-raised) has only contextualizing evidence. Certainty probable is appropriate given indirec
clm-ephesians-resurrection	reviewed	cascade-curator	2026-03-16T23:00:00Z	Reviewed (contextual): epistle-to-the-ephesians work_affirms_proposition 'jesus-is-proclaimed-as-raised'. Certainty probable. Passage psg-rom-10-9: 'Paraphrase: The confession of faith centers on God
clm-ephesus-431-event-year	approved	cascade-curator	2026-03-17T16:00:00Z	
clm-ephrem-active-nisibis	approved	cascade-curator	2026-03-16T20:30:00Z	ephrem-the-syrian active_in nisibis well-supported by passage psg-ephrem-faith-3. Excerpt: 'Paraphrase: Ephrem explores the mystery of the Trinity through paradox: the Father begets the Son without di
clm-ephrem-active-nisibis	reviewed	cascade-curator	2026-03-16T16:00:00Z	Only contextualizing evidence for ephrem-the-syrian active in nisibis. Excerpt: 'Paraphrase: Ephrem explores the mystery of the Trinity through paradox: the Father begets the Son wi...'
clm-ephrem-active-nisibis	reviewed	cascade-curator	2026-03-16T20:00:00Z	Passage psg-ephrem-faith-3 supports ephrem-the-syrian active_in nisibis. Excerpt: 'Paraphrase: Ephrem explores the mystery of the Trinity through paradox: the Father begets the Son wi'
clm-ephrem-affirms-fasting	approved	cascade-curator	2026-03-17T04:00:00Z	Confidence calibrated: high->medium (certainty=probable, pred=person_affirms_proposition)
clm-ephrem-affirms-prayer	approved	cascade-curator	2026-03-17T04:00:00Z	Confidence calibrated: high->medium (certainty=probable, pred=person_affirms_proposition)
clm-ephrem-coworker-jacob	approved	cascade-curator	2026-03-17T12:30:00Z	Upgraded reviewed→approved: probable certainty with direct supports evidence. Confidence set to medium.
clm-ephrem-coworker-jacob	reviewed	cascade-curator	2026-03-16T20:30:00Z	Claim clm-ephrem-coworker-jacob (coworker_of: ephrem-the-syrian → jacob-of-nisibis) has only contextualizing evidence. Certainty probable is appropriate given indirect support.
clm-ephrem-coworker-jacob	reviewed	cascade-curator	2026-03-16T23:00:00Z	"Reviewed (contextual): ephrem-the-syrian coworker_of jacob-of-nisibis. Certainty probable. Passage psg-eusebius-he-6-19: ""Paraphrase: Origen's fame spread throughout the whole world; Beryllus of Bostr"
clm-ephrem-in-fall-nisibis	approved	cascade-curator	2026-03-16T20:30:00Z	ephrem-the-syrian participant in fall-of-nisibis-363, supported by passage psg-ephrem-faith-3. Excerpt: 'Paraphrase: Ephrem explores the mystery of the Trinity through paradox: the Father begets the S
clm-ephrem-in-fall-nisibis	reviewed	cascade-curator	2026-03-16T16:00:00Z	Only contextualizing evidence for ephrem-the-syrian participant_in fall-of-nisibis-363. Passage psg-ephrem-faith-3 provides background but does not directly place ephrem-the-syrian at the event. Excerpt: 'Paraphrase: Ephrem explores the mystery of the Trinity through paradox: the Father begets the Son wi...'
clm-ephrem-in-fall-nisibis	reviewed	cascade-curator	2026-03-16T20:00:00Z	Passage psg-ephrem-faith-3 supports ephrem-the-syrian participant_in fall-of-nisibis-363. Excerpt: 'Paraphrase: Ephrem explores the mystery of the Trinity through paradox: the Father begets the Son wi
clm-ephrem-member-edessa-church	approved	cascade-curator	2026-03-16T13:00:00Z	Ephrem settled in Edessa after the fall of Nisibis (363 CE) and served the Edessan church until his death (373 CE). His Hymns on Faith and other works reflect Edessan church life. His membership in the Edessa church is directly attested by his works and Syriac tradition.
clm-ephrem-member-edessa-church	approved	cascade-curator	2026-03-17T04:00:00Z	Confidence calibrated: high->medium (certainty=probable, pred=member_of_group)
clm-epistles-ignatius-addressed-philadelphia	approved	cascade-curator	2026-03-17T04:00:00Z	Confidence calibrated: high->medium (certainty=probable, pred=addressed_to_place)
clm-epistles-ignatius-by-ignatius	approved	cascade-curator	2026-03-16T20:00:00Z	Passage psg-ignatius-smyrn-8 is drawn from epistles-of-ignatius itself, directly confirming authorship. Excerpt: 'See that you all follow the bishop. Let that be deemed a proper Eucharist which is adm
clm-epistles-ignatius-by-ignatius	approved	cascade-curator	2026-03-17T04:00:00Z	Confidence calibrated: high->medium (certainty=probable, pred=authored_by)
clm-epistles-ignatius-written-smyrna	approved	cascade-curator	2026-03-17T04:00:00Z	Confidence calibrated: high->medium (certainty=probable, pred=written_at)
clm-erastus-active-corinth-late	approved	cascade-curator	2026-03-16T20:00:00Z	Passage psg-2tim-4-20 explicitly places erastus in corinth. Excerpt: 'Paraphrase: Paul notes that Trophimus was left ill at Miletus.'
clm-erastus-corinthian-church	approved	cascade-curator	2026-03-16T20:00:00Z	Passage psg-rom-16-23 explicitly names erastus as member of corinthian-church. Excerpt: 'Paraphrase: Gaius and Erastus, the city treasurer, send greetings with the Roman letter.'
clm-erastus-corinthian-church	approved	cascade-curator	2026-03-17T04:00:00Z	Confidence calibrated: high->medium (certainty=probable, pred=member_of_group)
clm-erastus-disciple	approved	cascade-curator	2026-03-17T04:00:00Z	Confidence calibrated: high->medium (certainty=probable, pred=member_of_group)
clm-essenes-at-qumran	approved	cascade-curator	2026-03-17T12:30:00Z	Upgraded reviewed→approved: probable certainty with direct supports evidence. Confidence set to medium.
clm-essenes-at-qumran	reviewed	cascade-curator	2026-03-16T20:30:00Z	Claim clm-essenes-at-qumran (group_present_at: essenes → qumran) has only contextualizing evidence. Certainty probable is appropriate given indirect support.
clm-essenes-at-qumran	reviewed	cascade-curator	2026-03-16T23:00:00Z	Reviewed (contextual): essenes group_present_at qumran. Certainty probable. Passage psg-wikipedia-roman-empire-provinces: 'The Roman Empire controlled provinces throughout the Mediterranean basin, Nea
clm-euodia-active-philippi	approved	cascade-curator	2026-03-16T20:00:00Z	Passage psg-phil-4-2-3 explicitly places euodia in philippi. Excerpt: 'Paraphrase: Euodia and Syntyche labored side by side with Paul in the gospel.'
clm-euodia-philippian-church	approved	cascade-curator	2026-03-16T20:00:00Z	Passage psg-phil-4-2-3 explicitly names euodia as member of philippian-church. Excerpt: 'Paraphrase: Euodia and Syntyche labored side by side with Paul in the gospel.'
clm-eusebius-active-alexandria	approved	cascade-curator	2026-03-16T20:30:00Z	eusebius-of-caesarea active_in alexandria well-supported by passage psg-eusebius-he-3-36. Excerpt: 'Paraphrase: Eusebius records Ignatius as bishop of Antioch after Peter, transported to Rome for mart
clm-eusebius-active-alexandria	reviewed	cascade-curator	2026-03-16T16:00:00Z	Only contextualizing evidence for eusebius-of-caesarea active in alexandria. Excerpt: 'Paraphrase: Eusebius records Ignatius as bishop of Antioch after Peter, transported to Rome for mart...'
clm-eusebius-active-alexandria	reviewed	cascade-curator	2026-03-16T20:00:00Z	Passage psg-eusebius-he-3-36 supports eusebius-of-caesarea active_in alexandria. Excerpt: 'Paraphrase: Eusebius records Ignatius as bishop of Antioch after Peter, transported to Rome for mart'
clm-eusebius-active-antioch	approved	cascade-curator	2026-03-16T20:00:00Z	Passage psg-eusebius-he-3-36 explicitly places eusebius-of-caesarea in antioch. Excerpt: 'Paraphrase: Eusebius records Ignatius as bishop of Antioch after Peter, transported to Rome for martyrdom.'
clm-eusebius-active-antioch	approved	cascade-curator	2026-03-17T04:00:00Z	Confidence calibrated: high->medium (certainty=probable, pred=active_in)
clm-eusebius-affirms-bodily-resurrection	approved	cascade-curator	2026-03-16T20:30:00Z	Third-party source (passage psg-eusebius-he-3-39-1-4) reports eusebius-of-caesarea as affirming 'bodies-will-be-raised-at-last-day'. Excerpt: 'Paraphrase: Eusebius preserves Papias saying he inquired
clm-eusebius-affirms-bodily-resurrection	reviewed	cascade-curator	2026-03-16T20:00:00Z	Third-party attestation from passage psg-eusebius-he-3-39-1-4: eusebius-of-caesarea is reported as affirming 'bodies-will-be-raised-at-last-day'. Excerpt: 'Paraphrase: Eusebius preserves Papias saying
clm-eusebius-affirms-britannia	approved	cascade-curator	2026-03-16T20:30:00Z	Third-party source (passage psg-eusebius-he-3-36) reports eusebius-of-caesarea as affirming 'christianity-reached-britannia'. Excerpt: 'Paraphrase: Eusebius records Ignatius as bishop of Antioch after
clm-eusebius-affirms-britannia	approved	cascade-curator	2026-03-17T04:00:00Z	Confidence calibrated: medium->low (certainty=possible, pred=person_affirms_proposition)
clm-eusebius-affirms-britannia	reviewed	cascade-curator	2026-03-16T16:00:00Z	Only contextualizing evidence for eusebius-of-caesarea person_affirms_proposition 'christianity-reached-britannia'. The person's connection to this proposition needs stronger direct attestation. Excerpt: 'Paraphrase: Eusebius records Ignatius as bishop of Antioch after Peter, transported to Rome for mart...'
clm-eusebius-affirms-britannia	reviewed	cascade-curator	2026-03-16T20:00:00Z	Third-party attestation from passage psg-eusebius-he-3-36: eusebius-of-caesarea is reported as affirming 'christianity-reached-britannia'. Excerpt: 'Paraphrase: Eusebius records Ignatius as bishop of
clm-eusebius-affirms-incarnation	approved	cascade-curator	2026-03-16T20:30:00Z	Third-party source (passage psg-eusebius-he-3-39-1-4) reports eusebius-of-caesarea as affirming 'christ-truly-became-flesh'. Excerpt: 'Paraphrase: Eusebius preserves Papias saying he inquired what And
clm-eusebius-affirms-incarnation	reviewed	cascade-curator	2026-03-16T20:00:00Z	Third-party attestation from passage psg-eusebius-he-3-39-1-4: eusebius-of-caesarea is reported as affirming 'christ-truly-became-flesh'. Excerpt: 'Paraphrase: Eusebius preserves Papias saying he inqu
clm-eusebius-affirms-logos	approved	cascade-curator	2026-03-16T20:30:00Z	Third-party source (passage psg-eusebius-he-3-39-1-4) reports eusebius-of-caesarea as affirming 'logos-is-pre-existent-son-of-god'. Excerpt: 'Paraphrase: Eusebius preserves Papias saying he inquired w
clm-eusebius-affirms-logos	reviewed	cascade-curator	2026-03-16T20:00:00Z	Third-party attestation from passage psg-eusebius-he-3-39-1-4: eusebius-of-caesarea is reported as affirming 'logos-is-pre-existent-son-of-god'. Excerpt: 'Paraphrase: Eusebius preserves Papias saying
clm-eusebius-affirms-ot-scripture	approved	cascade-curator	2026-03-16T20:30:00Z	Third-party source (passage psg-eusebius-he-3-39-1-4) reports eusebius-of-caesarea as affirming 'old-testament-is-authoritative-scripture'. Excerpt: 'Paraphrase: Eusebius preserves Papias saying he in
clm-eusebius-affirms-ot-scripture	reviewed	cascade-curator	2026-03-16T20:00:00Z	Third-party attestation from passage psg-eusebius-he-3-39-1-4: eusebius-of-caesarea is reported as affirming 'old-testament-is-authoritative-scripture'. Excerpt: 'Paraphrase: Eusebius preserves Papias
clm-eusebius-affirms-rule-of-faith	approved	cascade-curator	2026-03-16T20:30:00Z	Third-party source (passage psg-eusebius-he-3-39-1-4) reports eusebius-of-caesarea as affirming 'rule-of-faith-received-from-apostles'. Excerpt: 'Paraphrase: Eusebius preserves Papias saying he inquir
clm-eusebius-affirms-rule-of-faith	reviewed	cascade-curator	2026-03-16T20:00:00Z	Third-party attestation from passage psg-eusebius-he-3-39-1-4: eusebius-of-caesarea is reported as affirming 'rule-of-faith-received-from-apostles'. Excerpt: 'Paraphrase: Eusebius preserves Papias say
clm-eusebius-affirms-succession	approved	cascade-curator	2026-03-16T20:30:00Z	Third-party source (passage psg-eusebius-he-3-39-1-4) reports eusebius-of-caesarea as affirming 'apostolic-succession-transmits-faith'. Excerpt: 'Paraphrase: Eusebius preserves Papias saying he inquir
clm-eusebius-affirms-succession	reviewed	cascade-curator	2026-03-16T20:00:00Z	Third-party attestation from passage psg-eusebius-he-3-39-1-4: eusebius-of-caesarea is reported as affirming 'apostolic-succession-transmits-faith'. Excerpt: 'Paraphrase: Eusebius preserves Papias say
clm-eusebius-bishop-caesarea	approved	cascade-curator	2026-03-16T13:00:00Z	Eusebius is consistently identified as bishop of Caesarea in Palestina in ancient sources including his own writings and conciliar records. He participated in the Council of Nicaea (325) as bishop. Well-attested.
clm-eusebius-bishop-caesarea	approved	cascade-curator	2026-03-17T04:00:00Z	Confidence calibrated: high->medium (certainty=probable, pred=bishop_of)
clm-eusebius-he-affirms-bartholomew-india	approved	cascade-curator	2026-03-16T16:00:00Z	Passage psg-eusebius-he-5-10-3-4 from ecclesiastical-history-of-eusebius directly addresses the proposition 'bartholomew-preached-in-india'. Excerpt: 'Paraphrase: Pantaenus is said to have gone to India where he found persons who knew of Christ. Bartholomew one of the apostles had preached ...' The work's affirms of this proposition is directly attested.
clm-eusebius-he-affirms-bartholomew-india	approved	cascade-curator	2026-03-17T04:00:00Z	Confidence calibrated: high->medium (certainty=probable, pred=work_affirms_proposition)
clm-eusebius-he-affirms-ethiopia	approved	cascade-curator	2026-03-16T20:00:00Z	Passage psg-eusebius-he-3-17 from ecclesiastical-history-of-eusebius directly treats proposition 'christianity-established-in-ethiopia'. The work's mentions is attested from its own text. Excerpt: 'Do
clm-eusebius-he-affirms-ethiopia	approved	cascade-curator	2026-03-17T04:00:00Z	Confidence calibrated: high->low (certainty=possible, pred=work_mentions_proposition)
clm-eusebius-he-affirms-ethiopia	reviewed	cascade-curator	2026-03-16T16:00:00Z	Only contextualizing evidence for ecclesiastical-history-of-eusebius work_mentions_proposition christianity-established-in-ethiopia. Passage psg-eusebius-he-3-17: 'Domitian having exercised his cruelty against many... gave orders that the descendants of David shou...' A more directly relevant passage would strengthen this claim.
clm-eusebius-he-affirms-india-reached	approved	cascade-curator	2026-03-16T16:00:00Z	Passage psg-eusebius-he-5-10-3-4 from ecclesiastical-history-of-eusebius directly addresses the proposition 'gospel-reached-india'. Excerpt: 'Paraphrase: Pantaenus is said to have gone to India where he found persons who knew of Christ. Bartholomew one of the apostles had preached ...' The work's affirms of this proposition is directly attested.
clm-eusebius-he-affirms-universal	approved	cascade-curator	2026-03-16T20:00:00Z	Passage psg-eusebius-church-history-2-25 from ecclesiastical-history-of-eusebius directly treats proposition 'christ-dominion-is-universal'. The work's affirms is attested from its own text. Excerpt:
clm-eusebius-he-affirms-universal	approved	cascade-curator	2026-03-17T04:00:00Z	Confidence calibrated: high->medium (certainty=probable, pred=work_affirms_proposition)
clm-eusebius-he-affirms-universal	reviewed	cascade-curator	2026-03-16T16:00:00Z	Only contextualizing evidence for ecclesiastical-history-of-eusebius work_affirms_proposition christ-dominion-is-universal. Passage psg-eusebius-church-history-2-25: 'Paraphrase: Eusebius records that Paul was beheaded in Rome itself and Peter likewise suffered under...' A more directly relevant passage would strengthen this claim.
clm-eusebius-he-by-eusebius	approved	cascade-curator	2026-03-16T20:00:00Z	Passage psg-eusebius-church-history-2-25 is drawn from ecclesiastical-history-of-eusebius itself, directly confirming authorship. Excerpt: 'Paraphrase: Eusebius records that Paul was beheaded in Rome
clm-eusebius-he-by-eusebius	reviewed	cascade-curator	2026-03-16T16:00:00Z	Only contextualizing evidence for ecclesiastical-history-of-eusebius authored_by eusebius-of-caesarea. Scholarly attribution accepted but not textually attested in the excerpt. Excerpt: 'Paraphrase: Eusebius records that Paul was beheaded in Rome itself and Peter likewise suffered under...'
clm-eusebius-he-mentions-arabia	approved	cascade-curator	2026-03-16T20:00:00Z	Passage psg-eusebius-he-3-17 from ecclesiastical-history-of-eusebius directly treats proposition 'christianity-established-in-arabia'. The work's mentions is attested from its own text. Excerpt: 'Domi
clm-eusebius-he-mentions-arabia	approved	cascade-curator	2026-03-17T04:00:00Z	Confidence calibrated: high->medium (certainty=probable, pred=work_mentions_proposition)
clm-eusebius-he-mentions-arabia	reviewed	cascade-curator	2026-03-16T14:00:00Z	Eusebius HE records Arabian Christianity in multiple places; psg-eusebius-he-3-17 is about the Domitian persecution. The Arabia mention in Eusebius needs to be linked to a more specific passage (e.g., HE 6.20 re the Bostra synod). Medium confidence with current evidence.
clm-eusebius-he-mentions-pantaenus-mission	approved	cascade-curator	2026-03-16T20:00:00Z	Passage psg-eusebius-he-5-10-1-2 from ecclesiastical-history-of-eusebius directly treats proposition 'gospel-reached-india'. The work's mentions is attested from its own text. Excerpt: 'A man named Pa
clm-eusebius-he-mentions-pantaenus-mission	needs_revision	cascade-curator	2026-03-16T12:00:00Z	Evidence was initially linked to psg-eusebius-he-3-36 (about Ignatius), not Pantaenus. Now corrected to psg-eusebius-he-5-10-1-2 which directly mentions Pantaenus being sent to India. The corrected passage does directly support this claim.
clm-eusebius-he-mentions-thomas-india	approved	cascade-curator	2026-03-16T20:00:00Z	Passage psg-eusebius-he-3-36 from ecclesiastical-history-of-eusebius directly treats proposition 'thomas-preached-in-india'. The work's mentions is attested from its own text. Excerpt: 'Paraphrase: Eu
clm-eusebius-he-mentions-thomas-india	approved	cascade-curator	2026-03-17T04:00:00Z	Confidence calibrated: high->medium (certainty=probable, pred=work_mentions_proposition)
clm-eusebius-he-mentions-thomas-india	needs_revision	cascade-curator	2026-03-16T14:00:00Z	psg-eusebius-he-3-36 is about Ignatius, not Thomas. The Thomas-India tradition in Eusebius is in HE 3.1. The claim is linked to the wrong passage and needs re-linking to a passage from HE 3.1. The tradition exists in Eusebius but the evidence citation is incorrect.
clm-eusebius-he-written-caesarea	approved	cascade-curator	2026-03-16T20:30:00Z	ecclesiastical-history-of-eusebius written at caesarea: passage psg-eusebius-he-5-10-1-2 supports the place attribution (biographical or internal evidence). Excerpt: 'A man named Pantaenus was put in
clm-eusebius-he-written-caesarea	reviewed	cascade-curator	2026-03-16T16:00:00Z	Only contextualizing evidence for ecclesiastical-history-of-eusebius written_at caesarea. Provenance relies on biographical tradition rather than internal textual evidence. Excerpt: 'A man named Pantaenus was put in charge of the catechetical school at Alexandria, a school whose exi...'
clm-eusebius-he-written-caesarea	reviewed	cascade-curator	2026-03-16T20:00:00Z	ecclesiastical-history-of-eusebius written at caesarea: biographical consensus supported by passage psg-eusebius-he-5-10-1-2. No explicit internal naming of caesarea. Excerpt: 'A man named Pantaenus w
clm-eusebius-member-caesarea	approved	cascade-curator	2026-03-16T20:30:00Z	eusebius-of-caesarea member_of_group caesarean-church well-supported by passage psg-eusebius-he-3-36. Excerpt: 'Paraphrase: Eusebius records Ignatius as bishop of Antioch after Peter, transported to R
clm-eusebius-member-caesarea	reviewed	cascade-curator	2026-03-16T16:00:00Z	Only contextualizing evidence for eusebius-of-caesarea in caesarean-church. Excerpt: 'Paraphrase: Eusebius records Ignatius as bishop of Antioch after Peter, transported to Rome for mart...' Needs stronger direct attestation.
clm-eusebius-member-caesarea	reviewed	cascade-curator	2026-03-16T20:00:00Z	Passage psg-eusebius-he-3-36 supports eusebius-of-caesarea member_of_group caesarean-church. Excerpt: 'Paraphrase: Eusebius records Ignatius as bishop of Antioch after Peter, transported to Rome for m
clm-eusebius-participant-council-nicaea	approved	cascade-curator	2026-03-16T20:30:00Z	eusebius-of-caesarea participant in council-of-arles-314, supported by passage psg-eusebius-he-3-36. Excerpt: 'Paraphrase: Eusebius records Ignatius as bishop of Antioch after Peter, transported to Ro
clm-eusebius-participant-council-nicaea	reviewed	cascade-curator	2026-03-16T16:00:00Z	Only contextualizing evidence for eusebius-of-caesarea participant_in council-of-arles-314. Passage psg-eusebius-he-3-36 provides background but does not directly place eusebius-of-caesarea at the event. Excerpt: 'Paraphrase: Eusebius records Ignatius as bishop of Antioch after Peter, transported to Rome for mart...'
clm-eusebius-participant-council-nicaea	reviewed	cascade-curator	2026-03-16T20:00:00Z	Passage psg-eusebius-he-3-36 supports eusebius-of-caesarea participant_in council-of-arles-314. Excerpt: 'Paraphrase: Eusebius records Ignatius as bishop of Antioch after Peter, transported to Rome fo
clm-eusebius-participant-nicaea	approved	cascade-curator	2026-03-17T11:30:00Z	Eusebius of Caesarea attended and wrote an account of Nicaea in his letter to his church (apud Theodoret HE 1.11) and in Vita Constantini 3.
clm-eusebius-teacher-pantaenus	approved	cascade-curator	2026-03-17T15:30:00Z	Review aligned: claim status=superseded.
clm-eusebius-teacher-pantaenus	reviewed	cascade-curator	2026-03-16T16:00:00Z	Contextualizing evidence for pantaenus teacher_of clement-of-alexandria. The teacher-student relationship is attested by tradition. Excerpt: 'Paraphrase: Eusebius records Ignatius as bishop of Antioch after Peter, transported to Rome for mart...'
clm-eusebius-teacher-pantaenus	reviewed	cascade-curator	2026-03-16T20:30:00Z	Claim clm-eusebius-teacher-pantaenus (teacher_of: pantaenus → clement-of-alexandria) has only contextualizing evidence. Certainty probable is appropriate given indirect support.
clm-eusebius-teacher-pantaenus	reviewed	cascade-curator	2026-03-16T23:00:00Z	Reviewed (contextual): pantaenus teacher_of clement-of-alexandria. Certainty probable. Passage psg-eusebius-he-3-36: 'Paraphrase: Eusebius records Ignatius as bishop of Antioch after Peter, transporte
clm-eusebius-teacher-pantaenus	reviewed	cascade-curator	2026-03-17T02:00:00Z	Claim deprecated as duplicate: Misleading claim ID; same triple as clm-pantaenus-teacher-of-clement which has the primary evidence.
clm-exhort-affirms-celibacy	approved	cascade-curator	2026-03-16T20:00:00Z	Passage psg-origen-exhort-30 from exhortation-to-martyrdom directly treats proposition 'virginity-is-honored-calling'. The work's affirms is attested from its own text. Excerpt: 'Paraphrase: God creat
clm-exhort-affirms-celibacy	approved	cascade-curator	2026-03-17T04:00:00Z	Confidence calibrated: high->medium (certainty=probable, pred=work_affirms_proposition)
clm-exhort-affirms-celibacy	reviewed	cascade-curator	2026-03-16T16:00:00Z	Passage psg-origen-exhort-30 from exhortation-to-martyrdom supports but the excerpt does not use the exact language of 'virginity-is-honored-calling'. The proposition is conveyed through the overall context of this passage. Excerpt: 'Paraphrase: God created rational beings with free will so that goodness might be their own, not forc...'
clm-exhort-affirms-free-will	approved	cascade-curator	2026-03-16T20:00:00Z	Passage psg-origen-exhort-30 from exhortation-to-martyrdom directly treats proposition 'free-will-grounds-moral-responsibility'. The work's affirms is attested from its own text. Excerpt: 'Paraphrase:
clm-exhort-affirms-free-will	reviewed	cascade-curator	2026-03-16T16:00:00Z	Passage psg-origen-exhort-30 from exhortation-to-martyrdom supports but the excerpt does not use the exact language of 'free-will-grounds-moral-responsibility'. The proposition is conveyed through the overall context of this passage. Excerpt: 'Paraphrase: God created rational beings with free will so that goodness might be their own, not forc...'
clm-exhort-affirms-incarnation	approved	cascade-curator	2026-03-16T20:00:00Z	Passage psg-origen-exhort-11 from exhortation-to-martyrdom directly treats proposition 'christ-truly-became-flesh'. The work's affirms is attested from its own text. Excerpt: 'Paraphrase: The martyrs
clm-exhort-affirms-incarnation	approved	cascade-curator	2026-03-17T04:00:00Z	Confidence calibrated: high->medium (certainty=probable, pred=work_affirms_proposition)
clm-exhort-affirms-incarnation	reviewed	cascade-curator	2026-03-16T16:00:00Z	Passage psg-origen-exhort-11 from exhortation-to-martyrdom supports but the excerpt does not use the exact language of 'christ-truly-became-flesh'. The proposition is conveyed through the overall context of this passage. Excerpt: 'Paraphrase: The martyrs follow Christ in his suffering and share in his passion; their blood is a se...'
clm-exhort-affirms-judgment	approved	cascade-curator	2026-03-16T20:00:00Z	Passage psg-origen-exhort-11 from exhortation-to-martyrdom directly treats proposition 'final-judgment-is-coming'. The work's affirms is attested from its own text. Excerpt: 'Paraphrase: The martyrs f
clm-exhort-affirms-judgment	approved	cascade-curator	2026-03-17T04:00:00Z	Confidence calibrated: high->medium (certainty=probable, pred=work_affirms_proposition)
clm-exhort-affirms-judgment	reviewed	cascade-curator	2026-03-16T16:00:00Z	Only contextualizing evidence for exhortation-to-martyrdom work_affirms_proposition final-judgment-is-coming. Passage psg-origen-exhort-11: 'Paraphrase: The martyrs follow Christ in his suffering and share in his passion; their blood is a se...' A more directly relevant passage would strengthen this claim.
clm-exhort-affirms-logos	approved	cascade-curator	2026-03-16T20:00:00Z	Passage psg-origen-exhort-11 from exhortation-to-martyrdom directly treats proposition 'logos-is-pre-existent-son-of-god'. The work's affirms is attested from its own text. Excerpt: 'Paraphrase: The m
clm-exhort-affirms-logos	approved	cascade-curator	2026-03-17T04:00:00Z	Confidence calibrated: high->medium (certainty=probable, pred=work_affirms_proposition)
clm-exhort-affirms-logos	reviewed	cascade-curator	2026-03-16T16:00:00Z	Only contextualizing evidence for exhortation-to-martyrdom work_affirms_proposition logos-is-pre-existent-son-of-god. Passage psg-origen-exhort-11: 'Paraphrase: The martyrs follow Christ in his suffering and share in his passion; their blood is a se...' A more directly relevant passage would strengthen this claim.
clm-exhort-affirms-martyrdom	approved	cascade-curator	2026-03-16T16:00:00Z	Passage psg-origen-exhort-11 from exhortation-to-martyrdom directly addresses the proposition 'martyrdom-witnesses-to-christ'. Excerpt: 'Paraphrase: The martyrs follow Christ in his suffering and share in his passion; their blood is a seed of future Christians; by their testim...' The work's affirms of this proposition is directly attested.
clm-exhort-affirms-ot	approved	cascade-curator	2026-03-16T20:00:00Z	Passage psg-origen-exhort-30 from exhortation-to-martyrdom directly treats proposition 'old-testament-is-authoritative-scripture'. The work's affirms is attested from its own text. Excerpt: 'Paraphras
clm-exhort-affirms-ot	approved	cascade-curator	2026-03-17T04:00:00Z	Confidence calibrated: high->medium (certainty=probable, pred=work_affirms_proposition)
clm-exhort-affirms-ot	reviewed	cascade-curator	2026-03-16T16:00:00Z	Passage psg-origen-exhort-30 from exhortation-to-martyrdom supports but the excerpt does not use the exact language of 'old-testament-is-authoritative-scripture'. The proposition is conveyed through the overall context of this passage. Excerpt: 'Paraphrase: God created rational beings with free will so that goodness might be their own, not forc...'
clm-exhort-affirms-resurrection	approved	cascade-curator	2026-03-16T20:00:00Z	Passage psg-origen-exhort-11 from exhortation-to-martyrdom directly treats proposition 'bodies-will-be-raised-at-last-day'. The work's affirms is attested from its own text. Excerpt: 'Paraphrase: The
clm-exhort-affirms-resurrection	approved	cascade-curator	2026-03-17T04:00:00Z	Confidence calibrated: high->medium (certainty=probable, pred=work_affirms_proposition)
clm-exhort-affirms-resurrection	reviewed	cascade-curator	2026-03-16T16:00:00Z	Only contextualizing evidence for exhortation-to-martyrdom work_affirms_proposition bodies-will-be-raised-at-last-day. Passage psg-origen-exhort-11: 'Paraphrase: The martyrs follow Christ in his suffering and share in his passion; their blood is a se...' A more directly relevant passage would strengthen this claim.
clm-exhort-martyrdom-by-origen	approved	cascade-curator	2026-03-16T20:00:00Z	Passage psg-origen-exhort-11 is drawn from exhortation-to-martyrdom itself, directly confirming authorship. Excerpt: 'Paraphrase: The martyrs follow Christ in his suffering and share in his passion; t
clm-exhort-martyrdom-by-origen	reviewed	cascade-curator	2026-03-16T16:00:00Z	Evidence supports exhortation-to-martyrdom authored_by origen-of-alexandria; passage psg-origen-exhort-11 provides supporting context. Excerpt: 'Paraphrase: The martyrs follow Christ in his suffering and share in his passion; their blood is a se...'
clm-exhort-martyrdom-written-at-caesarea	approved	cascade-curator	2026-03-16T16:00:00Z	Passage psg-eusebius-he-6-19 links exhortation-to-martyrdom to caesarea: 'Paraphrase: Origen's fame spread throughout the whole world; Beryllus of Bostra, Alexander of Jerusalem, and many other ...'
clm-exhort-martyrdom-written-at-caesarea	approved	cascade-curator	2026-03-17T04:00:00Z	Confidence calibrated: high->medium (certainty=probable, pred=written_at)
clm-expulsion-occurs-at-alexandria	approved	cascade-curator	2026-03-16T16:00:00Z	Passage psg-eusebius-he-6-19 directly places origen-expulsion-from-alexandria at alexandria: 'Paraphrase: Origen's fame spread throughout the whole world; Beryllus of Bostra, Alexander of Jerusalem, and many other ...'
clm-expulsion-year	approved	cascade-curator	2026-03-16T20:00:00Z	Passage psg-eusebius-he-6-19 explicitly attests the year for origen-expulsion-from-alexandria. Excerpt: 'Paraphrase: Origen's fame spread throughout the whole world; Beryllus of Bostra, Alexander of J
clm-expulsion-year	reviewed	cascade-curator	2026-03-16T16:00:00Z	Passage psg-eusebius-he-6-19 supports the year claim for origen-expulsion-from-alexandria (-) but excerpt does not name the event explicitly. Excerpt: 'Paraphrase: Origen's fame spread throughout the whole world; Beryllus of Bostra, Alexander of Jerusa...'
clm-ezana-active-aksum	approved	cascade-curator	2026-03-16T16:00:00Z	Passage psg-ezana-inscription-ge-ez directly places ezana-of-aksum in aksum: 'Paraphrase: King Ezana of Aksum dedicates his military victory to the Lord of Heaven Lord of Earth using explicitly Chri...'
clm-ezana-affirms-ethiopia	approved	cascade-curator	2026-03-16T20:30:00Z	Third-party source (passage psg-ezana-inscription-ge-ez) reports ezana-of-aksum as affirming 'christianity-established-in-ethiopia'. Excerpt: 'Paraphrase: King Ezana of Aksum dedicates his military vi
clm-ezana-affirms-ethiopia	approved	cascade-curator	2026-03-16T22:30:00Z	QA-upgraded: attested claim with explicit direct evidence → approved/high. person_affirms_proposition (ezana-of-aksum → christianity-established-in-ethiopia). Passage psg-ezana-inscription-ge-ez: 'Par
clm-ezana-affirms-ethiopia	reviewed	cascade-curator	2026-03-16T16:00:00Z	Passage psg-ezana-inscription-ge-ez names ezana-of-aksum in relation to 'christianity-established-in-ethiopia'. The person_affirms_proposition is attested by passage content. Excerpt: 'Paraphrase: King Ezana of Aksum dedicates his military victory to the Lord of Heaven Lord of Earth using explicitly Chri...'
clm-ezana-affirms-ethiopia	reviewed	cascade-curator	2026-03-16T20:00:00Z	Third-party attestation from passage psg-ezana-inscription-ge-ez: ezana-of-aksum is reported as affirming 'christianity-established-in-ethiopia'. Excerpt: 'Paraphrase: King Ezana of Aksum dedicates hi
clm-ezana-member-aksumite	approved	cascade-curator	2026-03-16T16:00:00Z	Passage psg-ezana-inscription-ge-ez confirms ezana-of-aksum as member of aksumite-church: 'Paraphrase: King Ezana of Aksum dedicates his military victory to the Lord of Heaven Lord of Earth using explicitly Chri...'
clm-ezana-participant-christianization	approved	cascade-curator	2026-03-16T16:00:00Z	Passage psg-ezana-inscription-ge-ez directly names ezana-of-aksum as a participant in christianization-of-aksum: 'Paraphrase: King Ezana of Aksum dedicates his military victory to the Lord of Heaven Lord of Earth using explicitly Chri...' Claim is directly attested.
clm-ezana-participant-mission-himyar	approved	cascade-curator	2026-03-16T20:00:00Z	Passage psg-wikipedia-aksumite-control explicitly names ezana-of-aksum as participant in mission-of-theophilus-to-himyar. Excerpt: 'The Aksumite Empire at its height controlled territories across the
clm-ezana-participant-mission-himyar	approved	cascade-curator	2026-03-17T04:00:00Z	Confidence calibrated: high->low (certainty=possible, pred=participant_in)
clm-ezana-participant-mission-himyar	reviewed	cascade-curator	2026-03-16T16:00:00Z	Passage psg-wikipedia-aksumite-control supports the claim but does not explicitly name both ezana-of-aksum and mission-of-theophilus-to-himyar together. Excerpt: 'The Aksumite Empire at its height controlled territories across the Horn of Africa and parts of the ...'
clm-fabian-bishop-rome	approved	cascade-curator	2026-03-16T20:00:00Z	Passage psg-eusebius-he-6-20-43 directly names fabian as bishop of rome. Excerpt: 'Paraphrase: Eusebius reports that Hippolytus was a bishop somewhere and that he composed various works. In HE 6.43, E
clm-fabian-bishop-rome	reviewed	cascade-curator	2026-03-16T16:00:00Z	Evidence supports fabian bishop_of rome. Excerpt: 'Paraphrase: Eusebius reports that Hippolytus was a bishop somewhere and that he composed various wor...'
clm-fabian-in-decian-persecution	approved	cascade-curator	2026-03-16T20:00:00Z	Passage psg-eusebius-he-6-20-43 explicitly names fabian as participant in decian-persecution. Excerpt: 'Paraphrase: Eusebius reports that Hippolytus was a bishop somewhere and that he composed various
clm-fabian-in-decian-persecution	reviewed	cascade-curator	2026-03-16T16:00:00Z	Passage psg-eusebius-he-6-20-43 supports the claim but does not explicitly name both fabian and decian-persecution together. Excerpt: 'Paraphrase: Eusebius reports that Hippolytus was a bishop somewhere and that he composed various wor...'
clm-fabian-in-sardinian-return	approved	cascade-curator	2026-03-17T12:30:00Z	Upgraded reviewed→approved: probable certainty with direct supports evidence. Confidence set to medium.
clm-fabian-in-sardinian-return	reviewed	cascade-curator	2026-03-16T20:30:00Z	Claim clm-fabian-in-sardinian-return (participant_in: fabian → sardinian-exile) has only contextualizing evidence. Certainty probable is appropriate given indirect support.
clm-fabian-in-sardinian-return	reviewed	cascade-curator	2026-03-16T23:00:00Z	"Reviewed (contextual): fabian participant_in sardinian-exile. Certainty probable. Passage psg-eusebius-he-6-43: ""Paraphrase: Eusebius preserves a letter of Cornelius of Rome describing Novatian's ordi"
clm-fabian-member-roman-church	approved	cascade-curator	2026-03-16T20:00:00Z	Passage psg-eusebius-he-6-20-43 explicitly names fabian as member of roman-church. Excerpt: 'Paraphrase: Eusebius reports that Hippolytus was a bishop somewhere and that he composed various works. In
clm-fabian-member-roman-church	reviewed	cascade-curator	2026-03-16T16:00:00Z	Evidence supports fabian member_of_group roman-church but excerpt does not explicitly name both entities. Excerpt: 'Paraphrase: Eusebius reports that Hippolytus was a bishop somewhere and that he composed various wor...'
clm-faith-by-ephrem	approved	cascade-curator	2026-03-16T20:00:00Z	Passage psg-ephrem-faith-10 is drawn from hymns-on-faith-ephrem itself, directly confirming authorship. Excerpt: 'Paraphrase: The Son clothed himself in a body from Mary; he who is invisible became vi
clm-faith-by-ephrem	reviewed	cascade-curator	2026-03-16T16:00:00Z	Only contextualizing evidence for hymns-on-faith-ephrem authored_by ephrem-the-syrian. Scholarly attribution accepted but not textually attested in the excerpt. Excerpt: 'Paraphrase: The Son clothed himself in a body from Mary; he who is invisible became visible; he who ...'
clm-faith-written-edessa	approved	cascade-curator	2026-03-16T20:30:00Z	hymns-on-faith-ephrem written at edessa: passage psg-ephrem-faith-10 supports the place attribution (biographical or internal evidence). Excerpt: 'Paraphrase: The Son clothed himself in a body from Ma
clm-faith-written-edessa	needs_revision	cascade-curator	2026-03-16T12:00:00Z	The Hymns on Faith passage (psg-ephrem-faith-10) does not mention Edessa or establish the work's place of composition. The claim that the work was written at Edessa rests on biographical tradition about Ephrem, not on any passage in the work itself. Certainty downgraded to probable; needs an external biographical source (e.g., Ephrem's biography in Syriac tradition).
clm-faith-written-edessa	reviewed	cascade-curator	2026-03-16T20:00:00Z	hymns-on-faith-ephrem written at edessa: biographical consensus supported by passage psg-ephrem-faith-10. No explicit internal naming of edessa. Excerpt: 'Paraphrase: The Son clothed himself in a body
clm-fall-nisibis-at-nisibis	approved	cascade-curator	2026-03-17T12:30:00Z	Upgraded reviewed→approved: probable certainty with direct supports evidence. Confidence set to medium.
clm-fall-nisibis-at-nisibis	reviewed	cascade-curator	2026-03-16T16:00:00Z	Only contextualizing evidence for fall-of-nisibis-363 at nisibis. Excerpt: 'The Church of the East was centered at Seleucia-Ctesiphon and extended through Persia, Mesopotamia (...'
clm-fall-nisibis-at-nisibis	reviewed	cascade-curator	2026-03-16T20:30:00Z	Claim clm-fall-nisibis-at-nisibis (event_occurs_at: fall-of-nisibis-363 → nisibis) has only contextualizing evidence. Certainty probable is appropriate given indirect support.
clm-fall-nisibis-at-nisibis	reviewed	cascade-curator	2026-03-16T23:00:00Z	Reviewed (contextual): event_occurs_at (fall-of-nisibis-363 → nisibis). Certainty probable. Passage psg-wikipedia-church-of-east-spread: 'The Church of the East was centered at Seleucia-Ctesiphon and
clm-fall-nisibis-year	approved	cascade-curator	2026-03-16T20:00:00Z	Passage psg-wikipedia-church-of-east-spread explicitly attests the year for fall-of-nisibis-363. Excerpt: 'The Church of the East was centered at Seleucia-Ctesiphon and extended through Persia, Mesopo
clm-fall-nisibis-year	reviewed	cascade-curator	2026-03-16T16:00:00Z	Year claim for fall-of-nisibis-363 (-) supported only by contextualizing evidence. Passage psg-wikipedia-church-of-east-spread: 'The Church of the East was centered at Seleucia-Ctesiphon and extended through Persia, Mesopotamia (...' Needs direct date attestation.
clm-felix-active-caesarea	approved	cascade-curator	2026-03-16T20:00:00Z	Passage psg-acts-23-26-35 explicitly places felix in caesarea. Excerpt: 'Paraphrase: Claudius Lysias writes to Felix, and Paul is brought under guard to Caesarea for a hearing before the govern'
clm-festus-active-caesarea	approved	cascade-curator	2026-03-16T20:00:00Z	Passage psg-acts-25-1-6 explicitly places festus in caesarea. Excerpt: 'Paraphrase: Festus arrives in the province, goes from Caesarea to Jerusalem, and returns to Caesarea to hear Paul's case'
clm-fire-at-rome	approved	cascade-curator	2026-03-16T20:00:00Z	Passage psg-tacitus-annals-15-38-44 explicitly places great-fire-of-rome at rome. Excerpt: 'Paraphrase: Tacitus narrates the Great Fire of Rome and Nero's punishment of Christians to suppress the rumo
clm-fire-of-rome-year	approved	cascade-curator	2026-03-16T12:00:00Z	Tacitus Annals 15.44 places the fire in the 10th year of Nero (64 CE) and records Christians being blamed. The date is independently confirmed by other ancient sources. The event year is directly attested.
clm-fire-of-rome-year	approved	cascade-curator	2026-03-17T04:00:00Z	Confidence calibrated: high->medium (certainty=probable, pred=event_has_year)
clm-firmilian-affirms-rebaptism	approved	cascade-curator	2026-03-16T20:30:00Z	Third-party source (passage psg-eusebius-he-7-5) reports firmilian-of-caesarea as affirming 'heretic-baptism-is-invalid'. Excerpt: 'Paraphrase: Eusebius notes that Firmilian of Caesarea in Cappadocia
clm-firmilian-affirms-rebaptism	approved	cascade-curator	2026-03-16T22:30:00Z	QA-upgraded: attested claim with explicit direct evidence → approved/high. person_affirms_proposition (firmilian-of-caesarea → heretic-baptism-is-invalid). Passage psg-eusebius-he-7-5: 'Paraphrase: Eu
clm-firmilian-affirms-rebaptism	reviewed	cascade-curator	2026-03-16T16:00:00Z	Passage psg-eusebius-he-7-5 names firmilian-of-caesarea in relation to 'heretic-baptism-is-invalid'. The person_affirms_proposition is attested by passage content. Excerpt: 'Paraphrase: Eusebius notes that Firmilian of Caesarea in Cappadocia strongly supported Cyprian's position and wrote a sh...'
clm-firmilian-affirms-rebaptism	reviewed	cascade-curator	2026-03-16T20:00:00Z	Third-party attestation from passage psg-eusebius-he-7-5: firmilian-of-caesarea is reported as affirming 'heretic-baptism-is-invalid'. Excerpt: 'Paraphrase: Eusebius notes that Firmilian of Caesarea i
clm-firmilian-affirms-succession	approved	cascade-curator	2026-03-17T12:30:00Z	Upgraded reviewed→approved: probable certainty with direct supports evidence. Confidence set to medium.
clm-firmilian-affirms-succession	reviewed	cascade-curator	2026-03-16T22:00:00Z	QA: claim clm-firmilian-affirms-succession (person_affirms_proposition: firmilian-of-caesarea → apostolic-succession-transmits-faith) has no supports evidence but was marked approved/high. Downgraded
clm-firmilian-affirms-succession	reviewed	cascade-curator	2026-03-16T23:00:00Z	"Reviewed (contextual): firmilian-of-caesarea person_affirms_proposition 'apostolic-succession-transmits-faith'. Certainty probable. Passage psg-eusebius-he-6-43: ""Paraphrase: Eusebius preserves a lett"
clm-firmilian-bishop-caesarea-capp	approved	cascade-curator	2026-03-16T16:00:00Z	Passage psg-eusebius-he-7-5 directly attests firmilian-of-caesarea as bishop of caesarea-cappadocia: 'Paraphrase: Eusebius notes that Firmilian of Caesarea in Cappadocia strongly supported Cyprian's position and wrote a sh...'
clm-firmilian-coworker-cyprian	approved	cascade-curator	2026-03-16T16:00:00Z	Passage psg-eusebius-he-7-5 directly names both cyprian-of-carthage and firmilian-of-caesarea working together: 'Paraphrase: Eusebius notes that Firmilian of Caesarea in Cappadocia strongly supported Cyprian's position and wrote a sh...'
clm-firmilian-in-council-256	approved	cascade-curator	2026-03-17T12:30:00Z	Upgraded reviewed→approved: probable certainty with direct supports evidence. Confidence set to medium.
clm-firmilian-in-council-256	reviewed	cascade-curator	2026-03-16T20:30:00Z	Claim clm-firmilian-in-council-256 (participant_in: firmilian-of-caesarea → council-of-carthage-256) has only contextualizing evidence. Certainty probable is appropriate given indirect support.
clm-firmilian-in-council-256	reviewed	cascade-curator	2026-03-16T23:00:00Z	"Reviewed (contextual): firmilian-of-caesarea participant_in council-of-carthage-256. Certainty probable. Passage psg-eusebius-he-6-43: ""Paraphrase: Eusebius preserves a letter of Cornelius of Rome des"
clm-first-corinthians-written-ephesus	approved	cascade-curator	2026-03-16T21:00:00Z	Strong inference from passage psg-1cor-16-8 supports written_at (first-epistle-to-the-corinthians → ephesus). Certainty probable. Excerpt: 'Paraphrase: Paul states that he will remain in Ephesus until
clm-first-corinthians-written-ephesus	reviewed	cascade-curator	2026-03-16T20:00:00Z	first-epistle-to-the-corinthians written at ephesus: biographical consensus supported by passage psg-1cor-16-8. No explicit internal naming of ephesus. Excerpt: 'Paraphrase: Paul states that he will r
clm-first-corinthians-written-ephesus	reviewed	cascade-curator	2026-03-16T20:30:00Z	first-epistle-to-the-corinthians written at ephesus: weak place evidence. Passage psg-1cor-16-8: 'Paraphrase: Paul states that he will remain in Ephesus until Pentecost.'. Certainty probable reflects
clm-first-enoch-judgment	approved	cascade-curator	2026-03-16T20:00:00Z	Passage psg-1enoch-1-9 from first-enoch directly treats proposition 'final-judgment-is-coming'. The work's affirms is attested from its own text. Excerpt: 'Paraphrase: The Lord comes with holy myriads
clm-first-enoch-judgment	approved	cascade-curator	2026-03-17T04:00:00Z	Confidence calibrated: high->medium (certainty=probable, pred=work_affirms_proposition)
clm-first-john-christ	approved	cascade-curator	2026-03-16T20:00:00Z	Passage psg-1john-5-1 from first-epistle-of-john directly treats proposition 'jesus-is-the-christ'. The work's affirms is attested from its own text. Excerpt: 'Paraphrase: Everyone who believes that J
clm-first-peter-addressed-asia	approved	cascade-curator	2026-03-16T20:30:00Z	Passage psg-1pet-1-1 provides strong support for addressed_to_place claim (first-epistle-of-peter → asia). Excerpt: 'Paraphrase: Peter addresses the elect exiles of the dispersion in Pontus, Galatia,
clm-first-peter-addressed-asia	approved	cascade-curator	2026-03-16T22:30:00Z	QA-upgraded: attested claim with explicit direct evidence → approved/high. addressed_to_place (first-epistle-of-peter → asia). Passage psg-1pet-1-1: 'Paraphrase: Peter addresses the elect exiles of th
clm-first-peter-addressed-asia	reviewed	cascade-curator	2026-03-16T20:00:00Z	Passage psg-1pet-1-1 supports addressed_to_place claim for first-epistle-of-peter. Excerpt: 'Paraphrase: Peter addresses the elect exiles of the dispersion in Pontus, Galatia, Cappadocia, Asia,'
clm-first-peter-addressed-bithynia	approved	cascade-curator	2026-03-16T20:30:00Z	Passage psg-1pet-1-1 provides strong support for addressed_to_place claim (first-epistle-of-peter → bithynia). Excerpt: 'Paraphrase: Peter addresses the elect exiles of the dispersion in Pontus, Galat
clm-first-peter-addressed-bithynia	approved	cascade-curator	2026-03-16T22:30:00Z	QA-upgraded: attested claim with explicit direct evidence → approved/high. addressed_to_place (first-epistle-of-peter → bithynia). Passage psg-1pet-1-1: 'Paraphrase: Peter addresses the elect exiles o
clm-first-peter-addressed-bithynia	reviewed	cascade-curator	2026-03-16T20:00:00Z	Passage psg-1pet-1-1 supports addressed_to_place claim for first-epistle-of-peter. Excerpt: 'Paraphrase: Peter addresses the elect exiles of the dispersion in Pontus, Galatia, Cappadocia, Asia,'
clm-first-peter-addressed-cappadocia	approved	cascade-curator	2026-03-16T20:30:00Z	Passage psg-1pet-1-1 provides strong support for addressed_to_place claim (first-epistle-of-peter → cappadocia). Excerpt: 'Paraphrase: Peter addresses the elect exiles of the dispersion in Pontus, Gal
clm-first-peter-addressed-cappadocia	approved	cascade-curator	2026-03-16T22:00:00Z	QA: attested claim with explicit+direct evidence upgraded to approved/high. addressed_to_place (first-epistle-of-peter → cappadocia). Passage psg-1pet-1-1: 'Paraphrase: Peter addresses the elect exile
clm-first-peter-addressed-cappadocia	reviewed	cascade-curator	2026-03-16T20:00:00Z	Passage psg-1pet-1-1 supports addressed_to_place claim for first-epistle-of-peter. Excerpt: 'Paraphrase: Peter addresses the elect exiles of the dispersion in Pontus, Galatia, Cappadocia, Asia,'
clm-first-peter-addressed-galatia	approved	cascade-curator	2026-03-16T20:30:00Z	Passage psg-1pet-1-1 provides strong support for addressed_to_place claim (first-epistle-of-peter → galatia). Excerpt: 'Paraphrase: Peter addresses the elect exiles of the dispersion in Pontus, Galati
clm-first-peter-addressed-galatia	approved	cascade-curator	2026-03-16T22:30:00Z	QA-upgraded: attested claim with explicit direct evidence → approved/high. addressed_to_place (first-epistle-of-peter → galatia). Passage psg-1pet-1-1: 'Paraphrase: Peter addresses the elect exiles of
clm-first-peter-addressed-galatia	reviewed	cascade-curator	2026-03-16T20:00:00Z	Passage psg-1pet-1-1 supports addressed_to_place claim for first-epistle-of-peter. Excerpt: 'Paraphrase: Peter addresses the elect exiles of the dispersion in Pontus, Galatia, Cappadocia, Asia,'
clm-first-peter-addressed-pontus	approved	cascade-curator	2026-03-16T20:30:00Z	Passage psg-1pet-1-1 provides strong support for addressed_to_place claim (first-epistle-of-peter → pontus). Excerpt: 'Paraphrase: Peter addresses the elect exiles of the dispersion in Pontus, Galatia
clm-first-peter-addressed-pontus	approved	cascade-curator	2026-03-16T22:30:00Z	QA-upgraded: attested claim with explicit direct evidence → approved/high. addressed_to_place (first-epistle-of-peter → pontus). Passage psg-1pet-1-1: 'Paraphrase: Peter addresses the elect exiles of
clm-first-peter-addressed-pontus	reviewed	cascade-curator	2026-03-16T20:00:00Z	Passage psg-1pet-1-1 supports addressed_to_place claim for first-epistle-of-peter. Excerpt: 'Paraphrase: Peter addresses the elect exiles of the dispersion in Pontus, Galatia, Cappadocia, Asia,'
clm-first-peter-resurrection	approved	cascade-curator	2026-03-16T20:00:00Z	Passage psg-1pet-1-3 from first-epistle-of-peter directly treats proposition 'jesus-is-proclaimed-as-raised'. The work's affirms is attested from its own text. Excerpt: 'Paraphrase: Peter blesses God
clm-first-thessalonians-addressed-thessalonica	approved	cascade-curator	2026-03-16T20:30:00Z	Passage psg-1thess-1-1 provides strong support for addressed_to_place claim (first-epistle-to-the-thessalonians → thessalonica). Excerpt: 'Paraphrase: Paul, Silvanus, and Timothy address the church of
clm-first-thessalonians-addressed-thessalonica	approved	cascade-curator	2026-03-16T22:30:00Z	QA-upgraded: attested claim with explicit direct evidence → approved/high. addressed_to_place (first-epistle-to-the-thessalonians → thessalonica). Passage psg-1thess-1-1: 'Paraphrase: Paul, Silvanus,
clm-first-thessalonians-addressed-thessalonica	reviewed	cascade-curator	2026-03-16T20:00:00Z	Passage psg-1thess-1-1 supports addressed_to_place claim for first-epistle-to-the-thessalonians. Excerpt: 'Paraphrase: Paul, Silvanus, and Timothy address the church of the Thessalonians in God the Fa
clm-first-thessalonians-resurrection	approved	cascade-curator	2026-03-16T20:00:00Z	Passage psg-1thess-4-14 from first-epistle-to-the-thessalonians directly treats proposition 'jesus-is-proclaimed-as-raised'. The work's affirms is attested from its own text. Excerpt: 'Paraphrase: Pau
clm-followers-john-at-bethany	approved	cascade-curator	2026-03-16T20:00:00Z	Passage psg-john-1-28-34 explicitly places followers-of-john-the-baptist at bethany-beyond-the-jordan. Excerpt: 'Paraphrase: John testifies about Jesus at Bethany beyond the Jordan where he was baptiz
clm-followers-john-at-judea	approved	cascade-curator	2026-03-17T12:30:00Z	Upgraded reviewed→approved: probable certainty with direct supports evidence. Confidence set to medium.
clm-followers-john-at-judea	reviewed	cascade-curator	2026-03-16T20:30:00Z	Claim clm-followers-john-at-judea (group_present_at: followers-of-john-the-baptist → judea) has only contextualizing evidence. Certainty probable is appropriate given indirect support.
clm-followers-john-at-judea	reviewed	cascade-curator	2026-03-16T23:00:00Z	Reviewed (contextual): followers-of-john-the-baptist group_present_at judea. Certainty probable. Passage psg-john-1-28-34: 'Paraphrase: John testifies about Jesus at Bethany beyond the Jordan where he
clm-frumentius-active-tyre	approved	cascade-curator	2026-03-17T12:30:00Z	Upgraded reviewed→approved: probable certainty with direct supports evidence. Confidence set to medium.
clm-frumentius-active-tyre	reviewed	cascade-curator	2026-03-16T16:00:00Z	Only contextualizing evidence for frumentius active in tyre. Excerpt: 'Paraphrase: The Indian philosopher Metrodorus had earlier traveled to farther India and returned tel...'
clm-frumentius-active-tyre	reviewed	cascade-curator	2026-03-16T20:30:00Z	Claim clm-frumentius-active-tyre (active_in: frumentius → tyre) has only contextualizing evidence. Certainty probable is appropriate given indirect support.
clm-frumentius-active-tyre	reviewed	cascade-curator	2026-03-16T23:00:00Z	Reviewed (contextual): frumentius active_in tyre. Certainty probable. No passage directly names frumentius in tyre; inference from passage psg-rufinus-he-1-10: 'Paraphrase: The Indian philosopher Metr
clm-frumentius-affirms-dominion	approved	cascade-curator	2026-03-17T12:30:00Z	Upgraded reviewed→approved: probable certainty with direct supports evidence. Confidence set to medium.
clm-frumentius-affirms-dominion	reviewed	cascade-curator	2026-03-16T16:00:00Z	Only contextualizing evidence for frumentius person_affirms_proposition 'christ-dominion-is-universal'. The person's connection to this proposition needs stronger direct attestation. Excerpt: 'Paraphrase: The Indian philosopher Metrodorus had earlier traveled to farther India and returned tel...'
clm-frumentius-affirms-dominion	reviewed	cascade-curator	2026-03-16T20:30:00Z	Claim clm-frumentius-affirms-dominion (person_affirms_proposition: frumentius → christ-dominion-is-universal) has only contextualizing evidence. Certainty probable is appropriate given indirect suppor
clm-frumentius-affirms-dominion	reviewed	cascade-curator	2026-03-16T23:00:00Z	Reviewed (contextual): frumentius person_affirms_proposition 'christ-dominion-is-universal'. Certainty probable. Passage psg-rufinus-he-1-10: 'Paraphrase: The Indian philosopher Metrodorus had earlier
clm-frumentius-bishop-aksum	approved	cascade-curator	2026-03-16T13:00:00Z	Rufinus HE 1.10 explicitly states Athanasius consecrated Frumentius as bishop for the Aksumite region. This is the primary textual source. Athanasius himself defends this consecration in his Apologia ad Constantium, providing independent corroboration.
clm-frumentius-consecrated-by-athanasius	approved	cascade-curator	2026-03-17T11:30:00Z	Athanasius consecrated Frumentius as first bishop of Axum, traditionally 328 CE or c. 340-346 CE (Britannica, Wikipedia, NewAdvent).
clm-frumentius-consecrated-by-athanasius	needs_revision	cascade-curator	2026-03-17T12:00:00Z	Superseded: duplicate of clm-frumentius-participant-christianization; year range merged to 328-346.
clm-frumentius-member-aksumite	approved	cascade-curator	2026-03-16T16:00:00Z	Passage psg-rufinus-he-1-9 confirms frumentius as member of aksumite-church: 'Paraphrase: A philosopher named Meropius of Tyre sailed to India with two boys Frumentius and Aedesius. The ship was sei...'
clm-frumentius-member-alexandrian	approved	cascade-curator	2026-03-17T12:30:00Z	Upgraded reviewed→approved: probable certainty with direct supports evidence. Confidence set to medium.
clm-frumentius-member-alexandrian	reviewed	cascade-curator	2026-03-16T16:00:00Z	Only contextualizing evidence for frumentius in alexandrian-church. Excerpt: 'Paraphrase: The Indian philosopher Metrodorus had earlier traveled to farther India and returned tel...' Needs stronger direct attestation.
clm-frumentius-member-alexandrian	reviewed	cascade-curator	2026-03-16T20:30:00Z	Claim clm-frumentius-member-alexandrian (member_of_group: frumentius → alexandrian-church) has only contextualizing evidence. Certainty probable is appropriate given indirect support.
clm-frumentius-member-alexandrian	reviewed	cascade-curator	2026-03-16T23:00:00Z	Reviewed (contextual): frumentius member_of_group alexandrian-church. Certainty probable. Passage psg-rufinus-he-1-10: 'Paraphrase: The Indian philosopher Metrodorus had earlier traveled to farther In
clm-frumentius-participant-christianization	approved	cascade-curator	2026-03-16T16:00:00Z	Passage psg-rufinus-he-1-9 directly names frumentius as a participant in christianization-of-aksum: 'Paraphrase: A philosopher named Meropius of Tyre sailed to India with two boys Frumentius and Aedesius. The ship was sei...' Claim is directly attested.
clm-frumentius-teacher-ezana	approved	cascade-curator	2026-03-16T16:00:00Z	Passage psg-rufinus-he-1-9 directly attests frumentius as teacher of ezana-of-aksum: 'Paraphrase: A philosopher named Meropius of Tyre sailed to India with two boys Frumentius and Aedesius. The ship was sei...'
clm-frumentius-teacher-ezana	approved	cascade-curator	2026-03-17T04:00:00Z	Confidence calibrated: high->medium (certainty=probable, pred=teacher_of)
clm-gaius-active-jerusalem	approved	cascade-curator	2026-03-17T04:00:00Z	Confidence calibrated: high->medium (certainty=probable, pred=active_in)
clm-gaius-of-derbe-active-derbe	approved	cascade-curator	2026-03-16T20:00:00Z	Passage psg-acts-20-4 explicitly places gaius-of-derbe in derbe. Excerpt: 'Paraphrase: Sopater of Berea and Aristarchus and Secundus of Thessalonica are named among Paul's companions.'
clm-galatians-by-paul	approved	cascade-curator	2026-03-17T04:30:00Z	Paul explicitly identifies himself as author (Gal 1:1) and Galatians is undisputed in Pauline scholarship.
clm-gallio-active-achaia	approved	cascade-curator	2026-03-16T20:00:00Z	Passage psg-acts-18-12-17 explicitly places gallio in achaia. Excerpt: 'Paraphrase: While Gallio is proconsul of Achaia, Paul is brought before the tribunal in Corinth and Sosthenes is beaten '
clm-gospel-john-by-john	approved	cascade-curator	2026-03-17T09:00:00Z	Irenaeus AH 3.1.1: John the disciple published his Gospel at Ephesus. The identification of the Beloved Disciple with John son of Zebedee is traditional but debated.
clm-gospel-john-christ	approved	cascade-curator	2026-03-16T20:00:00Z	Passage psg-john-20-31 from gospel-of-john directly treats proposition 'jesus-is-the-christ'. The work's affirms is attested from its own text. Excerpt: 'Paraphrase: These things are written so that y
clm-gospel-luke-by-luke	approved	cascade-curator	2026-03-17T09:00:00Z	Irenaeus AH 3.1.1: Luke the companion of Paul wrote the Gospel. The 'we passages' in Acts imply the same author travelled with Paul.
clm-gospel-mark-by-mark	approved	cascade-curator	2026-03-17T09:15:00Z	Papias (apud Eusebius HE 3.39.15): Mark was Peter's interpreter; Irenaeus AH 3.1.1 confirms. Most broadly accepted Gospel attribution.
clm-gospel-matt-by-matthew	approved	cascade-curator	2026-03-17T09:00:00Z	Traditional attribution to Matthew the tax collector/apostle (Papias apud Eusebius HE 3.39.16; Irenaeus AH 3.1.1). Scholarly majority regards as pseudonymous.
clm-great-fire-rome-year	approved	cascade-curator	2026-03-17T16:00:00Z	
clm-gregory-illum-bishop-vagharshapat	approved	cascade-curator	2026-03-17T12:30:00Z	Upgraded reviewed→approved: probable certainty with direct supports evidence. Confidence set to medium.
clm-gregory-illum-bishop-vagharshapat	reviewed	cascade-curator	2026-03-16T20:30:00Z	Claim clm-gregory-illum-bishop-vagharshapat (bishop_of: gregory-the-illuminator → vagharshapat) has only contextualizing evidence. Certainty probable is appropriate given indirect support.
clm-gregory-illum-bishop-vagharshapat	reviewed	cascade-curator	2026-03-16T23:00:00Z	Reviewed (contextual): gregory-the-illuminator bishop_of vagharshapat. Certainty probable. Passage psg-rufinus-he-1-9: 'Paraphrase: A philosopher named Meropius of Tyre sailed to India with two boys F
clm-gregory-naz-participant-const381	approved	cascade-curator	2026-03-17T16:00:00Z	
clm-gregory-thaum-active-caesarea	approved	cascade-curator	2026-03-16T20:00:00Z	Passage psg-gregory-address-6 explicitly places gregory-thaumaturgus in caesarea. Excerpt: 'Paraphrase: Origen led us first through the disciplines of logic, then natural philosophy, then geometry and
clm-gregory-thaum-active-caesarea	reviewed	cascade-curator	2026-03-16T16:00:00Z	Evidence supports gregory-thaumaturgus active_in caesarea. Passage excerpt does not name both explicitly. Excerpt: 'Paraphrase: Origen led us first through the disciplines of logic, then natural philosophy, then geom...'
clm-gregory-thaum-active-neocaesarea	approved	cascade-curator	2026-03-16T20:00:00Z	Passage psg-gregory-address-6 directly names gregory-thaumaturgus as bishop of neocaesarea. Excerpt: 'Paraphrase: Origen led us first through the disciplines of logic, then natural philosophy, then ge
clm-gregory-thaum-active-neocaesarea	reviewed	cascade-curator	2026-03-16T16:00:00Z	Evidence supports gregory-thaumaturgus bishop_of neocaesarea. Excerpt: 'Paraphrase: Origen led us first through the disciplines of logic, then natural philosophy, then geom...'
clm-gregory-thaum-active-pontus	approved	cascade-curator	2026-03-17T04:00:00Z	Confidence calibrated: high->medium (certainty=probable, pred=active_in)
clm-gregory-thaum-member-caesarean	approved	cascade-curator	2026-03-16T20:00:00Z	Passage psg-gregory-address-6 explicitly names gregory-thaumaturgus as member of caesarean-church. Excerpt: 'Paraphrase: Origen led us first through the disciplines of logic, then natural philosophy,
clm-gregory-thaum-member-caesarean	reviewed	cascade-curator	2026-03-16T16:00:00Z	Evidence supports gregory-thaumaturgus member_of_group caesarean-church but excerpt does not explicitly name both entities. Excerpt: 'Paraphrase: Origen led us first through the disciplines of logic, then natural philosophy, then geom...'
clm-group-colossian-church-colossae	approved	cascade-curator	2026-03-16T20:00:00Z	Passage psg-col-1-2 explicitly places colossian-church at colossae. Excerpt: 'Paraphrase: Paul addresses the saints and faithful brothers and sisters in Christ in Colossae.'
clm-group-disciples-achaia	approved	cascade-curator	2026-03-16T20:00:00Z	Passage psg-2cor-1-1 explicitly places disciples-of-jesus at achaia. Excerpt: 'Paraphrase: Paul addresses the church of God in Corinth together with all the saints in the whole of Achaia.'
clm-group-disciples-asia	approved	cascade-curator	2026-03-16T20:00:00Z	Passage psg-1pet-1-1 explicitly places disciples-of-jesus at asia. Excerpt: 'Paraphrase: Peter addresses the elect exiles of the dispersion in Pontus, Galatia, Cappadocia, Asia, and Bithynia.'
clm-group-disciples-athens	approved	cascade-curator	2026-03-16T20:00:00Z	Passage psg-acts-17-32-34 explicitly places disciples-of-jesus at athens. Excerpt: 'Paraphrase: Some mocked Paul's resurrection message in Athens, but others joined him and believed, including Dionysi
clm-group-disciples-bithynia	approved	cascade-curator	2026-03-16T20:00:00Z	Passage psg-1pet-1-1 explicitly places disciples-of-jesus at bithynia. Excerpt: 'Paraphrase: Peter addresses the elect exiles of the dispersion in Pontus, Galatia, Cappadocia, Asia, and Bithynia.'
clm-group-disciples-caesarea	approved	cascade-curator	2026-03-16T20:00:00Z	Passage psg-acts-10-1-48 explicitly places disciples-of-jesus at caesarea. Excerpt: 'Paraphrase: Cornelius of Caesarea sends for Peter, hears the message, and the Holy Spirit falls on Gentiles who are
clm-group-disciples-cappadocia	approved	cascade-curator	2026-03-16T20:00:00Z	Passage psg-1pet-1-1 explicitly places disciples-of-jesus at cappadocia. Excerpt: 'Paraphrase: Peter addresses the elect exiles of the dispersion in Pontus, Galatia, Cappadocia, Asia, and Bithynia.'
clm-group-disciples-crete	approved	cascade-curator	2026-03-16T20:00:00Z	Passage psg-titus-1-5 explicitly places disciples-of-jesus at crete. Excerpt: 'Paraphrase: Paul says that he left Titus in Crete to set in order what remained and appoint elders in every town.'
clm-group-disciples-galatia	approved	cascade-curator	2026-03-16T20:00:00Z	Passage psg-1pet-1-1 explicitly places disciples-of-jesus at galatia. Excerpt: 'Paraphrase: Peter addresses the elect exiles of the dispersion in Pontus, Galatia, Cappadocia, Asia, and Bithynia.'
clm-group-disciples-hierapolis	approved	cascade-curator	2026-03-16T20:00:00Z	Passage psg-col-4-12-13 explicitly places disciples-of-jesus at hierapolis. Excerpt: 'Paraphrase: Epaphras is one of them and labors for Colossae, Laodicea, and Hierapolis.'
clm-group-disciples-hierapolis	approved	cascade-curator	2026-03-17T04:00:00Z	Confidence calibrated: high->medium (certainty=probable, pred=group_present_at)
clm-group-disciples-joppa	approved	cascade-curator	2026-03-16T20:00:00Z	Passage psg-acts-9-32-43 explicitly places disciples-of-jesus at joppa. Excerpt: 'Paraphrase: Peter ministers in the coastal plain and at Joppa, where many turn to the Lord after Tabitha is raised.'
clm-group-disciples-judea	approved	cascade-curator	2026-03-17T04:00:00Z	Confidence calibrated: high->medium (certainty=probable, pred=group_present_at)
clm-group-disciples-paphos	approved	cascade-curator	2026-03-16T20:00:00Z	Passage psg-acts-13-4-12 explicitly places disciples-of-jesus at paphos. Excerpt: 'Paraphrase: Barnabas and Saul sail to Cyprus, proclaim in Salamis, traverse the island to Paphos, and Sergius Paulus
clm-group-disciples-pontus	approved	cascade-curator	2026-03-16T20:00:00Z	Passage psg-1pet-1-1 explicitly places disciples-of-jesus at pontus. Excerpt: 'Paraphrase: Peter addresses the elect exiles of the dispersion in Pontus, Galatia, Cappadocia, Asia, and Bithynia.'
clm-group-disciples-puteoli	approved	cascade-curator	2026-03-16T20:00:00Z	Passage psg-acts-28-1-14 explicitly places disciples-of-jesus at puteoli. Excerpt: 'Paraphrase: Paul is received on Malta and then sails onward by way of Syracuse, Rhegium, and Puteoli toward Rome.'
clm-group-disciples-samaria	approved	cascade-curator	2026-03-16T20:00:00Z	Passage psg-acts-8-5-25 explicitly places disciples-of-jesus at samaria. Excerpt: 'Paraphrase: Philip proclaims Christ in Samaria, many believe, and Peter and John pray for the new Samaritan believers
clm-group-disciples-troas	approved	cascade-curator	2026-03-16T20:00:00Z	Passage psg-acts-20-6-17 explicitly places disciples-of-jesus at troas. Excerpt: 'Paraphrase: Paul stays in Troas, departs by sea, and comes to Miletus where he summons the Ephesian elders.'
clm-group-disciples-troas	approved	cascade-curator	2026-03-17T04:00:00Z	Confidence calibrated: high->medium (certainty=probable, pred=group_present_at)
clm-group-disciples-tyre	approved	cascade-curator	2026-03-16T20:00:00Z	Passage psg-acts-21-3-8 explicitly places disciples-of-jesus at tyre. Excerpt: 'Paraphrase: Paul lands at Tyre, finds disciples there, and continues onward on the journey to Jerusalem.'
clm-group-ephesian-church-ephesus	approved	cascade-curator	2026-03-16T20:00:00Z	Passage psg-acts-19-1-10 explicitly places ephesian-church at ephesus. Excerpt: 'Paraphrase: Paul teaches in Ephesus and the message spreads broadly in the region.'
clm-group-ephesian-church-ephesus	approved	cascade-curator	2026-03-17T04:00:00Z	Confidence calibrated: high->medium (certainty=probable, pred=group_present_at)
clm-group-essenes-judea	approved	cascade-curator	2026-03-16T20:00:00Z	Passage psg-josephus-war-2-119-166 explicitly places essenes at judea. Excerpt: 'Paraphrase: Josephus describes the Pharisees, Sadducees, and Essenes as distinct schools among the Jews and gives an ex
clm-group-essenes-judea	approved	cascade-curator	2026-03-17T04:00:00Z	Confidence calibrated: high->medium (certainty=probable, pred=group_present_at)
clm-group-followers-john-ephesus	approved	cascade-curator	2026-03-16T20:00:00Z	Passage psg-acts-19-1-7 explicitly places followers-of-john-the-baptist at ephesus. Excerpt: 'Paraphrase: Paul meets disciples in Ephesus who knew only John's baptism before they are instructed about
clm-group-herodians-galilee	approved	cascade-curator	2026-03-16T20:00:00Z	Passage psg-mark-3-6 explicitly places herodians at galilee. Excerpt: 'Paraphrase: Pharisees go out and immediately conspire with the Herodians against Jesus after the Sabbath controversy.'
clm-group-herodians-jerusalem	approved	cascade-curator	2026-03-16T20:00:00Z	Passage psg-mark-12-13-17 explicitly places herodians at jerusalem. Excerpt: 'Paraphrase: Pharisees and Herodians question Jesus in Jerusalem about paying taxes to Caesar.'
clm-group-laodicean-church-laodicea	approved	cascade-curator	2026-03-16T20:00:00Z	Passage psg-col-4-16 explicitly places laodicean-church at laodicea. Excerpt: 'Paraphrase: Paul instructs that the letter be read in Laodicea and that the Colossians also read the letter from Laodice'
clm-group-nicolaitans-ephesus	approved	cascade-curator	2026-03-16T20:00:00Z	Passage psg-rev-2-6 explicitly places nicolaitans at ephesus. Excerpt: 'Paraphrase: The Ephesian church is commended for hating the works of the Nicolaitans, which Christ also hates.'
clm-group-nicolaitans-ephesus	approved	cascade-curator	2026-03-17T04:00:00Z	Confidence calibrated: high->medium (certainty=probable, pred=group_present_at)
clm-group-nicolaitans-pergamum	approved	cascade-curator	2026-03-16T20:00:00Z	Passage psg-rev-2-15 explicitly places nicolaitans at pergamum. Excerpt: 'Paraphrase: In Pergamum some hold the teaching of the Nicolaitans.'
clm-group-nicolaitans-pergamum	approved	cascade-curator	2026-03-17T04:00:00Z	Confidence calibrated: high->medium (certainty=probable, pred=group_present_at)
clm-group-pergamum-church-pergamum	approved	cascade-curator	2026-03-16T20:00:00Z	Passage psg-rev-1-11 explicitly places pergamum-church at pergamum. Excerpt: 'Paraphrase: John is told to write in a book and send it to the seven churches in Ephesus, Smyrna, Pergamum, Thyatira, Sa'
clm-group-pharisees-judea	approved	cascade-curator	2026-03-17T04:00:00Z	Confidence calibrated: high->medium (certainty=probable, pred=group_present_at)
clm-group-philadelphia-church-philadelphia-asia	approved	cascade-curator	2026-03-16T20:00:00Z	Passage psg-rev-1-11 explicitly places philadelphia-church at philadelphia-asia. Excerpt: 'Paraphrase: John is told to write in a book and send it to the seven churches in Ephesus, Smyrna, Pergamum, T
clm-group-qumran-community-qumran	approved	cascade-curator	2026-03-16T20:00:00Z	Passage psg-community-rule-5-7-13 explicitly places qumran-community at qumran. Excerpt: 'Paraphrase: Entrants to the community turn from evil and bind themselves to the covenant.'
clm-group-qumran-community-qumran	approved	cascade-curator	2026-03-17T04:00:00Z	Confidence calibrated: high->medium (certainty=probable, pred=group_present_at)
clm-group-roman-church-rome	approved	cascade-curator	2026-03-16T20:00:00Z	Passage psg-rom-16-3-5 explicitly places roman-church at rome. Excerpt: 'Paraphrase: Paul greets Prisca and Aquila and also the church in their house.'
clm-group-roman-empire-corinth	approved	cascade-curator	2026-03-16T20:00:00Z	Passage psg-acts-18-12-17 explicitly places roman-empire at corinth. Excerpt: 'Paraphrase: While Gallio is proconsul of Achaia, Paul is brought before the tribunal in Corinth and Sosthenes is beaten '
clm-group-roman-empire-corinth	approved	cascade-curator	2026-03-17T04:00:00Z	Confidence calibrated: high->medium (certainty=probable, pred=controls_place)
clm-group-roman-empire-philippi	approved	cascade-curator	2026-03-16T20:00:00Z	Passage psg-acts-16-11-15 explicitly places roman-empire at philippi. Excerpt: 'Paraphrase: The mission arrives at Philippi, a Roman colony, and Lydia responds in faith and hospitality.'
clm-group-roman-empire-philippi	approved	cascade-curator	2026-03-17T04:00:00Z	Confidence calibrated: high->medium (certainty=probable, pred=controls_place)
clm-group-sadducees-jerusalem	approved	cascade-curator	2026-03-17T04:00:00Z	Confidence calibrated: high->medium (certainty=probable, pred=group_present_at)
clm-group-samaritans-samaria	approved	cascade-curator	2026-03-16T20:00:00Z	Passage psg-acts-8-5-25 explicitly places samaritans at samaria. Excerpt: 'Paraphrase: Philip proclaims Christ in Samaria, many believe, and Peter and John pray for the new Samaritan believers.'
clm-group-sardis-church-sardis	approved	cascade-curator	2026-03-16T20:00:00Z	Passage psg-rev-1-11 explicitly places sardis-church at sardis. Excerpt: 'Paraphrase: John is told to write in a book and send it to the seven churches in Ephesus, Smyrna, Pergamum, Thyatira, Sa'
clm-group-smyrna-church-smyrna	approved	cascade-curator	2026-03-16T20:00:00Z	Passage psg-rev-1-11 explicitly places smyrna-church at smyrna. Excerpt: 'Paraphrase: John is told to write in a book and send it to the seven churches in Ephesus, Smyrna, Pergamum, Thyatira, Sa'
clm-group-thessalonian-church-thessalonica	approved	cascade-curator	2026-03-16T20:00:00Z	Passage psg-1thess-1-1 explicitly places thessalonian-church at thessalonica. Excerpt: 'Paraphrase: Paul, Silvanus, and Timothy address the church of the Thessalonians in God the Father and the Lord J
clm-group-thyatira-church-thyatira	approved	cascade-curator	2026-03-16T20:00:00Z	Passage psg-rev-1-11 explicitly places thyatira-church at thyatira. Excerpt: 'Paraphrase: John is told to write in a book and send it to the seven churches in Ephesus, Smyrna, Pergamum, Thyatira, Sa'
clm-group-zealots-jerusalem	approved	cascade-curator	2026-03-16T20:00:00Z	Passage psg-josephus-war-4-zealots explicitly places zealots at jerusalem. Excerpt: 'Paraphrase: Josephus portrays the Zealots as a violent faction dominating Jerusalem during the war.'
clm-hah-affirms-free-will	approved	cascade-curator	2026-03-16T20:00:00Z	Passage psg-ephrem-heresies-1 from hymns-against-heresies-ephrem directly treats proposition 'free-will-grounds-moral-responsibility'. The work's affirms is attested from its own text. Excerpt: 'Parap
clm-hah-affirms-free-will	reviewed	cascade-curator	2026-03-16T16:00:00Z	Passage psg-ephrem-heresies-1 from hymns-against-heresies-ephrem supports but the excerpt does not use the exact language of 'free-will-grounds-moral-responsibility'. The proposition is conveyed through the overall context of this passage. Excerpt: 'Paraphrase: Ephrem denounces Bardaisan for mixing truth with error: Bardaisan confessed one God but ...'
clm-hah-affirms-incarnation	approved	cascade-curator	2026-03-16T20:00:00Z	Passage psg-ephrem-heresies-1 from hymns-against-heresies-ephrem directly treats proposition 'christ-truly-became-flesh'. The work's affirms is attested from its own text. Excerpt: 'Paraphrase: Ephrem
clm-hah-affirms-incarnation	approved	cascade-curator	2026-03-17T04:00:00Z	Confidence calibrated: high->medium (certainty=probable, pred=work_affirms_proposition)
clm-hah-affirms-incarnation	reviewed	cascade-curator	2026-03-16T16:00:00Z	Only contextualizing evidence for hymns-against-heresies-ephrem work_affirms_proposition christ-truly-became-flesh. Passage psg-ephrem-heresies-1: 'Paraphrase: Ephrem denounces Bardaisan for mixing truth with error: Bardaisan confessed one God but ...' A more directly relevant passage would strengthen this claim.
clm-hah-affirms-logos	approved	cascade-curator	2026-03-16T20:00:00Z	Passage psg-ephrem-heresies-1 from hymns-against-heresies-ephrem directly treats proposition 'logos-is-pre-existent-son-of-god'. The work's affirms is attested from its own text. Excerpt: 'Paraphrase:
clm-hah-affirms-logos	reviewed	cascade-curator	2026-03-16T16:00:00Z	Passage psg-ephrem-heresies-1 from hymns-against-heresies-ephrem supports but the excerpt does not use the exact language of 'logos-is-pre-existent-son-of-god'. The proposition is conveyed through the overall context of this passage. Excerpt: 'Paraphrase: Ephrem denounces Bardaisan for mixing truth with error: Bardaisan confessed one God but ...'
clm-hah-affirms-ot-authority	approved	cascade-curator	2026-03-16T20:00:00Z	Passage psg-ephrem-heresies-22 from hymns-against-heresies-ephrem directly treats proposition 'old-testament-is-authoritative-scripture'. The work's affirms is attested from its own text. Excerpt: 'Pa
clm-hah-affirms-ot-authority	reviewed	cascade-curator	2026-03-16T16:00:00Z	Passage psg-ephrem-heresies-22 from hymns-against-heresies-ephrem supports but the excerpt does not use the exact language of 'old-testament-is-authoritative-scripture'. The proposition is conveyed through the overall context of this passage. Excerpt: 'Paraphrase: Ephrem refutes Marcion and Mani together: the Creator God is good, not an inferior demiu...'
clm-hah-affirms-passion	approved	cascade-curator	2026-03-16T20:00:00Z	Passage psg-ephrem-heresies-22 from hymns-against-heresies-ephrem directly treats proposition 'christ-truly-suffered-and-died'. The work's affirms is attested from its own text. Excerpt: 'Paraphrase:
clm-hah-affirms-passion	reviewed	cascade-curator	2026-03-16T16:00:00Z	Passage psg-ephrem-heresies-22 from hymns-against-heresies-ephrem supports but the excerpt does not use the exact language of 'christ-truly-suffered-and-died'. The proposition is conveyed through the overall context of this passage. Excerpt: 'Paraphrase: Ephrem refutes Marcion and Mani together: the Creator God is good, not an inferior demiu...'
clm-hah-affirms-resurrection	approved	cascade-curator	2026-03-16T20:00:00Z	Passage psg-ephrem-heresies-22 from hymns-against-heresies-ephrem directly treats proposition 'bodies-will-be-raised-at-last-day'. The work's affirms is attested from its own text. Excerpt: 'Paraphras
clm-hah-affirms-resurrection	reviewed	cascade-curator	2026-03-16T16:00:00Z	Passage psg-ephrem-heresies-22 from hymns-against-heresies-ephrem supports but the excerpt does not use the exact language of 'bodies-will-be-raised-at-last-day'. The proposition is conveyed through the overall context of this passage. Excerpt: 'Paraphrase: Ephrem refutes Marcion and Mani together: the Creator God is good, not an inferior demiu...'
clm-hah-affirms-trinity	approved	cascade-curator	2026-03-16T20:00:00Z	Passage psg-ephrem-heresies-1 from hymns-against-heresies-ephrem directly treats proposition 'trinity-is-three-persons-one-substance'. The work's affirms is attested from its own text. Excerpt: 'Parap
clm-hah-affirms-trinity	approved	cascade-curator	2026-03-17T04:00:00Z	Confidence calibrated: high->medium (certainty=probable, pred=work_affirms_proposition)
clm-hah-affirms-trinity	reviewed	cascade-curator	2026-03-16T16:00:00Z	Passage psg-ephrem-heresies-1 from hymns-against-heresies-ephrem supports but the excerpt does not use the exact language of 'trinity-is-three-persons-one-substance'. The proposition is conveyed through the overall context of this passage. Excerpt: 'Paraphrase: Ephrem denounces Bardaisan for mixing truth with error: Bardaisan confessed one God but ...'
clm-hah-affirms-virgin-birth	approved	cascade-curator	2026-03-16T20:00:00Z	Passage psg-ephrem-heresies-22 from hymns-against-heresies-ephrem directly treats proposition 'jesus-born-of-virgin'. The work's affirms is attested from its own text. Excerpt: 'Paraphrase: Ephrem ref
clm-hah-affirms-virgin-birth	approved	cascade-curator	2026-03-17T04:00:00Z	Confidence calibrated: high->medium (certainty=probable, pred=work_affirms_proposition)
clm-hah-affirms-virgin-birth	reviewed	cascade-curator	2026-03-16T16:00:00Z	Passage psg-ephrem-heresies-22 from hymns-against-heresies-ephrem supports but the excerpt does not use the exact language of 'jesus-born-of-virgin'. The proposition is conveyed through the overall context of this passage. Excerpt: 'Paraphrase: Ephrem refutes Marcion and Mani together: the Creator God is good, not an inferior demiu...'
clm-hebrews-authored-by-paul	approved	cascade-curator	2026-03-17T15:45:00Z	
clm-hebrews-resurrection	approved	cascade-curator	2026-03-16T20:00:00Z	Passage psg-heb-13-20 from epistle-to-the-hebrews directly treats proposition 'jesus-is-proclaimed-as-raised'. The work's affirms is attested from its own text. Excerpt: 'Paraphrase: God brought again
clm-hegesippus-active-antioch	approved	cascade-curator	2026-03-17T12:30:00Z	Upgraded reviewed→approved: probable certainty with direct supports evidence. Confidence set to medium.
clm-hegesippus-active-antioch	reviewed	cascade-curator	2026-03-16T20:30:00Z	Claim clm-hegesippus-active-antioch (active_in: hegesippus → antioch) has only contextualizing evidence. Certainty probable is appropriate given indirect support.
clm-hegesippus-active-antioch	reviewed	cascade-curator	2026-03-16T23:00:00Z	Reviewed (contextual): hegesippus active_in antioch. Certainty probable. No passage directly names hegesippus in antioch; inference from passage psg-eusebius-he-4-23: 'Paraphrase: Eusebius records the
clm-hegesippus-active-corinth	approved	cascade-curator	2026-03-17T04:00:00Z	Confidence calibrated: high->medium (certainty=probable, pred=active_in)
clm-hegesippus-active-jerusalem	approved	cascade-curator	2026-03-17T04:00:00Z	Confidence calibrated: high->medium (certainty=probable, pred=active_in)
clm-hegesippus-active-rome	approved	cascade-curator	2026-03-17T04:00:00Z	Confidence calibrated: high->medium (certainty=probable, pred=active_in)
clm-hegesippus-member-jerusalem-church	approved	cascade-curator	2026-03-17T04:00:00Z	Confidence calibrated: high->medium (certainty=probable, pred=member_of_group)
clm-hegesippus-member-roman-church	approved	cascade-curator	2026-03-16T20:00:00Z	Passage psg-eusebius-he-4-22 explicitly names hegesippus as member of roman-church. Excerpt: 'Hegesippus, in his five Memoirs, states that on a journey to Rome he met many bishops along the way and re
clm-hegesippus-member-roman-church	approved	cascade-curator	2026-03-17T04:00:00Z	Confidence calibrated: high->medium (certainty=probable, pred=member_of_group)
clm-hegesippus-person-affirms-apostolic-succession	approved	cascade-curator	2026-03-16T20:30:00Z	Third-party source (passage psg-eusebius-he-4-22) reports hegesippus as affirming 'apostolic-succession-transmits-faith'. Excerpt: 'Hegesippus, in his five Memoirs, states that on a journey to Rome he
clm-hegesippus-person-affirms-apostolic-succession	reviewed	cascade-curator	2026-03-16T20:00:00Z	Third-party attestation from passage psg-eusebius-he-4-22: hegesippus is reported as affirming 'apostolic-succession-transmits-faith'. Excerpt: 'Hegesippus, in his five Memoirs, states that on a journ
clm-hegesippus-person-affirms-rule-of-faith	approved	cascade-curator	2026-03-16T20:30:00Z	Third-party source (passage psg-eusebius-he-4-22) reports hegesippus as affirming 'rule-of-faith-received-from-apostles'. Excerpt: 'Hegesippus, in his five Memoirs, states that on a journey to Rome he
clm-hegesippus-person-affirms-rule-of-faith	reviewed	cascade-curator	2026-03-16T20:00:00Z	Third-party attestation from passage psg-eusebius-he-4-22: hegesippus is reported as affirming 'rule-of-faith-received-from-apostles'. Excerpt: 'Hegesippus, in his five Memoirs, states that on a journ
clm-heraclas-bishop-of-alexandria	approved	cascade-curator	2026-03-16T16:00:00Z	Passage psg-eusebius-he-6-3 directly attests heraclas as bishop of alexandria: 'Paraphrase: Origen, while still very young, succeeded Clement as head of the Catechetical School in Alexandria; so many ...'
clm-heraclas-member-alexandrian	approved	cascade-curator	2026-03-16T20:00:00Z	Passage psg-eusebius-he-6-3 explicitly names heraclas as member of alexandrian-church. Excerpt: 'Paraphrase: Origen, while still very young, succeeded Clement as head of the Catechetical School in Ale
clm-heraclas-member-alexandrian	reviewed	cascade-curator	2026-03-16T16:00:00Z	Evidence supports heraclas member_of_group alexandrian-church but excerpt does not explicitly name both entities. Excerpt: 'Paraphrase: Origen, while still very young, succeeded Clement as head of the Catechetical School in ...'
clm-heresies-by-ephrem	approved	cascade-curator	2026-03-16T20:00:00Z	Passage psg-ephrem-heresies-1 is drawn from hymns-against-heresies-ephrem itself, directly confirming authorship. Excerpt: 'Paraphrase: Ephrem denounces Bardaisan for mixing truth with error: Bardaisa
clm-heresies-by-ephrem	reviewed	cascade-curator	2026-03-16T16:00:00Z	Only contextualizing evidence for hymns-against-heresies-ephrem authored_by ephrem-the-syrian. Scholarly attribution accepted but not textually attested in the excerpt. Excerpt: 'Paraphrase: Ephrem denounces Bardaisan for mixing truth with error: Bardaisan confessed one God but ...'
clm-heresies-written-edessa	approved	cascade-curator	2026-03-16T16:00:00Z	Passage psg-ephrem-heresies-1 links hymns-against-heresies-ephrem to edessa: 'Paraphrase: Ephrem denounces Bardaisan for mixing truth with error: Bardaisan confessed one God but taught that matter a...'
clm-hermas-active-rome	approved	cascade-curator	2026-03-16T20:00:00Z	Passage psg-rom-16-14 explicitly places hermas in rome. Excerpt: 'Paraphrase: Paul greets Asyncritus, Phlegon, Hermes, Patrobas, Hermas, and the brothers with them.'
clm-hermas-affirms-baptism-regen	approved	cascade-curator	2026-03-17T04:00:00Z	Confidence calibrated: high->medium (certainty=probable, pred=work_affirms_proposition)
clm-hermas-affirms-baptism-water	approved	cascade-curator	2026-03-16T20:00:00Z	Passage psg-hermas-sim-9-16 from shepherd-of-hermas directly treats proposition 'baptism-with-water-commanded'. The work's affirms is attested from its own text. Excerpt: 'These apostles and teachers
clm-hermas-affirms-catechumenate	approved	cascade-curator	2026-03-16T20:00:00Z	Passage psg-hermas-mand-4-3 from shepherd-of-hermas directly treats proposition 'catechumenate-precedes-baptism'. The work's affirms is attested from its own text. Excerpt: 'I have heard from certain
clm-hermas-affirms-catechumenate	approved	cascade-curator	2026-03-17T04:00:00Z	Confidence calibrated: high->medium (certainty=probable, pred=work_affirms_proposition)
clm-hermas-affirms-catechumenate	reviewed	cascade-curator	2026-03-16T16:00:00Z	Only contextualizing evidence for shepherd-of-hermas work_affirms_proposition catechumenate-precedes-baptism. Passage psg-hermas-mand-4-3: 'I have heard from certain teachers that there is no other repentance except that which took place wh...' A more directly relevant passage would strengthen this claim.
clm-hermas-affirms-fasting	approved	cascade-curator	2026-03-16T16:00:00Z	Passage psg-hermas-sim-5-1-1 from shepherd-of-hermas directly addresses the proposition 'fasting-is-required'. Excerpt: 'As I was fasting and sitting on a certain mountain, giving thanks to the Lord for all that He had done to me, I see the Shepherd sitting bes...' The work's affirms of this proposition is directly attested.
clm-hermas-affirms-incarnation	approved	cascade-curator	2026-03-16T16:00:00Z	Passage psg-hermas-sim-5-6-5 from shepherd-of-hermas directly addresses the proposition 'christ-truly-became-flesh'. Excerpt: 'The Holy Spirit which pre-exists and created all creation, God made to dwell in flesh which He willed. This flesh, therefore, in which the H...' The work's affirms of this proposition is directly attested.
clm-hermas-affirms-incarnation	approved	cascade-curator	2026-03-17T01:00:00Z	Evidence reviewed post-linking: work_affirms_proposition (shepherd-of-hermas -> christ-truly-became-flesh), cert=probable. New supports link to passage psg-hermas-sim-5-6-5. Excerpt: 'The Holy Spirit
clm-hermas-affirms-incarnation	approved	cascade-curator	2026-03-17T04:00:00Z	Confidence calibrated: high->medium (certainty=probable, pred=work_affirms_proposition)
clm-hermas-affirms-rule-of-faith	approved	cascade-curator	2026-03-16T20:00:00Z	Passage psg-hermas-mand-1-1 from shepherd-of-hermas directly treats proposition 'rule-of-faith-received-from-apostles'. The work's affirms is attested from its own text. Excerpt: 'First of all, believ
clm-hermas-affirms-rule-of-faith	approved	cascade-curator	2026-03-17T01:00:00Z	Evidence reviewed post-linking: work_affirms_proposition (shepherd-of-hermas -> rule-of-faith-received-from-apostles), cert=probable. New supports link to passage psg-hermas-mand-1-1. Excerpt: 'First
clm-hermas-affirms-rule-of-faith	approved	cascade-curator	2026-03-17T04:00:00Z	Confidence calibrated: high->medium (certainty=probable, pred=work_affirms_proposition)
clm-hermas-affirms-rule-of-faith	reviewed	cascade-curator	2026-03-16T16:00:00Z	Only contextualizing evidence for shepherd-of-hermas work_affirms_proposition rule-of-faith-received-from-apostles. Passage psg-hermas-mand-1-1: 'First of all, believe that God is one, who created all things and set them in order, and brought all...' A more directly relevant passage would strengthen this claim.
clm-hermas-by-hermas-shepherd	approved	cascade-curator	2026-03-16T20:00:00Z	Passage psg-hermas-vis-2-2 is drawn from shepherd-of-hermas itself, directly confirming authorship. Excerpt: 'I obtained mercy because, before I had sinned, I always feared God. There is no repentance
clm-hermas-by-hermas-shepherd	approved	cascade-curator	2026-03-17T04:00:00Z	Confidence calibrated: high->medium (certainty=probable, pred=authored_by)
clm-hermas-roman-church	approved	cascade-curator	2026-03-16T20:00:00Z	Passage psg-rom-16-14 explicitly names hermas as member of roman-church. Excerpt: 'Paraphrase: Paul greets Asyncritus, Phlegon, Hermes, Patrobas, Hermas, and the brothers with them.'
clm-hermas-shepherd-active-rome	approved	cascade-curator	2026-03-17T04:00:00Z	Confidence calibrated: high->medium (certainty=probable, pred=active_in)
clm-hermas-shepherd-member-roman-church	approved	cascade-curator	2026-03-17T04:00:00Z	Confidence calibrated: high->medium (certainty=probable, pred=member_of_group)
clm-hermas-written-rome	approved	cascade-curator	2026-03-17T04:00:00Z	Confidence calibrated: high->medium (certainty=probable, pred=written_at)
clm-hermes-active-rome	approved	cascade-curator	2026-03-16T20:00:00Z	Passage psg-rom-16-14 explicitly places hermes in rome. Excerpt: 'Paraphrase: Paul greets Asyncritus, Phlegon, Hermes, Patrobas, Hermas, and the brothers with them.'
clm-hermes-roman-church	approved	cascade-curator	2026-03-16T20:00:00Z	Passage psg-rom-16-14 explicitly names hermes as member of roman-church. Excerpt: 'Paraphrase: Paul greets Asyncritus, Phlegon, Hermes, Patrobas, Hermas, and the brothers with them.'
clm-herod-agrippa-active-jerusalem	approved	cascade-curator	2026-03-16T20:00:00Z	Passage psg-acts-12-1-3 explicitly places herod-agrippa-i in jerusalem. Excerpt: 'Paraphrase: Herod lays violent hands on members of the church, kills James the brother of John, and arrests Peter in J
clm-herod-agrippa-i-in-herodian-persecution	approved	cascade-curator	2026-03-16T20:00:00Z	Passage psg-acts-12-1-3 explicitly names herod-agrippa-i as participant in herodian-persecution-of-jerusalem-church. Excerpt: 'Paraphrase: Herod lays violent hands on members of the church, kills Jame
clm-herod-agrippa-i-in-herodian-persecution	approved	cascade-curator	2026-03-17T04:00:00Z	Confidence calibrated: high->medium (certainty=probable, pred=participant_in)
clm-herod-antipas-in-john-baptist-martyrdom	approved	cascade-curator	2026-03-16T20:00:00Z	Passage psg-mark-6-17-29 explicitly names herod-antipas as participant in john-the-baptists-martyrdom. Excerpt: 'Paraphrase: Herod imprisons John, orders his death, and John's disciples lay his body i
clm-herodian-persecution-at-jerusalem	approved	cascade-curator	2026-03-16T20:00:00Z	Passage psg-acts-12-1-3 explicitly places herodian-persecution-of-jerusalem-church at jerusalem. Excerpt: 'Paraphrase: Herod lays violent hands on members of the church, kills James the brother of Joh
clm-herodian-persecution-year	approved	cascade-curator	2026-03-16T12:00:00Z	Acts 12:1-3 places Herod Agrippa I's persecution of the Jerusalem church in the same period as James's martyrdom (42-44 CE). Agrippa's death in 44 CE provides a terminus ante quem. Claim is well-supported.
clm-herodian-persecution-year	approved	cascade-curator	2026-03-17T04:00:00Z	Confidence calibrated: high->medium (certainty=probable, pred=event_has_year)
clm-herodians-at-judea	approved	cascade-curator	2026-03-16T20:00:00Z	Passage psg-mark-12-13-17 explicitly places herodians at judea. Excerpt: 'Paraphrase: Pharisees and Herodians question Jesus in Jerusalem about paying taxes to Caesar.'
clm-hippolytus-callistus-schism-at-rome	approved	cascade-curator	2026-03-16T20:00:00Z	Passage psg-hippolytus-ref-9-7 explicitly places hippolytus-callistus-schism at rome. Excerpt: 'Paraphrase: Callistus, having been appointed over the cemetery by Zephyrinus, brought many into his foll
clm-hippolytus-callistus-schism-at-rome	reviewed	cascade-curator	2026-03-16T16:00:00Z	Evidence supports hippolytus-callistus-schism occurs_at rome. Excerpt: 'Paraphrase: Callistus, having been appointed over the cemetery by Zephyrinus, brought many into his ...'
clm-hippolytus-callistus-schism-year	approved	cascade-curator	2026-03-17T12:30:00Z	Upgraded reviewed→approved: probable certainty with direct supports evidence. Confidence set to medium.
clm-hippolytus-callistus-schism-year	reviewed	cascade-curator	2026-03-16T20:30:00Z	Claim clm-hippolytus-callistus-schism-year (event_has_year: hippolytus-callistus-schism → ) has only contextualizing evidence. Certainty probable is appropriate given indirect support.
clm-hippolytus-callistus-schism-year	reviewed	cascade-curator	2026-03-16T23:00:00Z	Reviewed (contextual): hippolytus-callistus-schism event_has_year –. Certainty probable. Passage psg-wikipedia-early-church-geography: 'Early centers of Christianity included Jerusalem, Antioch, Alexa
clm-hippolytus-coworker-pontian	approved	cascade-curator	2026-03-16T16:00:00Z	Passage psg-eusebius-he-6-20-43 directly names both hippolytus-of-rome and pontian working together: 'Paraphrase: Eusebius reports that Hippolytus was a bishop somewhere and that he composed various works. In HE 6.43, Euse...'
clm-hippolytus-in-sardinian-exile	approved	cascade-curator	2026-03-16T16:00:00Z	Passage psg-eusebius-he-6-20-43 directly names hippolytus-of-rome as a participant in sardinian-exile: 'Paraphrase: Eusebius reports that Hippolytus was a bishop somewhere and that he composed various works. In HE 6.43, Euse...' Claim is directly attested.
clm-hippolytus-in-schism	approved	cascade-curator	2026-03-16T20:00:00Z	Passage psg-hippolytus-ref-9-7 explicitly names hippolytus-of-rome as participant in hippolytus-callistus-schism. Excerpt: 'Paraphrase: Callistus, having been appointed over the cemetery by Zephyrinus
clm-hippolytus-in-schism	reviewed	cascade-curator	2026-03-16T16:00:00Z	Passage psg-hippolytus-ref-9-7 supports the claim but does not explicitly name both hippolytus-of-rome and hippolytus-callistus-schism together. Excerpt: 'Paraphrase: Callistus, having been appointed over the cemetery by Zephyrinus, brought many into his ...'
clm-hippolytus-member-roman-church	approved	cascade-curator	2026-03-16T16:00:00Z	Passage psg-eusebius-he-6-20-43 confirms hippolytus-of-rome as member of roman-church: 'Paraphrase: Eusebius reports that Hippolytus was a bishop somewhere and that he composed various works. In HE 6.43, Euse...'
clm-hippolytus-rival-bishop-rome	approved	cascade-curator	2026-03-17T04:00:00Z	Confidence calibrated: high->medium (certainty=probable, pred=bishop_of)
clm-hippolytus-teacher-of-novatian	approved	cascade-curator	2026-03-17T12:30:00Z	Upgraded reviewed→approved: probable certainty with direct supports evidence. Confidence set to medium.
clm-hippolytus-teacher-of-novatian	reviewed	cascade-curator	2026-03-16T20:30:00Z	Claim clm-hippolytus-teacher-of-novatian (teacher_of: hippolytus-of-rome → novatian) has only contextualizing evidence. Certainty probable is appropriate given indirect support.
clm-hippolytus-teacher-of-novatian	reviewed	cascade-curator	2026-03-16T23:00:00Z	Reviewed (contextual): hippolytus-of-rome teacher_of novatian. Certainty probable. Passage psg-hippolytus-ref-9-7: 'Paraphrase: Callistus, having been appointed over the cemetery by Zephyrinus, brough
clm-hof-affirms-baptism-regeneration	approved	cascade-curator	2026-03-16T20:00:00Z	Passage psg-ephrem-faith-18 from hymns-on-faith-ephrem directly treats proposition 'baptism-effects-regeneration'. The work's affirms is attested from its own text. Excerpt: 'Paraphrase: In baptism th
clm-hof-affirms-baptism-regeneration	reviewed	cascade-curator	2026-03-16T16:00:00Z	Passage psg-ephrem-faith-18 from hymns-on-faith-ephrem supports but the excerpt does not use the exact language of 'baptism-effects-regeneration'. The proposition is conveyed through the overall context of this passage. Excerpt: 'Paraphrase: In baptism the believer puts on Christ as a garment of glory; the oil of anointing seals...'
clm-hof-affirms-baptismal-anointing	approved	cascade-curator	2026-03-16T16:00:00Z	Passage psg-ephrem-faith-18 from hymns-on-faith-ephrem directly addresses the proposition 'baptismal-anointing-with-oil'. Excerpt: 'Paraphrase: In baptism the believer puts on Christ as a garment of glory; the oil of anointing seals the gift of the Spirit; the eucharistic...' The work's affirms of this proposition is directly attested.
clm-hof-affirms-eternal-generation	approved	cascade-curator	2026-03-16T20:00:00Z	Passage psg-ephrem-faith-3 from hymns-on-faith-ephrem directly treats proposition 'son-is-eternally-generated'. The work's affirms is attested from its own text. Excerpt: 'Paraphrase: Ephrem explores
clm-hof-affirms-eternal-generation	reviewed	cascade-curator	2026-03-16T16:00:00Z	Passage psg-ephrem-faith-3 from hymns-on-faith-ephrem supports but the excerpt does not use the exact language of 'son-is-eternally-generated'. The proposition is conveyed through the overall context of this passage. Excerpt: 'Paraphrase: Ephrem explores the mystery of the Trinity through paradox: the Father begets the Son wi...'
clm-hof-affirms-eucharist-body-blood	approved	cascade-curator	2026-03-16T16:00:00Z	Passage psg-ephrem-faith-18 from hymns-on-faith-ephrem directly addresses the proposition 'eucharist-is-body-and-blood'. Excerpt: 'Paraphrase: In baptism the believer puts on Christ as a garment of glory; the oil of anointing seals the gift of the Spirit; the eucharistic...' The work's affirms of this proposition is directly attested.
clm-hof-affirms-eucharist-medicine	approved	cascade-curator	2026-03-16T16:00:00Z	Passage psg-ephrem-faith-18 from hymns-on-faith-ephrem directly addresses the proposition 'eucharist-is-medicine-of-immortality'. Excerpt: 'Paraphrase: In baptism the believer puts on Christ as a garment of glory; the oil of anointing seals the gift of the Spirit; the eucharistic...' The work's affirms of this proposition is directly attested.
clm-hof-affirms-free-will	approved	cascade-curator	2026-03-16T20:00:00Z	Passage psg-ephrem-faith-10 from hymns-on-faith-ephrem directly treats proposition 'free-will-grounds-moral-responsibility'. The work's affirms is attested from its own text. Excerpt: 'Paraphrase: The
clm-hof-affirms-free-will	approved	cascade-curator	2026-03-17T04:00:00Z	Confidence calibrated: high->medium (certainty=probable, pred=work_affirms_proposition)
clm-hof-affirms-free-will	reviewed	cascade-curator	2026-03-16T16:00:00Z	Only contextualizing evidence for hymns-on-faith-ephrem work_affirms_proposition free-will-grounds-moral-responsibility. Passage psg-ephrem-faith-10: 'Paraphrase: The Son clothed himself in a body from Mary; he who is invisible became visible; he who ...' A more directly relevant passage would strengthen this claim.
clm-hof-affirms-incarnation	approved	cascade-curator	2026-03-16T16:00:00Z	Passage psg-ephrem-faith-10 from hymns-on-faith-ephrem directly addresses the proposition 'christ-truly-became-flesh'. Excerpt: 'Paraphrase: The Son clothed himself in a body from Mary; he who is invisible became visible; he who fills all things was contained in a womb...' The work's affirms of this proposition is directly attested.
clm-hof-affirms-logos	approved	cascade-curator	2026-03-16T20:00:00Z	Passage psg-ephrem-faith-10 from hymns-on-faith-ephrem directly treats proposition 'logos-is-pre-existent-son-of-god'. The work's affirms is attested from its own text. Excerpt: 'Paraphrase: The Son c
clm-hof-affirms-logos	reviewed	cascade-curator	2026-03-16T16:00:00Z	Passage psg-ephrem-faith-10 from hymns-on-faith-ephrem supports but the excerpt does not use the exact language of 'logos-is-pre-existent-son-of-god'. The proposition is conveyed through the overall context of this passage. Excerpt: 'Paraphrase: The Son clothed himself in a body from Mary; he who is invisible became visible; he who ...'
clm-hof-affirms-passion-reality	approved	cascade-curator	2026-03-16T20:00:00Z	Passage psg-ephrem-faith-18 from hymns-on-faith-ephrem directly treats proposition 'christ-truly-suffered-and-died'. The work's affirms is attested from its own text. Excerpt: 'Paraphrase: In baptism
clm-hof-affirms-passion-reality	reviewed	cascade-curator	2026-03-16T16:00:00Z	Passage psg-ephrem-faith-18 from hymns-on-faith-ephrem supports but the excerpt does not use the exact language of 'christ-truly-suffered-and-died'. The proposition is conveyed through the overall context of this passage. Excerpt: 'Paraphrase: In baptism the believer puts on Christ as a garment of glory; the oil of anointing seals...'
clm-hof-affirms-prayer	approved	cascade-curator	2026-03-16T16:00:00Z	Passage psg-ephrem-faith-3 from hymns-on-faith-ephrem directly addresses the proposition 'prayer-is-offered-without-ceasing'. Excerpt: 'Paraphrase: Ephrem explores the mystery of the Trinity through paradox: the Father begets the Son without division; the Spirit proceeds with...' The work's affirms of this proposition is directly attested.
clm-hof-affirms-prayer	approved	cascade-curator	2026-03-17T04:00:00Z	Confidence calibrated: high->medium (certainty=probable, pred=work_affirms_proposition)
clm-hof-affirms-resurrection	approved	cascade-curator	2026-03-16T20:00:00Z	Passage psg-ephrem-faith-18 from hymns-on-faith-ephrem directly treats proposition 'bodies-will-be-raised-at-last-day'. The work's affirms is attested from its own text. Excerpt: 'Paraphrase: In bapti
clm-hof-affirms-resurrection	approved	cascade-curator	2026-03-17T04:00:00Z	Confidence calibrated: high->medium (certainty=probable, pred=work_affirms_proposition)
clm-hof-affirms-resurrection	reviewed	cascade-curator	2026-03-16T16:00:00Z	Only contextualizing evidence for hymns-on-faith-ephrem work_affirms_proposition bodies-will-be-raised-at-last-day. Passage psg-ephrem-faith-18: 'Paraphrase: In baptism the believer puts on Christ as a garment of glory; the oil of anointing seals...' A more directly relevant passage would strengthen this claim.
clm-hof-affirms-rule-of-faith	approved	cascade-curator	2026-03-16T20:00:00Z	Passage psg-ephrem-faith-3 from hymns-on-faith-ephrem directly treats proposition 'rule-of-faith-received-from-apostles'. The work's affirms is attested from its own text. Excerpt: 'Paraphrase: Ephrem
clm-hof-affirms-rule-of-faith	approved	cascade-curator	2026-03-17T04:00:00Z	Confidence calibrated: high->medium (certainty=probable, pred=work_affirms_proposition)
clm-hof-affirms-rule-of-faith	reviewed	cascade-curator	2026-03-16T16:00:00Z	Passage psg-ephrem-faith-3 from hymns-on-faith-ephrem supports but the excerpt does not use the exact language of 'rule-of-faith-received-from-apostles'. The proposition is conveyed through the overall context of this passage. Excerpt: 'Paraphrase: Ephrem explores the mystery of the Trinity through paradox: the Father begets the Son wi...'
clm-hof-affirms-trinity	approved	cascade-curator	2026-03-16T20:00:00Z	Passage psg-ephrem-faith-3 from hymns-on-faith-ephrem directly treats proposition 'trinity-is-three-persons-one-substance'. The work's affirms is attested from its own text. Excerpt: 'Paraphrase: Ephr
clm-hof-affirms-trinity	reviewed	cascade-curator	2026-03-16T16:00:00Z	Passage psg-ephrem-faith-3 from hymns-on-faith-ephrem supports but the excerpt does not use the exact language of 'trinity-is-three-persons-one-substance'. The proposition is conveyed through the overall context of this passage. Excerpt: 'Paraphrase: Ephrem explores the mystery of the Trinity through paradox: the Father begets the Son wi...'
clm-hof-affirms-virgin-birth	approved	cascade-curator	2026-03-16T20:00:00Z	Passage psg-ephrem-faith-10 from hymns-on-faith-ephrem directly treats proposition 'jesus-born-of-virgin'. The work's affirms is attested from its own text. Excerpt: 'Paraphrase: The Son clothed himse
clm-hof-affirms-virgin-birth	approved	cascade-curator	2026-03-17T04:00:00Z	Confidence calibrated: high->medium (certainty=probable, pred=work_affirms_proposition)
clm-hof-affirms-virgin-birth	reviewed	cascade-curator	2026-03-16T16:00:00Z	Only contextualizing evidence for hymns-on-faith-ephrem work_affirms_proposition jesus-born-of-virgin. Passage psg-ephrem-faith-10: 'Paraphrase: The Son clothed himself in a body from Mary; he who is invisible became visible; he who ...' A more directly relevant passage would strengthen this claim.
clm-homjer-affirms-allegorical	approved	cascade-curator	2026-03-16T16:00:00Z	Passage psg-origen-homjer-16-6 from homilies-on-jeremiah-origen directly addresses the proposition 'allegorical-interpretation-of-scripture'. Excerpt: 'Paraphrase: The Scripture has a body, a soul, and a spirit; the body is the literal meaning which the simple grasp; the soul is the moral ap...' The work's affirms of this proposition is directly attested.
clm-homjer-affirms-baptism-regeneration	approved	cascade-curator	2026-03-16T20:00:00Z	Passage psg-origen-homjer-20-3 from homilies-on-jeremiah-origen directly treats proposition 'baptism-effects-regeneration'. The work's affirms is attested from its own text. Excerpt: 'Paraphrase: God
clm-homjer-affirms-baptism-regeneration	approved	cascade-curator	2026-03-17T04:00:00Z	Confidence calibrated: high->medium (certainty=probable, pred=work_affirms_proposition)
clm-homjer-affirms-baptism-regeneration	reviewed	cascade-curator	2026-03-16T16:00:00Z	Passage psg-origen-homjer-20-3 from homilies-on-jeremiah-origen supports but the excerpt does not use the exact language of 'baptism-effects-regeneration'. The proposition is conveyed through the overall context of this passage. Excerpt: 'Paraphrase: God does not desire the destruction of sinners but their repentance; even after baptism,...'
clm-homjer-affirms-bishop-authority	approved	cascade-curator	2026-03-16T16:00:00Z	Passage psg-origen-homjer-20-3 from homilies-on-jeremiah-origen directly addresses the proposition 'bishops-govern-local-church'. Excerpt: 'Paraphrase: God does not desire the destruction of sinners but their repentance; even after baptism, if a person falls, there remains the ha...' The work's affirms of this proposition is directly attested.
clm-homjer-affirms-bishop-authority	approved	cascade-curator	2026-03-17T04:00:00Z	Confidence calibrated: high->medium (certainty=probable, pred=work_affirms_proposition)
clm-homjer-affirms-eternal-generation	approved	cascade-curator	2026-03-16T20:00:00Z	Passage psg-origen-homjer-16-6 from homilies-on-jeremiah-origen directly treats proposition 'son-is-eternally-generated'. The work's affirms is attested from its own text. Excerpt: 'Paraphrase: The Sc
clm-homjer-affirms-eternal-generation	approved	cascade-curator	2026-03-17T04:00:00Z	Confidence calibrated: high->medium (certainty=probable, pred=work_affirms_proposition)
clm-homjer-affirms-eternal-generation	reviewed	cascade-curator	2026-03-16T16:00:00Z	Only contextualizing evidence for homilies-on-jeremiah-origen work_affirms_proposition son-is-eternally-generated. Passage psg-origen-homjer-16-6: 'Paraphrase: The Scripture has a body, a soul, and a spirit; the body is the literal meaning which th...' A more directly relevant passage would strengthen this claim.
clm-homjer-affirms-free-will	approved	cascade-curator	2026-03-16T20:00:00Z	Passage psg-origen-homjer-20-3 from homilies-on-jeremiah-origen directly treats proposition 'free-will-grounds-moral-responsibility'. The work's affirms is attested from its own text. Excerpt: 'Paraph
clm-homjer-affirms-free-will	approved	cascade-curator	2026-03-17T04:00:00Z	Confidence calibrated: high->medium (certainty=probable, pred=work_affirms_proposition)
clm-homjer-affirms-free-will	reviewed	cascade-curator	2026-03-16T16:00:00Z	Passage psg-origen-homjer-20-3 from homilies-on-jeremiah-origen supports but the excerpt does not use the exact language of 'free-will-grounds-moral-responsibility'. The proposition is conveyed through the overall context of this passage. Excerpt: 'Paraphrase: God does not desire the destruction of sinners but their repentance; even after baptism,...'
clm-homjer-affirms-incarnation	approved	cascade-curator	2026-03-16T20:00:00Z	Passage psg-origen-homjer-16-6 from homilies-on-jeremiah-origen directly treats proposition 'christ-truly-became-flesh'. The work's affirms is attested from its own text. Excerpt: 'Paraphrase: The Scr
clm-homjer-affirms-incarnation	approved	cascade-curator	2026-03-17T04:00:00Z	Confidence calibrated: high->medium (certainty=probable, pred=work_affirms_proposition)
clm-homjer-affirms-incarnation	reviewed	cascade-curator	2026-03-16T16:00:00Z	Only contextualizing evidence for homilies-on-jeremiah-origen work_affirms_proposition christ-truly-became-flesh. Passage psg-origen-homjer-16-6: 'Paraphrase: The Scripture has a body, a soul, and a spirit; the body is the literal meaning which th...' A more directly relevant passage would strengthen this claim.
clm-homjer-affirms-logos	approved	cascade-curator	2026-03-16T20:00:00Z	Passage psg-origen-homjer-16-6 from homilies-on-jeremiah-origen directly treats proposition 'logos-is-pre-existent-son-of-god'. The work's affirms is attested from its own text. Excerpt: 'Paraphrase:
clm-homjer-affirms-logos	approved	cascade-curator	2026-03-17T04:00:00Z	Confidence calibrated: high->medium (certainty=probable, pred=work_affirms_proposition)
clm-homjer-affirms-logos	reviewed	cascade-curator	2026-03-16T16:00:00Z	Only contextualizing evidence for homilies-on-jeremiah-origen work_affirms_proposition logos-is-pre-existent-son-of-god. Passage psg-origen-homjer-16-6: 'Paraphrase: The Scripture has a body, a soul, and a spirit; the body is the literal meaning which th...' A more directly relevant passage would strengthen this claim.
clm-homjer-affirms-ot	approved	cascade-curator	2026-03-16T16:00:00Z	Passage psg-origen-homjer-16-6 from homilies-on-jeremiah-origen directly addresses the proposition 'old-testament-is-authoritative-scripture'. Excerpt: 'Paraphrase: The Scripture has a body, a soul, and a spirit; the body is the literal meaning which the simple grasp; the soul is the moral ap...' The work's affirms of this proposition is directly attested.
clm-homjer-affirms-penance	approved	cascade-curator	2026-03-16T16:00:00Z	Passage psg-origen-homjer-20-3 from homilies-on-jeremiah-origen directly addresses the proposition 'post-baptismal-sin-forgiven-by-penance'. Excerpt: 'Paraphrase: God does not desire the destruction of sinners but their repentance; even after baptism, if a person falls, there remains the ha...' The work's affirms of this proposition is directly attested.
clm-homjer-by-origen	approved	cascade-curator	2026-03-16T20:00:00Z	Passage psg-origen-homjer-16-6 is drawn from homilies-on-jeremiah-origen itself, directly confirming authorship. Excerpt: 'Paraphrase: The Scripture has a body, a soul, and a spirit; the body is the l
clm-homjer-by-origen	reviewed	cascade-curator	2026-03-16T16:00:00Z	Evidence supports homilies-on-jeremiah-origen authored_by origen-of-alexandria; passage psg-origen-homjer-16-6 provides supporting context. Excerpt: 'Paraphrase: The Scripture has a body, a soul, and a spirit; the body is the literal meaning which th...'
clm-homjer-written-at-caesarea	approved	cascade-curator	2026-03-16T16:00:00Z	Passage psg-eusebius-he-6-19 links homilies-on-jeremiah-origen to caesarea: 'Paraphrase: Origen's fame spread throughout the whole world; Beryllus of Bostra, Alexander of Jerusalem, and many other ...'
clm-homjer-written-at-caesarea	approved	cascade-curator	2026-03-17T04:00:00Z	Confidence calibrated: high->medium (certainty=probable, pred=written_at)
clm-homlev-affirms-allegorical	approved	cascade-curator	2026-03-16T20:00:00Z	Passage psg-origen-homlev-5-3 from homilies-on-leviticus-origen directly treats proposition 'allegorical-interpretation-of-scripture'. The work's affirms is attested from its own text. Excerpt: 'Parap
clm-homlev-affirms-allegorical	reviewed	cascade-curator	2026-03-16T16:00:00Z	Passage psg-origen-homlev-5-3 from homilies-on-leviticus-origen supports but the excerpt does not use the exact language of 'allegorical-interpretation-of-scripture'. The proposition is conveyed through the overall context of this passage. Excerpt: 'Paraphrase: The sacrifices of the old law are types and shadows of the true sacrifice which is Chris...'
clm-homlev-affirms-almsgiving	approved	cascade-curator	2026-03-16T16:00:00Z	Passage psg-origen-homlev-8-3 from homilies-on-leviticus-origen directly addresses the proposition 'almsgiving-is-required'. Excerpt: 'Paraphrase: There are various remissions of sins spoken of in Scripture: baptism as the first, martyrdom as the second, almsgiving as the th...' The work's affirms of this proposition is directly attested.
clm-homlev-affirms-almsgiving	approved	cascade-curator	2026-03-17T04:00:00Z	Confidence calibrated: high->medium (certainty=probable, pred=work_affirms_proposition)
clm-homlev-affirms-baptism-regeneration	approved	cascade-curator	2026-03-16T20:00:00Z	Passage psg-origen-homlev-8-3 from homilies-on-leviticus-origen directly treats proposition 'baptism-effects-regeneration'. The work's affirms is attested from its own text. Excerpt: 'Paraphrase: Ther
clm-homlev-affirms-baptism-regeneration	approved	cascade-curator	2026-03-17T04:00:00Z	Confidence calibrated: high->medium (certainty=probable, pred=work_affirms_proposition)
clm-homlev-affirms-baptism-regeneration	reviewed	cascade-curator	2026-03-16T16:00:00Z	Passage psg-origen-homlev-8-3 from homilies-on-leviticus-origen supports but the excerpt does not use the exact language of 'baptism-effects-regeneration'. The proposition is conveyed through the overall context of this passage. Excerpt: 'Paraphrase: There are various remissions of sins spoken of in Scripture: baptism as the first, marty...'
clm-homlev-affirms-celibacy	approved	cascade-curator	2026-03-16T20:00:00Z	Passage psg-origen-homlev-9-10 from homilies-on-leviticus-origen directly treats proposition 'virginity-is-honored-calling'. The work's affirms is attested from its own text. Excerpt: 'Paraphrase: Ord
clm-homlev-affirms-celibacy	approved	cascade-curator	2026-03-17T04:00:00Z	Confidence calibrated: high->medium (certainty=probable, pred=work_affirms_proposition)
clm-homlev-affirms-celibacy	reviewed	cascade-curator	2026-03-16T16:00:00Z	Only contextualizing evidence for homilies-on-leviticus-origen work_affirms_proposition virginity-is-honored-calling. Passage psg-origen-homlev-9-10: 'Paraphrase: Ordination to the priesthood is conferred by the laying on of hands, as Moses laid hands...' A more directly relevant passage would strengthen this claim.
clm-homlev-affirms-eucharist-body-blood	approved	cascade-curator	2026-03-16T20:00:00Z	Passage psg-origen-homlev-5-3 from homilies-on-leviticus-origen directly treats proposition 'eucharist-is-body-and-blood'. The work's affirms is attested from its own text. Excerpt: 'Paraphrase: The s
clm-homlev-affirms-eucharist-body-blood	approved	cascade-curator	2026-03-17T04:00:00Z	Confidence calibrated: high->medium (certainty=probable, pred=work_affirms_proposition)
clm-homlev-affirms-eucharist-body-blood	reviewed	cascade-curator	2026-03-16T16:00:00Z	Passage psg-origen-homlev-5-3 from homilies-on-leviticus-origen supports but the excerpt does not use the exact language of 'eucharist-is-body-and-blood'. The proposition is conveyed through the overall context of this passage. Excerpt: 'Paraphrase: The sacrifices of the old law are types and shadows of the true sacrifice which is Chris...'
clm-homlev-affirms-eucharist-sacrifice	approved	cascade-curator	2026-03-16T16:00:00Z	Passage psg-origen-homlev-5-3 from homilies-on-leviticus-origen directly addresses the proposition 'eucharist-is-sacrifice'. Excerpt: 'Paraphrase: The sacrifices of the old law are types and shadows of the true sacrifice which is Christ; the Levitical priesthood prefigures t...' The work's affirms of this proposition is directly attested.
clm-homlev-affirms-fasting	approved	cascade-curator	2026-03-16T20:00:00Z	Passage psg-origen-homlev-8-3 from homilies-on-leviticus-origen directly treats proposition 'fasting-is-required'. The work's affirms is attested from its own text. Excerpt: 'Paraphrase: There are var
clm-homlev-affirms-fasting	approved	cascade-curator	2026-03-17T04:00:00Z	Confidence calibrated: high->medium (certainty=probable, pred=work_affirms_proposition)
clm-homlev-affirms-fasting	reviewed	cascade-curator	2026-03-16T16:00:00Z	Only contextualizing evidence for homilies-on-leviticus-origen work_affirms_proposition fasting-is-required. Passage psg-origen-homlev-8-3: 'Paraphrase: There are various remissions of sins spoken of in Scripture: baptism as the first, marty...' A more directly relevant passage would strengthen this claim.
clm-homlev-affirms-incarnation	approved	cascade-curator	2026-03-16T20:00:00Z	Passage psg-origen-homlev-5-3 from homilies-on-leviticus-origen directly treats proposition 'christ-truly-became-flesh'. The work's affirms is attested from its own text. Excerpt: 'Paraphrase: The sac
clm-homlev-affirms-incarnation	approved	cascade-curator	2026-03-17T04:00:00Z	Confidence calibrated: high->medium (certainty=probable, pred=work_affirms_proposition)
clm-homlev-affirms-incarnation	reviewed	cascade-curator	2026-03-16T16:00:00Z	Passage psg-origen-homlev-5-3 from homilies-on-leviticus-origen supports but the excerpt does not use the exact language of 'christ-truly-became-flesh'. The proposition is conveyed through the overall context of this passage. Excerpt: 'Paraphrase: The sacrifices of the old law are types and shadows of the true sacrifice which is Chris...'
clm-homlev-affirms-judgment	approved	cascade-curator	2026-03-16T20:00:00Z	Passage psg-origen-homlev-8-3 from homilies-on-leviticus-origen directly treats proposition 'final-judgment-is-coming'. The work's affirms is attested from its own text. Excerpt: 'Paraphrase: There ar
clm-homlev-affirms-judgment	approved	cascade-curator	2026-03-17T04:00:00Z	Confidence calibrated: high->medium (certainty=probable, pred=work_affirms_proposition)
clm-homlev-affirms-judgment	reviewed	cascade-curator	2026-03-16T16:00:00Z	Only contextualizing evidence for homilies-on-leviticus-origen work_affirms_proposition final-judgment-is-coming. Passage psg-origen-homlev-8-3: 'Paraphrase: There are various remissions of sins spoken of in Scripture: baptism as the first, marty...' A more directly relevant passage would strengthen this claim.
clm-homlev-affirms-logos	approved	cascade-curator	2026-03-16T20:00:00Z	Passage psg-origen-homlev-5-3 from homilies-on-leviticus-origen directly treats proposition 'logos-is-pre-existent-son-of-god'. The work's affirms is attested from its own text. Excerpt: 'Paraphrase:
clm-homlev-affirms-logos	approved	cascade-curator	2026-03-17T04:00:00Z	Confidence calibrated: high->medium (certainty=probable, pred=work_affirms_proposition)
clm-homlev-affirms-logos	reviewed	cascade-curator	2026-03-16T16:00:00Z	Passage psg-origen-homlev-5-3 from homilies-on-leviticus-origen supports but the excerpt does not use the exact language of 'logos-is-pre-existent-son-of-god'. The proposition is conveyed through the overall context of this passage. Excerpt: 'Paraphrase: The sacrifices of the old law are types and shadows of the true sacrifice which is Chris...'
clm-homlev-affirms-ordination	approved	cascade-curator	2026-03-16T16:00:00Z	Passage psg-origen-homlev-9-10 from homilies-on-leviticus-origen directly addresses the proposition 'ordination-conferred-by-laying-on-of-hands'. Excerpt: 'Paraphrase: Ordination to the priesthood is conferred by the laying on of hands, as Moses laid hands on Joshua and as the apostles laid hand...' The work's affirms of this proposition is directly attested.
clm-homlev-affirms-ot	approved	cascade-curator	2026-03-16T20:00:00Z	Passage psg-origen-homlev-5-3 from homilies-on-leviticus-origen directly treats proposition 'old-testament-is-authoritative-scripture'. The work's affirms is attested from its own text. Excerpt: 'Para
clm-homlev-affirms-ot	reviewed	cascade-curator	2026-03-16T16:00:00Z	Passage psg-origen-homlev-5-3 from homilies-on-leviticus-origen supports but the excerpt does not use the exact language of 'old-testament-is-authoritative-scripture'. The proposition is conveyed through the overall context of this passage. Excerpt: 'Paraphrase: The sacrifices of the old law are types and shadows of the true sacrifice which is Chris...'
clm-homlev-affirms-penance	approved	cascade-curator	2026-03-16T16:00:00Z	Passage psg-origen-homlev-8-3 from homilies-on-leviticus-origen directly addresses the proposition 'post-baptismal-sin-forgiven-by-penance'. Excerpt: 'Paraphrase: There are various remissions of sins spoken of in Scripture: baptism as the first, martyrdom as the second, almsgiving as the th...' The work's affirms of this proposition is directly attested.
clm-homlev-affirms-threefold-ministry	approved	cascade-curator	2026-03-16T20:00:00Z	Passage psg-origen-homlev-9-10 from homilies-on-leviticus-origen directly treats proposition 'threefold-ministry-required'. The work's affirms is attested from its own text. Excerpt: 'Paraphrase: Ordi
clm-homlev-affirms-threefold-ministry	approved	cascade-curator	2026-03-17T04:00:00Z	Confidence calibrated: high->medium (certainty=probable, pred=work_affirms_proposition)
clm-homlev-affirms-threefold-ministry	reviewed	cascade-curator	2026-03-16T16:00:00Z	Passage psg-origen-homlev-9-10 from homilies-on-leviticus-origen supports but the excerpt does not use the exact language of 'threefold-ministry-required'. The proposition is conveyed through the overall context of this passage. Excerpt: 'Paraphrase: Ordination to the priesthood is conferred by the laying on of hands, as Moses laid hands...'
clm-homlev-affirms-virgin-birth	approved	cascade-curator	2026-03-16T20:00:00Z	Passage psg-origen-homlev-5-3 from homilies-on-leviticus-origen directly treats proposition 'jesus-born-of-virgin'. The work's affirms is attested from its own text. Excerpt: 'Paraphrase: The sacrific
clm-homlev-affirms-virgin-birth	approved	cascade-curator	2026-03-17T04:00:00Z	Confidence calibrated: high->medium (certainty=probable, pred=work_affirms_proposition)
clm-homlev-affirms-virgin-birth	reviewed	cascade-curator	2026-03-16T16:00:00Z	Only contextualizing evidence for homilies-on-leviticus-origen work_affirms_proposition jesus-born-of-virgin. Passage psg-origen-homlev-5-3: 'Paraphrase: The sacrifices of the old law are types and shadows of the true sacrifice which is Chris...' A more directly relevant passage would strengthen this claim.
clm-homlev-by-origen	approved	cascade-curator	2026-03-16T20:00:00Z	Passage psg-origen-homlev-5-3 is drawn from homilies-on-leviticus-origen itself, directly confirming authorship. Excerpt: 'Paraphrase: The sacrifices of the old law are types and shadows of the true s
clm-homlev-by-origen	reviewed	cascade-curator	2026-03-16T16:00:00Z	Evidence supports homilies-on-leviticus-origen authored_by origen-of-alexandria; passage psg-origen-homlev-5-3 provides supporting context. Excerpt: 'Paraphrase: The sacrifices of the old law are types and shadows of the true sacrifice which is Chris...'
clm-homlev-written-at-caesarea	approved	cascade-curator	2026-03-16T16:00:00Z	Passage psg-eusebius-he-6-19 links homilies-on-leviticus-origen to caesarea: 'Paraphrase: Origen's fame spread throughout the whole world; Beryllus of Bostra, Alexander of Jerusalem, and many other ...'
clm-homlev-written-at-caesarea	approved	cascade-curator	2026-03-17T04:00:00Z	Confidence calibrated: high->medium (certainty=probable, pred=written_at)
clm-homluke-affirms-allegorical	approved	cascade-curator	2026-03-16T16:00:00Z	Passage psg-origen-homluke-7 from homilies-on-luke-origen directly addresses the proposition 'allegorical-interpretation-of-scripture'. Excerpt: 'Mary remained a virgin. For it was fitting that he who came into the world to restore purity to human nature should be born of a pure virgin...' The work's affirms of this proposition is directly attested.
clm-homluke-affirms-baptism-regeneration	approved	cascade-curator	2026-03-16T20:00:00Z	Passage psg-origen-homluke-14-3 from homilies-on-luke-origen directly treats proposition 'baptism-effects-regeneration'. The work's affirms is attested from its own text. Excerpt: 'Let us inquire why
clm-homluke-affirms-baptism-regeneration	approved	cascade-curator	2026-03-17T04:00:00Z	Confidence calibrated: high->medium (certainty=probable, pred=work_affirms_proposition)
clm-homluke-affirms-baptism-regeneration	reviewed	cascade-curator	2026-03-16T16:00:00Z	Passage psg-origen-homluke-14-3 from homilies-on-luke-origen supports but the excerpt does not use the exact language of 'baptism-effects-regeneration'. The proposition is conveyed through the overall context of this passage. Excerpt: 'Let us inquire why infants are baptized. If there were nothing in infants which required the remissi...'
clm-homluke-affirms-incarnation	approved	cascade-curator	2026-03-16T20:00:00Z	Passage psg-origen-homluke-7 from homilies-on-luke-origen directly treats proposition 'christ-truly-became-flesh'. The work's affirms is attested from its own text. Excerpt: 'Mary remained a virgin. F
clm-homluke-affirms-incarnation	approved	cascade-curator	2026-03-17T04:00:00Z	Confidence calibrated: high->medium (certainty=probable, pred=work_affirms_proposition)
clm-homluke-affirms-incarnation	reviewed	cascade-curator	2026-03-16T16:00:00Z	Only contextualizing evidence for homilies-on-luke-origen work_affirms_proposition christ-truly-became-flesh. Passage psg-origen-homluke-7: 'Mary remained a virgin. For it was fitting that he who came into the world to restore purity to huma...' A more directly relevant passage would strengthen this claim.
clm-homluke-affirms-infant-baptism	approved	cascade-curator	2026-03-16T16:00:00Z	Passage psg-origen-homluke-14-3 from homilies-on-luke-origen directly addresses the proposition 'infants-and-children-are-baptized'. Excerpt: 'Let us inquire why infants are baptized. If there were nothing in infants which required the remission of sins and the grace of baptism, the...' The work's affirms of this proposition is directly attested.
clm-homluke-affirms-logos	approved	cascade-curator	2026-03-16T20:00:00Z	Passage psg-origen-homluke-7 from homilies-on-luke-origen directly treats proposition 'logos-is-pre-existent-son-of-god'. The work's affirms is attested from its own text. Excerpt: 'Mary remained a vi
clm-homluke-affirms-logos	approved	cascade-curator	2026-03-17T04:00:00Z	Confidence calibrated: high->medium (certainty=probable, pred=work_affirms_proposition)
clm-homluke-affirms-logos	reviewed	cascade-curator	2026-03-16T16:00:00Z	Only contextualizing evidence for homilies-on-luke-origen work_affirms_proposition logos-is-pre-existent-son-of-god. Passage psg-origen-homluke-7: 'Mary remained a virgin. For it was fitting that he who came into the world to restore purity to huma...' A more directly relevant passage would strengthen this claim.
clm-homluke-affirms-ot	approved	cascade-curator	2026-03-16T16:00:00Z	Passage psg-origen-homluke-7 from homilies-on-luke-origen directly addresses the proposition 'old-testament-is-authoritative-scripture'. Excerpt: 'Mary remained a virgin. For it was fitting that he who came into the world to restore purity to human nature should be born of a pure virgin...' The work's affirms of this proposition is directly attested.
clm-homluke-affirms-ot	approved	cascade-curator	2026-03-17T04:00:00Z	Confidence calibrated: high->medium (certainty=probable, pred=work_affirms_proposition)
clm-homluke-affirms-penance	approved	cascade-curator	2026-03-16T20:00:00Z	Passage psg-origen-homluke-14-3 from homilies-on-luke-origen directly treats proposition 'post-baptismal-sin-forgiven-by-penance'. The work's affirms is attested from its own text. Excerpt: 'Let us in
clm-homluke-affirms-penance	approved	cascade-curator	2026-03-17T04:00:00Z	Confidence calibrated: high->medium (certainty=probable, pred=work_affirms_proposition)
clm-homluke-affirms-penance	reviewed	cascade-curator	2026-03-16T16:00:00Z	Only contextualizing evidence for homilies-on-luke-origen work_affirms_proposition post-baptismal-sin-forgiven-by-penance. Passage psg-origen-homluke-14-3: 'Let us inquire why infants are baptized. If there were nothing in infants which required the remissi...' A more directly relevant passage would strengthen this claim.
clm-homluke-affirms-perpetual-virginity	approved	cascade-curator	2026-03-16T20:00:00Z	Passage psg-origen-homluke-7 from homilies-on-luke-origen directly treats proposition 'perpetual-virginity-of-mary'. The work's affirms is attested from its own text. Excerpt: 'Mary remained a virgin.
clm-homluke-affirms-perpetual-virginity	reviewed	cascade-curator	2026-03-16T16:00:00Z	Passage psg-origen-homluke-7 from homilies-on-luke-origen supports but the excerpt does not use the exact language of 'perpetual-virginity-of-mary'. The proposition is conveyed through the overall context of this passage. Excerpt: 'Mary remained a virgin. For it was fitting that he who came into the world to restore purity to huma...'
clm-homluke-affirms-virgin-birth	approved	cascade-curator	2026-03-16T16:00:00Z	Passage psg-origen-homluke-7 from homilies-on-luke-origen directly addresses the proposition 'jesus-born-of-virgin'. Excerpt: 'Mary remained a virgin. For it was fitting that he who came into the world to restore purity to human nature should be born of a pure virgin...' The work's affirms of this proposition is directly attested.
clm-homluke-by-origen	approved	cascade-curator	2026-03-16T20:00:00Z	Passage psg-origen-homluke-14-3 is drawn from homilies-on-luke-origen itself, directly confirming authorship. Excerpt: 'Let us inquire why infants are baptized. If there were nothing in infants which
clm-homluke-by-origen	reviewed	cascade-curator	2026-03-16T16:00:00Z	Evidence supports homilies-on-luke-origen authored_by origen-of-alexandria; passage psg-origen-homluke-14-3 provides supporting context. Excerpt: 'Let us inquire why infants are baptized. If there were nothing in infants which required the remissi...'
clm-homluke-written-at-caesarea	approved	cascade-curator	2026-03-16T16:00:00Z	Passage psg-eusebius-he-6-19 links homilies-on-luke-origen to caesarea: 'Paraphrase: Origen's fame spread throughout the whole world; Beryllus of Bostra, Alexander of Jerusalem, and many other ...'
clm-homluke-written-at-caesarea	approved	cascade-curator	2026-03-17T04:00:00Z	Confidence calibrated: high->medium (certainty=probable, pred=written_at)
clm-hon-affirms-eternal-generation	approved	cascade-curator	2026-03-16T20:00:00Z	Passage psg-ephrem-nativity-1 from hymns-on-nativity-ephrem directly treats proposition 'son-is-eternally-generated'. The work's affirms is attested from its own text. Excerpt: 'Paraphrase: Blessed is
clm-hon-affirms-eternal-generation	approved	cascade-curator	2026-03-17T04:00:00Z	Confidence calibrated: high->medium (certainty=probable, pred=work_affirms_proposition)
clm-hon-affirms-eternal-generation	reviewed	cascade-curator	2026-03-16T12:00:00Z	Hymns on the Nativity (psg-ephrem-nativity-1) affirms the divine nature of Christ through the nativity paradox but does not use explicit 'eternal generation' language. The claim is supported by strong inference from Ephrem's Christological hymns overall.
clm-hon-affirms-incarnation	approved	cascade-curator	2026-03-16T20:00:00Z	Passage psg-ephrem-nativity-1 from hymns-on-nativity-ephrem directly treats proposition 'christ-truly-became-flesh'. The work's affirms is attested from its own text. Excerpt: 'Paraphrase: Blessed is
clm-hon-affirms-incarnation	approved	cascade-curator	2026-03-17T04:00:00Z	Confidence calibrated: high->medium (certainty=probable, pred=work_affirms_proposition)
clm-hon-affirms-incarnation	reviewed	cascade-curator	2026-03-16T16:00:00Z	Only contextualizing evidence for hymns-on-nativity-ephrem work_affirms_proposition christ-truly-became-flesh. Passage psg-ephrem-nativity-1: 'Paraphrase: Blessed is the night in which the Pure One came forth to sinners; the Lord of all entere...' A more directly relevant passage would strengthen this claim.
clm-hon-affirms-logos	approved	cascade-curator	2026-03-16T20:00:00Z	Passage psg-ephrem-nativity-1 from hymns-on-nativity-ephrem directly treats proposition 'logos-is-pre-existent-son-of-god'. The work's affirms is attested from its own text. Excerpt: 'Paraphrase: Bles
clm-hon-affirms-logos	approved	cascade-curator	2026-03-17T04:00:00Z	Confidence calibrated: high->medium (certainty=probable, pred=work_affirms_proposition)
clm-hon-affirms-logos	reviewed	cascade-curator	2026-03-16T16:00:00Z	Only contextualizing evidence for hymns-on-nativity-ephrem work_affirms_proposition logos-is-pre-existent-son-of-god. Passage psg-ephrem-nativity-1: 'Paraphrase: Blessed is the night in which the Pure One came forth to sinners; the Lord of all entere...' A more directly relevant passage would strengthen this claim.
clm-hon-affirms-perpetual-virginity	approved	cascade-curator	2026-03-16T20:00:00Z	Passage psg-ephrem-nativity-11 from hymns-on-nativity-ephrem directly treats proposition 'perpetual-virginity-of-mary'. The work's affirms is attested from its own text. Excerpt: 'Paraphrase: Mary is
clm-hon-affirms-perpetual-virginity	reviewed	cascade-curator	2026-03-16T16:00:00Z	Passage psg-ephrem-nativity-11 from hymns-on-nativity-ephrem supports but the excerpt does not use the exact language of 'perpetual-virginity-of-mary'. The proposition is conveyed through the overall context of this passage. Excerpt: 'Paraphrase: Mary is the new Eve: as Eve brought death through the tree, Mary brought life through he...'
clm-hon-affirms-resurrection	approved	cascade-curator	2026-03-16T20:00:00Z	Passage psg-ephrem-nativity-11 from hymns-on-nativity-ephrem directly treats proposition 'bodies-will-be-raised-at-last-day'. The work's affirms is attested from its own text. Excerpt: 'Paraphrase: Ma
clm-hon-affirms-resurrection	approved	cascade-curator	2026-03-17T04:00:00Z	Confidence calibrated: high->medium (certainty=probable, pred=work_affirms_proposition)
clm-hon-affirms-resurrection	reviewed	cascade-curator	2026-03-16T12:00:00Z	Hymns on the Nativity (psg-ephrem-nativity-11) describes the coming of Christ and the hope of renewal; 'resurrection' is implied in the eschatological framework but the passage does not explicitly state the resurrection of the body. Evidence is strong inference, not explicit statement.
clm-hon-affirms-virgin-birth	approved	cascade-curator	2026-03-16T20:00:00Z	Passage psg-ephrem-nativity-1 from hymns-on-nativity-ephrem directly treats proposition 'jesus-born-of-virgin'. The work's affirms is attested from its own text. Excerpt: 'Paraphrase: Blessed is the n
clm-hon-affirms-virgin-birth	approved	cascade-curator	2026-03-17T04:00:00Z	Confidence calibrated: high->medium (certainty=probable, pred=work_affirms_proposition)
clm-hon-affirms-virgin-birth	reviewed	cascade-curator	2026-03-16T16:00:00Z	Only contextualizing evidence for hymns-on-nativity-ephrem work_affirms_proposition jesus-born-of-virgin. Passage psg-ephrem-nativity-1: 'Paraphrase: Blessed is the night in which the Pure One came forth to sinners; the Lord of all entere...' A more directly relevant passage would strengthen this claim.
clm-hop-affirms-baptism-regeneration	approved	cascade-curator	2026-03-16T20:00:00Z	Passage psg-ephrem-paradise-1 from hymns-on-paradise-ephrem directly treats proposition 'baptism-effects-regeneration'. The work's affirms is attested from its own text. Excerpt: 'Paraphrase: Paradise
clm-hop-affirms-baptism-regeneration	reviewed	cascade-curator	2026-03-16T16:00:00Z	Passage psg-ephrem-paradise-1 from hymns-on-paradise-ephrem supports but the excerpt does not use the exact language of 'baptism-effects-regeneration'. The proposition is conveyed through the overall context of this passage. Excerpt: 'Paraphrase: Paradise is a great mountain rising above all the earth; at its summit dwells the Tree o...'
clm-hop-affirms-eucharist-medicine	approved	cascade-curator	2026-03-16T16:00:00Z	Passage psg-ephrem-paradise-6 from hymns-on-paradise-ephrem directly addresses the proposition 'eucharist-is-medicine-of-immortality'. Excerpt: 'Paraphrase: The Tree of Life stands veiled in glory; its fruit gives immortality; in the eucharist the faithful taste the fruit of that tree...' The work's affirms of this proposition is directly attested.
clm-hop-affirms-incarnation	approved	cascade-curator	2026-03-16T20:00:00Z	Passage psg-ephrem-paradise-1 from hymns-on-paradise-ephrem directly treats proposition 'christ-truly-became-flesh'. The work's affirms is attested from its own text. Excerpt: 'Paraphrase: Paradise is
clm-hop-affirms-incarnation	approved	cascade-curator	2026-03-17T04:00:00Z	Confidence calibrated: high->medium (certainty=probable, pred=work_affirms_proposition)
clm-hop-affirms-incarnation	reviewed	cascade-curator	2026-03-16T16:00:00Z	Only contextualizing evidence for hymns-on-paradise-ephrem work_affirms_proposition christ-truly-became-flesh. Passage psg-ephrem-paradise-1: 'Paraphrase: Paradise is a great mountain rising above all the earth; at its summit dwells the Tree o...' A more directly relevant passage would strengthen this claim.
clm-hop-affirms-judgment	approved	cascade-curator	2026-03-16T20:00:00Z	Passage psg-ephrem-paradise-6 from hymns-on-paradise-ephrem directly treats proposition 'final-judgment-is-coming'. The work's affirms is attested from its own text. Excerpt: 'Paraphrase: The Tree of
clm-hop-affirms-judgment	approved	cascade-curator	2026-03-17T04:00:00Z	Confidence calibrated: high->medium (certainty=probable, pred=work_affirms_proposition)
clm-hop-affirms-judgment	reviewed	cascade-curator	2026-03-16T16:00:00Z	Only contextualizing evidence for hymns-on-paradise-ephrem work_affirms_proposition final-judgment-is-coming. Passage psg-ephrem-paradise-6: 'Paraphrase: The Tree of Life stands veiled in glory; its fruit gives immortality; in the eucharist t...' A more directly relevant passage would strengthen this claim.
clm-hop-affirms-resurrection	approved	cascade-curator	2026-03-16T20:00:00Z	Passage psg-ephrem-paradise-6 from hymns-on-paradise-ephrem directly treats proposition 'bodies-will-be-raised-at-last-day'. The work's affirms is attested from its own text. Excerpt: 'Paraphrase: The
clm-hop-affirms-resurrection	approved	cascade-curator	2026-03-17T04:00:00Z	Confidence calibrated: high->medium (certainty=probable, pred=work_affirms_proposition)
clm-hop-affirms-resurrection	reviewed	cascade-curator	2026-03-16T16:00:00Z	Only contextualizing evidence for hymns-on-paradise-ephrem work_affirms_proposition bodies-will-be-raised-at-last-day. Passage psg-ephrem-paradise-6: 'Paraphrase: The Tree of Life stands veiled in glory; its fruit gives immortality; in the eucharist t...' A more directly relevant passage would strengthen this claim.
clm-ignatius-active-ephesus-route	approved	cascade-curator	2026-03-16T20:00:00Z	Passage psg-ignatius-eph-13 explicitly places ignatius-of-antioch in ephesus. Excerpt: 'Take heed, then, often to come together to give thanks to God and show forth His praise. For when you assemble f
clm-ignatius-active-ephesus-route	approved	cascade-curator	2026-03-17T04:00:00Z	Confidence calibrated: high->medium (certainty=probable, pred=active_in)
clm-ignatius-active-smyrna	approved	cascade-curator	2026-03-17T04:00:00Z	Confidence calibrated: high->medium (certainty=probable, pred=active_in)
clm-ignatius-active-troas	approved	cascade-curator	2026-03-16T20:00:00Z	Passage psg-ignatius-phil-4 explicitly places ignatius-of-antioch in troas. Excerpt: 'Be careful therefore to have but one Eucharist. For there is one flesh of our Lord Jesus Christ and one cup to the
clm-ignatius-active-troas	approved	cascade-curator	2026-03-17T04:00:00Z	Confidence calibrated: high->medium (certainty=probable, pred=active_in)
clm-ignatius-affirms-baptism-regen	approved	cascade-curator	2026-03-17T04:00:00Z	Confidence calibrated: high->medium (certainty=probable, pred=work_affirms_proposition)
clm-ignatius-affirms-bodily-resurrection	approved	cascade-curator	2026-03-16T20:00:00Z	Passage psg-ignatius-smyrn-1 from epistles-of-ignatius directly treats proposition 'bodies-will-be-raised-at-last-day'. The work's affirms is attested from its own text. Excerpt: 'Paraphrase: Ignatius
clm-ignatius-affirms-episcopal-chair	approved	cascade-curator	2026-03-16T20:00:00Z	Passage psg-ignatius-smyrn-8 from epistles-of-ignatius directly treats proposition 'bishop-succession-guarantees-apostolic-faith'. The work's affirms is attested from its own text. Excerpt: 'See that
clm-ignatius-affirms-episcopal-unity	approved	cascade-curator	2026-03-17T04:00:00Z	Confidence calibrated: high->medium (certainty=probable, pred=person_affirms_proposition)
clm-ignatius-affirms-fasting	approved	cascade-curator	2026-03-16T20:00:00Z	Passage psg-ignatius-smyrn-1 from epistles-of-ignatius directly treats proposition 'fasting-is-required'. The work's affirms is attested from its own text. Excerpt: 'Paraphrase: Ignatius confesses tha
clm-ignatius-affirms-fasting	approved	cascade-curator	2026-03-17T04:00:00Z	Confidence calibrated: high->medium (certainty=probable, pred=work_affirms_proposition)
clm-ignatius-affirms-fasting	reviewed	cascade-curator	2026-03-16T16:00:00Z	Passage psg-ignatius-smyrn-1 from epistles-of-ignatius supports but the excerpt does not use the exact language of 'fasting-is-required'. The proposition is conveyed through the overall context of this passage. Excerpt: 'Paraphrase: Ignatius confesses that Christ was truly of the seed of David, truly born of a virgin, b...'
clm-ignatius-affirms-incarnation	approved	cascade-curator	2026-03-16T20:00:00Z	Passage psg-ignatius-eph-7 from epistles-of-ignatius directly treats proposition 'christ-truly-became-flesh'. The work's affirms is attested from its own text. Excerpt: 'There is one Physician who is
clm-ignatius-affirms-judgment	approved	cascade-curator	2026-03-16T20:00:00Z	Passage psg-ignatius-eph-13 from epistles-of-ignatius directly treats proposition 'final-judgment-is-coming'. The work's affirms is attested from its own text. Excerpt: 'Take heed, then, often to come
clm-ignatius-affirms-judgment	approved	cascade-curator	2026-03-17T04:00:00Z	Confidence calibrated: high->medium (certainty=probable, pred=work_affirms_proposition)
clm-ignatius-affirms-judgment	reviewed	cascade-curator	2026-03-16T16:00:00Z	Only contextualizing evidence for epistles-of-ignatius work_affirms_proposition final-judgment-is-coming. Passage psg-ignatius-eph-13: 'Take heed, then, often to come together to give thanks to God and show forth His praise. For when yo...' A more directly relevant passage would strengthen this claim.
clm-ignatius-affirms-logos	approved	cascade-curator	2026-03-16T20:00:00Z	Passage psg-ignatius-eph-7 from epistles-of-ignatius directly treats proposition 'logos-is-pre-existent-son-of-god'. The work's affirms is attested from its own text. Excerpt: 'There is one Physician
clm-ignatius-affirms-martyrdom-witness	approved	cascade-curator	2026-03-17T04:00:00Z	Confidence calibrated: high->medium (certainty=probable, pred=work_affirms_proposition)
clm-ignatius-affirms-ordination	approved	cascade-curator	2026-03-16T20:00:00Z	Passage psg-ignatius-eph-13 from epistles-of-ignatius directly treats proposition 'ordination-conferred-by-laying-on-of-hands'. The work's affirms is attested from its own text. Excerpt: 'Take heed, t
clm-ignatius-affirms-ordination	approved	cascade-curator	2026-03-17T04:00:00Z	Confidence calibrated: high->medium (certainty=probable, pred=work_affirms_proposition)
clm-ignatius-affirms-ordination	reviewed	cascade-curator	2026-03-16T16:00:00Z	Only contextualizing evidence for epistles-of-ignatius work_affirms_proposition ordination-conferred-by-laying-on-of-hands. Passage psg-ignatius-eph-13: 'Take heed, then, often to come together to give thanks to God and show forth His praise. For when yo...' A more directly relevant passage would strengthen this claim.
clm-ignatius-affirms-ot-scripture	approved	cascade-curator	2026-03-16T20:00:00Z	Passage psg-ignatius-eph-13 from epistles-of-ignatius directly treats proposition 'old-testament-is-authoritative-scripture'. The work's affirms is attested from its own text. Excerpt: 'Take heed, the
clm-ignatius-affirms-ot-scripture	approved	cascade-curator	2026-03-17T04:00:00Z	Confidence calibrated: high->medium (certainty=probable, pred=work_affirms_proposition)
clm-ignatius-affirms-ot-scripture	reviewed	cascade-curator	2026-03-16T16:00:00Z	Only contextualizing evidence for epistles-of-ignatius work_affirms_proposition old-testament-is-authoritative-scripture. Passage psg-ignatius-eph-13: 'Take heed, then, often to come together to give thanks to God and show forth His praise. For when yo...' A more directly relevant passage would strengthen this claim.
clm-ignatius-affirms-repentance	approved	cascade-curator	2026-03-16T20:00:00Z	Passage psg-ignatius-eph-13 from epistles-of-ignatius directly treats proposition 'repentance-is-required'. The work's affirms is attested from its own text. Excerpt: 'Take heed, then, often to come t
clm-ignatius-affirms-repentance	approved	cascade-curator	2026-03-17T04:00:00Z	Confidence calibrated: high->medium (certainty=probable, pred=work_affirms_proposition)
clm-ignatius-affirms-repentance	reviewed	cascade-curator	2026-03-16T16:00:00Z	Only contextualizing evidence for epistles-of-ignatius work_affirms_proposition repentance-is-required. Passage psg-ignatius-eph-13: 'Take heed, then, often to come together to give thanks to God and show forth His praise. For when yo...' A more directly relevant passage would strengthen this claim.
clm-ignatius-affirms-rule-of-faith	approved	cascade-curator	2026-03-16T20:00:00Z	Passage psg-ignatius-magn-13 from epistles-of-ignatius directly treats proposition 'rule-of-faith-received-from-apostles'. The work's affirms is attested from its own text. Excerpt: 'Study to be estab
clm-ignatius-affirms-succession	approved	cascade-curator	2026-03-17T04:00:00Z	Confidence calibrated: high->medium (certainty=probable, pred=work_affirms_proposition)
clm-ignatius-bishop-antioch	approved	cascade-curator	2026-03-16T12:00:00Z	Eusebius HE 3.36 explicitly identifies Ignatius as bishop of Antioch; Ignatius himself refers to his church multiple times. Uncontested in scholarship.
clm-ignatius-bishop-antioch	approved	cascade-curator	2026-03-16T13:00:00Z	Already reviewed. Eusebius HE 3.36 and the letters themselves confirm Ignatius as bishop of Antioch.
clm-ignatius-bishop-antioch	approved	cascade-curator	2026-03-17T04:00:00Z	Confidence calibrated: high->medium (certainty=probable, pred=bishop_of)
clm-ignatius-bishop-eucharist	approved	cascade-curator	2026-03-17T01:00:00Z	Evidence reviewed post-linking: work_affirms_proposition (epistles-of-ignatius -> bishop-authority-over-eucharist), cert=attested. New supports link to passage psg-ignatius-smyrn-8. Excerpt: 'See that
clm-ignatius-coworker-polycarp	approved	cascade-curator	2026-03-17T04:00:00Z	Confidence calibrated: high->medium (certainty=probable, pred=coworker_of)
clm-ignatius-martyrdom-year	approved	cascade-curator	2026-03-16T20:30:00Z	Year for ignatius-martyrdom: – CE well-supported by passage psg-eusebius-he-3-36. Certainty probable. Excerpt: 'Paraphrase: Eusebius records Ignatius as bishop of Antioch after Peter, transported to R
clm-ignatius-martyrdom-year	reviewed	cascade-curator	2026-03-16T20:00:00Z	Year for ignatius-martyrdom supported by passage psg-eusebius-he-3-36. Excerpt: 'Paraphrase: Eusebius records Ignatius as bishop of Antioch after Peter, transported to Rome for mart'
clm-ignatius-member-antioch-church	approved	cascade-curator	2026-03-17T04:00:00Z	Confidence calibrated: high->medium (certainty=probable, pred=member_of_group)
clm-ignatius-member-smyrna-route	approved	cascade-curator	2026-03-17T04:00:00Z	Confidence calibrated: high->medium (certainty=probable, pred=member_of_group)
clm-irenaeus-active-lyons	approved	cascade-curator	2026-03-17T04:00:00Z	Confidence calibrated: high->medium (certainty=probable, pred=active_in)
clm-irenaeus-active-rome	approved	cascade-curator	2026-03-16T20:00:00Z	Passage psg-irenaeus-ah-3-3-2 explicitly places irenaeus-of-lyons in rome. Excerpt: 'Paraphrase: The tradition derived from the apostles of the very great, very ancient, universally known Church found
clm-irenaeus-active-rome	approved	cascade-curator	2026-03-17T04:00:00Z	Confidence calibrated: high->medium (certainty=probable, pred=active_in)
clm-irenaeus-active-smyrna	approved	cascade-curator	2026-03-17T04:00:00Z	Confidence calibrated: high->medium (certainty=probable, pred=active_in)
clm-irenaeus-ah-affirms-apostolic-succession	approved	cascade-curator	2026-03-17T01:00:00Z	Evidence reviewed post-linking: work_affirms_proposition (against-heresies -> apostolic-succession-transmits-faith), cert=attested. New supports link to passage psg-irenaeus-ah-3-1-1. Excerpt: 'Paraph
clm-irenaeus-ah-affirms-baptism-regen	approved	cascade-curator	2026-03-16T20:00:00Z	Passage psg-irenaeus-ah-3-17-2 from against-heresies directly treats proposition 'baptism-effects-regeneration'. The work's affirms is attested from its own text. Excerpt: 'This Spirit did descend upo
clm-irenaeus-ah-affirms-baptism-regen	approved	cascade-curator	2026-03-17T04:00:00Z	Confidence calibrated: high->medium (certainty=probable, pred=work_affirms_proposition)
clm-irenaeus-ah-affirms-continual-prayer	approved	cascade-curator	2026-03-16T20:00:00Z	Passage psg-irenaeus-ah-4-18-1 from against-heresies directly treats proposition 'prayer-is-offered-without-ceasing'. The work's affirms is attested from its own text. Excerpt: 'Paraphrase: The oblati
clm-irenaeus-ah-affirms-continual-prayer	approved	cascade-curator	2026-03-17T04:00:00Z	Confidence calibrated: high->medium (certainty=probable, pred=work_affirms_proposition)
clm-irenaeus-ah-affirms-continual-prayer	reviewed	cascade-curator	2026-03-16T16:00:00Z	Only contextualizing evidence for against-heresies work_affirms_proposition prayer-is-offered-without-ceasing. Passage psg-irenaeus-ah-4-18-1: 'Paraphrase: The oblation of the Church is accounted a pure sacrifice acceptable to God throughout al...' A more directly relevant passage would strengthen this claim.
clm-irenaeus-ah-affirms-episcopal-chair	approved	cascade-curator	2026-03-16T20:00:00Z	Passage psg-irenaeus-ah-3-3-1 from against-heresies directly treats proposition 'bishop-succession-guarantees-apostolic-faith'. The work's affirms is attested from its own text. Excerpt: 'Paraphrase:
clm-irenaeus-ah-affirms-eucharist-sacrifice	approved	cascade-curator	2026-03-16T20:00:00Z	Passage psg-irenaeus-ah-4-18-1 from against-heresies directly treats proposition 'eucharist-is-sacrifice'. The work's affirms is attested from its own text. Excerpt: 'Paraphrase: The oblation of the C
clm-irenaeus-ah-affirms-eucharist-sunday	approved	cascade-curator	2026-03-16T20:00:00Z	Passage psg-irenaeus-ah-4-18-1 from against-heresies directly treats proposition 'eucharist-offered-on-sunday'. The work's affirms is attested from its own text. Excerpt: 'Paraphrase: The oblation of
clm-irenaeus-ah-affirms-eucharist-sunday	approved	cascade-curator	2026-03-17T04:00:00Z	Confidence calibrated: high->medium (certainty=probable, pred=work_affirms_proposition)
clm-irenaeus-ah-affirms-eucharist-sunday	reviewed	cascade-curator	2026-03-16T16:00:00Z	Only contextualizing evidence for against-heresies work_affirms_proposition eucharist-offered-on-sunday. Passage psg-irenaeus-ah-4-18-1: 'Paraphrase: The oblation of the Church is accounted a pure sacrifice acceptable to God throughout al...' A more directly relevant passage would strengthen this claim.
clm-irenaeus-ah-affirms-fasting	approved	cascade-curator	2026-03-16T20:00:00Z	Passage psg-irenaeus-ah-3-4-1 from against-heresies directly treats proposition 'fasting-is-required'. The work's affirms is attested from its own text. Excerpt: 'Paraphrase: The apostles lodged in th
clm-irenaeus-ah-affirms-fasting	approved	cascade-curator	2026-03-17T04:00:00Z	Confidence calibrated: high->medium (certainty=probable, pred=work_affirms_proposition)
clm-irenaeus-ah-affirms-fasting	reviewed	cascade-curator	2026-03-16T16:00:00Z	Only contextualizing evidence for against-heresies work_affirms_proposition fasting-is-required. Passage psg-irenaeus-ah-3-4-1: 'Paraphrase: The apostles lodged in the Church all things pertaining to truth as in a rich bank; she ...' A more directly relevant passage would strengthen this claim.
clm-irenaeus-ah-affirms-frequent-eucharist	approved	cascade-curator	2026-03-16T20:00:00Z	Passage psg-irenaeus-ah-4-33-7 from against-heresies directly treats proposition 'frequent-eucharistic-assembly'. The work's affirms is attested from its own text. Excerpt: 'For in the Church God has
clm-irenaeus-ah-affirms-frequent-eucharist	approved	cascade-curator	2026-03-17T04:00:00Z	Confidence calibrated: high->medium (certainty=probable, pred=work_affirms_proposition)
clm-irenaeus-ah-affirms-incarnation	approved	cascade-curator	2026-03-17T04:00:00Z	Confidence calibrated: high->medium (certainty=probable, pred=work_affirms_proposition)
clm-irenaeus-ah-affirms-infant-baptism	approved	cascade-curator	2026-03-16T20:00:00Z	Passage psg-irenaeus-ah-2-22-4 from against-heresies directly treats proposition 'infants-and-children-are-baptized'. The work's affirms is attested from its own text. Excerpt: 'He came to save all th
clm-irenaeus-ah-affirms-malachi-eucharist	approved	cascade-curator	2026-03-16T20:00:00Z	Passage psg-irenaeus-ah-4-18-1 from against-heresies directly treats proposition 'eucharist-fulfills-malachi-pure-offering'. The work's affirms is attested from its own text. Excerpt: 'Paraphrase: The
clm-irenaeus-ah-affirms-martyrdom-witness	approved	cascade-curator	2026-03-17T04:00:00Z	Confidence calibrated: high->medium (certainty=probable, pred=work_affirms_proposition)
clm-irenaeus-ah-affirms-penance	approved	cascade-curator	2026-03-16T20:00:00Z	Passage psg-irenaeus-ah-3-4-3 from against-heresies directly treats proposition 'post-baptismal-sin-forgiven-by-penance'. The work's affirms is attested from its own text. Excerpt: 'Paraphrase: Valent
clm-irenaeus-ah-affirms-penance	approved	cascade-curator	2026-03-17T04:00:00Z	Confidence calibrated: high->medium (certainty=probable, pred=work_affirms_proposition)
clm-irenaeus-ah-affirms-trinitarian-baptism	approved	cascade-curator	2026-03-16T20:00:00Z	Passage psg-irenaeus-ah-3-17-2 from against-heresies directly treats proposition 'baptism-administered-in-trinitarian-name'. The work's affirms is attested from its own text. Excerpt: 'This Spirit did
clm-irenaeus-ah-at-lyons	approved	cascade-curator	2026-03-16T20:30:00Z	Strong support: irenaeus-writes-against-heresies at lyons. Passage psg-eusebius-he-5-1: 'The servants of Christ dwelling in Vienne and Lyons in Gaul... were harassed in many ways by the evil one.'
clm-irenaeus-ah-at-lyons	reviewed	cascade-curator	2026-03-16T20:00:00Z	Contextual evidence for irenaeus-writes-against-heresies at lyons. Passage psg-eusebius-he-5-1: 'The servants of Christ dwelling in Vienne and Lyons in Gaul... were harassed in '
clm-irenaeus-ah-year	approved	cascade-curator	2026-03-17T12:30:00Z	Upgraded reviewed→approved: probable certainty with direct supports evidence. Confidence set to medium.
clm-irenaeus-ah-year	reviewed	cascade-curator	2026-03-16T20:30:00Z	Claim clm-irenaeus-ah-year (event_has_year: irenaeus-writes-against-heresies → ) has only contextualizing evidence. Certainty probable is appropriate given indirect support.
clm-irenaeus-ah-year	reviewed	cascade-curator	2026-03-16T23:00:00Z	Reviewed (contextual): irenaeus-writes-against-heresies event_has_year –. Certainty probable. Passage psg-wikipedia-early-church-geography: 'Early centers of Christianity included Jerusalem, Antioch,
clm-irenaeus-coworker-eleutherus	approved	cascade-curator	2026-03-17T04:00:00Z	Confidence calibrated: high->medium (certainty=probable, pred=coworker_of)
clm-irenaeus-coworker-victor	approved	cascade-curator	2026-03-16T20:00:00Z	Passage psg-eusebius-he-5-24 explicitly names irenaeus-of-lyons as coworker of victor-i-of-rome. Excerpt: 'Paraphrase: Irenaeus wrote to Victor of Rome urging peace over the Easter controversy; he not
clm-irenaeus-coworker-victor	approved	cascade-curator	2026-03-17T04:00:00Z	Confidence calibrated: high->medium (certainty=probable, pred=coworker_of)
clm-irenaeus-in-lyons-persecution	approved	cascade-curator	2026-03-16T20:00:00Z	Passage psg-irenaeus-ah-3-3-4 explicitly names irenaeus-of-lyons as participant in lyons-persecution. Excerpt: 'Paraphrase: Polycarp was instructed by apostles, conversed with many who had seen Christ
clm-irenaeus-in-lyons-persecution	approved	cascade-curator	2026-03-17T04:00:00Z	Confidence calibrated: high->medium (certainty=probable, pred=participant_in)
clm-irenaeus-in-quartodeciman	approved	cascade-curator	2026-03-16T20:00:00Z	Passage psg-eusebius-he-5-24 explicitly names irenaeus-of-lyons as participant in quartodeciman-controversy. Excerpt: 'Paraphrase: Irenaeus wrote to Victor of Rome urging peace over the Easter controv
clm-irenaeus-member-roman-church-visit	approved	cascade-curator	2026-03-17T04:00:00Z	Confidence calibrated: high->medium (certainty=probable, pred=member_of_group)
clm-irenaeus-originated-smyrna	approved	cascade-curator	2026-03-16T20:30:00Z	irenaeus-of-lyons originated in smyrna: biographical attestation via passage psg-eusebius-he-5-1. Excerpt: 'The servants of Christ dwelling in Vienne and Lyons in Gaul... were harassed in many ways by
clm-irenaeus-originated-smyrna	reviewed	cascade-curator	2026-03-16T17:00:00Z	Evidence supports irenaeus-of-lyons originated_in smyrna. Excerpt: 'The servants of Christ dwelling in Vienne and Lyons in Gaul... were harassed in many ways by the evil one.'
clm-irenaeus-originated-smyrna	reviewed	cascade-curator	2026-03-16T20:00:00Z	Biographical attestation: irenaeus-of-lyons originated in smyrna. Passage psg-eusebius-he-5-1: 'The servants of Christ dwelling in Vienne and Lyons in Gaul... were harassed in many ways by the evi'
clm-irenaeus-teacher-hippolytus	approved	cascade-curator	2026-03-16T20:00:00Z	Passage psg-hippolytus-cn-10-11 explicitly names irenaeus-of-lyons as teacher of hippolytus-of-rome. Excerpt: 'Paraphrase: God being alone, and having nothing contemporaneous with himself, determined
clm-irenaeus-teacher-hippolytus	approved	cascade-curator	2026-03-17T04:00:00Z	Confidence calibrated: high->medium (certainty=probable, pred=teacher_of)
clm-irenaeus-teacher-hippolytus	reviewed	cascade-curator	2026-03-16T16:00:00Z	Evidence supports irenaeus-of-lyons teacher_of hippolytus-of-rome. Excerpt: 'Paraphrase: God being alone, and having nothing contemporaneous with himself, determined to create t...'
clm-jacob-bishop-nisibis	approved	cascade-curator	2026-03-17T12:30:00Z	Upgraded reviewed→approved: probable certainty with direct supports evidence. Confidence set to medium.
clm-jacob-bishop-nisibis	reviewed	cascade-curator	2026-03-16T13:00:00Z	Jacob of Nisibis is attested as bishop of Nisibis in Syriac tradition and is mentioned at the Council of Nicaea 325. The Wikipedia-based passage provides contextual support; the scholarly attestation is medium as primary sources for his biography are later hagiographies.
clm-jacob-bishop-nisibis	reviewed	cascade-curator	2026-03-16T20:30:00Z	Claim clm-jacob-bishop-nisibis (bishop_of: jacob-of-nisibis → nisibis) has only contextualizing evidence. Certainty probable is appropriate given indirect support.
clm-jacob-bishop-nisibis	reviewed	cascade-curator	2026-03-16T23:00:00Z	Reviewed (contextual): jacob-of-nisibis bishop_of nisibis. Certainty probable. Passage psg-wikipedia-church-of-east-spread: 'The Church of the East was centered at Seleucia-Ctesiphon and extended thro
clm-jacob-participant-nicaea	approved	cascade-curator	2026-03-17T11:30:00Z	Jacob of Nisibis attended the Council of Nicaea 325 CE per tradition (Wikipedia; no direct primary source names him, but Syriac tradition is consistent).
clm-jacob-teacher-ephrem	approved	cascade-curator	2026-03-17T12:30:00Z	Upgraded reviewed→approved: probable certainty with direct supports evidence. Confidence set to medium.
clm-jacob-teacher-ephrem	reviewed	cascade-curator	2026-03-16T16:00:00Z	Contextualizing evidence for jacob-of-nisibis teacher_of ephrem-the-syrian. The teacher-student relationship is attested by tradition. Excerpt: 'The Church of the East was centered at Seleucia-Ctesiphon and extended through Persia, Mesopotamia (...'
clm-jacob-teacher-ephrem	reviewed	cascade-curator	2026-03-16T20:30:00Z	Claim clm-jacob-teacher-ephrem (teacher_of: jacob-of-nisibis → ephrem-the-syrian) has only contextualizing evidence. Certainty probable is appropriate given indirect support.
clm-jacob-teacher-ephrem	reviewed	cascade-curator	2026-03-16T23:00:00Z	Reviewed (contextual): jacob-of-nisibis teacher_of ephrem-the-syrian. Certainty probable. Passage psg-wikipedia-church-of-east-spread: 'The Church of the East was centered at Seleucia-Ctesiphon and ex
clm-james-by-james	approved	cascade-curator	2026-03-17T04:30:00Z	Traditional attribution to James the Lord's brother (Jas 1:1); debated due to polished Greek.
clm-james-epistle-repentance	approved	cascade-curator	2026-03-16T20:00:00Z	Passage psg-jas-4-8-10 from epistle-of-james directly treats proposition 'repentance-is-required'. The work's affirms is attested from its own text. Excerpt: 'Paraphrase: James calls hearers to draw n
clm-james-epistle-repentance	approved	cascade-curator	2026-03-17T04:00:00Z	Confidence calibrated: high->medium (certainty=probable, pred=work_affirms_proposition)
clm-james-gentile-inclusion	approved	cascade-curator	2026-03-16T20:30:00Z	Third-party source (passage psg-acts-15-1-29) reports james-the-just as affirming 'gentile-believers-need-not-be-circumcised'. Excerpt: 'Paraphrase: The Jerusalem council addresses whether Gentile bel
clm-james-gentile-inclusion	approved	cascade-curator	2026-03-16T22:30:00Z	QA-upgraded: attested claim with explicit direct evidence → approved/high. person_affirms_proposition (james-the-just → gentile-believers-need-not-be-circumcised). Passage psg-acts-15-1-29: 'Paraphras
clm-james-gentile-inclusion	reviewed	cascade-curator	2026-03-16T20:00:00Z	Third-party attestation from passage psg-acts-15-1-29: james-the-just is reported as affirming 'gentile-believers-need-not-be-circumcised'. Excerpt: 'Paraphrase: The Jerusalem council addresses whethe
clm-james-just-bishop-jerusalem	approved	cascade-curator	2026-03-17T04:00:00Z	Confidence calibrated: high->medium (certainty=probable, pred=bishop_of)
clm-james-just-in-martyrdom	approved	cascade-curator	2026-03-16T20:00:00Z	Passage psg-josephus-ant-20-200 explicitly names james-the-just as participant in james-the-just-martyrdom. Excerpt: 'Paraphrase: Josephus says the high priest Ananus assembled the Sanhedrin, accused
clm-james-just-in-pentecost	approved	cascade-curator	2026-03-17T04:00:00Z	Confidence calibrated: high->medium (certainty=probable, pred=participant_in)
clm-james-just-martyrdom-at-jerusalem	approved	cascade-curator	2026-03-16T20:30:00Z	Strong support: james-the-just-martyrdom at jerusalem. Passage psg-josephus-ant-20-200: 'Paraphrase: Josephus says the high priest Ananus assembled the Sanhedrin, accused James the brother of Jesus ca
clm-james-just-martyrdom-at-jerusalem	reviewed	cascade-curator	2026-03-16T20:00:00Z	Contextual evidence for james-the-just-martyrdom at jerusalem. Passage psg-josephus-ant-20-200: 'Paraphrase: Josephus says the high priest Ananus assembled the Sanhedrin, accuse'
clm-james-just-martyrdom-year	approved	cascade-curator	2026-03-16T20:30:00Z	Year for james-the-just-martyrdom: – CE well-supported by passage psg-josephus-ant-20-200. Certainty probable. Excerpt: 'Paraphrase: Josephus says the high priest Ananus assembled the Sanhedrin, accus
clm-james-just-martyrdom-year	reviewed	cascade-curator	2026-03-16T20:00:00Z	Year for james-the-just-martyrdom supported by passage psg-josephus-ant-20-200. Excerpt: 'Paraphrase: Josephus says the high priest Ananus assembled the Sanhedrin, accused James the brother '
clm-james-zebedee-in-herodian-persecution	approved	cascade-curator	2026-03-16T20:00:00Z	Passage psg-acts-12-1-3 explicitly names james-son-of-zebedee as participant in herodian-persecution-of-jerusalem-church. Excerpt: 'Paraphrase: Herod lays violent hands on members of the church, kills
clm-james-zebedee-in-martyrdom	approved	cascade-curator	2026-03-16T20:00:00Z	Passage psg-acts-12-1-2 explicitly names james-son-of-zebedee as participant in james-son-of-zebedee-martyrdom. Excerpt: 'Paraphrase: Herod Agrippa lays violent hands on members of the church and kill
clm-james-zebedee-in-pentecost	approved	cascade-curator	2026-03-17T04:00:00Z	Confidence calibrated: high->medium (certainty=probable, pred=participant_in)
clm-james-zebedee-martyrdom-at-jerusalem	approved	cascade-curator	2026-03-16T20:30:00Z	Strong support: james-son-of-zebedee-martyrdom at jerusalem. Passage psg-acts-12-1-2: 'Paraphrase: Herod Agrippa lays violent hands on members of the church and kills James the brother of John with th
clm-james-zebedee-martyrdom-at-jerusalem	reviewed	cascade-curator	2026-03-16T20:00:00Z	Contextual evidence for james-son-of-zebedee-martyrdom at jerusalem. Passage psg-acts-12-1-2: 'Paraphrase: Herod Agrippa lays violent hands on members of the church and kills '
clm-james-zebedee-martyrdom-year	approved	cascade-curator	2026-03-16T12:00:00Z	Acts 12:1-2 explicitly states Herod killed James son of Zebedee with the sword. Herod Agrippa I died 44 CE (Acts 12:23 + Josephus); the martyrdom is thus datable to 42-44 CE. Well-attested.
clm-james-zebedee-martyrdom-year	approved	cascade-curator	2026-03-17T04:00:00Z	Confidence calibrated: high->medium (certainty=probable, pred=event_has_year)
clm-jason-active-thessalonica	approved	cascade-curator	2026-03-16T20:00:00Z	Passage psg-acts-17-5-9 explicitly places jason in thessalonica. Excerpt: 'Paraphrase: Opponents in Thessalonica attack Jason's house and drag Jason before the city authorities.'
clm-jason-member-thessalonian	approved	cascade-curator	2026-03-17T04:00:00Z	Confidence calibrated: high->medium (certainty=probable, pred=member_of_group)
clm-jerusalem-persecution-after-stephen-at-jerusalem	approved	cascade-curator	2026-03-16T20:00:00Z	Passage psg-acts-8-1-3 explicitly places jerusalem-persecution-after-stephen at jerusalem. Excerpt: 'Paraphrase: A great persecution breaks out against the church in Jerusalem, and Saul ravages the ch
clm-jerusalem-persecution-after-stephen-year	approved	cascade-curator	2026-03-16T12:00:00Z	Acts 8:1-3 places the Jerusalem persecution immediately after Stephen's death. The passage directly attests the event; the year (~34-36 CE) is coherent with Acts' internal chronology.
clm-jerusalem-persecution-after-stephen-year	approved	cascade-curator	2026-03-17T04:00:00Z	Confidence calibrated: high->medium (certainty=probable, pred=event_has_year)
clm-jesus-active-judea	approved	cascade-curator	2026-03-17T04:00:00Z	Confidence calibrated: high->medium (certainty=probable, pred=active_in)
clm-jesus-before-pilate-at-jerusalem	approved	cascade-curator	2026-03-16T20:30:00Z	Strong support: jesus-before-pilate at jerusalem. Passage psg-mark-15-1-15: 'Paraphrase: Jesus is handed over to Pilate, examined, and condemned to be crucified.'
clm-jesus-before-pilate-at-jerusalem	reviewed	cascade-curator	2026-03-16T20:00:00Z	Contextual evidence for jesus-before-pilate at jerusalem. Passage psg-mark-15-1-15: 'Paraphrase: Jesus is handed over to Pilate, examined, and condemned to be crucif'
clm-jesus-before-pilate-year	approved	cascade-curator	2026-03-16T20:30:00Z	Year for jesus-before-pilate: – CE well-supported by passage psg-mark-15-1-15. Certainty probable. Excerpt: 'Paraphrase: Jesus is handed over to Pilate, examined, and condemned to be crucified.'
clm-jesus-before-pilate-year	reviewed	cascade-curator	2026-03-16T12:00:00Z	Mark 15:1-15 places Jesus's trial before Pilate in the same passion week. Year (~30-33 CE) is inferred from passion chronology. Pilate's governorship (26-36 CE, Josephus) bounds the range. Event well-attested; year is inference.
clm-jesus-before-pilate-year	reviewed	cascade-curator	2026-03-16T20:00:00Z	Year for jesus-before-pilate supported by passage psg-mark-15-1-15. Excerpt: 'Paraphrase: Jesus is handed over to Pilate, examined, and condemned to be crucified.'
clm-jesus-entry-at-jerusalem	approved	cascade-curator	2026-03-16T20:00:00Z	Passage psg-mark-11-1-11 explicitly places triumphal-entry-into-jerusalem at jerusalem. Excerpt: 'Paraphrase: Jesus approaches Jerusalem, rides in with acclamation, and enters the city and temple prec
clm-jesus-entry-year	approved	cascade-curator	2026-03-16T20:30:00Z	Year for triumphal-entry-into-jerusalem: – CE well-supported by passage psg-mark-11-1-11. Certainty probable. Excerpt: 'Paraphrase: Jesus approaches Jerusalem, rides in with acclamation, and enters th
clm-jesus-entry-year	reviewed	cascade-curator	2026-03-16T12:00:00Z	Mark 11:1-11 narrates the triumphal entry; the passion week setting implies ~30-33 CE depending on chronological model. Event is directly attested; exact year involves scholarly inference about the Passover week.
clm-jesus-entry-year	reviewed	cascade-curator	2026-03-16T20:00:00Z	Year for triumphal-entry-into-jerusalem supported by passage psg-mark-11-1-11. Excerpt: 'Paraphrase: Jesus approaches Jerusalem, rides in with acclamation, and enters the city and temple pr'
clm-jesus-in-arrest	approved	cascade-curator	2026-03-16T20:00:00Z	Passage psg-john-18-1-11 explicitly names jesus-of-nazareth as participant in arrest-of-jesus. Excerpt: 'Paraphrase: Judas arrives with officers, Jesus is arrested in the garden, and he restrains viol
clm-jesus-in-ascension	approved	cascade-curator	2026-03-16T20:00:00Z	Passage psg-acts-1-9-11 explicitly names jesus-of-nazareth as participant in ascension-of-jesus. Excerpt: 'Paraphrase: Jesus is taken up as the disciples watch, and messengers tell them he will come i
clm-jesus-in-burial	approved	cascade-curator	2026-03-16T22:30:00Z	QA-enhanced: participant_in (jesus-of-nazareth → burial-of-jesus) cert=probable. Primary passage psg-john-19-38-42: 'Paraphrase: Joseph of Arimathea and Nicodemus bury Jesus.'
clm-jesus-in-burial	approved	cascade-curator	2026-03-17T04:00:00Z	Confidence calibrated: high->medium (certainty=probable, pred=participant_in)
clm-jesus-in-crucifixion	approved	cascade-curator	2026-03-16T20:00:00Z	Passage psg-mark-15-24-39 explicitly names jesus-of-nazareth as participant in crucifixion-of-jesus. Excerpt: 'Paraphrase: Jesus is crucified, mocked, and dies, and the centurion witnesses the manner
clm-jesus-in-entry	approved	cascade-curator	2026-03-16T20:00:00Z	Passage psg-mark-11-1-11 explicitly names jesus-of-nazareth as participant in triumphal-entry-into-jerusalem. Excerpt: 'Paraphrase: Jesus approaches Jerusalem, rides in with acclamation, and enters th
clm-jesus-in-last-supper	approved	cascade-curator	2026-03-16T20:00:00Z	Passage psg-1cor-11-23-26 explicitly names jesus-of-nazareth as participant in last-supper. Excerpt: 'Paraphrase: Paul recounts the tradition of the Lord taking bread and the cup on the night he was h
clm-jesus-in-pilate-trial	approved	cascade-curator	2026-03-16T20:00:00Z	Passage psg-mark-15-1-15 explicitly names jesus-of-nazareth as participant in jesus-before-pilate. Excerpt: 'Paraphrase: Jesus is handed over to Pilate, examined, and condemned to be crucified.'
clm-jesus-in-resurrection	approved	cascade-curator	2026-03-16T20:00:00Z	Passage psg-1cor-15-3-8 explicitly names jesus-of-nazareth as participant in resurrection-of-jesus. Excerpt: 'Paraphrase: Paul rehearses the received proclamation that Christ died, was buried, was rai
clm-jesus-originated-nazareth	approved	cascade-curator	2026-03-16T17:00:00Z	Passage psg-luke-4-16 directly attests jesus-of-nazareth originating in nazareth: 'Paraphrase: Jesus comes to Nazareth, where he had been brought up, and enters the synagogue on the Sabbath.'
clm-jesus-teacher-james-the-just	approved	cascade-curator	2026-03-17T04:00:00Z	Confidence calibrated: high->medium (certainty=probable, pred=teacher_of)
clm-jesus-teacher-lazarus-of-bethany	approved	cascade-curator	2026-03-17T04:00:00Z	Confidence calibrated: high->medium (certainty=probable, pred=teacher_of)
clm-jesus-teacher-martha-of-bethany	approved	cascade-curator	2026-03-17T04:00:00Z	Confidence calibrated: high->medium (certainty=probable, pred=teacher_of)
clm-jesus-teacher-mary-magdalene	approved	cascade-curator	2026-03-17T04:00:00Z	Confidence calibrated: high->medium (certainty=probable, pred=teacher_of)
clm-jewish-war-by-josephus	approved	cascade-curator	2026-03-17T10:30:00Z	JW 1.preface: Josephus names himself. Written in Aramaic first, then Greek. Universally accepted.
clm-john-active-patmos	approved	cascade-curator	2026-03-16T20:00:00Z	Passage psg-rev-1-9 explicitly places john-son-of-zebedee in patmos. Excerpt: 'Paraphrase: John says that he was on the island called Patmos because of the word of God and the testimony of Jesus.'
clm-john-baptist-death-year	approved	cascade-curator	2026-03-16T12:00:00Z	Mark 6:17-29 narrates John's imprisonment by Herod Antipas and beheading at Salome's request. The event is explicitly narrated; the year (~28-32 CE) correlates with the Galilean ministry chronology. Well-attested.
clm-john-baptist-death-year	approved	cascade-curator	2026-03-17T04:00:00Z	Confidence calibrated: high->medium (certainty=probable, pred=event_has_year)
clm-john-baptist-in-martyrdom	approved	cascade-curator	2026-03-16T20:00:00Z	Passage psg-mark-6-17-29 explicitly names john-the-baptist as participant in john-the-baptists-martyrdom. Excerpt: 'Paraphrase: Herod imprisons John, orders his death, and John's disciples lay his bod
clm-john-baptist-in-martyrdom	approved	cascade-curator	2026-03-17T15:30:00Z	Review aligned: claim status=superseded.
clm-john-baptist-in-martyrdom	reviewed	cascade-curator	2026-03-17T02:00:00Z	Claim deprecated as duplicate: Superseded by clm-john-baptist-in-own-death which carries year 28-29; this shell has no year.
clm-john-baptist-in-own-death	approved	cascade-curator	2026-03-16T20:00:00Z	Passage psg-john-1-28-34 explicitly names john-the-baptist as participant in john-the-baptists-martyrdom. Excerpt: 'Paraphrase: John testifies about Jesus at Bethany beyond the Jordan where he was bap
clm-john-in-domitian-persecution	approved	cascade-curator	2026-03-16T20:00:00Z	Passage psg-rev-1-9 explicitly names john-son-of-zebedee as participant in domitian-persecution. Excerpt: 'Paraphrase: John says that he was on the island called Patmos because of the word of God and
clm-john-in-domitian-persecution	approved	cascade-curator	2026-03-17T04:00:00Z	Confidence calibrated: high->medium (certainty=probable, pred=participant_in)
clm-john-in-john-on-patmos	approved	cascade-curator	2026-03-17T04:00:00Z	Confidence calibrated: high->medium (certainty=probable, pred=participant_in)
clm-john-mark-active-cyprus	approved	cascade-curator	2026-03-16T20:00:00Z	Passage psg-acts-13-4-12 explicitly places john-mark in cyprus. Excerpt: 'Paraphrase: Barnabas and Saul sail to Cyprus, proclaim in Salamis, traverse the island to Paphos, and Sergius Paulus bel'
clm-john-mark-active-rome	approved	cascade-curator	2026-03-17T04:00:00Z	Confidence calibrated: high->medium (certainty=probable, pred=active_in)
clm-john-mark-coworker-barnabas-early	approved	cascade-curator	2026-03-16T20:00:00Z	Passage psg-acts-11-25-26 explicitly names barnabas as coworker of john-mark. Excerpt: 'Paraphrase: Barnabas brings Saul to Antioch, where they teach with the church and the disciples are first called
clm-john-mark-coworker-barnabas-early	needs_revision	cascade-curator	2026-03-17T09:30:00Z	Superseded: duplicate of clm-barnabas-coworker-john-mark (barnabas coworker_of john-mark); year ranges merged.
clm-john-mark-coworker-paul	approved	cascade-curator	2026-03-16T20:00:00Z	Passage psg-phlm-23-24 explicitly names john-mark as coworker of paul. Excerpt: 'Paraphrase: Paul names Mark, Aristarchus, Demas, and Luke as fellow workers.'
clm-john-mark-coworker-peter	approved	cascade-curator	2026-03-16T22:00:00Z	QA-enhanced: coworker_of (john-mark → simon-peter). Certainty attested. Primary evidence: passage psg-1pet-5-13. Excerpt: 'She who is in Babylon, chosen together with you, sends you her greetings, and
clm-john-mark-member-antioch	approved	cascade-curator	2026-03-16T20:00:00Z	Passage psg-acts-12-25 explicitly names john-mark as member of antioch-church. Excerpt: 'Paraphrase: Barnabas and Saul return from Jerusalem, taking John Mark with them.'
clm-john-mark-member-antioch	approved	cascade-curator	2026-03-17T04:00:00Z	Confidence calibrated: high->medium (certainty=probable, pred=member_of_group)
clm-john-mark-member-roman	approved	cascade-curator	2026-03-17T04:00:00Z	Confidence calibrated: high->medium (certainty=probable, pred=member_of_group)
clm-john-on-patmos-at-patmos	approved	cascade-curator	2026-03-17T04:00:00Z	Confidence calibrated: high->medium (certainty=probable, pred=event_occurs_at)
clm-john-on-patmos-year	approved	cascade-curator	2026-03-16T20:30:00Z	Year for john-on-patmos: – CE well-supported by passage psg-eusebius-he-3-18. Certainty probable. Excerpt: 'In the time of Domitian, John the apostle and evangelist was still alive and was condemned t
clm-john-on-patmos-year	reviewed	cascade-curator	2026-03-16T12:00:00Z	Eusebius HE 3.18 explicitly states John was exiled to Patmos 'in the time of Domitian'. The passage is the primary external witness to this tradition. Confidence is medium because Eusebius writes ~200 years after the event and the internal Rev dating is debated.
clm-john-on-patmos-year	reviewed	cascade-curator	2026-03-16T20:00:00Z	Year for john-on-patmos supported by passage psg-eusebius-he-3-18. Excerpt: 'In the time of Domitian, John the apostle and evangelist was still alive and was condemned to dwell '
clm-john-person-affirms-logos	approved	cascade-curator	2026-03-16T20:30:00Z	Third-party source (passage psg-john-20-31) reports john-son-of-zebedee as affirming 'logos-is-pre-existent-son-of-god'. Excerpt: 'Paraphrase: These things are written so that you may believe Jesus is
clm-john-person-affirms-logos	reviewed	cascade-curator	2026-03-16T20:00:00Z	Third-party attestation from passage psg-john-20-31: john-son-of-zebedee is reported as affirming 'logos-is-pre-existent-son-of-god'. Excerpt: 'Paraphrase: These things are written so that you may bel
clm-john-resurrection	approved	cascade-curator	2026-03-16T20:00:00Z	Passage psg-john-20-1-18 from gospel-of-john directly treats proposition 'jesus-is-proclaimed-as-raised'. The work's affirms is attested from its own text. Excerpt: 'Paraphrase: Mary Magdalene comes t
clm-john-teacher-of-papias	approved	cascade-curator	2026-03-16T20:00:00Z	Passage psg-papias-frag-1 explicitly names john-son-of-zebedee as teacher of papias-of-hierapolis. Excerpt: 'Paraphrase: Papias says he would not hesitate to expound along with the interpretations wha
clm-john-teacher-of-papias	approved	cascade-curator	2026-03-17T04:00:00Z	Confidence calibrated: high->medium (certainty=probable, pred=teacher_of)
clm-john-teacher-of-polycarp	approved	cascade-curator	2026-03-16T20:00:00Z	Passage psg-irenaeus-ah-3-3-4 explicitly names john-son-of-zebedee as teacher of polycarp-of-smyrna. Excerpt: 'Paraphrase: Polycarp was instructed by apostles, conversed with many who had seen Christ,
clm-john-zebedee-active-asia	approved	cascade-curator	2026-03-17T04:00:00Z	Confidence calibrated: high->medium (certainty=probable, pred=active_in)
clm-john-zebedee-bishop-ephesus	approved	cascade-curator	2026-03-17T04:00:00Z	Confidence calibrated: high->medium (certainty=probable, pred=bishop_of)
clm-john-zebedee-in-arrest	approved	cascade-curator	2026-03-17T04:00:00Z	Confidence calibrated: high->medium (certainty=probable, pred=participant_in)
clm-john-zebedee-in-crucifixion	approved	cascade-curator	2026-03-17T04:00:00Z	Confidence calibrated: high->medium (certainty=probable, pred=participant_in)
clm-john-zebedee-member-ephesian	approved	cascade-curator	2026-03-17T04:00:00Z	Confidence calibrated: high->medium (certainty=probable, pred=member_of_group)
clm-joseph-arimathea-active-jerusalem	approved	cascade-curator	2026-03-16T20:00:00Z	Passage psg-john-19-38-42 explicitly places joseph-of-arimathea in jerusalem. Excerpt: 'Paraphrase: Joseph of Arimathea and Nicodemus bury Jesus.'
clm-joseph-arimathea-disciple	approved	cascade-curator	2026-03-16T20:00:00Z	Passage psg-john-19-38-42 explicitly names joseph-of-arimathea as member of disciples-of-jesus. Excerpt: 'Paraphrase: Joseph of Arimathea and Nicodemus bury Jesus.'
clm-joseph-arimathea-disciple-area	approved	cascade-curator	2026-03-16T20:00:00Z	Passage psg-john-19-38-42 explicitly places joseph-of-arimathea in judea. Excerpt: 'Paraphrase: Joseph of Arimathea and Nicodemus bury Jesus.'
clm-joseph-arimathea-disciple-area	approved	cascade-curator	2026-03-17T04:00:00Z	Confidence calibrated: high->medium (certainty=probable, pred=active_in)
clm-joseph-arimathea-in-burial	approved	cascade-curator	2026-03-17T04:00:00Z	Confidence calibrated: high->medium (certainty=probable, pred=participant_in)
clm-jubilees-judgment	approved	cascade-curator	2026-03-16T20:00:00Z	Passage psg-jubilees-23-29-31 from jubilees directly treats proposition 'final-judgment-is-coming'. The work's affirms is attested from its own text. Excerpt: 'Paraphrase: After judgment the Lord will
clm-jubilees-judgment	approved	cascade-curator	2026-03-17T04:00:00Z	Confidence calibrated: high->medium (certainty=probable, pred=work_affirms_proposition)
clm-judas-damascus-householder-active-damascus	approved	cascade-curator	2026-03-16T20:00:00Z	Passage psg-acts-9-10-19 explicitly places judas-damascus-householder in damascus. Excerpt: 'Paraphrase: In Damascus, the disciple Ananias restores Saul's sight, addresses his calling, and baptizes hi
clm-judas-iscariot-in-arrest	approved	cascade-curator	2026-03-16T20:00:00Z	Passage psg-john-18-1-11 explicitly names judas-iscariot as participant in arrest-of-jesus. Excerpt: 'Paraphrase: Judas arrives with officers, Jesus is arrested in the garden, and he restrains violent
clm-jude-by-jude	approved	cascade-curator	2026-03-17T04:30:00Z	Traditional attribution to Jude, brother of James and Jesus (Jude 1:1); pseudonymity possible.
clm-jude-judgment	approved	cascade-curator	2026-03-16T20:00:00Z	Passage psg-jude-1-14-15 from epistle-of-jude directly treats proposition 'final-judgment-is-coming'. The work's affirms is attested from its own text. Excerpt: 'Paraphrase: The Lord comes with holy m
clm-julia-of-rome-active-rome	approved	cascade-curator	2026-03-16T20:00:00Z	Passage psg-rom-16-15 explicitly places julia-of-rome in rome. Excerpt: 'Paraphrase: Paul greets Philologus, Julia, Nereus and his sister, Olympas, and all the saints with them.'
clm-julia-of-rome-roman-church	approved	cascade-curator	2026-03-16T20:00:00Z	Passage psg-rom-16-15 explicitly names julia-of-rome as member of roman-church. Excerpt: 'Paraphrase: Paul greets Philologus, Julia, Nereus and his sister, Olympas, and all the saints with them.'
clm-julius-active-rome	approved	cascade-curator	2026-03-17T04:00:00Z	Confidence calibrated: high->medium (certainty=probable, pred=active_in)
clm-julius-active-sidon	approved	cascade-curator	2026-03-16T20:00:00Z	Passage psg-acts-27-1-3 explicitly places julius in sidon. Excerpt: 'Paraphrase: Paul is handed over to a centurion named Julius, and the party puts in at Sidon where Julius treats Paul kin'
clm-julius-africanus-active-alexandria	approved	cascade-curator	2026-03-16T20:00:00Z	Passage psg-eusebius-he-6-19 explicitly places julius-africanus in alexandria. Excerpt: 'Paraphrase: Origen's fame spread throughout the whole world; Beryllus of Bostra, Alexander of Jerusalem, and ma
clm-julius-africanus-active-alexandria	approved	cascade-curator	2026-03-17T04:00:00Z	Confidence calibrated: high->medium (certainty=probable, pred=active_in)
clm-julius-africanus-active-emmaus	approved	cascade-curator	2026-03-17T12:30:00Z	Upgraded reviewed→approved: probable certainty with direct supports evidence. Confidence set to medium.
clm-julius-africanus-active-emmaus	reviewed	cascade-curator	2026-03-16T16:00:00Z	Only contextualizing evidence for julius-africanus active in emmaus-nicopolis. Excerpt: 'Paraphrase: Origen's fame spread throughout the whole world; Beryllus of Bostra, Alexander of Jerusa...'
clm-julius-africanus-active-emmaus	reviewed	cascade-curator	2026-03-16T20:30:00Z	Claim clm-julius-africanus-active-emmaus (active_in: julius-africanus → emmaus-nicopolis) has only contextualizing evidence. Certainty probable is appropriate given indirect support.
clm-julius-africanus-active-emmaus	reviewed	cascade-curator	2026-03-16T23:00:00Z	"Reviewed (contextual): julius-africanus active_in emmaus-nicopolis. Certainty probable. No passage directly names julius-africanus in emmaus-nicopolis; inference from passage psg-eusebius-he-6-19: ""Pa"
clm-julius-africanus-active-rome	approved	cascade-curator	2026-03-17T12:30:00Z	Upgraded reviewed→approved: probable certainty with direct supports evidence. Confidence set to medium.
clm-julius-africanus-active-rome	reviewed	cascade-curator	2026-03-16T20:30:00Z	Claim clm-julius-africanus-active-rome (active_in: julius-africanus → rome) has only contextualizing evidence. Certainty probable is appropriate given indirect support.
clm-julius-africanus-active-rome	reviewed	cascade-curator	2026-03-16T23:00:00Z	"Reviewed (contextual): julius-africanus active_in rome. Certainty probable. No passage directly names julius-africanus in rome; inference from passage psg-eusebius-he-6-19: ""Paraphrase: Origen's fame"
clm-junia-active-rome	approved	cascade-curator	2026-03-16T20:00:00Z	Passage psg-rom-16-7 explicitly places junia in rome. Excerpt: 'Paraphrase: Paul greets Andronicus and Junia, his kinsmen and fellow prisoners, who were in Christ before him.'
clm-junia-roman-church	approved	cascade-curator	2026-03-16T20:00:00Z	Passage psg-rom-16-7 explicitly names junia as member of roman-church. Excerpt: 'Paraphrase: Paul greets Andronicus and Junia, his kinsmen and fellow prisoners, who were in Christ before him.'
clm-justin-active-ephesus	approved	cascade-curator	2026-03-17T12:30:00Z	Upgraded reviewed→approved: probable certainty with direct supports evidence. Confidence set to medium.
clm-justin-active-ephesus	reviewed	cascade-curator	2026-03-16T20:30:00Z	Claim clm-justin-active-ephesus (active_in: justin-martyr → ephesus) has only contextualizing evidence. Certainty probable is appropriate given indirect support.
clm-justin-active-ephesus	reviewed	cascade-curator	2026-03-16T23:00:00Z	Reviewed (contextual): justin-martyr active_in ephesus. Certainty probable. No passage directly names justin-martyr in ephesus; inference from passage psg-eusebius-he-4-23: 'Paraphrase: Eusebius recor
clm-justin-active-flavia-neapolis	approved	cascade-curator	2026-03-16T20:00:00Z	Passage psg-justin-apol-13 explicitly places justin-martyr in flavia-neapolis. Excerpt: 'Paraphrase: Christians worship the Maker of the universe by prayer and thanksgiving without material sacrifice;
clm-justin-active-flavia-neapolis	approved	cascade-curator	2026-03-17T04:00:00Z	Confidence calibrated: high->medium (certainty=probable, pred=active_in)
clm-justin-active-rome	approved	cascade-curator	2026-03-17T04:00:00Z	Confidence calibrated: high->medium (certainty=probable, pred=active_in)
clm-justin-affirms-baptism-regen	approved	cascade-curator	2026-03-17T04:00:00Z	Confidence calibrated: high->medium (certainty=probable, pred=work_affirms_proposition)
clm-justin-affirms-fasting	approved	cascade-curator	2026-03-17T12:30:00Z	Upgraded reviewed→approved: probable certainty with direct supports evidence. Confidence set to medium.
clm-justin-affirms-fasting	reviewed	cascade-curator	2026-03-16T20:30:00Z	Claim clm-justin-affirms-fasting (person_affirms_proposition: justin-martyr → fasting-is-required) has only contextualizing evidence. Certainty probable is appropriate given indirect support.
clm-justin-affirms-fasting	reviewed	cascade-curator	2026-03-16T23:00:00Z	Reviewed (contextual): justin-martyr person_affirms_proposition 'fasting-is-required'. Certainty probable. Passage psg-justin-apol-61: 'Those who believe and undertake to live accordingly are brought
clm-justin-apol-affirms-apostolic-succession	approved	cascade-curator	2026-03-16T20:00:00Z	Passage psg-justin-apol-13 from first-apology-of-justin directly treats proposition 'apostolic-succession-transmits-faith'. The work's affirms is attested from its own text. Excerpt: 'Paraphrase: Chri
clm-justin-apol-affirms-apostolic-succession	approved	cascade-curator	2026-03-17T04:00:00Z	Confidence calibrated: high->medium (certainty=probable, pred=work_affirms_proposition)
clm-justin-apol-affirms-baptismal-anointing	approved	cascade-curator	2026-03-16T20:00:00Z	Passage psg-justin-apol-13 from first-apology-of-justin directly treats proposition 'baptismal-anointing-with-oil'. The work's affirms is attested from its own text. Excerpt: 'Paraphrase: Christians w
clm-justin-apol-affirms-baptismal-anointing	approved	cascade-curator	2026-03-17T04:00:00Z	Confidence calibrated: high->medium (certainty=probable, pred=work_affirms_proposition)
clm-justin-apol-affirms-baptismal-anointing	reviewed	cascade-curator	2026-03-16T16:00:00Z	Only contextualizing evidence for first-apology-of-justin work_affirms_proposition baptismal-anointing-with-oil. Passage psg-justin-apol-13: 'Paraphrase: Christians worship the Maker of the universe by prayer and thanksgiving without material...' A more directly relevant passage would strengthen this claim.
clm-justin-apol-affirms-bodily-resurrection	approved	cascade-curator	2026-03-17T04:00:00Z	Confidence calibrated: high->medium (certainty=probable, pred=work_affirms_proposition)
clm-justin-apol-affirms-catechumenate	approved	cascade-curator	2026-03-16T20:00:00Z	Passage psg-justin-apol-13 from first-apology-of-justin directly treats proposition 'catechumenate-precedes-baptism'. The work's affirms is attested from its own text. Excerpt: 'Paraphrase: Christians
clm-justin-apol-affirms-catechumenate	approved	cascade-curator	2026-03-17T04:00:00Z	Confidence calibrated: high->medium (certainty=probable, pred=work_affirms_proposition)
clm-justin-apol-affirms-catechumenate	reviewed	cascade-curator	2026-03-16T16:00:00Z	Only contextualizing evidence for first-apology-of-justin work_affirms_proposition catechumenate-precedes-baptism. Passage psg-justin-apol-13: 'Paraphrase: Christians worship the Maker of the universe by prayer and thanksgiving without material...' A more directly relevant passage would strengthen this claim.
clm-justin-apol-affirms-episcopal-chair	approved	cascade-curator	2026-03-16T20:00:00Z	Passage psg-justin-apol-67 from first-apology-of-justin directly treats proposition 'bishop-succession-guarantees-apostolic-faith'. The work's affirms is attested from its own text. Excerpt: 'On the d
clm-justin-apol-affirms-episcopal-chair	approved	cascade-curator	2026-03-17T04:00:00Z	Confidence calibrated: high->medium (certainty=probable, pred=work_affirms_proposition)
clm-justin-apol-affirms-eucharist-malachi	approved	cascade-curator	2026-03-17T04:00:00Z	Confidence calibrated: high->medium (certainty=probable, pred=work_affirms_proposition)
clm-justin-apol-affirms-eucharist-sacrifice	approved	cascade-curator	2026-03-17T04:00:00Z	Confidence calibrated: high->medium (certainty=probable, pred=work_affirms_proposition)
clm-justin-apol-affirms-incarnation	approved	cascade-curator	2026-03-17T04:00:00Z	Confidence calibrated: high->medium (certainty=probable, pred=work_affirms_proposition)
clm-justin-apol-affirms-rule-of-faith	approved	cascade-curator	2026-03-17T04:00:00Z	Confidence calibrated: high->medium (certainty=probable, pred=work_affirms_proposition)
clm-justin-apol-affirms-trinitarian-baptism	approved	cascade-curator	2026-03-17T04:00:00Z	Confidence calibrated: high->medium (certainty=probable, pred=work_affirms_proposition)
clm-justin-first-apology-written-rome	approved	cascade-curator	2026-03-17T04:00:00Z	Confidence calibrated: high->medium (certainty=probable, pred=written_at)
clm-justin-in-martyrdom	approved	cascade-curator	2026-03-17T04:00:00Z	Confidence calibrated: high->medium (certainty=probable, pred=participant_in)
clm-justin-martyrdom-at-rome	approved	cascade-curator	2026-03-17T04:00:00Z	Confidence calibrated: high->medium (certainty=probable, pred=event_occurs_at)
clm-justin-martyrdom-year	approved	cascade-curator	2026-03-16T20:30:00Z	Year for justin-martyrdom: – CE well-supported by passage psg-eusebius-he-4-16. Certainty probable. Excerpt: 'Justin suffered martyrdom for the truth of Christ, having been betrayed by Crescens the ph
clm-justin-martyrdom-year	reviewed	cascade-curator	2026-03-16T12:00:00Z	Eusebius HE 4.16 attributes Justin's martyrdom to Crescens's denunciation under the reign of Marcus Aurelius; the traditional date of 165 CE is internally consistent. Confidence is medium as Eusebius does not give an exact year.
clm-justin-martyrdom-year	reviewed	cascade-curator	2026-03-16T20:00:00Z	Year for justin-martyrdom supported by passage psg-eusebius-he-4-16. Excerpt: 'Justin suffered martyrdom for the truth of Christ, having been betrayed by Crescens the philosopher,'
clm-justin-member-roman-church	approved	cascade-curator	2026-03-16T20:30:00Z	justin-martyr member_of_group roman-church well-supported by passage psg-eusebius-he-4-23. Excerpt: 'Paraphrase: Eusebius records the letters of Dionysius of Corinth to various churches confirming apo
clm-justin-member-roman-church	reviewed	cascade-curator	2026-03-16T20:00:00Z	Passage psg-eusebius-he-4-23 supports justin-martyr member_of_group roman-church. Excerpt: 'Paraphrase: Eusebius records the letters of Dionysius of Corinth to various churches confirming apos'
clm-justin-person-affirms-martyrdom-witness	approved	cascade-curator	2026-03-17T04:00:00Z	Confidence calibrated: high->medium (certainty=probable, pred=person_affirms_proposition)
clm-justin-teacher-of-tatian	approved	cascade-curator	2026-03-16T20:00:00Z	Passage psg-tatian-oration-4 explicitly names justin-martyr as teacher of tatian-the-assyrian. Excerpt: 'We are not fools, men of Greece, nor are we uttering nonsense when we report that God was born
clm-justin-teacher-of-tatian	approved	cascade-curator	2026-03-17T04:00:00Z	Confidence calibrated: high->medium (certainty=probable, pred=teacher_of)
clm-last-supper-at-jerusalem	approved	cascade-curator	2026-03-16T20:30:00Z	Strong support: last-supper at jerusalem. Passage psg-luke-22-7-23: 'Paraphrase: Jesus shares the Passover meal with his disciples, gives the bread and cup, and speaks of betrayal.'
clm-last-supper-at-jerusalem	reviewed	cascade-curator	2026-03-16T20:00:00Z	Contextual evidence for last-supper at jerusalem. Passage psg-luke-22-7-23: 'Paraphrase: Jesus shares the Passover meal with his disciples, gives the bread a'
clm-last-supper-year	approved	cascade-curator	2026-03-16T20:30:00Z	Year for last-supper: – CE well-supported by passage psg-luke-22-7-23. Certainty probable. Excerpt: 'Paraphrase: Jesus shares the Passover meal with his disciples, gives the bread and cup, and speaks
clm-last-supper-year	reviewed	cascade-curator	2026-03-16T20:00:00Z	Year for last-supper supported by passage psg-luke-22-7-23. Excerpt: 'Paraphrase: Jesus shares the Passover meal with his disciples, gives the bread and cup, and speaks o'
clm-laws-countries-affirms-free-will	approved	cascade-curator	2026-03-16T20:00:00Z	Passage psg-laws-countries-customs from book-of-laws-of-countries directly treats proposition 'free-will-grounds-moral-responsibility'. The work's affirms is attested from its own text. Excerpt: 'Para
clm-laws-countries-affirms-free-will	reviewed	cascade-curator	2026-03-16T16:00:00Z	Passage psg-laws-countries-customs from book-of-laws-of-countries supports but the excerpt does not use the exact language of 'free-will-grounds-moral-responsibility'. The proposition is conveyed through the overall context of this passage. Excerpt: 'Paraphrase: Bardaisan catalogs the diverse laws and customs of nations — Brahmins in India, Persians...'
clm-laws-countries-by-bardaisan	approved	cascade-curator	2026-03-16T20:00:00Z	Passage psg-laws-countries-customs is drawn from book-of-laws-of-countries itself, directly confirming authorship. Excerpt: 'Paraphrase: Bardaisan catalogs the diverse laws and customs of nations — Br
clm-laws-countries-by-bardaisan	reviewed	cascade-curator	2026-03-16T16:00:00Z	Only contextualizing evidence for book-of-laws-of-countries authored_by bardaisan-of-edessa. Scholarly attribution accepted but not textually attested in the excerpt. Excerpt: 'Paraphrase: Bardaisan catalogs the diverse laws and customs of nations — Brahmins in India, Persians...'
clm-laws-countries-written-edessa	approved	cascade-curator	2026-03-16T20:30:00Z	book-of-laws-of-countries written at edessa: passage psg-laws-countries-customs supports the place attribution (biographical or internal evidence). Excerpt: 'Paraphrase: Bardaisan catalogs the diverse
clm-laws-countries-written-edessa	reviewed	cascade-curator	2026-03-16T16:00:00Z	Only contextualizing evidence for book-of-laws-of-countries written_at edessa. Provenance relies on biographical tradition rather than internal textual evidence. Excerpt: 'Paraphrase: Bardaisan catalogs the diverse laws and customs of nations — Brahmins in India, Persians...'
clm-laws-countries-written-edessa	reviewed	cascade-curator	2026-03-16T20:00:00Z	book-of-laws-of-countries written at edessa: biographical consensus supported by passage psg-laws-countries-customs. No explicit internal naming of edessa. Excerpt: 'Paraphrase: Bardaisan catalogs the
clm-lazarus-active-bethany	approved	cascade-curator	2026-03-16T20:00:00Z	Passage psg-john-11-1-18 explicitly places lazarus-of-bethany in bethany-near-jerusalem. Excerpt: 'Paraphrase: Lazarus, Martha, and Mary are introduced at Bethany near Jerusalem.'
clm-lucius-i-bishop-rome	approved	cascade-curator	2026-03-16T20:00:00Z	Passage psg-eusebius-he-7-3 directly names lucius-i-pope as bishop of rome. Excerpt: 'Paraphrase: Eusebius reports that Stephen of Rome wrote to Cyprian and the African bishops concerning the rebaptis
clm-lucius-i-bishop-rome	reviewed	cascade-curator	2026-03-16T16:00:00Z	Evidence supports lucius-i-pope bishop_of rome. Excerpt: 'Paraphrase: Eusebius reports that Stephen of Rome wrote to Cyprian and the African bishops concernin...'
clm-lucius-i-coworker-cyprian	approved	cascade-curator	2026-03-16T20:30:00Z	cyprian-of-carthage coworker_of lucius-i-pope: strong inference from passage psg-eusebius-he-7-3. Excerpt: 'Paraphrase: Eusebius reports that Stephen of Rome wrote to Cyprian and the African bishops c
clm-lucius-i-coworker-cyprian	reviewed	cascade-curator	2026-03-16T16:00:00Z	Only contextualizing evidence for cyprian-of-carthage coworker_of lucius-i-pope. Excerpt: 'Paraphrase: Eusebius reports that Stephen of Rome wrote to Cyprian and the African bishops concernin...'
clm-lucius-i-coworker-cyprian	reviewed	cascade-curator	2026-03-16T20:00:00Z	Passage psg-eusebius-he-7-3 supports cyprian-of-carthage coworker_of lucius-i-pope. Excerpt: 'Paraphrase: Eusebius reports that Stephen of Rome wrote to Cyprian and the African bishops concernin'
clm-lucius-i-member-roman-church	approved	cascade-curator	2026-03-16T20:30:00Z	lucius-i-pope member_of_group roman-church well-supported by passage psg-eusebius-he-7-3. Excerpt: 'Paraphrase: Eusebius reports that Stephen of Rome wrote to Cyprian and the African bishops concernin
clm-lucius-i-member-roman-church	reviewed	cascade-curator	2026-03-16T16:00:00Z	Only contextualizing evidence for lucius-i-pope in roman-church. Excerpt: 'Paraphrase: Eusebius reports that Stephen of Rome wrote to Cyprian and the African bishops concernin...' Needs stronger direct attestation.
clm-lucius-i-member-roman-church	reviewed	cascade-curator	2026-03-16T20:00:00Z	Passage psg-eusebius-he-7-3 supports lucius-i-pope member_of_group roman-church. Excerpt: 'Paraphrase: Eusebius reports that Stephen of Rome wrote to Cyprian and the African bishops concernin'
clm-lucius-of-cyrene-active-antioch	approved	cascade-curator	2026-03-16T20:00:00Z	Passage psg-acts-13-1 explicitly places lucius-of-cyrene in antioch. Excerpt: 'Paraphrase: In the church at Antioch there were prophets and teachers including Barnabas, Simeon called Niger, Lucius of'
clm-lucius-of-cyrene-antioch-church	approved	cascade-curator	2026-03-16T20:00:00Z	Passage psg-acts-13-1 explicitly names lucius-of-cyrene as member of antioch-church. Excerpt: 'Paraphrase: In the church at Antioch there were prophets and teachers including Barnabas, Simeon called N
clm-luke-active-antioch	approved	cascade-curator	2026-03-16T20:00:00Z	Passage psg-acts-11-25-26 explicitly places luke-the-evangelist in antioch. Excerpt: 'Paraphrase: Barnabas brings Saul to Antioch, where they teach with the church and the disciples are first called C
clm-luke-active-antioch	approved	cascade-curator	2026-03-17T04:00:00Z	Confidence calibrated: high->medium (certainty=probable, pred=active_in)
clm-luke-active-caesarea	approved	cascade-curator	2026-03-17T04:00:00Z	Confidence calibrated: high->medium (certainty=probable, pred=active_in)
clm-luke-active-philippi	approved	cascade-curator	2026-03-17T04:00:00Z	Confidence calibrated: high->medium (certainty=probable, pred=active_in)
clm-luke-active-rome	approved	cascade-curator	2026-03-16T20:00:00Z	Passage psg-2tim-4-11 explicitly places luke-the-evangelist in rome. Excerpt: 'Paraphrase: Only Luke is with Paul, and Mark is useful for ministry.'
clm-luke-active-troas	approved	cascade-curator	2026-03-16T20:30:00Z	luke-the-evangelist active_in troas well-supported by passage psg-acts-20-5-6. Excerpt: 'Paraphrase: The we-passage resumes at Philippi, indicating Luke rejoins Paul there.'
clm-luke-active-troas	reviewed	cascade-curator	2026-03-16T20:00:00Z	Passage psg-acts-20-5-6 supports luke-the-evangelist active_in troas. Excerpt: 'Paraphrase: The we-passage resumes at Philippi, indicating Luke rejoins Paul there.'
clm-luke-coworker-paul	approved	cascade-curator	2026-03-16T20:00:00Z	Passage psg-phlm-23-24 explicitly names luke-the-evangelist as coworker of paul. Excerpt: 'Paraphrase: Paul names Mark, Aristarchus, Demas, and Luke as fellow workers.'
clm-luke-coworker-silas	approved	cascade-curator	2026-03-17T12:30:00Z	Upgraded reviewed→approved: probable certainty with direct supports evidence. Confidence set to medium.
clm-luke-coworker-silas	reviewed	cascade-curator	2026-03-16T20:30:00Z	Claim clm-luke-coworker-silas (coworker_of: luke-the-evangelist → silas) has only contextualizing evidence. Certainty probable is appropriate given indirect support.
clm-luke-coworker-silas	reviewed	cascade-curator	2026-03-16T23:00:00Z	Reviewed (contextual): luke-the-evangelist coworker_of silas. Certainty probable. Passage psg-acts-16-11-15: 'Paraphrase: The mission arrives at Philippi, a Roman colony, and Lydia responds in faith a
clm-luke-coworker-timothy	approved	cascade-curator	2026-03-17T04:00:00Z	Confidence calibrated: high->medium (certainty=probable, pred=coworker_of)
clm-luke-member-antioch-church	approved	cascade-curator	2026-03-16T20:00:00Z	Passage psg-acts-11-25-26 explicitly names luke-the-evangelist as member of antioch-church. Excerpt: 'Paraphrase: Barnabas brings Saul to Antioch, where they teach with the church and the disciples ar
clm-luke-member-antioch-church	approved	cascade-curator	2026-03-17T04:00:00Z	Confidence calibrated: high->medium (certainty=probable, pred=member_of_group)
clm-luke-member-roman-church	approved	cascade-curator	2026-03-17T04:00:00Z	Confidence calibrated: high->medium (certainty=probable, pred=member_of_group)
clm-luke-repentance	approved	cascade-curator	2026-03-16T20:00:00Z	Passage psg-luke-24-46-47 from gospel-of-luke directly treats proposition 'repentance-is-required'. The work's affirms is attested from its own text. Excerpt: 'Paraphrase: The risen Christ says repent
clm-luke-resurrection	approved	cascade-curator	2026-03-16T20:00:00Z	Passage psg-luke-24-5-7 from gospel-of-luke directly treats proposition 'jesus-is-proclaimed-as-raised'. The work's affirms is attested from its own text. Excerpt: 'Paraphrase: The messengers remind t
clm-luke-resurrection	approved	cascade-curator	2026-03-17T04:00:00Z	Confidence calibrated: high->medium (certainty=probable, pred=work_affirms_proposition)
clm-lyons-persecution-at-lyons	approved	cascade-curator	2026-03-17T04:00:00Z	Confidence calibrated: high->medium (certainty=probable, pred=event_occurs_at)
clm-lyons-persecution-year	approved	cascade-curator	2026-03-16T12:00:00Z	Eusebius HE 5.1 quotes an extended letter from the churches of Gaul describing the persecution 'in the reign of Marcus Aurelius' (r. 161-180). The traditional date of 177 CE correlates with a known period of imperial pressure and is widely accepted in scholarship.
clm-lyons-persecution-year	approved	cascade-curator	2026-03-17T04:00:00Z	Confidence calibrated: high->medium (certainty=probable, pred=event_has_year)
clm-manaen-active-antioch	approved	cascade-curator	2026-03-16T20:00:00Z	Passage psg-acts-13-1 explicitly places manaen in antioch. Excerpt: 'Paraphrase: In the church at Antioch there were prophets and teachers including Barnabas, Simeon called Niger, Lucius of'
clm-manaen-antioch-church	approved	cascade-curator	2026-03-16T20:00:00Z	Passage psg-acts-13-1 explicitly names manaen as member of antioch-church. Excerpt: 'Paraphrase: In the church at Antioch there were prophets and teachers including Barnabas, Simeon called Niger, Luci
clm-marcion-active-pontus	approved	cascade-curator	2026-03-17T04:00:00Z	Confidence calibrated: high->medium (certainty=probable, pred=active_in)
clm-marcion-active-rome	approved	cascade-curator	2026-03-16T20:00:00Z	Passage psg-eusebius-he-4-11 explicitly places marcion-of-sinope in rome. Excerpt: 'Under Hyginus, bishop of Rome, Cerdo arrived and taught that the God proclaimed by the law and prophets was not the
clm-marcion-active-rome	approved	cascade-curator	2026-03-17T04:00:00Z	Confidence calibrated: high->medium (certainty=probable, pred=active_in)
clm-marcion-active-sinope	approved	cascade-curator	2026-03-17T04:00:00Z	Confidence calibrated: high->medium (certainty=probable, pred=active_in)
clm-marcion-antitheses-by-marcion	approved	cascade-curator	2026-03-16T22:30:00Z	QA-enhanced: authored_by (marcion-antitheses → marcion-of-sinope) cert=attested. Primary passage psg-irenaeus-ah-1-27-1-2: 'Marcion of Pontus succeeded [Cerdo] and developed his doctrine, blaspheming
clm-marcion-antitheses-opposes-ot-scripture	approved	cascade-curator	2026-03-16T12:00:00Z	Irenaeus AH 1.27.1-2 explicitly states Marcion 'blaspheming the God proclaimed by the law and prophets' and 'mutilated the Gospel of Luke'. This is the primary external attestation of Marcion's rejection of the OT. Well-attested.
clm-marcion-antitheses-written-rome	approved	cascade-curator	2026-03-16T21:00:00Z	Strong inference from passage psg-irenaeus-ah-1-27-1-2 supports written_at (marcion-antitheses → rome). Certainty probable. Excerpt: 'Marcion of Pontus succeeded [Cerdo] and developed his doctrine, bl
clm-marcion-antitheses-written-rome	reviewed	cascade-curator	2026-03-16T20:00:00Z	marcion-antitheses written at rome: biographical consensus supported by passage psg-irenaeus-ah-1-27-1-2. No explicit internal naming of rome. Excerpt: 'Marcion of Pontus succeeded [Cerdo] and develop
clm-marcion-antitheses-written-rome	reviewed	cascade-curator	2026-03-16T20:30:00Z	marcion-antitheses written at rome: weak place evidence. Passage psg-irenaeus-ah-1-27-1-2: 'Marcion of Pontus succeeded [Cerdo] and developed his doctrine, blaspheming with shameless effronter'. Certa
clm-marcion-excommunication-at-rome	approved	cascade-curator	2026-03-17T04:00:00Z	Confidence calibrated: high->medium (certainty=probable, pred=event_occurs_at)
clm-marcion-excommunication-year	approved	cascade-curator	2026-03-16T20:30:00Z	Year for marcion-excommunication: – CE well-supported by passage psg-wikipedia-marcionites-spread. Certainty probable. Excerpt: 'Marcionism spread rapidly throughout the Roman Empire during the 2nd ce
clm-marcion-excommunication-year	reviewed	cascade-curator	2026-03-16T20:00:00Z	Year for marcion-excommunication supported by passage psg-wikipedia-marcionites-spread. Excerpt: 'Marcionism spread rapidly throughout the Roman Empire during the 2nd century, with communities docum'
clm-marcion-gospel-by-marcion	approved	cascade-curator	2026-03-16T22:30:00Z	QA-enhanced: authored_by (marcion-gospel → marcion-of-sinope) cert=attested. Primary passage psg-irenaeus-ah-1-27-1-2: 'Marcion of Pontus succeeded [Cerdo] and developed his doctrine, blaspheming with
clm-marcion-gospel-opposes-incarnation	approved	cascade-curator	2026-03-16T12:00:00Z	Irenaeus AH 1.27.1-2 reports Marcion taught Christ 'appeared as a man' without true birth or flesh. The docetic Christology is directly attributed to Marcion by Irenaeus, our earliest surviving detailed source.
clm-marcion-in-excommunication	approved	cascade-curator	2026-03-16T20:00:00Z	Passage psg-eusebius-he-4-11 explicitly names marcion-of-sinope as participant in marcion-excommunication. Excerpt: 'Under Hyginus, bishop of Rome, Cerdo arrived and taught that the God proclaimed by
clm-marcion-in-excommunication	approved	cascade-curator	2026-03-17T04:00:00Z	Confidence calibrated: high->medium (certainty=probable, pred=participant_in)
clm-marcion-member-roman-church	approved	cascade-curator	2026-03-17T04:00:00Z	Confidence calibrated: high->medium (certainty=probable, pred=member_of_group)
clm-marcion-opposes-apostolic-succession	approved	cascade-curator	2026-03-17T04:00:00Z	Confidence calibrated: high->medium (certainty=probable, pred=person_opposes_proposition)
clm-marcion-opposes-resurrection	approved	cascade-curator	2026-03-17T04:00:00Z	Confidence calibrated: high->medium (certainty=probable, pred=person_opposes_proposition)
clm-marcion-opposes-rule-of-faith	approved	cascade-curator	2026-03-17T04:00:00Z	Confidence calibrated: high->medium (certainty=probable, pred=person_opposes_proposition)
clm-marcionites-at-alexandria	approved	cascade-curator	2026-03-16T20:00:00Z	Passage psg-irenaeus-ah-1-27-1-2 explicitly places marcionites at alexandria. Excerpt: 'Marcion of Pontus succeeded [Cerdo] and developed his doctrine, blaspheming with shameless effrontery Him procla
clm-marcionites-at-alexandria	approved	cascade-curator	2026-03-17T04:00:00Z	Confidence calibrated: high->medium (certainty=probable, pred=group_present_at)
clm-marcionites-at-antioch	approved	cascade-curator	2026-03-16T20:00:00Z	Passage psg-irenaeus-ah-1-27-1-2 explicitly places marcionites at antioch. Excerpt: 'Marcion of Pontus succeeded [Cerdo] and developed his doctrine, blaspheming with shameless effrontery Him proclaime
clm-marcionites-at-antioch	approved	cascade-curator	2026-03-17T04:00:00Z	Confidence calibrated: high->medium (certainty=probable, pred=group_present_at)
clm-marcionites-at-asia	approved	cascade-curator	2026-03-16T20:00:00Z	Passage psg-wikipedia-marcionites-spread explicitly places marcionites at asia. Excerpt: 'Marcionism spread rapidly throughout the Roman Empire during the 2nd century, with communities documented in A
clm-marcionites-at-asia	approved	cascade-curator	2026-03-17T04:00:00Z	Confidence calibrated: high->medium (certainty=probable, pred=group_present_at)
clm-marcionites-at-carthage	approved	cascade-curator	2026-03-16T20:00:00Z	Passage psg-eusebius-he-4-11 explicitly places marcionites at carthage. Excerpt: 'Under Hyginus, bishop of Rome, Cerdo arrived and taught that the God proclaimed by the law and prophets was not the Fa
clm-marcionites-at-carthage	approved	cascade-curator	2026-03-17T04:00:00Z	Confidence calibrated: high->medium (certainty=probable, pred=group_present_at)
clm-marcionites-at-egypt	approved	cascade-curator	2026-03-16T20:00:00Z	Passage psg-wikipedia-marcionites-spread explicitly places marcionites at egypt. Excerpt: 'Marcionism spread rapidly throughout the Roman Empire during the 2nd century, with communities documented in
clm-marcionites-at-egypt	approved	cascade-curator	2026-03-17T04:00:00Z	Confidence calibrated: high->medium (certainty=probable, pred=group_present_at)
clm-marcionites-at-ephesus	approved	cascade-curator	2026-03-17T12:30:00Z	Upgraded reviewed→approved: probable certainty with direct supports evidence. Confidence set to medium.
clm-marcionites-at-ephesus	reviewed	cascade-curator	2026-03-16T20:30:00Z	Claim clm-marcionites-at-ephesus (group_present_at: marcionites → ephesus) has only contextualizing evidence. Certainty probable is appropriate given indirect support.
clm-marcionites-at-ephesus	reviewed	cascade-curator	2026-03-16T23:00:00Z	Reviewed (contextual): marcionites group_present_at ephesus. Certainty probable. Passage psg-irenaeus-ah-1-27-1-2: 'Marcion of Pontus succeeded [Cerdo] and developed his doctrine, blaspheming with sha
clm-marcionites-at-galatia	approved	cascade-curator	2026-03-17T12:30:00Z	Upgraded reviewed→approved: probable certainty with direct supports evidence. Confidence set to medium.
clm-marcionites-at-galatia	reviewed	cascade-curator	2026-03-16T20:30:00Z	Claim clm-marcionites-at-galatia (group_present_at: marcionites → galatia) has only contextualizing evidence. Certainty probable is appropriate given indirect support.
clm-marcionites-at-galatia	reviewed	cascade-curator	2026-03-16T23:00:00Z	Reviewed (contextual): marcionites group_present_at galatia. Certainty probable. Passage psg-wikipedia-marcionites-spread: 'Marcionism spread rapidly throughout the Roman Empire during the 2nd century
clm-marcionites-at-pontus	approved	cascade-curator	2026-03-16T20:00:00Z	Passage psg-eusebius-he-4-11 explicitly places marcionites at pontus. Excerpt: 'Under Hyginus, bishop of Rome, Cerdo arrived and taught that the God proclaimed by the law and prophets was not the Fath
clm-marcionites-at-pontus	approved	cascade-curator	2026-03-17T04:00:00Z	Confidence calibrated: high->medium (certainty=probable, pred=group_present_at)
clm-marcionites-at-smyrna	approved	cascade-curator	2026-03-17T12:30:00Z	Upgraded reviewed→approved: probable certainty with direct supports evidence. Confidence set to medium.
clm-marcionites-at-smyrna	reviewed	cascade-curator	2026-03-16T20:30:00Z	Claim clm-marcionites-at-smyrna (group_present_at: marcionites → smyrna) has only contextualizing evidence. Certainty probable is appropriate given indirect support.
clm-marcionites-at-smyrna	reviewed	cascade-curator	2026-03-16T23:00:00Z	Reviewed (contextual): marcionites group_present_at smyrna. Certainty probable. Passage psg-wikipedia-marcionites-spread: 'Marcionism spread rapidly throughout the Roman Empire during the 2nd century,
clm-marcionites-present-rome	approved	cascade-curator	2026-03-16T20:00:00Z	Passage psg-irenaeus-ah-3-4-3 explicitly places marcionites at rome. Excerpt: 'Paraphrase: Valentinus came to Rome in the time of Hyginus; Cerdon, Marcion's predecessor, also came in the time of Hygi'
clm-mark-resurrection	approved	cascade-curator	2026-03-16T20:00:00Z	Passage psg-mark-16-6 from gospel-of-mark directly treats proposition 'jesus-is-proclaimed-as-raised'. The work's affirms is attested from its own text. Excerpt: 'Paraphrase: The young man announces t
clm-martha-active-bethany	approved	cascade-curator	2026-03-16T20:00:00Z	Passage psg-john-11-1-18 explicitly places martha-of-bethany in bethany-near-jerusalem. Excerpt: 'Paraphrase: Lazarus, Martha, and Mary are introduced at Bethany near Jerusalem.'
clm-martha-active-jerusalem	approved	cascade-curator	2026-03-16T20:00:00Z	Passage psg-john-11-1-18 explicitly places martha-of-bethany in jerusalem. Excerpt: 'Paraphrase: Lazarus, Martha, and Mary are introduced at Bethany near Jerusalem.'
clm-martha-active-jerusalem	approved	cascade-curator	2026-03-17T04:00:00Z	Confidence calibrated: high->medium (certainty=probable, pred=active_in)
clm-martha-coworker-mary-bethany	approved	cascade-curator	2026-03-16T20:30:00Z	lazarus-of-bethany coworker_of martha-of-bethany: strong inference from passage psg-john-11-1-18. Excerpt: 'Paraphrase: Lazarus, Martha, and Mary are introduced at Bethany near Jerusalem.'
clm-martha-coworker-mary-bethany	reviewed	cascade-curator	2026-03-16T20:00:00Z	Passage psg-john-11-1-18 supports lazarus-of-bethany coworker_of martha-of-bethany. Excerpt: 'Paraphrase: Lazarus, Martha, and Mary are introduced at Bethany near Jerusalem.'
clm-martyrdom-alban-at-britannia	approved	cascade-curator	2026-03-16T20:30:00Z	Strong support: martyrdom-of-alban at britannia. Passage psg-gildas-de-excidio-10: 'Paraphrase: Meanwhile these islands received the beams of light that is the holy precepts of Christ at the latter pa
clm-martyrdom-alban-at-britannia	reviewed	cascade-curator	2026-03-16T16:00:00Z	Evidence supports martyrdom-of-alban occurs_at britannia. Excerpt: 'Paraphrase: Meanwhile these islands received the beams of light that is the holy precepts of Christ ...'
clm-martyrdom-alban-at-britannia	reviewed	cascade-curator	2026-03-16T20:00:00Z	Contextual evidence for martyrdom-of-alban at britannia. Passage psg-gildas-de-excidio-10: 'Paraphrase: Meanwhile these islands received the beams of light that is the holy'
clm-martyrdom-alban-year	approved	cascade-curator	2026-03-17T12:30:00Z	Upgraded reviewed→approved: possible certainty with direct supports evidence. Confidence set to low.
clm-martyrdom-alban-year	reviewed	cascade-curator	2026-03-16T16:00:00Z	Year claim for martyrdom-of-alban (-) supported only by contextualizing evidence. Passage psg-gildas-de-excidio-10: 'Paraphrase: Meanwhile these islands received the beams of light that is the holy precepts of Christ ...' Needs direct date attestation.
clm-martyrdom-alban-year	reviewed	cascade-curator	2026-03-16T20:30:00Z	Claim clm-martyrdom-alban-year (event_has_year: martyrdom-of-alban → ) has only contextualizing evidence. Certainty possible is appropriate given indirect support.
clm-martyrdom-alban-year	reviewed	cascade-curator	2026-03-16T23:00:00Z	Reviewed (contextual): martyrdom-of-alban event_has_year –. Certainty possible. Passage psg-gildas-de-excidio-10: 'Paraphrase: Meanwhile these islands received the beams of light that is the holy prec
clm-martyrdom-alban-year-2	approved	cascade-curator	2026-03-17T15:30:00Z	Review aligned: claim status=superseded.
clm-martyrdom-alban-year-2	reviewed	cascade-curator	2026-03-16T20:30:00Z	Claim clm-martyrdom-alban-year-2 (event_has_year: martyrdom-of-alban → ) has only contextualizing evidence. Certainty possible is appropriate given indirect support.
clm-martyrdom-alban-year-2	reviewed	cascade-curator	2026-03-16T23:00:00Z	Reviewed (contextual): martyrdom-of-alban event_has_year –. Certainty possible. Passage psg-wikipedia-british-church-control: 'Christianity spread in Roman Britain during the 3rd and 4th centuries. Th
clm-martyrdom-alban-year-2	reviewed	cascade-curator	2026-03-17T02:00:00Z	Claim deprecated as duplicate: Duplicate event_has_year claim for martyrdom-of-alban; clm-martyrdom-alban-year is the primary.
clm-martyrdom-polycarp-by-smyrna	approved	cascade-curator	2026-03-17T10:00:00Z	The Martyrdom of Polycarp (c. 155-160 CE) was composed by the church of Smyrna as a circular letter. Polycarp is its subject; the Smyrnaean community authored it.
clm-martyrdom-polycarp-written-smyrna	approved	cascade-curator	2026-03-17T04:00:00Z	Confidence calibrated: high->medium (certainty=probable, pred=written_at)
clm-mary-magdalene-active-galilee	approved	cascade-curator	2026-03-16T20:00:00Z	Passage psg-luke-8-1-3 explicitly places mary-magdalene in galilee. Excerpt: 'Paraphrase: Women including Mary Magdalene accompany Jesus in the Galilean ministry.'
clm-mary-magdalene-active-jerusalem	approved	cascade-curator	2026-03-16T20:00:00Z	Passage psg-john-20-1-18 explicitly places mary-magdalene in jerusalem. Excerpt: 'Paraphrase: Mary Magdalene comes to the tomb and encounters the risen Jesus.'
clm-mary-magdalene-disciple	approved	cascade-curator	2026-03-16T20:00:00Z	Passage psg-luke-8-1-3 explicitly names mary-magdalene as member of disciples-of-jesus. Excerpt: 'Paraphrase: Women including Mary Magdalene accompany Jesus in the Galilean ministry.'
clm-mary-magdalene-in-resurrection	approved	cascade-curator	2026-03-16T20:00:00Z	Passage psg-john-20-1-18 explicitly names mary-magdalene as participant in resurrection-of-jesus. Excerpt: 'Paraphrase: Mary Magdalene comes to the tomb and encounters the risen Jesus.'
clm-mary-mother-active-galilee	approved	cascade-curator	2026-03-16T20:00:00Z	Passage psg-acts-1-13-14 explicitly places mary-mother-of-jesus in galilee. Excerpt: 'Paraphrase: The apostles, the women, and Mary the mother of Jesus are gathered in Jerusalem.'
clm-mary-mother-active-galilee	approved	cascade-curator	2026-03-17T04:00:00Z	Confidence calibrated: high->medium (certainty=probable, pred=active_in)
clm-mary-mother-active-jerusalem	approved	cascade-curator	2026-03-16T20:00:00Z	Passage psg-acts-1-13-14 explicitly places mary-mother-of-jesus in jerusalem. Excerpt: 'Paraphrase: The apostles, the women, and Mary the mother of Jesus are gathered in Jerusalem.'
clm-mary-mother-disciple	approved	cascade-curator	2026-03-16T20:00:00Z	Passage psg-acts-1-13-14 explicitly names mary-mother-of-jesus as member of disciples-of-jesus. Excerpt: 'Paraphrase: The apostles, the women, and Mary the mother of Jesus are gathered in Jerusalem.'
clm-mary-mother-disciple	approved	cascade-curator	2026-03-17T04:00:00Z	Confidence calibrated: high->medium (certainty=probable, pred=member_of_group)
clm-mary-mother-in-crucifixion	approved	cascade-curator	2026-03-17T04:00:00Z	Confidence calibrated: high->medium (certainty=probable, pred=participant_in)
clm-mary-of-rome-active-rome	approved	cascade-curator	2026-03-16T20:00:00Z	Passage psg-rom-16-6 explicitly places mary-of-rome in rome. Excerpt: 'Paraphrase: Paul greets Mary, who has worked very hard among the Roman believers.'
clm-mary-of-rome-roman-church	approved	cascade-curator	2026-03-16T20:00:00Z	Passage psg-rom-16-6 explicitly names mary-of-rome as member of roman-church. Excerpt: 'Paraphrase: Paul greets Mary, who has worked very hard among the Roman believers.'
clm-matthew-active-galilee	approved	cascade-curator	2026-03-16T20:00:00Z	Passage psg-matt-10-2-4 explicitly places matthew-the-apostle in galilee. Excerpt: 'Paraphrase: Matthew lists the names of the Twelve apostles including Thomas, Matthew, Philip, and Bartholomew.'
clm-matthew-active-galilee	approved	cascade-curator	2026-03-17T04:00:00Z	Confidence calibrated: high->medium (certainty=probable, pred=active_in)
clm-matthew-active-jerusalem	approved	cascade-curator	2026-03-17T04:00:00Z	Confidence calibrated: high->medium (certainty=probable, pred=active_in)
clm-matthew-disciple	approved	cascade-curator	2026-03-16T20:00:00Z	Passage psg-matt-10-2-4 explicitly names matthew-the-apostle as member of disciples-of-jesus. Excerpt: 'Paraphrase: Matthew lists the names of the Twelve apostles including Thomas, Matthew, Philip, an
clm-matthew-in-pentecost	approved	cascade-curator	2026-03-17T04:00:00Z	Confidence calibrated: high->medium (certainty=probable, pred=participant_in)
clm-matthew-repentance	approved	cascade-curator	2026-03-16T20:00:00Z	Passage psg-matt-4-17 from gospel-of-matthew directly treats proposition 'repentance-is-required'. The work's affirms is attested from its own text. Excerpt: 'Paraphrase: Jesus begins proclaiming, Rep
clm-matthew-repentance	approved	cascade-curator	2026-03-17T04:00:00Z	Confidence calibrated: high->medium (certainty=probable, pred=work_affirms_proposition)
clm-matthew-resurrection	approved	cascade-curator	2026-03-16T20:00:00Z	Passage psg-matt-28-5-7 from gospel-of-matthew directly treats proposition 'jesus-is-proclaimed-as-raised'. The work's affirms is attested from its own text. Excerpt: 'Paraphrase: The angel tells the
clm-matthew-resurrection	approved	cascade-curator	2026-03-17T01:00:00Z	Evidence reviewed post-linking: work_affirms_proposition (gospel-of-matthew -> jesus-is-proclaimed-as-raised), cert=attested. New supports link to passage psg-matt-28-19-20. Excerpt: 'Go therefore and
clm-maximilla-active-phrygia	approved	cascade-curator	2026-03-16T22:30:00Z	QA-enhanced: active_in (maximilla → phrygia) cert=attested. Primary passage psg-eusebius-he-5-16-7-9: 'Maximilla, likewise, said: 'I am driven from among the sheep like a wolf; I am no wolf — I am wor
clm-maximilla-affirms-continuing-prophecy	approved	cascade-curator	2026-03-16T22:30:00Z	QA-enhanced: person_affirms_proposition (maximilla → prophetic-gifts-continue-after-apostles) cert=attested. Primary passage psg-eusebius-he-5-16-7-9: 'Maximilla, likewise, said: 'I am driven from amo
clm-maximilla-coworker-montanus	approved	cascade-curator	2026-03-16T22:30:00Z	QA-enhanced: coworker_of (maximilla → montanus) cert=attested. Primary passage psg-eusebius-he-5-14-1-2: 'At this time in Phrygia, Montanus, as he was called, together with Alcibiades and Theodotus, g
clm-maximilla-member-montanists	approved	cascade-curator	2026-03-16T22:30:00Z	QA-enhanced: member_of_group (maximilla → montanists) cert=attested. Primary passage psg-eusebius-he-5-16-7-9: 'Maximilla, likewise, said: 'I am driven from among the sheep like a wolf; I am no wolf —
clm-melito-affirms-ot-scripture	approved	cascade-curator	2026-03-17T12:30:00Z	Upgraded reviewed→approved: probable certainty with direct supports evidence. Confidence set to medium.
clm-melito-affirms-ot-scripture	reviewed	cascade-curator	2026-03-16T22:30:00Z	QA-full: person_affirms_proposition (melito-of-sardis → old-testament-is-authoritative-scripture) cert=probable: no supports evidence; downgraded approved/high → reviewed/medium.
clm-melito-affirms-ot-scripture	reviewed	cascade-curator	2026-03-16T23:00:00Z	Reviewed (contextual): melito-of-sardis person_affirms_proposition 'old-testament-is-authoritative-scripture'. Certainty probable. Passage psg-eusebius-he-4-23: 'Paraphrase: Eusebius records the lette
clm-melito-affirms-passion	approved	cascade-curator	2026-03-17T12:30:00Z	Upgraded reviewed→approved: probable certainty with direct supports evidence. Confidence set to medium.
clm-melito-affirms-passion	reviewed	cascade-curator	2026-03-16T22:30:00Z	QA-full: person_affirms_proposition (melito-of-sardis → christ-truly-suffered-and-died) cert=probable: no supports evidence; downgraded approved/high → reviewed/medium.
clm-melito-affirms-passion	reviewed	cascade-curator	2026-03-16T23:00:00Z	Reviewed (contextual): melito-of-sardis person_affirms_proposition 'christ-truly-suffered-and-died'. Certainty probable. Passage psg-eusebius-he-4-23: 'Paraphrase: Eusebius records the letters of Dion
clm-melito-bishop-sardis	approved	cascade-curator	2026-03-16T20:00:00Z	Passage psg-melito-peri-pascha-96 directly names melito-of-sardis as bishop of sardis. Excerpt: 'Paraphrase: He who formed man from the earth was born of a virgin; he who suspended the earth in space
clm-melito-bishop-sardis	approved	cascade-curator	2026-03-17T04:00:00Z	Confidence calibrated: high->medium (certainty=probable, pred=bishop_of)
clm-melito-member-sardis-church	approved	cascade-curator	2026-03-16T20:30:00Z	melito-of-sardis member_of_group sardis-church well-supported by passage psg-eusebius-he-4-23. Excerpt: 'Paraphrase: Eusebius records the letters of Dionysius of Corinth to various churches confirming
clm-melito-member-sardis-church	reviewed	cascade-curator	2026-03-16T20:00:00Z	Passage psg-eusebius-he-4-23 supports melito-of-sardis member_of_group sardis-church. Excerpt: 'Paraphrase: Eusebius records the letters of Dionysius of Corinth to various churches confirming apos'
clm-melito-pascha-affirms-eucharist	approved	cascade-curator	2026-03-16T20:00:00Z	Passage psg-melito-peri-pascha-66-71 from homily-on-the-passover directly treats proposition 'eucharist-is-body-and-blood'. The work's affirms is attested from its own text. Excerpt: 'Paraphrase: Chri
clm-melito-pascha-affirms-eucharist	approved	cascade-curator	2026-03-17T04:00:00Z	Confidence calibrated: high->medium (certainty=probable, pred=work_affirms_proposition)
clm-melito-pascha-affirms-incarnation	approved	cascade-curator	2026-03-16T20:00:00Z	Passage psg-melito-peri-pascha-96 from homily-on-the-passover directly treats proposition 'christ-truly-became-flesh'. The work's affirms is attested from its own text. Excerpt: 'Paraphrase: He who fo
clm-melito-pascha-affirms-incarnation	approved	cascade-curator	2026-03-17T04:00:00Z	Confidence calibrated: high->medium (certainty=probable, pred=work_affirms_proposition)
clm-melito-pascha-affirms-logos	approved	cascade-curator	2026-03-17T04:00:00Z	Confidence calibrated: high->medium (certainty=probable, pred=work_affirms_proposition)
clm-melito-pascha-affirms-martyrdom-witness	approved	cascade-curator	2026-03-16T20:00:00Z	Passage psg-melito-peri-pascha-96 from homily-on-the-passover directly treats proposition 'martyrdom-witnesses-to-christ'. The work's affirms is attested from its own text. Excerpt: 'Paraphrase: He wh
clm-melito-pascha-affirms-martyrdom-witness	approved	cascade-curator	2026-03-17T04:00:00Z	Confidence calibrated: high->medium (certainty=probable, pred=work_affirms_proposition)
clm-melito-pascha-affirms-ot-scripture	approved	cascade-curator	2026-03-16T20:00:00Z	Passage psg-melito-peri-pascha-66-71 from homily-on-the-passover directly treats proposition 'old-testament-is-authoritative-scripture'. The work's affirms is attested from its own text. Excerpt: 'Par
clm-melito-pascha-affirms-ot-scripture	reviewed	cascade-curator	2026-03-16T16:00:00Z	Passage psg-melito-peri-pascha-66-71 from homily-on-the-passover supports but the excerpt does not use the exact language of 'old-testament-is-authoritative-scripture'. The proposition is conveyed through the overall context of this passage. Excerpt: 'Paraphrase: Christ is the Passover lamb who was slain in Abel's place, bound in Isaac's place, exile...'
clm-melito-pascha-affirms-passion	approved	cascade-curator	2026-03-16T20:00:00Z	Passage psg-melito-peri-pascha-66-71 from homily-on-the-passover directly treats proposition 'christ-truly-suffered-and-died'. The work's affirms is attested from its own text. Excerpt: 'Paraphrase: C
clm-melito-pascha-affirms-passion	reviewed	cascade-curator	2026-03-16T16:00:00Z	Passage psg-melito-peri-pascha-66-71 from homily-on-the-passover supports but the excerpt does not use the exact language of 'christ-truly-suffered-and-died'. The proposition is conveyed through the overall context of this passage. Excerpt: 'Paraphrase: Christ is the Passover lamb who was slain in Abel's place, bound in Isaac's place, exile...'
clm-melito-pascha-affirms-resurrection	approved	cascade-curator	2026-03-16T20:00:00Z	Passage psg-melito-peri-pascha-66-71 from homily-on-the-passover directly treats proposition 'bodies-will-be-raised-at-last-day'. The work's affirms is attested from its own text. Excerpt: 'Paraphrase
clm-melito-pascha-affirms-resurrection	approved	cascade-curator	2026-03-17T04:00:00Z	Confidence calibrated: high->medium (certainty=probable, pred=work_affirms_proposition)
clm-melito-pascha-affirms-resurrection	reviewed	cascade-curator	2026-03-16T16:00:00Z	Passage psg-melito-peri-pascha-66-71 from homily-on-the-passover supports but the excerpt does not use the exact language of 'bodies-will-be-raised-at-last-day'. The proposition is conveyed through the overall context of this passage. Excerpt: 'Paraphrase: Christ is the Passover lamb who was slain in Abel's place, bound in Isaac's place, exile...'
clm-melito-pascha-affirms-virgin-birth	approved	cascade-curator	2026-03-16T20:00:00Z	Passage psg-melito-peri-pascha-66-71 from homily-on-the-passover directly treats proposition 'jesus-born-of-virgin'. The work's affirms is attested from its own text. Excerpt: 'Paraphrase: Christ is t
clm-melito-pascha-affirms-virgin-birth	approved	cascade-curator	2026-03-17T04:00:00Z	Confidence calibrated: high->medium (certainty=probable, pred=work_affirms_proposition)
clm-melito-pascha-affirms-virgin-birth	reviewed	cascade-curator	2026-03-16T16:00:00Z	Passage psg-melito-peri-pascha-66-71 from homily-on-the-passover supports but the excerpt does not use the exact language of 'jesus-born-of-virgin'. The proposition is conveyed through the overall context of this passage. Excerpt: 'Paraphrase: Christ is the Passover lamb who was slain in Abel's place, bound in Isaac's place, exile...'
clm-melito-pascha-written-sardis	approved	cascade-curator	2026-03-17T04:00:00Z	Confidence calibrated: high->medium (certainty=probable, pred=written_at)
clm-mnason-active-cyprus	approved	cascade-curator	2026-03-16T20:00:00Z	Passage psg-acts-21-16 explicitly places mnason in cyprus. Excerpt: 'Paraphrase: Disciples from Caesarea bring Paul to lodge with Mnason of Cyprus, an early disciple.'
clm-mnason-disciple	approved	cascade-curator	2026-03-16T20:00:00Z	Passage psg-acts-21-16 explicitly names mnason as member of disciples-of-jesus. Excerpt: 'Paraphrase: Disciples from Caesarea bring Paul to lodge with Mnason of Cyprus, an early disciple.'
clm-montanists-at-antioch	approved	cascade-curator	2026-03-17T12:30:00Z	Upgraded reviewed→approved: probable certainty with direct supports evidence. Confidence set to medium.
clm-montanists-at-antioch	reviewed	cascade-curator	2026-03-16T20:30:00Z	Claim clm-montanists-at-antioch (group_present_at: montanists → antioch) has only contextualizing evidence. Certainty probable is appropriate given indirect support.
clm-montanists-at-antioch	reviewed	cascade-curator	2026-03-16T23:00:00Z	Reviewed (contextual): montanists group_present_at antioch. Certainty probable. Passage psg-eusebius-he-5-16: 'Paraphrase: Eusebius preserves the anonymous anti-Montanist source describing Montanus, M
clm-montanists-at-asia	approved	cascade-curator	2026-03-17T04:00:00Z	Confidence calibrated: high->medium (certainty=probable, pred=group_present_at)
clm-montanists-at-carthage	approved	cascade-curator	2026-03-16T20:00:00Z	Passage psg-irenaeus-ah-3-3-4 explicitly places montanists at carthage. Excerpt: 'Paraphrase: Polycarp was instructed by apostles, conversed with many who had seen Christ, and was appointed bishop of
clm-montanists-at-carthage	approved	cascade-curator	2026-03-17T04:00:00Z	Confidence calibrated: high->medium (certainty=probable, pred=group_present_at)
clm-montanists-at-galatia	approved	cascade-curator	2026-03-16T20:00:00Z	Passage psg-acts-16-6 explicitly places montanists at galatia. Excerpt: 'They went through the region of Phrygia and Galatia, having been prevented by the Holy Spirit from speaking the word in '
clm-montanists-at-galatia	approved	cascade-curator	2026-03-17T04:00:00Z	Confidence calibrated: high->medium (certainty=probable, pred=group_present_at)
clm-montanists-at-phrygia	approved	cascade-curator	2026-03-16T20:00:00Z	Passage psg-irenaeus-ah-3-3-4 explicitly places montanists at phrygia. Excerpt: 'Paraphrase: Polycarp was instructed by apostles, conversed with many who had seen Christ, and was appointed bishop of S
clm-montanists-at-phrygia	approved	cascade-curator	2026-03-17T04:00:00Z	Confidence calibrated: high->medium (certainty=probable, pred=group_present_at)
clm-montanists-at-rome	approved	cascade-curator	2026-03-16T20:00:00Z	Passage psg-irenaeus-ah-3-3-4 explicitly places montanists at rome. Excerpt: 'Paraphrase: Polycarp was instructed by apostles, conversed with many who had seen Christ, and was appointed bishop of Sm'
clm-montanists-at-rome	approved	cascade-curator	2026-03-17T04:00:00Z	Confidence calibrated: high->medium (certainty=probable, pred=group_present_at)
clm-montanists-schismed-from-ephesian	approved	cascade-curator	2026-03-17T04:00:00Z	Confidence calibrated: high->medium (certainty=probable, pred=group_schismed_from)
clm-montanus-active-phrygia	approved	cascade-curator	2026-03-16T22:30:00Z	QA-enhanced: active_in (montanus → phrygia) cert=attested. Primary passage psg-eusebius-he-5-14-1-2: 'At this time in Phrygia, Montanus, as he was called, together with Alcibiades and Theodotus, gave
clm-montanus-affirms-continuing-prophecy	approved	cascade-curator	2026-03-16T22:30:00Z	QA-enhanced: person_affirms_proposition (montanus → prophetic-gifts-continue-after-apostles) cert=attested. Primary passage psg-eusebius-he-5-14-1-2: 'At this time in Phrygia, Montanus, as he was call
clm-montanus-coworker-priscilla-montanist	approved	cascade-curator	2026-03-17T12:30:00Z	Upgraded reviewed→approved: probable certainty with direct supports evidence. Confidence set to medium.
clm-montanus-coworker-priscilla-montanist	reviewed	cascade-curator	2026-03-16T16:00:00Z	Only contextualizing evidence for montanus coworker_of priscilla-montanist. Excerpt: 'Early centers of Christianity included Jerusalem, Antioch, Alexandria, Rome, Carthage, and Edessa. C...'
clm-montanus-coworker-priscilla-montanist	reviewed	cascade-curator	2026-03-16T20:30:00Z	Claim clm-montanus-coworker-priscilla-montanist (coworker_of: montanus → priscilla-montanist) has only contextualizing evidence. Certainty probable is appropriate given indirect support.
clm-montanus-coworker-priscilla-montanist	reviewed	cascade-curator	2026-03-16T23:00:00Z	Reviewed (contextual): montanus coworker_of priscilla-montanist. Certainty probable. Passage psg-wikipedia-early-church-geography: 'Early centers of Christianity included Jerusalem, Antioch, Alexandri
clm-montanus-member-montanists	approved	cascade-curator	2026-03-16T22:30:00Z	QA-enhanced: member_of_group (montanus → montanists) cert=attested. Primary passage psg-eusebius-he-5-14-1-2: 'At this time in Phrygia, Montanus, as he was called, together with Alcibiades and Theodot
clm-montanus-opposes-apostolic-succession	approved	cascade-curator	2026-03-17T04:00:00Z	Confidence calibrated: high->medium (certainty=probable, pred=person_opposes_proposition)
clm-nathanael-active-cana	approved	cascade-curator	2026-03-16T20:00:00Z	Passage psg-john-1-43-49 explicitly places nathanael in cana. Excerpt: 'Paraphrase: Jesus calls Philip, who brings Nathanael, who confesses him.'
clm-nathanael-active-cana	approved	cascade-curator	2026-03-17T04:00:00Z	Confidence calibrated: high->medium (certainty=probable, pred=active_in)
clm-nathanael-disciple	approved	cascade-curator	2026-03-16T20:00:00Z	Passage psg-john-1-43-49 explicitly names nathanael as member of disciples-of-jesus. Excerpt: 'Paraphrase: Jesus calls Philip, who brings Nathanael, who confesses him.'
clm-nativity-by-ephrem	approved	cascade-curator	2026-03-16T20:00:00Z	Passage psg-ephrem-nativity-1 is drawn from hymns-on-nativity-ephrem itself, directly confirming authorship. Excerpt: 'Paraphrase: Blessed is the night in which the Pure One came forth to sinners; the
clm-nativity-by-ephrem	reviewed	cascade-curator	2026-03-16T16:00:00Z	Only contextualizing evidence for hymns-on-nativity-ephrem authored_by ephrem-the-syrian. Scholarly attribution accepted but not textually attested in the excerpt. Excerpt: 'Paraphrase: Blessed is the night in which the Pure One came forth to sinners; the Lord of all entere...'
clm-nativity-written-edessa	approved	cascade-curator	2026-03-16T20:30:00Z	hymns-on-nativity-ephrem written at edessa: passage psg-ephrem-nativity-1 supports the place attribution (biographical or internal evidence). Excerpt: 'Paraphrase: Blessed is the night in which the Pu
clm-nativity-written-edessa	needs_revision	cascade-curator	2026-03-16T12:00:00Z	Same issue as clm-faith-written-edessa: the Hymns on the Nativity passage does not name Edessa. Ephrem's works are attributed to Edessa/Nisibis on biographical grounds, not from internal textual evidence. Certainty downgraded to probable.
clm-nativity-written-edessa	reviewed	cascade-curator	2026-03-16T20:00:00Z	hymns-on-nativity-ephrem written at edessa: biographical consensus supported by passage psg-ephrem-nativity-1. No explicit internal naming of edessa. Excerpt: 'Paraphrase: Blessed is the night in whic
clm-nereus-of-rome-active-rome	approved	cascade-curator	2026-03-16T20:00:00Z	Passage psg-rom-16-15 explicitly places nereus-of-rome in rome. Excerpt: 'Paraphrase: Paul greets Philologus, Julia, Nereus and his sister, Olympas, and all the saints with them.'
clm-nereus-of-rome-roman-church	approved	cascade-curator	2026-03-16T20:00:00Z	Passage psg-rom-16-15 explicitly names nereus-of-rome as member of roman-church. Excerpt: 'Paraphrase: Paul greets Philologus, Julia, Nereus and his sister, Olympas, and all the saints with them.'
clm-nero-active-rome	approved	cascade-curator	2026-03-16T20:00:00Z	Passage psg-tacitus-annals-15-38-44 explicitly places nero in rome. Excerpt: 'Paraphrase: Tacitus narrates the Great Fire of Rome and Nero's punishment of Christians to suppress the rumor against hi'
clm-nero-active-rome	approved	cascade-curator	2026-03-17T04:00:00Z	Confidence calibrated: high->medium (certainty=probable, pred=active_in)
clm-nero-in-neronian-persecution	approved	cascade-curator	2026-03-16T20:00:00Z	Passage psg-tacitus-annals-15-38-44 explicitly names nero as participant in neronian-persecution. Excerpt: 'Paraphrase: Tacitus narrates the Great Fire of Rome and Nero's punishment of Christians to s
clm-neronian-persecution-at-rome	approved	cascade-curator	2026-03-16T20:00:00Z	Passage psg-tacitus-annals-15-38-44 explicitly places neronian-persecution at rome. Excerpt: 'Paraphrase: Tacitus narrates the Great Fire of Rome and Nero's punishment of Christians to suppress the ru
clm-neronian-persecution-year	approved	cascade-curator	2026-03-16T12:00:00Z	Tacitus Annals 15.44 explicitly dates the Neronian persecution to the great fire of 64 CE. This is the primary pagan attestation of the persecution; the year is certain.
clm-neronian-persecution-year	approved	cascade-curator	2026-03-17T04:00:00Z	Confidence calibrated: high->medium (certainty=probable, pred=event_has_year)
clm-nicaea-occurs-at-nicaea	approved	cascade-curator	2026-03-17T11:30:00Z	The First Council of Nicaea convened at Nicaea in Bithynia, 325 CE.
clm-nicaea-year-325	approved	cascade-curator	2026-03-17T11:30:00Z	The First Council of Nicaea was held in 325 CE.
clm-nicodemus-active-jerusalem	approved	cascade-curator	2026-03-16T20:00:00Z	Passage psg-john-19-38-42 explicitly places nicodemus in jerusalem. Excerpt: 'Paraphrase: Joseph of Arimathea and Nicodemus bury Jesus.'
clm-nicodemus-active-judea	approved	cascade-curator	2026-03-16T20:00:00Z	Passage psg-john-19-38-42 explicitly places nicodemus in judea. Excerpt: 'Paraphrase: Joseph of Arimathea and Nicodemus bury Jesus.'
clm-nicodemus-active-judea	approved	cascade-curator	2026-03-17T04:00:00Z	Confidence calibrated: high->medium (certainty=probable, pred=active_in)
clm-nicodemus-disciple	approved	cascade-curator	2026-03-16T20:00:00Z	Passage psg-john-18-1-11 explicitly names nicodemus as member of disciples-of-jesus. Excerpt: 'Paraphrase: Judas arrives with officers, Jesus is arrested in the garden, and he restrains violent resist
clm-nicodemus-disciple	approved	cascade-curator	2026-03-17T04:00:00Z	Confidence calibrated: high->medium (certainty=probable, pred=member_of_group)
clm-nicodemus-in-burial	approved	cascade-curator	2026-03-17T04:00:00Z	Confidence calibrated: high->medium (certainty=probable, pred=participant_in)
clm-nicolaitans-schismed-from-ephesian	approved	cascade-curator	2026-03-17T04:00:00Z	Confidence calibrated: high->medium (certainty=probable, pred=group_schismed_from)
clm-novatian-active-carthage-mission	approved	cascade-curator	2026-03-16T20:00:00Z	Passage psg-eusebius-he-6-43 explicitly places novatian in carthage. Excerpt: 'Paraphrase: Eusebius preserves a letter of Cornelius of Rome describing Novatian's ordination irregularity: three simple'
clm-novatian-active-carthage-mission	approved	cascade-curator	2026-03-17T04:00:00Z	Confidence calibrated: high->medium (certainty=probable, pred=active_in)
clm-novatian-active-rome	approved	cascade-curator	2026-03-16T16:00:00Z	Passage psg-eusebius-he-6-20-43 directly places novatian in rome: 'Paraphrase: Eusebius reports that Hippolytus was a bishop somewhere and that he composed various works. In HE 6.43, Euse...'
clm-novatian-in-decian	approved	cascade-curator	2026-03-17T04:00:00Z	Confidence calibrated: high->medium (certainty=probable, pred=participant_in)
clm-novatian-in-novatian-schism	approved	cascade-curator	2026-03-16T16:00:00Z	Passage psg-eusebius-he-6-20-43 directly names novatian as a participant in novatian-schism: 'Paraphrase: Eusebius reports that Hippolytus was a bishop somewhere and that he composed various works. In HE 6.43, Euse...' Claim is directly attested.
clm-novatian-member-novatianists	approved	cascade-curator	2026-03-16T16:00:00Z	Passage psg-eusebius-he-6-20-43 confirms novatian as member of novatianists: 'Paraphrase: Eusebius reports that Hippolytus was a bishop somewhere and that he composed various works. In HE 6.43, Euse...'
clm-novatian-member-roman-church	approved	cascade-curator	2026-03-16T16:00:00Z	Passage psg-eusebius-he-6-20-43 confirms novatian as member of roman-church: 'Paraphrase: Eusebius reports that Hippolytus was a bishop somewhere and that he composed various works. In HE 6.43, Euse...'
clm-novatian-person-opposes-penance	approved	cascade-curator	2026-03-16T20:30:00Z	Third-party source (passage psg-eusebius-he-6-20-43) reports novatian as opposing 'post-baptismal-sin-forgiven-by-penance'. Excerpt: 'Paraphrase: Eusebius reports that Hippolytus was a bishop somewher
clm-novatian-person-opposes-penance	reviewed	cascade-curator	2026-03-16T16:00:00Z	Only contextualizing evidence for novatian person_opposes_proposition 'post-baptismal-sin-forgiven-by-penance'. The person's connection to this proposition needs stronger direct attestation. Excerpt: 'Paraphrase: Eusebius reports that Hippolytus was a bishop somewhere and that he composed various wor...'
clm-novatian-person-opposes-penance	reviewed	cascade-curator	2026-03-16T20:00:00Z	Third-party attestation from passage psg-eusebius-he-6-20-43: novatian is reported as opposing 'post-baptismal-sin-forgiven-by-penance'. Excerpt: 'Paraphrase: Eusebius reports that Hippolytus was a bi
clm-novatian-schism-at-rome	approved	cascade-curator	2026-03-16T20:00:00Z	Passage psg-eusebius-he-6-20-43 explicitly places novatian-schism at rome. Excerpt: 'Paraphrase: Eusebius reports that Hippolytus was a bishop somewhere and that he composed various works. In HE 6.43,
clm-novatian-schism-at-rome	reviewed	cascade-curator	2026-03-16T16:00:00Z	Evidence supports novatian-schism occurs_at rome. Excerpt: 'Paraphrase: Eusebius reports that Hippolytus was a bishop somewhere and that he composed various wor...'
clm-novatian-schism-year	approved	cascade-curator	2026-03-16T20:00:00Z	Passage psg-eusebius-he-6-20-43 explicitly attests the year for novatian-schism. Excerpt: 'Paraphrase: Eusebius reports that Hippolytus was a bishop somewhere and that he composed various works. In HE
clm-novatian-schism-year	reviewed	cascade-curator	2026-03-16T16:00:00Z	Passage psg-eusebius-he-6-20-43 supports the year claim for novatian-schism (-) but excerpt does not name the event explicitly. Excerpt: 'Paraphrase: Eusebius reports that Hippolytus was a bishop somewhere and that he composed various wor...'
clm-novatianists-at-alexandria	approved	cascade-curator	2026-03-17T12:30:00Z	Upgraded reviewed→approved: probable certainty with direct supports evidence. Confidence set to medium.
clm-novatianists-at-alexandria	reviewed	cascade-curator	2026-03-16T20:30:00Z	Claim clm-novatianists-at-alexandria (group_present_at: novatianists → alexandria) has only contextualizing evidence. Certainty probable is appropriate given indirect support.
clm-novatianists-at-alexandria	reviewed	cascade-curator	2026-03-16T23:00:00Z	"Reviewed (contextual): novatianists group_present_at alexandria. Certainty probable. Passage psg-eusebius-he-6-43: ""Paraphrase: Eusebius preserves a letter of Cornelius of Rome describing Novatian's o"
clm-novatianists-at-antioch	approved	cascade-curator	2026-03-16T20:00:00Z	Passage psg-eusebius-he-6-20-43 explicitly places novatianists at antioch. Excerpt: 'Paraphrase: Eusebius reports that Hippolytus was a bishop somewhere and that he composed various works. In HE 6.43,
clm-novatianists-at-antioch	approved	cascade-curator	2026-03-17T04:00:00Z	Confidence calibrated: high->medium (certainty=probable, pred=group_present_at)
clm-novatianists-at-antioch	reviewed	cascade-curator	2026-03-16T17:00:00Z	Evidence supports novatianists present at antioch but excerpt does not name both explicitly. Excerpt: 'Paraphrase: Eusebius reports that Hippolytus was a bishop somewhere and that he composed various works. In HE 6.43, Euse'
clm-novatianists-at-asia	approved	cascade-curator	2026-03-16T20:00:00Z	Passage psg-wikipedia-novatianists-spread explicitly places novatianists at asia. Excerpt: 'Novatianism spread widely through the Eastern and Western churches in the 3rd-4th centuries, with communitie
clm-novatianists-at-asia	approved	cascade-curator	2026-03-17T04:00:00Z	Confidence calibrated: high->medium (certainty=probable, pred=group_present_at)
clm-novatianists-at-carthage	approved	cascade-curator	2026-03-16T20:00:00Z	Passage psg-eusebius-he-6-20-43 explicitly places novatianists at carthage. Excerpt: 'Paraphrase: Eusebius reports that Hippolytus was a bishop somewhere and that he composed various works. In HE 6.43
clm-novatianists-at-carthage	approved	cascade-curator	2026-03-17T04:00:00Z	Confidence calibrated: high->medium (certainty=probable, pred=group_present_at)
clm-novatianists-at-carthage	reviewed	cascade-curator	2026-03-16T17:00:00Z	Evidence supports novatianists present at carthage but excerpt does not name both explicitly. Excerpt: 'Paraphrase: Eusebius reports that Hippolytus was a bishop somewhere and that he composed various works. In HE 6.43, Euse'
clm-novatianists-at-ephesus	approved	cascade-curator	2026-03-16T20:00:00Z	Passage psg-wikipedia-novatianists-spread explicitly places novatianists at ephesus. Excerpt: 'Novatianism spread widely through the Eastern and Western churches in the 3rd-4th centuries, with communi
clm-novatianists-at-ephesus	approved	cascade-curator	2026-03-17T04:00:00Z	Confidence calibrated: high->medium (certainty=probable, pred=group_present_at)
clm-novatianists-at-galatia	approved	cascade-curator	2026-03-16T20:00:00Z	Passage psg-wikipedia-novatianists-spread explicitly places novatianists at galatia. Excerpt: 'Novatianism spread widely through the Eastern and Western churches in the 3rd-4th centuries, with communi
clm-novatianists-at-galatia	approved	cascade-curator	2026-03-17T04:00:00Z	Confidence calibrated: high->medium (certainty=probable, pred=group_present_at)
clm-novatianists-at-pontus	approved	cascade-curator	2026-03-16T20:00:00Z	Passage psg-wikipedia-novatianists-spread explicitly places novatianists at pontus. Excerpt: 'Novatianism spread widely through the Eastern and Western churches in the 3rd-4th centuries, with communit
clm-novatianists-at-pontus	approved	cascade-curator	2026-03-17T04:00:00Z	Confidence calibrated: high->medium (certainty=probable, pred=group_present_at)
clm-novatianists-at-rome	approved	cascade-curator	2026-03-16T20:00:00Z	Passage psg-eusebius-he-6-20-43 explicitly places novatianists at rome. Excerpt: 'Paraphrase: Eusebius reports that Hippolytus was a bishop somewhere and that he composed various works. In HE 6.43, Eu
clm-novatianists-at-rome	reviewed	cascade-curator	2026-03-16T17:00:00Z	Evidence supports novatianists present at rome but excerpt does not name both explicitly. Excerpt: 'Paraphrase: Eusebius reports that Hippolytus was a bishop somewhere and that he composed various works. In HE 6.43, Euse'
clm-novatianists-schismed-from-carthage-church	approved	cascade-curator	2026-03-16T20:00:00Z	Passage psg-eusebius-he-6-43 directly attests novatianists schisming from carthage-church. Excerpt: 'Paraphrase: Eusebius preserves a letter of Cornelius of Rome describing Novatian's ordination irreg
clm-novatianists-schismed-from-carthage-church	approved	cascade-curator	2026-03-17T04:00:00Z	Confidence calibrated: high->medium (certainty=probable, pred=group_schismed_from)
clm-novatianists-schismed-from-carthage-church	reviewed	cascade-curator	2026-03-16T17:00:00Z	Evidence supports novatianists group_schismed_from carthage-church. Excerpt: 'Paraphrase: Eusebius preserves a letter of Cornelius of Rome describing Novatian's ordination irregularity: three simple'
clm-novatianists-schismed-from-roman-church	approved	cascade-curator	2026-03-16T20:00:00Z	Passage psg-eusebius-he-6-43 directly attests novatianists schisming from roman-church. Excerpt: 'Paraphrase: Eusebius preserves a letter of Cornelius of Rome describing Novatian's ordination irregula
clm-novatianists-schismed-from-roman-church	reviewed	cascade-curator	2026-03-16T17:00:00Z	Evidence supports novatianists group_schismed_from roman-church. Excerpt: 'Paraphrase: Eusebius preserves a letter of Cornelius of Rome describing Novatian's ordination irregularity: three simple'
clm-nympha-active-laodicea	approved	cascade-curator	2026-03-16T20:00:00Z	Passage psg-col-4-15 explicitly places nympha in laodicea. Excerpt: 'Paraphrase: Paul sends greetings to the believers in Laodicea, to Nympha, and to the church in her house.'
clm-nympha-laodicean-church	approved	cascade-curator	2026-03-16T20:00:00Z	Passage psg-col-4-15 explicitly names nympha as member of laodicean-church. Excerpt: 'Paraphrase: Paul sends greetings to the believers in Laodicea, to Nympha, and to the church in her house.'
clm-nympha-member-colossian	approved	cascade-curator	2026-03-17T04:00:00Z	Confidence calibrated: high->medium (certainty=probable, pred=member_of_group)
clm-olympas-active-rome	approved	cascade-curator	2026-03-16T20:00:00Z	Passage psg-rom-16-15 explicitly places olympas in rome. Excerpt: 'Paraphrase: Paul greets Philologus, Julia, Nereus and his sister, Olympas, and all the saints with them.'
clm-olympas-roman-church	approved	cascade-curator	2026-03-16T20:00:00Z	Passage psg-rom-16-15 explicitly names olympas as member of roman-church. Excerpt: 'Paraphrase: Paul greets Philologus, Julia, Nereus and his sister, Olympas, and all the saints with them.'
clm-onesimus-active-colossae	approved	cascade-curator	2026-03-16T20:00:00Z	Passage psg-col-4-9 explicitly places onesimus in colossae. Excerpt: 'Paraphrase: Onesimus, one of the Colossians, is sent with Tychicus and identified as a faithful and beloved brother.'
clm-onesimus-colossian-church	approved	cascade-curator	2026-03-16T20:00:00Z	Passage psg-col-4-9 explicitly names onesimus as member of colossian-church. Excerpt: 'Paraphrase: Onesimus, one of the Colossians, is sent with Tychicus and identified as a faithful and beloved broth
clm-onesimus-coworker-tychicus	approved	cascade-curator	2026-03-17T04:00:00Z	Confidence calibrated: high->medium (certainty=probable, pred=coworker_of)
clm-onesimus-disciple	approved	cascade-curator	2026-03-16T20:00:00Z	Passage psg-col-4-9 explicitly names onesimus as member of disciples-of-jesus. Excerpt: 'Paraphrase: Onesimus, one of the Colossians, is sent with Tychicus and identified as a faithful and beloved bro
clm-onesiphorus-active-ephesus	approved	cascade-curator	2026-03-17T04:00:00Z	Confidence calibrated: high->medium (certainty=probable, pred=active_in)
clm-onesiphorus-member-ephesian	approved	cascade-curator	2026-03-17T04:00:00Z	Confidence calibrated: high->medium (certainty=probable, pred=member_of_group)
clm-onesiphorus-member-roman	approved	cascade-curator	2026-03-17T04:00:00Z	Confidence calibrated: high->medium (certainty=probable, pred=member_of_group)
clm-onprayer-affirms-allegorical	approved	cascade-curator	2026-03-16T20:00:00Z	Passage psg-origen-onprayer-27 from on-prayer-origen directly treats proposition 'allegorical-interpretation-of-scripture'. The work's affirms is attested from its own text. Excerpt: 'Paraphrase: The
clm-onprayer-affirms-allegorical	approved	cascade-curator	2026-03-17T04:00:00Z	Confidence calibrated: high->medium (certainty=probable, pred=work_affirms_proposition)
clm-onprayer-affirms-allegorical	reviewed	cascade-curator	2026-03-16T16:00:00Z	Only contextualizing evidence for on-prayer-origen work_affirms_proposition allegorical-interpretation-of-scripture. Passage psg-origen-onprayer-27: 'Paraphrase: The words 'Our Father who art in heaven' teach us that God is not confined to a place bu...' A more directly relevant passage would strengthen this claim.
clm-onprayer-affirms-eternal-generation	approved	cascade-curator	2026-03-16T20:00:00Z	Passage psg-origen-onprayer-5 from on-prayer-origen directly treats proposition 'son-is-eternally-generated'. The work's affirms is attested from its own text. Excerpt: 'Paraphrase: Prayer must be add
clm-onprayer-affirms-eternal-generation	approved	cascade-curator	2026-03-17T04:00:00Z	Confidence calibrated: high->medium (certainty=probable, pred=work_affirms_proposition)
clm-onprayer-affirms-eternal-generation	reviewed	cascade-curator	2026-03-16T16:00:00Z	Passage psg-origen-onprayer-5 from on-prayer-origen supports but the excerpt does not use the exact language of 'son-is-eternally-generated'. The proposition is conveyed through the overall context of this passage. Excerpt: 'Paraphrase: Prayer must be addressed to the Father through the Son in the Holy Spirit; the Son is ou...'
clm-onprayer-affirms-free-will	approved	cascade-curator	2026-03-16T20:00:00Z	Passage psg-origen-onprayer-5 from on-prayer-origen directly treats proposition 'free-will-grounds-moral-responsibility'. The work's affirms is attested from its own text. Excerpt: 'Paraphrase: Prayer
clm-onprayer-affirms-free-will	approved	cascade-curator	2026-03-17T04:00:00Z	Confidence calibrated: high->medium (certainty=probable, pred=work_affirms_proposition)
clm-onprayer-affirms-free-will	reviewed	cascade-curator	2026-03-16T16:00:00Z	Only contextualizing evidence for on-prayer-origen work_affirms_proposition free-will-grounds-moral-responsibility. Passage psg-origen-onprayer-5: 'Paraphrase: Prayer must be addressed to the Father through the Son in the Holy Spirit; the Son is ou...' A more directly relevant passage would strengthen this claim.
clm-onprayer-affirms-incarnation	approved	cascade-curator	2026-03-16T20:00:00Z	Passage psg-origen-onprayer-5 from on-prayer-origen directly treats proposition 'christ-truly-became-flesh'. The work's affirms is attested from its own text. Excerpt: 'Paraphrase: Prayer must be addr
clm-onprayer-affirms-incarnation	approved	cascade-curator	2026-03-17T04:00:00Z	Confidence calibrated: high->medium (certainty=probable, pred=work_affirms_proposition)
clm-onprayer-affirms-incarnation	reviewed	cascade-curator	2026-03-16T16:00:00Z	Only contextualizing evidence for on-prayer-origen work_affirms_proposition christ-truly-became-flesh. Passage psg-origen-onprayer-5: 'Paraphrase: Prayer must be addressed to the Father through the Son in the Holy Spirit; the Son is ou...' A more directly relevant passage would strengthen this claim.
clm-onprayer-affirms-judgment	approved	cascade-curator	2026-03-16T20:00:00Z	Passage psg-origen-onprayer-27 from on-prayer-origen directly treats proposition 'final-judgment-is-coming'. The work's affirms is attested from its own text. Excerpt: 'Paraphrase: The words 'Our Fath
clm-onprayer-affirms-judgment	approved	cascade-curator	2026-03-17T04:00:00Z	Confidence calibrated: high->medium (certainty=probable, pred=work_affirms_proposition)
clm-onprayer-affirms-judgment	reviewed	cascade-curator	2026-03-16T16:00:00Z	Only contextualizing evidence for on-prayer-origen work_affirms_proposition final-judgment-is-coming. Passage psg-origen-onprayer-27: 'Paraphrase: The words 'Our Father who art in heaven' teach us that God is not confined to a place bu...' A more directly relevant passage would strengthen this claim.
clm-onprayer-affirms-logos	approved	cascade-curator	2026-03-16T20:00:00Z	Passage psg-origen-onprayer-5 from on-prayer-origen directly treats proposition 'logos-is-pre-existent-son-of-god'. The work's affirms is attested from its own text. Excerpt: 'Paraphrase: Prayer must
clm-onprayer-affirms-logos	approved	cascade-curator	2026-03-17T04:00:00Z	Confidence calibrated: high->medium (certainty=probable, pred=work_affirms_proposition)
clm-onprayer-affirms-logos	reviewed	cascade-curator	2026-03-16T16:00:00Z	Passage psg-origen-onprayer-5 from on-prayer-origen supports but the excerpt does not use the exact language of 'logos-is-pre-existent-son-of-god'. The proposition is conveyed through the overall context of this passage. Excerpt: 'Paraphrase: Prayer must be addressed to the Father through the Son in the Holy Spirit; the Son is ou...'
clm-onprayer-affirms-ot	approved	cascade-curator	2026-03-16T20:00:00Z	Passage psg-origen-onprayer-27 from on-prayer-origen directly treats proposition 'old-testament-is-authoritative-scripture'. The work's affirms is attested from its own text. Excerpt: 'Paraphrase: The
clm-onprayer-affirms-ot	approved	cascade-curator	2026-03-17T04:00:00Z	Confidence calibrated: high->medium (certainty=probable, pred=work_affirms_proposition)
clm-onprayer-affirms-ot	reviewed	cascade-curator	2026-03-16T16:00:00Z	Only contextualizing evidence for on-prayer-origen work_affirms_proposition old-testament-is-authoritative-scripture. Passage psg-origen-onprayer-27: 'Paraphrase: The words 'Our Father who art in heaven' teach us that God is not confined to a place bu...' A more directly relevant passage would strengthen this claim.
clm-onprayer-affirms-prayer	approved	cascade-curator	2026-03-16T16:00:00Z	Passage psg-origen-onprayer-27 from on-prayer-origen directly addresses the proposition 'prayer-is-offered-without-ceasing'. Excerpt: 'Paraphrase: The words 'Our Father who art in heaven' teach us that God is not confined to a place but is present everywhere; 'give us this d...' The work's affirms of this proposition is directly attested.
clm-onprayer-affirms-rule-of-faith	approved	cascade-curator	2026-03-16T20:00:00Z	Passage psg-origen-onprayer-5 from on-prayer-origen directly treats proposition 'rule-of-faith-received-from-apostles'. The work's affirms is attested from its own text. Excerpt: 'Paraphrase: Prayer m
clm-onprayer-affirms-rule-of-faith	approved	cascade-curator	2026-03-17T04:00:00Z	Confidence calibrated: high->medium (certainty=probable, pred=work_affirms_proposition)
clm-onprayer-affirms-rule-of-faith	reviewed	cascade-curator	2026-03-16T16:00:00Z	Only contextualizing evidence for on-prayer-origen work_affirms_proposition rule-of-faith-received-from-apostles. Passage psg-origen-onprayer-5: 'Paraphrase: Prayer must be addressed to the Father through the Son in the Holy Spirit; the Son is ou...' A more directly relevant passage would strengthen this claim.
clm-onprayer-affirms-trinity	approved	cascade-curator	2026-03-16T20:00:00Z	Passage psg-origen-onprayer-5 from on-prayer-origen directly treats proposition 'trinity-is-three-persons-one-substance'. The work's affirms is attested from its own text. Excerpt: 'Paraphrase: Prayer
clm-onprayer-affirms-trinity	reviewed	cascade-curator	2026-03-16T16:00:00Z	Passage psg-origen-onprayer-5 from on-prayer-origen supports but the excerpt does not use the exact language of 'trinity-is-three-persons-one-substance'. The proposition is conveyed through the overall context of this passage. Excerpt: 'Paraphrase: Prayer must be addressed to the Father through the Son in the Holy Spirit; the Son is ou...'
clm-onprayer-by-origen	approved	cascade-curator	2026-03-16T20:00:00Z	Passage psg-origen-onprayer-5 is drawn from on-prayer-origen itself, directly confirming authorship. Excerpt: 'Paraphrase: Prayer must be addressed to the Father through the Son in the Holy Spirit; th
clm-onprayer-by-origen	reviewed	cascade-curator	2026-03-16T16:00:00Z	Evidence supports on-prayer-origen authored_by origen-of-alexandria; passage psg-origen-onprayer-5 provides supporting context. Excerpt: 'Paraphrase: Prayer must be addressed to the Father through the Son in the Holy Spirit; the Son is ou...'
clm-onprayer-written-at-caesarea	approved	cascade-curator	2026-03-16T16:00:00Z	Passage psg-eusebius-he-6-19 links on-prayer-origen to caesarea: 'Paraphrase: Origen's fame spread throughout the whole world; Beryllus of Bostra, Alexander of Jerusalem, and many other ...'
clm-onprayer-written-at-caesarea	approved	cascade-curator	2026-03-17T04:00:00Z	Confidence calibrated: high->medium (certainty=probable, pred=written_at)
clm-oration-greeks-affirms-bodily-resurrection	approved	cascade-curator	2026-03-16T20:00:00Z	Passage psg-tatian-oration-15 from oration-to-the-greeks directly treats proposition 'bodies-will-be-raised-at-last-day'. The work's affirms is attested from its own text. Excerpt: 'We do not speak no
clm-oration-greeks-affirms-incarnation	approved	cascade-curator	2026-03-16T20:00:00Z	Passage psg-tatian-oration-4 from oration-to-the-greeks directly treats proposition 'christ-truly-became-flesh'. The work's affirms is attested from its own text. Excerpt: 'We are not fools, men of Gr
clm-oration-greeks-affirms-logos	approved	cascade-curator	2026-03-16T20:00:00Z	Passage psg-tatian-oration-6 from oration-to-the-greeks directly treats proposition 'logos-is-pre-existent-son-of-god'. The work's affirms is attested from its own text. Excerpt: 'God is a Spirit, not
clm-oration-greeks-by-tatian	approved	cascade-curator	2026-03-16T20:00:00Z	Passage psg-tatian-oration-4 is drawn from oration-to-the-greeks itself, directly confirming authorship. Excerpt: 'We are not fools, men of Greece, nor are we uttering nonsense when we report that God
clm-oration-greeks-by-tatian	approved	cascade-curator	2026-03-17T04:00:00Z	Confidence calibrated: high->medium (certainty=probable, pred=authored_by)
clm-oration-greeks-written-rome	approved	cascade-curator	2026-03-16T21:00:00Z	Strong inference from passage psg-tatian-oration-6 supports written_at (oration-to-the-greeks → rome). Certainty probable. Excerpt: 'God is a Spirit, not pervading matter, but the maker of material sp
clm-oration-greeks-written-rome	reviewed	cascade-curator	2026-03-16T20:00:00Z	oration-to-the-greeks written at rome: biographical consensus supported by passage psg-tatian-oration-6. No explicit internal naming of rome. Excerpt: 'God is a Spirit, not pervading matter, but the m
clm-oration-greeks-written-rome	reviewed	cascade-curator	2026-03-16T20:30:00Z	oration-to-the-greeks written at rome: weak place evidence. Passage psg-tatian-oration-6: 'God is a Spirit, not pervading matter, but the maker of material spirits and of the forms that are i'. Certai
clm-origen-active-alexandria	approved	cascade-curator	2026-03-16T22:30:00Z	QA-enhanced: active_in (origen-of-alexandria → alexandria) cert=attested. Primary passage psg-eusebius-he-5-10-1-2: 'A man named Pantaenus was put in charge of the catechetical school at Alexandria, a
clm-origen-active-antioch	approved	cascade-curator	2026-03-16T20:00:00Z	Passage psg-eusebius-he-6-19 explicitly places origen-of-alexandria in antioch. Excerpt: 'Paraphrase: Origen's fame spread throughout the whole world; Beryllus of Bostra, Alexander of Jerusalem, and m
clm-origen-active-antioch	approved	cascade-curator	2026-03-17T04:00:00Z	Confidence calibrated: high->medium (certainty=probable, pred=active_in)
clm-origen-active-caesarea	approved	cascade-curator	2026-03-16T22:30:00Z	QA-enhanced: active_in (origen-of-alexandria → caesarea) cert=attested. Primary passage psg-eusebius-he-6-6: 'At this time, while Origen was conducting catechetical instruction at Alexandria, a deed w
clm-origen-active-tyre	approved	cascade-curator	2026-03-16T20:00:00Z	Passage psg-eusebius-he-6-19 explicitly places origen-of-alexandria in tyre. Excerpt: 'Paraphrase: Origen's fame spread throughout the whole world; Beryllus of Bostra, Alexander of Jerusalem, and many
clm-origen-active-tyre	approved	cascade-curator	2026-03-17T04:00:00Z	Confidence calibrated: high->medium (certainty=probable, pred=active_in)
clm-origen-coworker-firmilian	approved	cascade-curator	2026-03-16T20:00:00Z	Passage psg-eusebius-he-6-19 explicitly names firmilian-of-caesarea as coworker of origen-of-alexandria. Excerpt: 'Paraphrase: Origen's fame spread throughout the whole world; Beryllus of Bostra, Alex
clm-origen-coworker-firmilian	approved	cascade-curator	2026-03-17T04:00:00Z	Confidence calibrated: high->medium (certainty=probable, pred=coworker_of)
clm-origen-develops-allegorical	approved	cascade-curator	2026-03-17T12:30:00Z	Upgraded reviewed→approved: probable certainty with direct supports evidence. Confidence set to medium.
clm-origen-develops-allegorical	reviewed	cascade-curator	2026-03-16T14:00:00Z	The De Principiis Preface contextualizes Origen's theological project; his allegorical method is documented in De Princ. 4.1-3 (not cited) and throughout his commentaries. The evidence is contextualizing; a passage from De Principiis 4 or his Homilies would provide direct support.
clm-origen-develops-allegorical	reviewed	cascade-curator	2026-03-16T20:30:00Z	Claim clm-origen-develops-allegorical (person_develops_proposition: origen-of-alexandria → allegorical-interpretation-of-scripture) has only contextualizing evidence. Certainty probable is appropriate
clm-origen-develops-allegorical	reviewed	cascade-curator	2026-03-16T23:00:00Z	Reviewed (contextual): origen-of-alexandria person_develops_proposition 'allegorical-interpretation-of-scripture'. Certainty probable. Passage psg-origen-de-princ-1-pref: 'All who believe and are assu
clm-origen-member-alexandrian-church	approved	cascade-curator	2026-03-16T22:30:00Z	QA-enhanced: member_of_group (origen-of-alexandria → alexandrian-church) cert=attested. Primary passage psg-eusebius-he-5-10-1-2: 'A man named Pantaenus was put in charge of the catechetical school at
clm-origen-member-caesarean	approved	cascade-curator	2026-03-16T16:00:00Z	Passage psg-eusebius-he-6-19 confirms origen-of-alexandria as member of caesarean-church: 'Paraphrase: Origen's fame spread throughout the whole world; Beryllus of Bostra, Alexander of Jerusalem, and many other ...'
clm-origen-mentions-britannia	approved	cascade-curator	2026-03-17T12:30:00Z	Upgraded reviewed→approved: possible certainty with direct supports evidence. Confidence set to low.
clm-origen-mentions-britannia	reviewed	cascade-curator	2026-03-16T16:00:00Z	Only contextualizing evidence for commentary-on-romans-origen work_mentions_proposition christianity-reached-britannia. Passage psg-origen-hom-ezek-4-1: 'Paraphrase: When did the land of the Britons before the coming of Christ agree upon the worship of o...' A more directly relevant passage would strengthen this claim.
clm-origen-mentions-britannia	reviewed	cascade-curator	2026-03-16T20:30:00Z	Claim clm-origen-mentions-britannia (work_mentions_proposition: commentary-on-romans-origen → christianity-reached-britannia) has only contextualizing evidence. Certainty possible is appropriate given
clm-origen-mentions-britannia	reviewed	cascade-curator	2026-03-16T23:00:00Z	Reviewed (contextual): commentary-on-romans-origen work_mentions_proposition 'christianity-reached-britannia'. Certainty possible. Passage psg-origen-hom-ezek-4-1: 'Paraphrase: When did the land of th
clm-origen-originated-alexandria	approved	cascade-curator	2026-03-17T12:30:00Z	Upgraded reviewed→approved: probable certainty with direct supports evidence. Confidence set to medium.
clm-origen-originated-alexandria	reviewed	cascade-curator	2026-03-16T17:00:00Z	Only contextualizing evidence for origen-of-alexandria originating in alexandria. Excerpt: 'All who believe and are assured that grace and truth were obtained through Jesus Christ... derive the knowledge which in'
clm-origen-originated-alexandria	reviewed	cascade-curator	2026-03-16T20:30:00Z	Claim clm-origen-originated-alexandria (originated_in: origen-of-alexandria → alexandria) has only contextualizing evidence. Certainty probable is appropriate given indirect support.
clm-origen-originated-alexandria	reviewed	cascade-curator	2026-03-16T23:00:00Z	Reviewed (contextual): origen-of-alexandria originated_in alexandria. Certainty probable. Passage psg-origen-de-princ-1-pref: 'All who believe and are assured that grace and truth were obtained throug
clm-origen-participant-expulsion	approved	cascade-curator	2026-03-16T16:00:00Z	Passage psg-eusebius-he-6-19 directly names origen-of-alexandria as a participant in origen-expulsion-from-alexandria: 'Paraphrase: Origen's fame spread throughout the whole world; Beryllus of Bostra, Alexander of Jerusalem, and many other ...' Claim is directly attested.
clm-origen-participant-synod-bostra	approved	cascade-curator	2026-03-16T16:00:00Z	Passage psg-eusebius-he-6-19 directly names origen-of-alexandria as a participant in synod-of-bostra: 'Paraphrase: Origen's fame spread throughout the whole world; Beryllus of Bostra, Alexander of Jerusalem, and many other ...' Claim is directly attested.
clm-origen-participant-torture-decius	approved	cascade-curator	2026-03-16T16:00:00Z	Passage psg-eusebius-he-6-19 directly names origen-of-alexandria as a participant in origen-torture-under-decius: 'Paraphrase: Origen's fame spread throughout the whole world; Beryllus of Bostra, Alexander of Jerusalem, and many other ...' Claim is directly attested.
clm-origen-teacher-of-dionysius	approved	cascade-curator	2026-03-16T16:00:00Z	Passage psg-eusebius-he-6-3 directly attests origen-of-alexandria as teacher of dionysius-of-alexandria: 'Paraphrase: Origen, while still very young, succeeded Clement as head of the Catechetical School in Alexandria; so many ...'
clm-origen-teacher-of-dionysius	approved	cascade-curator	2026-03-17T04:00:00Z	Confidence calibrated: high->medium (certainty=probable, pred=teacher_of)
clm-origen-teacher-of-firmilian	approved	cascade-curator	2026-03-17T04:00:00Z	Confidence calibrated: high->medium (certainty=probable, pred=teacher_of)
clm-origen-teacher-of-gregory	approved	cascade-curator	2026-03-16T20:00:00Z	Passage psg-gregory-address-6 explicitly names origen-of-alexandria as teacher of gregory-thaumaturgus. Excerpt: 'Paraphrase: Origen led us first through the disciplines of logic, then natural philoso
clm-origen-teacher-of-gregory	reviewed	cascade-curator	2026-03-16T16:00:00Z	Evidence supports origen-of-alexandria teacher_of gregory-thaumaturgus. Excerpt: 'Paraphrase: Origen led us first through the disciplines of logic, then natural philosophy, then geom...'
clm-origen-teacher-of-heraclas	approved	cascade-curator	2026-03-16T16:00:00Z	Passage psg-eusebius-he-6-3 directly attests origen-of-alexandria as teacher of heraclas: 'Paraphrase: Origen, while still very young, succeeded Clement as head of the Catechetical School in Alexandria; so many ...'
clm-origen-teacher-of-julius-africanus	approved	cascade-curator	2026-03-16T20:00:00Z	Passage psg-eusebius-he-6-19 explicitly names origen-of-alexandria as teacher of julius-africanus. Excerpt: 'Paraphrase: Origen's fame spread throughout the whole world; Beryllus of Bostra, Alexander
clm-origen-teacher-of-julius-africanus	approved	cascade-curator	2026-03-17T04:00:00Z	Confidence calibrated: high->medium (certainty=probable, pred=teacher_of)
clm-paed-affirms-anointing	approved	cascade-curator	2026-03-16T20:00:00Z	Passage psg-clement-paed-2-2-19-20 from paedagogus directly treats proposition 'baptismal-anointing-with-oil'. The work's affirms is attested from its own text. Excerpt: 'The blood of the Lord is twof
clm-paed-affirms-anointing	approved	cascade-curator	2026-03-17T04:00:00Z	Confidence calibrated: high->medium (certainty=probable, pred=work_affirms_proposition)
clm-paed-affirms-anointing	reviewed	cascade-curator	2026-03-16T16:00:00Z	Passage psg-clement-paed-2-2-19-20 from paedagogus supports but the excerpt does not use the exact language of 'baptismal-anointing-with-oil'. The proposition is conveyed through the overall context of this passage. Excerpt: 'The blood of the Lord is twofold. For there is the blood of His flesh, by which we are redeemed from...'
clm-paed-affirms-baptism-illumination	approved	cascade-curator	2026-03-16T20:00:00Z	Passage psg-clement-paed-1-6-26-27 from paedagogus directly treats proposition 'baptism-is-illumination'. The work's affirms is attested from its own text. Excerpt: 'Being baptized, we are illuminated
clm-paed-affirms-baptism-regeneration	approved	cascade-curator	2026-03-16T20:00:00Z	Passage psg-clement-paed-1-6-26-27 from paedagogus directly treats proposition 'baptism-effects-regeneration'. The work's affirms is attested from its own text. Excerpt: 'Being baptized, we are illumi
clm-paed-affirms-baptism-regeneration	approved	cascade-curator	2026-03-17T04:00:00Z	Confidence calibrated: high->medium (certainty=probable, pred=work_affirms_proposition)
clm-paed-affirms-catechumenate	approved	cascade-curator	2026-03-16T20:00:00Z	Passage psg-clement-paed-1-6-26-27 from paedagogus directly treats proposition 'catechumenate-precedes-baptism'. The work's affirms is attested from its own text. Excerpt: 'Being baptized, we are illu
clm-paed-affirms-catechumenate	approved	cascade-curator	2026-03-17T04:00:00Z	Confidence calibrated: high->medium (certainty=probable, pred=work_affirms_proposition)
clm-paed-affirms-catechumenate	reviewed	cascade-curator	2026-03-16T16:00:00Z	Only contextualizing evidence for paedagogus work_affirms_proposition catechumenate-precedes-baptism. Passage psg-clement-paed-1-6-26-27: 'Being baptized, we are illuminated; illuminated, we become sons; being made sons, we are perfected; ...' A more directly relevant passage would strengthen this claim.
clm-paed-affirms-eucharist-body-blood	approved	cascade-curator	2026-03-16T20:00:00Z	Passage psg-clement-paed-2-2-19-20 from paedagogus directly treats proposition 'eucharist-is-body-and-blood'. The work's affirms is attested from its own text. Excerpt: 'The blood of the Lord is twofo
clm-paed-affirms-eucharist-body-blood	approved	cascade-curator	2026-03-17T04:00:00Z	Confidence calibrated: high->medium (certainty=probable, pred=work_affirms_proposition)
clm-paed-affirms-fasting-required	approved	cascade-curator	2026-03-16T20:00:00Z	Passage psg-clement-paed-3-7-39-41 from paedagogus directly treats proposition 'fasting-is-required'. The work's affirms is attested from its own text. Excerpt: 'Paraphrase: Clement instructs that fru
clm-paed-affirms-incarnation	approved	cascade-curator	2026-03-16T20:00:00Z	Passage psg-clement-paed-3-11-74-76 from paedagogus directly treats proposition 'christ-truly-became-flesh'. The work's affirms is attested from its own text. Excerpt: 'Let spectacles, then, and plays
clm-paed-affirms-incarnation	approved	cascade-curator	2026-03-17T04:00:00Z	Confidence calibrated: high->medium (certainty=probable, pred=work_affirms_proposition)
clm-paed-affirms-incarnation	reviewed	cascade-curator	2026-03-16T16:00:00Z	Only contextualizing evidence for paedagogus work_affirms_proposition christ-truly-became-flesh. Passage psg-clement-paed-3-11-74-76: 'Let spectacles, then, and plays that are full of scurrility and of abundant mimicry, be fled from. F...' A more directly relevant passage would strengthen this claim.
clm-paed-affirms-spectacles-avoided	approved	cascade-curator	2026-03-16T20:00:00Z	Passage psg-clement-paed-3-11-74-76 from paedagogus directly treats proposition 'christians-avoid-public-spectacles'. The work's affirms is attested from its own text. Excerpt: 'Let spectacles, then,
clm-paed-affirms-virginity-honored	approved	cascade-curator	2026-03-16T20:00:00Z	Passage psg-clement-paed-2-10-96-97 from paedagogus directly treats proposition 'virginity-is-honored-calling'. The work's affirms is attested from its own text. Excerpt: 'Paraphrase: Clement defends
clm-paedagogus-by-clement	approved	cascade-curator	2026-03-16T13:00:00Z	The Paedagogus is universally attributed to Clement of Alexandria; Eusebius HE 6.13 lists it among his works. Internal references connect it to the Protrepticus and Stromateis as a trilogy.
clm-paedagogus-by-clement	approved	cascade-curator	2026-03-17T04:00:00Z	Confidence calibrated: high->medium (certainty=probable, pred=authored_by)
clm-paedagogus-written-at-alexandria	approved	cascade-curator	2026-03-16T20:30:00Z	paedagogus written at alexandria: passage psg-clement-paed-1-6-26-27 supports the place attribution (biographical or internal evidence). Excerpt: 'Being baptized, we are illuminated; illuminated, we b
clm-paedagogus-written-at-alexandria	reviewed	cascade-curator	2026-03-16T20:00:00Z	paedagogus written at alexandria: biographical consensus supported by passage psg-clement-paed-1-6-26-27. No explicit internal naming of alexandria. Excerpt: 'Being baptized, we are illuminated; illum
clm-pantaenus-active-alexandria	approved	cascade-curator	2026-03-16T22:30:00Z	QA-enhanced: active_in (pantaenus → alexandria) cert=attested. Primary passage psg-eusebius-he-5-10-1-2: 'A man named Pantaenus was put in charge of the catechetical school at Alexandria, a school who
clm-pantaenus-active-india	approved	cascade-curator	2026-03-16T16:00:00Z	Passage psg-eusebius-he-5-10-3-4 directly places pantaenus in india-malabar: 'Paraphrase: Pantaenus is said to have gone to India where he found persons who knew of Christ. Bartholomew one of the ap...'
clm-pantaenus-active-india	approved	cascade-curator	2026-03-17T04:00:00Z	Confidence calibrated: high->low (certainty=possible, pred=active_in)
clm-pantaenus-member-alexandria-church	approved	cascade-curator	2026-03-17T12:30:00Z	Upgraded reviewed→approved: probable certainty with direct supports evidence. Confidence set to medium.
clm-pantaenus-member-alexandria-church	reviewed	cascade-curator	2026-03-16T16:00:00Z	Only contextualizing evidence for pantaenus in alexandrian-church. Excerpt: 'Paraphrase: Eusebius records Ignatius as bishop of Antioch after Peter, transported to Rome for mart...' Needs stronger direct attestation.
clm-pantaenus-member-alexandria-church	reviewed	cascade-curator	2026-03-16T20:30:00Z	Claim clm-pantaenus-member-alexandria-church (member_of_group: pantaenus → alexandrian-church) has only contextualizing evidence. Certainty probable is appropriate given indirect support.
clm-pantaenus-member-alexandria-church	reviewed	cascade-curator	2026-03-16T23:00:00Z	Reviewed (contextual): pantaenus member_of_group alexandrian-church. Certainty probable. Passage psg-eusebius-he-3-36: 'Paraphrase: Eusebius records Ignatius as bishop of Antioch after Peter, transpor
clm-pantaenus-mission-at-india	approved	cascade-curator	2026-03-16T16:00:00Z	Passage psg-eusebius-he-5-10-3-4 directly places mission-of-pantaenus-to-india at india-malabar: 'Paraphrase: Pantaenus is said to have gone to India where he found persons who knew of Christ. Bartholomew one of the ap...'
clm-pantaenus-mission-at-india	approved	cascade-curator	2026-03-17T04:00:00Z	Confidence calibrated: high->low (certainty=possible, pred=event_occurs_at)
clm-pantaenus-mission-year	approved	cascade-curator	2026-03-16T16:00:00Z	Passage psg-eusebius-he-5-10-1-2 directly attests mission-of-pantaenus-to-india with year evidence (-). Excerpt: 'A man named Pantaenus was put in charge of the catechetical school at Alexandria, a school whose existence is attested f...'
clm-pantaenus-mission-year	approved	cascade-curator	2026-03-17T04:00:00Z	Confidence calibrated: high->medium (certainty=probable, pred=event_has_year)
clm-pantaenus-participant-india-mission	approved	cascade-curator	2026-03-16T16:00:00Z	Passage psg-eusebius-he-5-10-3-4 directly names pantaenus as a participant in mission-of-pantaenus-to-india: 'Paraphrase: Pantaenus is said to have gone to India where he found persons who knew of Christ. Bartholomew one of the ap...' Claim is directly attested.
clm-pantaenus-participant-india-mission	approved	cascade-curator	2026-03-17T04:00:00Z	Confidence calibrated: high->low (certainty=possible, pred=participant_in)
clm-papias-bishop-hierapolis	approved	cascade-curator	2026-03-16T20:00:00Z	Passage psg-eusebius-he-3-39 directly names papias-of-hierapolis as bishop of hierapolis. Excerpt: 'Paraphrase: Eusebius introduces Papias as bishop of Hierapolis and author of five books of Dominical
clm-papias-coworker-polycarp	approved	cascade-curator	2026-03-16T20:00:00Z	Passage psg-eusebius-he-3-39 explicitly names papias-of-hierapolis as coworker of polycarp-of-smyrna. Excerpt: 'Paraphrase: Eusebius introduces Papias as bishop of Hierapolis and author of five books
clm-papias-coworker-polycarp	approved	cascade-curator	2026-03-17T04:00:00Z	Confidence calibrated: high->medium (certainty=probable, pred=coworker_of)
clm-papias-fragments-by-papias	approved	cascade-curator	2026-03-16T20:00:00Z	Passage psg-papias-frag-1 is drawn from papias-fragments itself, directly confirming authorship. Excerpt: 'Paraphrase: Papias says he would not hesitate to expound along with the interpretations whate
clm-papias-fragments-by-papias	approved	cascade-curator	2026-03-17T04:00:00Z	Confidence calibrated: high->medium (certainty=probable, pred=authored_by)
clm-papias-fragments-written-hierapolis	approved	cascade-curator	2026-03-17T04:00:00Z	Confidence calibrated: high->medium (certainty=probable, pred=written_at)
clm-papias-frags-affirms-apostolic-succession	approved	cascade-curator	2026-03-16T20:00:00Z	Passage psg-papias-frag-1 from papias-fragments directly treats proposition 'apostolic-succession-transmits-faith'. The work's affirms is attested from its own text. Excerpt: 'Paraphrase: Papias says
clm-papias-frags-affirms-apostolic-succession	approved	cascade-curator	2026-03-17T01:00:00Z	Evidence reviewed post-linking: work_affirms_proposition (papias-fragments -> apostolic-succession-transmits-faith), cert=probable. New supports link to passage psg-papias-frag-1. Excerpt: 'Paraphrase
clm-papias-frags-affirms-apostolic-succession	approved	cascade-curator	2026-03-17T04:00:00Z	Confidence calibrated: high->medium (certainty=probable, pred=work_affirms_proposition)
clm-papias-frags-affirms-bodily-resurrection	approved	cascade-curator	2026-03-16T21:00:00Z	Explicit attestation in passage psg-irenaeus-ah-5-33-3: work_affirms_proposition (papias-fragments → bodies-will-be-raised-at-last-day). Excerpt: 'Irenaeus cites Papias: The days will come in which vi
clm-papias-frags-affirms-bodily-resurrection	reviewed	cascade-curator	2026-03-16T20:00:00Z	Passage psg-irenaeus-ah-5-33-3 supports papias-fragments work_affirms_proposition bodies-will-be-raised-at-last-day. Excerpt: 'Irenaeus cites Papias: The days will come in which vines shall grow, each
clm-papias-frags-affirms-bodily-resurrection	reviewed	cascade-curator	2026-03-16T20:30:00Z	Passage psg-irenaeus-ah-5-33-3 supports papias-fragments work_affirms_proposition 'bodies-will-be-raised-at-last-day' through strong inference. Excerpt: 'Irenaeus cites Papias: The days will come in w
clm-papias-frags-affirms-rule-of-faith	approved	cascade-curator	2026-03-16T20:00:00Z	Passage psg-papias-frag-1 from papias-fragments directly treats proposition 'rule-of-faith-received-from-apostles'. The work's affirms is attested from its own text. Excerpt: 'Paraphrase: Papias says
clm-papias-frags-affirms-rule-of-faith	approved	cascade-curator	2026-03-17T04:00:00Z	Confidence calibrated: high->medium (certainty=probable, pred=work_affirms_proposition)
clm-paradise-by-ephrem	approved	cascade-curator	2026-03-16T20:00:00Z	Passage psg-ephrem-paradise-1 is drawn from hymns-on-paradise-ephrem itself, directly confirming authorship. Excerpt: 'Paraphrase: Paradise is a great mountain rising above all the earth; at its summi
clm-paradise-by-ephrem	approved	cascade-curator	2026-03-17T04:00:00Z	Confidence calibrated: high->medium (certainty=probable, pred=authored_by)
clm-paradise-by-ephrem	reviewed	cascade-curator	2026-03-16T16:00:00Z	Only contextualizing evidence for hymns-on-paradise-ephrem authored_by ephrem-the-syrian. Scholarly attribution accepted but not textually attested in the excerpt. Excerpt: 'Paraphrase: Paradise is a great mountain rising above all the earth; at its summit dwells the Tree o...'
clm-paradise-written-edessa	approved	cascade-curator	2026-03-16T20:30:00Z	hymns-on-paradise-ephrem written at edessa: passage psg-ephrem-paradise-1 supports the place attribution (biographical or internal evidence). Excerpt: 'Paraphrase: Paradise is a great mountain rising
clm-paradise-written-edessa	needs_revision	cascade-curator	2026-03-16T12:00:00Z	The Hymns on Paradise passage does not name Edessa. Same issue: place of composition is biographical tradition, not textual. Certainty downgraded to probable.
clm-paradise-written-edessa	reviewed	cascade-curator	2026-03-16T20:00:00Z	hymns-on-paradise-ephrem written at edessa: biographical consensus supported by passage psg-ephrem-paradise-1. No explicit internal naming of edessa. Excerpt: 'Paraphrase: Paradise is a great mountain
clm-patrobas-active-rome	approved	cascade-curator	2026-03-16T20:00:00Z	Passage psg-rom-16-14 explicitly places patrobas in rome. Excerpt: 'Paraphrase: Paul greets Asyncritus, Phlegon, Hermes, Patrobas, Hermas, and the brothers with them.'
clm-patrobas-roman-church	approved	cascade-curator	2026-03-16T20:00:00Z	Passage psg-rom-16-14 explicitly names patrobas as member of roman-church. Excerpt: 'Paraphrase: Paul greets Asyncritus, Phlegon, Hermes, Patrobas, Hermas, and the brothers with them.'
clm-paul-active-appii-forum	approved	cascade-curator	2026-03-16T20:00:00Z	Passage psg-acts-28-15 explicitly places paul in appii-forum. Excerpt: 'Paraphrase: Believers come from Rome to meet Paul as far as Appii Forum and Three Taverns.'
clm-paul-active-assos	approved	cascade-curator	2026-03-16T20:00:00Z	Passage psg-acts-20-13-15 explicitly places paul in assos. Excerpt: 'Paraphrase: Paul goes by way of Assos, Mitylene, Chios, and Samos on the route toward Miletus.'
clm-paul-active-athens	approved	cascade-curator	2026-03-16T20:00:00Z	Passage psg-acts-17-16-34 explicitly places paul in athens. Excerpt: 'Paraphrase: Paul reasons in Athens and speaks at the Areopagus, with some joining and believing.'
clm-paul-active-berea	approved	cascade-curator	2026-03-16T20:00:00Z	Passage psg-acts-17-10-15 explicitly places paul in berea. Excerpt: 'Paraphrase: Paul and his companions minister in Berea where many receive the message eagerly.'
clm-paul-active-chios	approved	cascade-curator	2026-03-16T20:00:00Z	Passage psg-acts-20-13-15 explicitly places paul in chios. Excerpt: 'Paraphrase: Paul goes by way of Assos, Mitylene, Chios, and Samos on the route toward Miletus.'
clm-paul-active-crete	approved	cascade-curator	2026-03-17T04:00:00Z	Confidence calibrated: high->medium (certainty=probable, pred=active_in)
clm-paul-active-cyprus	approved	cascade-curator	2026-03-16T20:00:00Z	Passage psg-acts-13-4-12 explicitly places paul in cyprus. Excerpt: 'Paraphrase: Barnabas and Saul sail to Cyprus, proclaim in Salamis, traverse the island to Paphos, and Sergius Paulus bel'
clm-paul-active-fair-havens	approved	cascade-curator	2026-03-16T20:00:00Z	Passage psg-acts-27-3-12 explicitly places paul in fair-havens. Excerpt: 'Paraphrase: Paul voyage under guard touches Sidon, passes Cnidus, and reaches Fair Havens while debate continues about w'
clm-paul-active-galatia	approved	cascade-curator	2026-03-17T12:30:00Z	Upgraded reviewed→approved: probable certainty with direct supports evidence. Confidence set to medium.
clm-paul-active-galatia	reviewed	cascade-curator	2026-03-16T20:30:00Z	Claim clm-paul-active-galatia (active_in: paul → galatia) has only contextualizing evidence. Certainty probable is appropriate given indirect support.
clm-paul-active-galatia	reviewed	cascade-curator	2026-03-16T23:00:00Z	Reviewed (contextual): paul active_in galatia. Certainty probable. No passage directly names paul in galatia; inference from passage psg-acts-9-26-28: 'Paraphrase: Barnabas brings Saul to the apostles
clm-paul-active-galilee-area	reviewed	cascade-curator	2026-03-16T20:30:00Z	Claim clm-paul-active-galilee-area (active_in: paul → galilee) has only contextualizing evidence. Certainty probable is appropriate given indirect support.
clm-paul-active-galilee-area	reviewed	cascade-curator	2026-03-16T23:00:00Z	Reviewed (contextual): paul active_in galilee. Certainty probable. No passage directly names paul in galilee; inference from passage psg-acts-9-26-28: 'Paraphrase: Barnabas brings Saul to the apostles
clm-paul-active-judea-late	approved	cascade-curator	2026-03-17T12:30:00Z	Upgraded reviewed→approved: probable certainty with direct supports evidence. Confidence set to medium.
clm-paul-active-judea-late	reviewed	cascade-curator	2026-03-16T20:30:00Z	Claim clm-paul-active-judea-late (active_in: paul → judea) has only contextualizing evidence. Certainty probable is appropriate given indirect support.
clm-paul-active-judea-late	reviewed	cascade-curator	2026-03-16T23:00:00Z	Reviewed (contextual): paul active_in judea. Certainty probable. No passage directly names paul in judea; inference from passage psg-acts-9-26-28: 'Paraphrase: Barnabas brings Saul to the apostles in
clm-paul-active-malta	approved	cascade-curator	2026-03-16T20:00:00Z	Passage psg-acts-28-1-14 explicitly places paul in malta. Excerpt: 'Paraphrase: Paul is received on Malta and then sails onward by way of Syracuse, Rhegium, and Puteoli toward Rome.'
clm-paul-active-miletus	approved	cascade-curator	2026-03-16T20:00:00Z	Passage psg-acts-20-6-17 explicitly places paul in miletus. Excerpt: 'Paraphrase: Paul stays in Troas, departs by sea, and comes to Miletus where he summons the Ephesian elders.'
clm-paul-active-mitylene	approved	cascade-curator	2026-03-16T20:00:00Z	Passage psg-acts-20-13-15 explicitly places paul in mitylene. Excerpt: 'Paraphrase: Paul goes by way of Assos, Mitylene, Chios, and Samos on the route toward Miletus.'
clm-paul-active-myra	approved	cascade-curator	2026-03-16T20:00:00Z	Passage psg-acts-27-5-8 explicitly places paul in myra. Excerpt: 'Paraphrase: Paul comes to Myra in Lycia, then sails under Crete past Salmone and reaches Fair Havens.'
clm-paul-active-nicopolis	approved	cascade-curator	2026-03-17T04:00:00Z	Confidence calibrated: high->medium (certainty=probable, pred=active_in)
clm-paul-active-puteoli	approved	cascade-curator	2026-03-16T20:00:00Z	Passage psg-acts-28-1-14 explicitly places paul in puteoli. Excerpt: 'Paraphrase: Paul is received on Malta and then sails onward by way of Syracuse, Rhegium, and Puteoli toward Rome.'
clm-paul-active-rhegium	approved	cascade-curator	2026-03-16T20:00:00Z	Passage psg-acts-28-1-14 explicitly places paul in rhegium. Excerpt: 'Paraphrase: Paul is received on Malta and then sails onward by way of Syracuse, Rhegium, and Puteoli toward Rome.'
clm-paul-active-samos	approved	cascade-curator	2026-03-16T20:00:00Z	Passage psg-acts-20-13-15 explicitly places paul in samos. Excerpt: 'Paraphrase: Paul goes by way of Assos, Mitylene, Chios, and Samos on the route toward Miletus.'
clm-paul-active-sidon	approved	cascade-curator	2026-03-16T20:00:00Z	Passage psg-acts-27-3-12 explicitly places paul in sidon. Excerpt: 'Paraphrase: Paul voyage under guard touches Sidon, passes Cnidus, and reaches Fair Havens while debate continues about w'
clm-paul-active-syracuse	approved	cascade-curator	2026-03-16T20:00:00Z	Passage psg-acts-28-1-14 explicitly places paul in syracuse. Excerpt: 'Paraphrase: Paul is received on Malta and then sails onward by way of Syracuse, Rhegium, and Puteoli toward Rome.'
clm-paul-active-thessalonica	approved	cascade-curator	2026-03-16T20:00:00Z	Passage psg-acts-17-1-9 explicitly places paul in thessalonica. Excerpt: 'Paraphrase: Paul and Silas proclaim in Thessalonica and some are persuaded, forming a new believing community.'
clm-paul-active-three-taverns	approved	cascade-curator	2026-03-16T20:00:00Z	Passage psg-acts-28-15 explicitly places paul in three-taverns. Excerpt: 'Paraphrase: Believers come from Rome to meet Paul as far as Appii Forum and Three Taverns.'
clm-paul-active-troas	approved	cascade-curator	2026-03-16T20:00:00Z	Passage psg-acts-20-6-17 explicitly places paul in troas. Excerpt: 'Paraphrase: Paul stays in Troas, departs by sea, and comes to Miletus where he summons the Ephesian elders.'
clm-paul-active-tyre	approved	cascade-curator	2026-03-16T20:00:00Z	Passage psg-acts-21-3-8 explicitly places paul in tyre. Excerpt: 'Paraphrase: Paul lands at Tyre, finds disciples there, and continues onward on the journey to Jerusalem.'
clm-paul-antioch-church	approved	cascade-curator	2026-03-16T20:00:00Z	Passage psg-acts-13-1 explicitly names paul as member of antioch-church. Excerpt: 'Paraphrase: In the church at Antioch there were prophets and teachers including Barnabas, Simeon called Niger, Lucius
clm-paul-antioch-church	approved	cascade-curator	2026-03-17T15:30:00Z	Review aligned: claim status=superseded.
clm-paul-antioch-church	reviewed	cascade-curator	2026-03-17T02:00:00Z	Claim deprecated as duplicate: clm-paul-member-antioch-church (44-48) covers the same relationship; this yr=46-46 is redundant.
clm-paul-coworker-barnabas-jerusalem	approved	cascade-curator	2026-03-16T20:00:00Z	Passage psg-acts-11-25-26 explicitly names barnabas as coworker of paul. Excerpt: 'Paraphrase: Barnabas brings Saul to Antioch, where they teach with the church and the disciples are first called Chri
clm-paul-coworker-carpus	approved	cascade-curator	2026-03-17T04:00:00Z	Confidence calibrated: high->medium (certainty=probable, pred=coworker_of)
clm-paul-coworker-crescens	approved	cascade-curator	2026-03-17T04:00:00Z	Confidence calibrated: high->medium (certainty=probable, pred=coworker_of)
clm-paul-coworker-gaius	approved	cascade-curator	2026-03-17T04:00:00Z	Confidence calibrated: high->medium (certainty=probable, pred=coworker_of)
clm-paul-coworker-jason	approved	cascade-curator	2026-03-17T04:00:00Z	Confidence calibrated: high->medium (certainty=probable, pred=coworker_of)
clm-paul-coworker-philemon	approved	cascade-curator	2026-03-16T20:00:00Z	Passage psg-philemon-1-2 explicitly names paul as coworker of philemon. Excerpt: 'Paraphrase: Paul addresses Philemon, Apphia, Archippus, and the church in their house.'
clm-paul-coworker-priscilla	approved	cascade-curator	2026-03-16T20:00:00Z	Passage psg-rom-16-3-4 explicitly names paul as coworker of priscilla. Excerpt: 'Paraphrase: Paul greets Prisca and Aquila, his fellow workers in Christ Jesus.'
clm-paul-coworker-secundus	approved	cascade-curator	2026-03-17T04:00:00Z	Confidence calibrated: high->medium (certainty=probable, pred=coworker_of)
clm-paul-coworker-sopater	approved	cascade-curator	2026-03-17T04:00:00Z	Confidence calibrated: high->medium (certainty=probable, pred=coworker_of)
clm-paul-coworker-sosthenes	approved	cascade-curator	2026-03-17T04:00:00Z	Confidence calibrated: high->medium (certainty=probable, pred=coworker_of)
clm-paul-coworker-timothy	approved	cascade-curator	2026-03-16T20:00:00Z	Passage psg-1thess-1-1 explicitly names paul as coworker of timothy. Excerpt: 'Paraphrase: Paul, Silvanus, and Timothy address the church of the Thessalonians in God the Father and the Lord Jesus Chr'
clm-paul-coworker-timothy	approved	cascade-curator	2026-03-17T04:00:00Z	Confidence calibrated: high->medium (certainty=probable, pred=coworker_of)
clm-paul-coworker-titus	approved	cascade-curator	2026-03-16T20:00:00Z	Passage psg-2cor-8-23 explicitly names paul as coworker of titus. Excerpt: 'Paraphrase: Titus is Paul partner and fellow worker.'
clm-paul-coworker-tychicus	approved	cascade-curator	2026-03-16T20:00:00Z	Passage psg-col-4-7-9 explicitly names paul as coworker of tychicus. Excerpt: 'Paraphrase: Tychicus is the beloved brother and faithful minister sent to the Colossians with Onesimus, who is one of th'
clm-paul-in-jerusalem-persecution-after-stephen	approved	cascade-curator	2026-03-16T20:00:00Z	Passage psg-acts-8-1-3 explicitly names paul as participant in jerusalem-persecution-after-stephen. Excerpt: 'Paraphrase: A great persecution breaks out against the church in Jerusalem, and Saul ravag
clm-paul-in-martyrdom	approved	cascade-curator	2026-03-16T20:00:00Z	Passage psg-1clement-5-1-7 explicitly names paul as participant in pauls-martyrdom. Excerpt: 'Paraphrase: Clement presents Peter and Paul as recent exemplary sufferers, saying Peter endured many labor
clm-paul-in-martyrdom	approved	cascade-curator	2026-03-17T15:30:00Z	Review aligned: claim status=superseded.
clm-paul-in-martyrdom	reviewed	cascade-curator	2026-03-17T02:00:00Z	Claim deprecated as duplicate: Superseded by clm-paul-in-pauls-martyrdom (yr 64-65, ctx=rome); this shell has no year/context.
clm-paul-in-neronian	approved	cascade-curator	2026-03-17T04:00:00Z	Confidence calibrated: high->medium (certainty=probable, pred=participant_in)
clm-paul-in-pauls-martyrdom	approved	cascade-curator	2026-03-17T04:00:00Z	Confidence calibrated: high->medium (certainty=probable, pred=participant_in)
clm-paul-in-pentecost	reviewed	cascade-curator	2026-03-16T20:30:00Z	Claim clm-paul-in-pentecost (participant_in: paul → pentecost) has only contextualizing evidence. Certainty probable is appropriate given indirect support.
clm-paul-in-pentecost	reviewed	cascade-curator	2026-03-16T23:00:00Z	Reviewed (contextual): paul participant_in pentecost. Certainty probable. Passage psg-acts-9-26-28: 'Paraphrase: Barnabas brings Saul to the apostles in Jerusalem and vouches for him.'. Participation
clm-paul-member-ephesian-church	approved	cascade-curator	2026-03-17T04:00:00Z	Confidence calibrated: high->medium (certainty=probable, pred=member_of_group)
clm-paul-member-jerusalem-church	approved	cascade-curator	2026-03-17T04:00:00Z	Confidence calibrated: high->medium (certainty=probable, pred=member_of_group)
clm-paul-member-roman-church	approved	cascade-curator	2026-03-17T04:00:00Z	Confidence calibrated: high->medium (certainty=probable, pred=member_of_group)
clm-paul-teacher-of-apollos	approved	cascade-curator	2026-03-17T04:00:00Z	Confidence calibrated: high->medium (certainty=probable, pred=teacher_of)
clm-paul-teacher-of-epaphras	approved	cascade-curator	2026-03-17T04:00:00Z	Confidence calibrated: high->medium (certainty=probable, pred=teacher_of)
clm-paul-teacher-of-luke	approved	cascade-curator	2026-03-17T04:00:00Z	Confidence calibrated: high->medium (certainty=probable, pred=teacher_of)
clm-paul-teacher-of-onesimus	approved	cascade-curator	2026-03-17T04:00:00Z	Confidence calibrated: high->medium (certainty=probable, pred=teacher_of)
clm-paul-teacher-of-philemon	approved	cascade-curator	2026-03-17T04:00:00Z	Confidence calibrated: high->medium (certainty=probable, pred=teacher_of)
clm-paul-teacher-of-titus	approved	cascade-curator	2026-03-16T22:00:00Z	QA-enhanced: teacher_of (paul → titus). Certainty attested. Primary evidence: passage psg-titus-1-4. Excerpt: 'To Titus, my true son in our common faith: Grace and peace from God the Father and Christ
clm-pauls-martyrdom-at-rome	approved	cascade-curator	2026-03-16T20:30:00Z	Strong support: pauls-martyrdom at rome. Passage psg-eusebius-church-history-2-25: 'Paraphrase: Eusebius records that Paul was beheaded in Rome itself and Peter likewise suffered under Nero, appealing
clm-pauls-martyrdom-at-rome	reviewed	cascade-curator	2026-03-16T20:00:00Z	Contextual evidence for pauls-martyrdom at rome. Passage psg-eusebius-church-history-2-25: 'Paraphrase: Eusebius records that Paul was beheaded in Rome itself and Peter lik'
clm-pauls-martyrdom-year	approved	cascade-curator	2026-03-17T04:00:00Z	Confidence calibrated: high->medium (certainty=probable, pred=event_has_year)
clm-pentecost-at-jerusalem	approved	cascade-curator	2026-03-16T20:00:00Z	Passage psg-acts-2-1-4 explicitly places pentecost at jerusalem. Excerpt: 'Paraphrase: On the day of Pentecost the gathered disciples are filled with the Holy Spirit and begin speaking in other t'
clm-pentecost-year	approved	cascade-curator	2026-03-16T20:30:00Z	Year for pentecost: – CE well-supported by passage psg-acts-2-1-4. Certainty probable. Excerpt: 'Paraphrase: On the day of Pentecost the gathered disciples are filled with the Holy Spirit and begin sp
clm-pentecost-year	reviewed	cascade-curator	2026-03-16T20:00:00Z	Year for pentecost supported by passage psg-acts-2-1-4. Excerpt: 'Paraphrase: On the day of Pentecost the gathered disciples are filled with the Holy Spirit and begin'
clm-peri-pascha-by-melito	approved	cascade-curator	2026-03-16T20:00:00Z	Passage psg-melito-peri-pascha-96 is drawn from homily-on-the-passover itself, directly confirming authorship. Excerpt: 'Paraphrase: He who formed man from the earth was born of a virgin; he who suspe
clm-peri-pascha-by-melito	approved	cascade-curator	2026-03-17T04:00:00Z	Confidence calibrated: high->medium (certainty=probable, pred=authored_by)
clm-persis-active-rome	approved	cascade-curator	2026-03-16T20:00:00Z	Passage psg-rom-16-12 explicitly places persis in rome. Excerpt: 'Paraphrase: Paul greets Tryphaena, Tryphosa, and Persis, women who labored much in the Lord.'
clm-persis-roman-church	approved	cascade-curator	2026-03-16T20:00:00Z	Passage psg-rom-16-12 explicitly names persis as member of roman-church. Excerpt: 'Paraphrase: Paul greets Tryphaena, Tryphosa, and Persis, women who labored much in the Lord.'
clm-person-alban-affirms-britannia	approved	cascade-curator	2026-03-16T20:30:00Z	Third-party source (passage psg-wikipedia-british-church-control) reports alban-of-britain as affirming 'christianity-reached-britannia'. Excerpt: 'Christianity spread in Roman Britain during the 3rd
clm-person-alban-affirms-britannia	reviewed	cascade-curator	2026-03-16T16:00:00Z	Evidence supports alban-of-britain person_affirms_proposition 'christianity-reached-britannia'. Excerpt: 'Christianity spread in Roman Britain during the 3rd and 4th centuries. The British church had bishop...'
clm-person-alban-affirms-britannia	reviewed	cascade-curator	2026-03-16T20:00:00Z	Third-party attestation from passage psg-wikipedia-british-church-control: alban-of-britain is reported as affirming 'christianity-reached-britannia'. Excerpt: 'Christianity spread in Roman Britain du
clm-person-athanasius-affirms-ethiopia	approved	cascade-curator	2026-03-16T20:30:00Z	Third-party source (passage psg-athanasius-apol-const-29-31) reports athanasius-of-alexandria as affirming 'christianity-established-in-ethiopia'. Excerpt: 'Paraphrase: Athanasius recounts how Frument
clm-person-athanasius-affirms-ethiopia	approved	cascade-curator	2026-03-16T22:30:00Z	QA-upgraded: attested claim with explicit direct evidence → approved/high. person_affirms_proposition (athanasius-of-alexandria → christianity-established-in-ethiopia). Passage psg-athanasius-apol-con
clm-person-athanasius-affirms-ethiopia	reviewed	cascade-curator	2026-03-16T16:00:00Z	Evidence supports athanasius-of-alexandria person_affirms_proposition 'christianity-established-in-ethiopia'. Excerpt: 'Paraphrase: Athanasius recounts how Frumentius was consecrated bishop for the Indians (Aksumites) an...'
clm-person-athanasius-affirms-ethiopia	reviewed	cascade-curator	2026-03-16T20:00:00Z	Third-party attestation from passage psg-athanasius-apol-const-29-31: athanasius-of-alexandria is reported as affirming 'christianity-established-in-ethiopia'. Excerpt: 'Paraphrase: Athanasius recount
clm-person-constantius-affirms-ethiopia	approved	cascade-curator	2026-03-16T20:30:00Z	Third-party source (passage psg-vita-const-letter-constantius) reports constantius-ii as affirming 'christianity-established-in-ethiopia'. Excerpt: 'Paraphrase: Emperor Constantius II wrote to the rul
clm-person-constantius-affirms-ethiopia	approved	cascade-curator	2026-03-16T22:30:00Z	QA-upgraded: attested claim with explicit direct evidence → approved/high. person_affirms_proposition (constantius-ii → christianity-established-in-ethiopia). Passage psg-vita-const-letter-constantius
clm-person-constantius-affirms-ethiopia	reviewed	cascade-curator	2026-03-16T16:00:00Z	Passage psg-vita-const-letter-constantius names constantius-ii in relation to 'christianity-established-in-ethiopia'. The person_affirms_proposition is attested by passage content. Excerpt: 'Paraphrase: Emperor Constantius II wrote to the rulers of Aksum Ezana and Sayzana requesting that Frumentius be sent to ...'
clm-person-constantius-affirms-ethiopia	reviewed	cascade-curator	2026-03-16T20:00:00Z	Third-party attestation from passage psg-vita-const-letter-constantius: constantius-ii is reported as affirming 'christianity-established-in-ethiopia'. Excerpt: 'Paraphrase: Emperor Constantius II wro
clm-person-ezana-affirms-dominion	approved	cascade-curator	2026-03-16T20:30:00Z	Third-party source (passage psg-wikipedia-aksumite-control) reports ezana-of-aksum as affirming 'christ-dominion-is-universal'. Excerpt: 'The Aksumite Empire at its height controlled territories acros
clm-person-ezana-affirms-dominion	reviewed	cascade-curator	2026-03-16T16:00:00Z	Evidence supports ezana-of-aksum person_affirms_proposition 'christ-dominion-is-universal'. Excerpt: 'The Aksumite Empire at its height controlled territories across the Horn of Africa and parts of the ...'
clm-person-ezana-affirms-dominion	reviewed	cascade-curator	2026-03-16T20:00:00Z	Third-party attestation from passage psg-wikipedia-aksumite-control: ezana-of-aksum is reported as affirming 'christ-dominion-is-universal'. Excerpt: 'The Aksumite Empire at its height controlled terr
clm-person-frumentius-affirms-ethiopia	approved	cascade-curator	2026-03-16T20:30:00Z	Third-party source (passage psg-rufinus-he-1-9) reports frumentius as affirming 'christianity-established-in-ethiopia'. Excerpt: 'Paraphrase: A philosopher named Meropius of Tyre sailed to India with
clm-person-frumentius-affirms-ethiopia	approved	cascade-curator	2026-03-16T22:30:00Z	QA-upgraded: attested claim with explicit direct evidence → approved/high. person_affirms_proposition (frumentius → christianity-established-in-ethiopia). Passage psg-rufinus-he-1-9: 'Paraphrase: A ph
clm-person-frumentius-affirms-ethiopia	reviewed	cascade-curator	2026-03-16T16:00:00Z	Passage psg-rufinus-he-1-9 names frumentius in relation to 'christianity-established-in-ethiopia'. The person_affirms_proposition is attested by passage content. Excerpt: 'Paraphrase: A philosopher named Meropius of Tyre sailed to India with two boys Frumentius and Aedesius. The ship was sei...'
clm-person-frumentius-affirms-ethiopia	reviewed	cascade-curator	2026-03-16T20:00:00Z	Third-party attestation from passage psg-rufinus-he-1-9: frumentius is reported as affirming 'christianity-established-in-ethiopia'. Excerpt: 'Paraphrase: A philosopher named Meropius of Tyre sailed t
clm-person-pantaenus-affirms-bartholomew	approved	cascade-curator	2026-03-17T12:30:00Z	Upgraded reviewed→approved: possible certainty with direct supports evidence. Confidence set to low.
clm-person-pantaenus-affirms-bartholomew	reviewed	cascade-curator	2026-03-16T16:00:00Z	Only contextualizing evidence for pantaenus person_affirms_proposition 'bartholomew-preached-in-india'. The person's connection to this proposition needs stronger direct attestation. Excerpt: 'Paraphrase: Eusebius records Ignatius as bishop of Antioch after Peter, transported to Rome for mart...'
clm-person-pantaenus-affirms-bartholomew	reviewed	cascade-curator	2026-03-16T20:30:00Z	Claim clm-person-pantaenus-affirms-bartholomew (person_affirms_proposition: pantaenus → bartholomew-preached-in-india) has only contextualizing evidence. Certainty possible is appropriate given indire
clm-person-pantaenus-affirms-bartholomew	reviewed	cascade-curator	2026-03-16T23:00:00Z	Reviewed (contextual): pantaenus person_affirms_proposition 'bartholomew-preached-in-india'. Certainty possible. Passage psg-eusebius-he-3-36: 'Paraphrase: Eusebius records Ignatius as bishop of Antio
clm-person-pantaenus-affirms-india	approved	cascade-curator	2026-03-17T12:30:00Z	Upgraded reviewed→approved: possible certainty with direct supports evidence. Confidence set to low.
clm-person-pantaenus-affirms-india	reviewed	cascade-curator	2026-03-16T16:00:00Z	Only contextualizing evidence for pantaenus person_affirms_proposition 'gospel-reached-india'. The person's connection to this proposition needs stronger direct attestation. Excerpt: 'Paraphrase: Eusebius records Ignatius as bishop of Antioch after Peter, transported to Rome for mart...'
clm-person-pantaenus-affirms-india	reviewed	cascade-curator	2026-03-16T20:30:00Z	Claim clm-person-pantaenus-affirms-india (person_affirms_proposition: pantaenus → gospel-reached-india) has only contextualizing evidence. Certainty possible is appropriate given indirect support.
clm-person-pantaenus-affirms-india	reviewed	cascade-curator	2026-03-16T23:00:00Z	Reviewed (contextual): pantaenus person_affirms_proposition 'gospel-reached-india'. Certainty possible. Passage psg-eusebius-he-3-36: 'Paraphrase: Eusebius records Ignatius as bishop of Antioch after
clm-person-theophilus-affirms-arabia	approved	cascade-curator	2026-03-16T20:30:00Z	Third-party source (passage psg-philostorgius-he-3-4) reports theophilus-the-indian as affirming 'christianity-established-in-arabia'. Excerpt: 'Paraphrase: Theophilus called the Indian was sent by Em
clm-person-theophilus-affirms-arabia	reviewed	cascade-curator	2026-03-16T16:00:00Z	Passage psg-philostorgius-he-3-4 names theophilus-the-indian in relation to 'christianity-established-in-arabia'. The person_affirms_proposition is attested by passage content. Excerpt: 'Paraphrase: Theophilus called the Indian was sent by Emperor Constantius on an embassy to the Himyarites in south Arabia...'
clm-person-theophilus-affirms-arabia	reviewed	cascade-curator	2026-03-16T20:00:00Z	Third-party attestation from passage psg-philostorgius-he-3-4: theophilus-the-indian is reported as affirming 'christianity-established-in-arabia'. Excerpt: 'Paraphrase: Theophilus called the Indian w
clm-person-theophilus-affirms-india	approved	cascade-curator	2026-03-16T20:30:00Z	Third-party source (passage psg-philostorgius-he-3-4) reports theophilus-the-indian as affirming 'gospel-reached-india'. Excerpt: 'Paraphrase: Theophilus called the Indian was sent by Emperor Constant
clm-person-theophilus-affirms-india	approved	cascade-curator	2026-03-17T04:00:00Z	Confidence calibrated: medium->low (certainty=possible, pred=person_affirms_proposition)
clm-person-theophilus-affirms-india	reviewed	cascade-curator	2026-03-16T16:00:00Z	Passage psg-philostorgius-he-3-4 names theophilus-the-indian in relation to 'gospel-reached-india'. The person_affirms_proposition is attested by passage content. Excerpt: 'Paraphrase: Theophilus called the Indian was sent by Emperor Constantius on an embassy to the Himyarites in south Arabia...'
clm-person-theophilus-affirms-india	reviewed	cascade-curator	2026-03-16T20:00:00Z	Third-party attestation from passage psg-philostorgius-he-3-4: theophilus-the-indian is reported as affirming 'gospel-reached-india'. Excerpt: 'Paraphrase: Theophilus called the Indian was sent by Emp
clm-peter-active-caesarea	approved	cascade-curator	2026-03-16T20:00:00Z	Passage psg-acts-10-1-48 explicitly places simon-peter in caesarea. Excerpt: 'Paraphrase: Cornelius of Caesarea sends for Peter, hears the message, and the Holy Spirit falls on Gentiles who are then'
clm-peter-active-joppa	approved	cascade-curator	2026-03-16T20:00:00Z	Passage psg-acts-9-32-43 explicitly places simon-peter in joppa. Excerpt: 'Paraphrase: Peter ministers in the coastal plain and at Joppa, where many turn to the Lord after Tabitha is raised.'
clm-peter-active-lydda	approved	cascade-curator	2026-03-16T20:00:00Z	Passage psg-acts-9-32-35 explicitly places simon-peter in lydda. Excerpt: 'Paraphrase: In Lydda, Peter finds Aeneas bedridden for years and declares Jesus Christ has healed him.'
clm-peter-active-samaria	approved	cascade-curator	2026-03-16T22:30:00Z	QA-enhanced: active_in (simon-peter → samaria) cert=attested. Primary passage psg-acts-8-9-24: 'Now for some time a man named Simon had practised sorcery in the city and amazed all the people of Samar
clm-peter-bishop-antioch	approved	cascade-curator	2026-03-17T04:00:00Z	Confidence calibrated: high->medium (certainty=probable, pred=bishop_of)
clm-peter-bishop-rome	approved	cascade-curator	2026-03-17T04:00:00Z	Confidence calibrated: high->medium (certainty=probable, pred=bishop_of)
clm-peter-coworker-barnabas	approved	cascade-curator	2026-03-17T04:00:00Z	Confidence calibrated: high->medium (certainty=probable, pred=coworker_of)
clm-peter-coworker-silas	approved	cascade-curator	2026-03-17T04:00:00Z	Confidence calibrated: high->medium (certainty=probable, pred=coworker_of)
clm-peter-gentile-inclusion	approved	cascade-curator	2026-03-16T20:30:00Z	Third-party source (passage psg-acts-15-1-29) reports simon-peter as affirming 'gentile-believers-need-not-be-circumcised'. Excerpt: 'Paraphrase: The Jerusalem council addresses whether Gentile believ
clm-peter-gentile-inclusion	approved	cascade-curator	2026-03-16T22:30:00Z	QA-upgraded: attested claim with explicit direct evidence → approved/high. person_affirms_proposition (simon-peter → gentile-believers-need-not-be-circumcised). Passage psg-acts-15-1-29: 'Paraphrase:
clm-peter-gentile-inclusion	reviewed	cascade-curator	2026-03-16T20:00:00Z	Third-party attestation from passage psg-acts-15-1-29: simon-peter is reported as affirming 'gentile-believers-need-not-be-circumcised'. Excerpt: 'Paraphrase: The Jerusalem council addresses whether G
clm-peter-in-arrest	approved	cascade-curator	2026-03-17T04:00:00Z	Confidence calibrated: high->medium (certainty=probable, pred=participant_in)
clm-peter-in-crucifixion-witness	approved	cascade-curator	2026-03-17T12:30:00Z	Upgraded reviewed→approved: probable certainty with direct supports evidence. Confidence set to medium.
clm-peter-in-crucifixion-witness	reviewed	cascade-curator	2026-03-16T20:30:00Z	Claim clm-peter-in-crucifixion-witness (participant_in: simon-peter → crucifixion-of-jesus) has only contextualizing evidence. Certainty probable is appropriate given indirect support.
clm-peter-in-crucifixion-witness	reviewed	cascade-curator	2026-03-16T23:00:00Z	Reviewed (contextual): simon-peter participant_in crucifixion-of-jesus. Certainty probable. Passage psg-mark-15-40-41: 'There were also women looking on from a distance, among whom were Mary Magdalene
clm-peter-in-herodian-persecution	approved	cascade-curator	2026-03-16T20:00:00Z	Passage psg-acts-12-1-3 explicitly names simon-peter as participant in herodian-persecution-of-jerusalem-church. Excerpt: 'Paraphrase: Herod lays violent hands on members of the church, kills James th
clm-peter-in-martyrdom	approved	cascade-curator	2026-03-16T20:00:00Z	Passage psg-1clement-5-1-7 explicitly names simon-peter as participant in peters-martyrdom. Excerpt: 'Paraphrase: Clement presents Peter and Paul as recent exemplary sufferers, saying Peter endured ma
clm-peter-in-martyrdom	approved	cascade-curator	2026-03-17T15:30:00Z	Review aligned: claim status=superseded.
clm-peter-in-martyrdom	reviewed	cascade-curator	2026-03-17T02:00:00Z	Claim deprecated as duplicate: Superseded by clm-peter-in-peters-martyrdom (yr 64-65, ctx=rome); this shell has no year/context.
clm-peter-in-neronian	approved	cascade-curator	2026-03-17T04:00:00Z	Confidence calibrated: high->medium (certainty=probable, pred=participant_in)
clm-peter-in-pentecost	approved	cascade-curator	2026-03-16T20:00:00Z	Passage psg-acts-2-14-36 explicitly names simon-peter as participant in pentecost. Excerpt: 'Paraphrase: Peter stands with the Eleven at Pentecost and publicly proclaims the risen Jesus.'
clm-peter-in-peters-martyrdom	approved	cascade-curator	2026-03-17T04:00:00Z	Confidence calibrated: high->medium (certainty=probable, pred=participant_in)
clm-peter-member-antioch-church	approved	cascade-curator	2026-03-17T04:00:00Z	Confidence calibrated: high->medium (certainty=probable, pred=member_of_group)
clm-peter-member-roman-church	approved	cascade-curator	2026-03-17T04:00:00Z	Confidence calibrated: high->medium (certainty=probable, pred=member_of_group)
clm-peter-teacher-of-mark	approved	cascade-curator	2026-03-17T04:00:00Z	Confidence calibrated: high->medium (certainty=probable, pred=teacher_of)
clm-peters-martyrdom-at-rome	approved	cascade-curator	2026-03-16T20:30:00Z	Strong support: peters-martyrdom at rome. Passage psg-eusebius-church-history-2-25: 'Paraphrase: Eusebius records that Paul was beheaded in Rome itself and Peter likewise suffered under Nero, appealin
clm-peters-martyrdom-at-rome	reviewed	cascade-curator	2026-03-16T20:00:00Z	Contextual evidence for peters-martyrdom at rome. Passage psg-eusebius-church-history-2-25: 'Paraphrase: Eusebius records that Paul was beheaded in Rome itself and Peter lik'
clm-peters-martyrdom-year	approved	cascade-curator	2026-03-17T04:00:00Z	Confidence calibrated: high->medium (certainty=probable, pred=event_has_year)
clm-pharisees-at-galilee	approved	cascade-curator	2026-03-16T20:00:00Z	Passage psg-mark-3-6 explicitly places pharisees at galilee. Excerpt: 'Paraphrase: Pharisees go out and immediately conspire with the Herodians against Jesus after the Sabbath controversy.'
clm-pharisees-at-jerusalem	approved	cascade-curator	2026-03-16T20:00:00Z	Passage psg-mark-11-15-18 explicitly places pharisees at jerusalem. Excerpt: 'Paraphrase: Jesus enters the temple precincts in Jerusalem and disrupts buying and selling.'
clm-philemon-addressed-colossae	approved	cascade-curator	2026-03-16T21:00:00Z	Strong inference from passage psg-philemon-1-2 supports addressed_to_place (epistle-to-philemon → colossae). Certainty probable. Excerpt: 'Paraphrase: Paul addresses Philemon, Apphia, Archippus, and t
clm-philemon-addressed-colossae	reviewed	cascade-curator	2026-03-16T20:30:00Z	Manual NT-period expansion retained as probable because the destination is reconstructed from the household network rather than an explicit place formula.
clm-philemon-by-paul	approved	cascade-curator	2026-03-17T04:30:00Z	Paul explicitly identifies himself as author (Phlm 1:1,9,19); universally accepted as authentic.
clm-philemon-colossian-church	approved	cascade-curator	2026-03-16T20:30:00Z	philemon member_of_group colossian-church well-supported by passage psg-col-4-9. Excerpt: 'Paraphrase: Onesimus, one of the Colossians, is sent with Tychicus and identified as a faithful and beloved b
clm-philemon-colossian-church	reviewed	cascade-curator	2026-03-16T20:00:00Z	Passage psg-col-4-9 supports philemon member_of_group colossian-church. Excerpt: 'Paraphrase: Onesimus, one of the Colossians, is sent with Tychicus and identified as a faithful and '
clm-philemon-disciple	approved	cascade-curator	2026-03-16T20:00:00Z	Passage psg-philemon-1-2 explicitly names philemon as member of disciples-of-jesus. Excerpt: 'Paraphrase: Paul addresses Philemon, Apphia, Archippus, and the church in their house.'
clm-philip-apostle-active-bethsaida	approved	cascade-curator	2026-03-16T20:00:00Z	Passage psg-john-1-43-49 explicitly places philip-the-apostle in bethsaida. Excerpt: 'Paraphrase: Jesus calls Philip, who brings Nathanael, who confesses him.'
clm-philip-apostle-active-jerusalem	approved	cascade-curator	2026-03-17T04:00:00Z	Confidence calibrated: high->medium (certainty=probable, pred=active_in)
clm-philip-apostle-coworker-nathanael	approved	cascade-curator	2026-03-17T04:00:00Z	Confidence calibrated: high->medium (certainty=probable, pred=coworker_of)
clm-philip-apostle-disciple	approved	cascade-curator	2026-03-16T20:00:00Z	Passage psg-john-1-43-49 explicitly names philip-the-apostle as member of disciples-of-jesus. Excerpt: 'Paraphrase: Jesus calls Philip, who brings Nathanael, who confesses him.'
clm-philip-apostle-in-pentecost	approved	cascade-curator	2026-03-17T04:00:00Z	Confidence calibrated: high->medium (certainty=probable, pred=participant_in)
clm-philip-apostle-member-jerusalem	approved	cascade-curator	2026-03-17T04:00:00Z	Confidence calibrated: high->medium (certainty=probable, pred=member_of_group)
clm-philip-evang-active-joppa	approved	cascade-curator	2026-03-17T04:00:00Z	Confidence calibrated: high->medium (certainty=probable, pred=active_in)
clm-philip-evangelist-active-caesarea	approved	cascade-curator	2026-03-16T20:00:00Z	Passage psg-acts-21-8-9 explicitly places philip-the-evangelist in caesarea. Excerpt: 'Paraphrase: Paul and his companions stay with Philip the evangelist in Caesarea, where his four daughters prophes
clm-philip-evangelist-active-samaria	approved	cascade-curator	2026-03-16T20:00:00Z	Passage psg-acts-8-5-25 explicitly places philip-the-evangelist in samaria. Excerpt: 'Paraphrase: Philip proclaims Christ in Samaria, many believe, and Peter and John pray for the new Samaritan believ
clm-philip-evangelist-disciple	approved	cascade-curator	2026-03-16T20:00:00Z	Passage psg-acts-21-8-9 explicitly names philip-the-evangelist as member of disciples-of-jesus. Excerpt: 'Paraphrase: Paul and his companions stay with Philip the evangelist in Caesarea, where his fou
clm-philippians-addressed-philippi	approved	cascade-curator	2026-03-16T20:30:00Z	Passage psg-phil-1-1 provides strong support for addressed_to_place claim (epistle-to-the-philippians → philippi). Excerpt: 'Paraphrase: Paul and Timothy address all the saints in Christ Jesus who are
clm-philippians-addressed-philippi	approved	cascade-curator	2026-03-16T22:30:00Z	QA-upgraded: attested claim with explicit direct evidence → approved/high. addressed_to_place (epistle-to-the-philippians → philippi). Passage psg-phil-1-1: 'Paraphrase: Paul and Timothy address all t
clm-philippians-addressed-philippi	reviewed	cascade-curator	2026-03-16T20:00:00Z	Passage psg-phil-1-1 supports addressed_to_place claim for epistle-to-the-philippians. Excerpt: 'Paraphrase: Paul and Timothy address all the saints in Christ Jesus who are in Philippi, with the ov'
clm-philippians-by-paul	approved	cascade-curator	2026-03-17T06:00:00Z	Phil 1:1 explicit Paul+Timothy opening; universally accepted as authentic.
clm-philippians-resurrection	approved	cascade-curator	2026-03-17T12:30:00Z	Upgraded reviewed→approved: probable certainty with direct supports evidence. Confidence set to medium.
clm-philippians-resurrection	reviewed	cascade-curator	2026-03-16T20:30:00Z	Claim clm-philippians-resurrection (work_affirms_proposition: epistle-to-the-philippians → jesus-is-proclaimed-as-raised) has only contextualizing evidence. Certainty probable is appropriate given ind
clm-philippians-resurrection	reviewed	cascade-curator	2026-03-16T23:00:00Z	Reviewed (contextual): epistle-to-the-philippians work_affirms_proposition 'jesus-is-proclaimed-as-raised'. Certainty probable. Passage psg-rom-10-9: 'Paraphrase: The confession of faith centers on Go
clm-philologus-active-rome	approved	cascade-curator	2026-03-16T20:00:00Z	Passage psg-rom-16-15 explicitly places philologus in rome. Excerpt: 'Paraphrase: Paul greets Philologus, Julia, Nereus and his sister, Olympas, and all the saints with them.'
clm-philologus-roman-church	approved	cascade-curator	2026-03-16T20:00:00Z	Passage psg-rom-16-15 explicitly names philologus as member of roman-church. Excerpt: 'Paraphrase: Paul greets Philologus, Julia, Nereus and his sister, Olympas, and all the saints with them.'
clm-philostorgius-active-constantinople	approved	cascade-curator	2026-03-17T12:30:00Z	Upgraded reviewed→approved: probable certainty with direct supports evidence. Confidence set to medium.
clm-philostorgius-active-constantinople	reviewed	cascade-curator	2026-03-16T16:00:00Z	Only contextualizing evidence for philostorgius active in antioch. Excerpt: 'Paraphrase: Theophilus called the Indian was sent by Emperor Constantius on an embassy to the Himyar...'
clm-philostorgius-active-constantinople	reviewed	cascade-curator	2026-03-16T20:30:00Z	Claim clm-philostorgius-active-constantinople (active_in: philostorgius → antioch) has only contextualizing evidence. Certainty probable is appropriate given indirect support.
clm-philostorgius-active-constantinople	reviewed	cascade-curator	2026-03-16T23:00:00Z	Reviewed (contextual): philostorgius active_in antioch. Certainty probable. No passage directly names philostorgius in antioch; inference from passage psg-philostorgius-he-3-4: 'Paraphrase: Theophilus
clm-philostorgius-affirms-ethiopia	approved	cascade-curator	2026-03-17T12:30:00Z	Upgraded reviewed→approved: probable certainty with direct supports evidence. Confidence set to medium.
clm-philostorgius-affirms-ethiopia	reviewed	cascade-curator	2026-03-16T16:00:00Z	Only contextualizing evidence for philostorgius person_affirms_proposition 'christianity-established-in-ethiopia'. The person's connection to this proposition needs stronger direct attestation. Excerpt: 'Paraphrase: Theophilus called the Indian was sent by Emperor Constantius on an embassy to the Himyar...'
clm-philostorgius-affirms-ethiopia	reviewed	cascade-curator	2026-03-16T20:30:00Z	Claim clm-philostorgius-affirms-ethiopia (person_affirms_proposition: philostorgius → christianity-established-in-ethiopia) has only contextualizing evidence. Certainty probable is appropriate given i
clm-philostorgius-affirms-ethiopia	reviewed	cascade-curator	2026-03-16T23:00:00Z	Reviewed (contextual): philostorgius person_affirms_proposition 'christianity-established-in-ethiopia'. Certainty probable. Passage psg-philostorgius-he-3-4: 'Paraphrase: Theophilus called the Indian
clm-philostorgius-he-affirms-arabia-christianized	approved	cascade-curator	2026-03-16T16:00:00Z	Passage psg-philostorgius-he-3-4 from philostorgius-ecclesiastical-history directly addresses the proposition 'christianity-established-in-arabia'. Excerpt: 'Paraphrase: Theophilus called the Indian was sent by Emperor Constantius on an embassy to the Himyarites in south Arabia. He was originally ...' The work's affirms of this proposition is directly attested.
clm-philostorgius-he-affirms-arabia-christianized	approved	cascade-curator	2026-03-17T04:00:00Z	Confidence calibrated: high->medium (certainty=probable, pred=work_affirms_proposition)
clm-philostorgius-he-affirms-bartholomew-india	approved	cascade-curator	2026-03-16T20:00:00Z	Passage psg-philostorgius-he-3-6 from philostorgius-ecclesiastical-history directly treats proposition 'bartholomew-preached-in-india'. The work's affirms is attested from its own text. Excerpt: 'Para
clm-philostorgius-he-affirms-bartholomew-india	approved	cascade-curator	2026-03-17T04:00:00Z	Confidence calibrated: high->medium (certainty=probable, pred=work_affirms_proposition)
clm-philostorgius-he-affirms-bartholomew-india	reviewed	cascade-curator	2026-03-16T16:00:00Z	Passage psg-philostorgius-he-3-6 from philostorgius-ecclesiastical-history supports but the excerpt does not use the exact language of 'bartholomew-preached-in-india'. The proposition is conveyed through the overall context of this passage. Excerpt: 'Paraphrase: Theophilus proceeded from the Himyarites to his own country where he found Christians wh...'
clm-philostorgius-he-affirms-india-reached	approved	cascade-curator	2026-03-16T16:00:00Z	Passage psg-philostorgius-he-3-4 from philostorgius-ecclesiastical-history directly addresses the proposition 'gospel-reached-india'. Excerpt: 'Paraphrase: Theophilus called the Indian was sent by Emperor Constantius on an embassy to the Himyarites in south Arabia. He was originally ...' The work's affirms of this proposition is directly attested.
clm-philostorgius-he-affirms-india-reached	approved	cascade-curator	2026-03-17T04:00:00Z	Confidence calibrated: high->medium (certainty=probable, pred=work_affirms_proposition)
clm-philostorgius-he-affirms-thomas-india	approved	cascade-curator	2026-03-16T16:00:00Z	Passage psg-philostorgius-he-3-4 from philostorgius-ecclesiastical-history directly addresses the proposition 'thomas-preached-in-india'. Excerpt: 'Paraphrase: Theophilus called the Indian was sent by Emperor Constantius on an embassy to the Himyarites in south Arabia. He was originally ...' The work's mentions of this proposition is directly attested.
clm-philostorgius-he-affirms-thomas-india	approved	cascade-curator	2026-03-17T04:00:00Z	Confidence calibrated: high->low (certainty=possible, pred=work_mentions_proposition)
clm-philostorgius-he-affirms-universal	approved	cascade-curator	2026-03-16T20:00:00Z	Passage psg-philostorgius-he-3-6 from philostorgius-ecclesiastical-history directly treats proposition 'christ-dominion-is-universal'. The work's affirms is attested from its own text. Excerpt: 'Parap
clm-philostorgius-he-affirms-universal	approved	cascade-curator	2026-03-17T04:00:00Z	Confidence calibrated: high->medium (certainty=probable, pred=work_affirms_proposition)
clm-philostorgius-he-affirms-universal	reviewed	cascade-curator	2026-03-16T16:00:00Z	Only contextualizing evidence for philostorgius-ecclesiastical-history work_affirms_proposition christ-dominion-is-universal. Passage psg-philostorgius-he-3-6: 'Paraphrase: Theophilus proceeded from the Himyarites to his own country where he found Christians wh...' A more directly relevant passage would strengthen this claim.
clm-philostorgius-he-by-philostorgius	approved	cascade-curator	2026-03-16T20:00:00Z	Passage psg-philostorgius-he-3-4 is drawn from philostorgius-ecclesiastical-history itself, directly confirming authorship. Excerpt: 'Paraphrase: Theophilus called the Indian was sent by Emperor Const
clm-philostorgius-he-by-philostorgius	reviewed	cascade-curator	2026-03-16T16:00:00Z	Evidence supports philostorgius-ecclesiastical-history authored_by philostorgius; passage psg-philostorgius-he-3-4 provides supporting context. Excerpt: 'Paraphrase: Theophilus called the Indian was sent by Emperor Constantius on an embassy to the Himyar...'
clm-philostorgius-he-mentions-ethiopia	approved	cascade-curator	2026-03-16T20:00:00Z	Passage psg-philostorgius-he-3-4 from philostorgius-ecclesiastical-history directly treats proposition 'christianity-established-in-ethiopia'. The work's mentions is attested from its own text. Excerp
clm-philostorgius-he-mentions-ethiopia	approved	cascade-curator	2026-03-17T04:00:00Z	Confidence calibrated: high->medium (certainty=probable, pred=work_mentions_proposition)
clm-philostorgius-he-mentions-ethiopia	reviewed	cascade-curator	2026-03-16T16:00:00Z	Only contextualizing evidence for philostorgius-ecclesiastical-history work_mentions_proposition christianity-established-in-ethiopia. Passage psg-philostorgius-he-3-4: 'Paraphrase: Theophilus called the Indian was sent by Emperor Constantius on an embassy to the Himyar...' A more directly relevant passage would strengthen this claim.
clm-philostorgius-he-mentions-india-reached	approved	cascade-curator	2026-03-16T20:00:00Z	Passage psg-philostorgius-he-3-6 from philostorgius-ecclesiastical-history directly treats proposition 'gospel-reached-india'. The work's mentions is attested from its own text. Excerpt: 'Paraphrase:
clm-philostorgius-he-mentions-india-reached	approved	cascade-curator	2026-03-17T04:00:00Z	Confidence calibrated: high->medium (certainty=probable, pred=work_mentions_proposition)
clm-philostorgius-he-mentions-india-reached	reviewed	cascade-curator	2026-03-16T16:00:00Z	Only contextualizing evidence for philostorgius-ecclesiastical-history work_mentions_proposition gospel-reached-india. Passage psg-philostorgius-he-3-6: 'Paraphrase: Theophilus proceeded from the Himyarites to his own country where he found Christians wh...' A more directly relevant passage would strengthen this claim.
clm-phlegon-active-rome	approved	cascade-curator	2026-03-16T20:00:00Z	Passage psg-rom-16-14 explicitly places phlegon in rome. Excerpt: 'Paraphrase: Paul greets Asyncritus, Phlegon, Hermes, Patrobas, Hermas, and the brothers with them.'
clm-phlegon-roman-church	approved	cascade-curator	2026-03-16T20:00:00Z	Passage psg-rom-16-14 explicitly names phlegon as member of roman-church. Excerpt: 'Paraphrase: Paul greets Asyncritus, Phlegon, Hermes, Patrobas, Hermas, and the brothers with them.'
clm-phoebe-active-corinth	approved	cascade-curator	2026-03-16T20:00:00Z	Passage psg-rom-16-1-2 explicitly places phoebe in corinth. Excerpt: 'Paraphrase: Paul commends Phoebe to the Roman believers.'
clm-phoebe-active-corinth	approved	cascade-curator	2026-03-17T04:00:00Z	Confidence calibrated: high->medium (certainty=probable, pred=active_in)
clm-phoebe-active-rome	approved	cascade-curator	2026-03-17T04:00:00Z	Confidence calibrated: high->medium (certainty=probable, pred=active_in)
clm-phoebe-member-corinthian	approved	cascade-curator	2026-03-17T04:00:00Z	Confidence calibrated: high->medium (certainty=probable, pred=member_of_group)
clm-pilate-in-crucifixion	approved	cascade-curator	2026-03-16T20:00:00Z	Passage psg-mark-15-1-15 explicitly names pontius-pilate as participant in crucifixion-of-jesus. Excerpt: 'Paraphrase: Jesus is handed over to Pilate, examined, and condemned to be crucified.'
clm-pilate-in-pilate-trial	approved	cascade-curator	2026-03-16T20:00:00Z	Passage psg-josephus-ant-18-55-59 explicitly names pontius-pilate as participant in jesus-before-pilate. Excerpt: 'Paraphrase: Josephus identifies Pontius Pilate as prefect governing Judea.'
clm-place-achaia-attested	approved	cascade-curator	2026-03-16T20:00:00Z	Passage psg-2cor-1-1 directly attests presence/attestation of achaia. Excerpt: 'Paraphrase: Paul addresses the church of God in Corinth together with all the saints in the whole of Achaia.'
clm-place-achaia-attested	needs_revision	cascade-curator	2026-03-17T09:30:00Z	Superseded: duplicate of clm-place-achaia-attested-late (achaia place_presence_status attested); year ranges merged.
clm-place-achaia-attested-late	approved	cascade-curator	2026-03-16T20:00:00Z	Passage psg-acts-18-12-17 directly attests presence/attestation of achaia. Excerpt: 'Paraphrase: While Gallio is proconsul of Achaia, Paul is brought before the tribunal in Corinth and Sosthenes is be
clm-place-aksum-attested	approved	cascade-curator	2026-03-16T20:00:00Z	Passage psg-wikipedia-aksumite-control directly attests presence/attestation of aksum. Excerpt: 'The Aksumite Empire at its height controlled territories across the Horn of Africa and parts of the Ara
clm-place-alexandria-attested	approved	cascade-curator	2026-03-16T12:00:00Z	Acts 18:24 identifies Apollos as a Jewish believer 'native of Alexandria' who was already 'instructed in the way of the Lord'. Implies an Alexandrian Christian community predating Apollos's activity in Ephesus.
clm-place-antioch-attested	approved	cascade-curator	2026-03-16T12:00:00Z	Acts 11:26 explicitly states 'in Antioch the disciples were first called Christians'. The community is directly named and geographically located.
clm-place-appii-forum-attested	approved	cascade-curator	2026-03-16T20:00:00Z	Passage psg-acts-28-15 directly attests presence/attestation of appii-forum. Excerpt: 'Paraphrase: Believers come from Rome to meet Paul as far as Appii Forum and Three Taverns.'
clm-place-arbela-attested	approved	cascade-curator	2026-03-16T20:00:00Z	Passage psg-wikipedia-church-of-east-spread directly attests presence/attestation of arbela. Excerpt: 'The Church of the East was centered at Seleucia-Ctesiphon and extended through Persia, Mesopotami
clm-place-arbela-attested	approved	cascade-curator	2026-03-17T04:00:00Z	Confidence calibrated: high->medium (certainty=probable, pred=place_presence_status)
clm-place-arles-attested	approved	cascade-curator	2026-03-16T20:00:00Z	Passage psg-wikipedia-british-church-control directly attests presence/attestation of arles. Excerpt: 'Christianity spread in Roman Britain during the 3rd and 4th centuries. The British church had bis
clm-place-asia-attested	approved	cascade-curator	2026-03-16T20:00:00Z	Passage psg-1pet-1-1 directly attests presence/attestation of asia. Excerpt: 'Paraphrase: Peter addresses the elect exiles of the dispersion in Pontus, Galatia, Cappadocia, Asia, and Bithynia.'
clm-place-asia-attested	needs_revision	cascade-curator	2026-03-17T09:30:00Z	Superseded: duplicate of clm-place-asia-attested-late (asia place_presence_status attested); year ranges merged.
clm-place-asia-attested-late	approved	cascade-curator	2026-03-16T20:00:00Z	Passage psg-acts-19-1-10 directly attests presence/attestation of asia. Excerpt: 'Paraphrase: Paul teaches in Ephesus and the message spreads broadly in the region.'
clm-place-assos-attested	approved	cascade-curator	2026-03-16T20:00:00Z	Passage psg-acts-20-13-15 directly attests presence/attestation of assos. Excerpt: 'Paraphrase: Paul goes by way of Assos, Mitylene, Chios, and Samos on the route toward Miletus.'
clm-place-athens-attested	approved	cascade-curator	2026-03-16T20:00:00Z	Passage psg-acts-17-16-34 directly attests presence/attestation of athens. Excerpt: 'Paraphrase: Paul reasons in Athens and speaks at the Areopagus, with some joining and believing.'
clm-place-berea-attested	approved	cascade-curator	2026-03-16T20:00:00Z	Passage psg-acts-17-10-15 directly attests presence/attestation of berea. Excerpt: 'Paraphrase: Paul and his companions minister in Berea where many receive the message eagerly.'
clm-place-bethany-jordan-attested	approved	cascade-curator	2026-03-16T12:00:00Z	John 1:28 explicitly names Bethany beyond the Jordan as the site of John's baptizing ministry. The geographical note is precise and serves as the primary literary attestation for this location.
clm-place-bethany-near-jerusalem-attested	approved	cascade-curator	2026-03-16T20:00:00Z	Passage psg-john-11-1-18 directly attests presence/attestation of bethany-near-jerusalem. Excerpt: 'Paraphrase: Lazarus, Martha, and Mary are introduced at Bethany near Jerusalem.'
clm-place-bethsaida-attested	approved	cascade-curator	2026-03-16T20:00:00Z	Passage psg-john-1-43-49 directly attests presence/attestation of bethsaida. Excerpt: 'Paraphrase: Jesus calls Philip, who brings Nathanael, who confesses him.'
clm-place-bithynia-attested	approved	cascade-curator	2026-03-16T20:00:00Z	Passage psg-1pet-1-1 directly attests presence/attestation of bithynia. Excerpt: 'Paraphrase: Peter addresses the elect exiles of the dispersion in Pontus, Galatia, Cappadocia, Asia, and Bithynia.'
clm-place-bithynia-attested	needs_revision	cascade-curator	2026-03-17T09:30:00Z	Superseded: duplicate of clm-place-bithynia-attested-late (bithynia place_presence_status attested); year ranges merged.
clm-place-bithynia-attested-late	approved	cascade-curator	2026-03-16T20:00:00Z	Passage psg-wikipedia-early-christian-places directly attests presence/attestation of bithynia. Excerpt: 'Christianity spread rapidly from Jerusalem through Judea, Samaria, Syria, Asia Minor, Greece,
clm-place-bostra-attested	approved	cascade-curator	2026-03-17T12:30:00Z	Upgraded reviewed→approved: probable certainty with direct supports evidence. Confidence set to medium.
clm-place-bostra-attested	reviewed	cascade-curator	2026-03-16T20:30:00Z	Claim clm-place-bostra-attested (place_presence_status: bostra → attested) has only contextualizing evidence. Certainty probable is appropriate given indirect support.
clm-place-bostra-attested	reviewed	cascade-curator	2026-03-16T23:00:00Z	Reviewed (contextual): bostra place_presence_status. Certainty probable. Passage psg-wikipedia-early-church-geography: 'Early centers of Christianity included Jerusalem, Antioch, Alexandria, Rome, Car
clm-place-britannia-attested	approved	cascade-curator	2026-03-17T12:30:00Z	Upgraded reviewed→approved: probable certainty with direct supports evidence. Confidence set to medium.
clm-place-britannia-attested	reviewed	cascade-curator	2026-03-16T20:30:00Z	Claim clm-place-britannia-attested (place_presence_status: britannia → attested) has only contextualizing evidence. Certainty probable is appropriate given indirect support.
clm-place-britannia-attested	reviewed	cascade-curator	2026-03-16T23:00:00Z	Reviewed (contextual): britannia place_presence_status. Certainty probable. Passage psg-wikipedia-british-church-control: 'Christianity spread in Roman Britain during the 3rd and 4th centuries. The Br
clm-place-caesarea-attested-early	approved	cascade-curator	2026-03-16T20:00:00Z	Passage psg-acts-10-1-48 directly attests presence/attestation of caesarea. Excerpt: 'Paraphrase: Cornelius of Caesarea sends for Peter, hears the message, and the Holy Spirit falls on Gentiles who ar
clm-place-caesarea-attested-late	approved	cascade-curator	2026-03-16T20:00:00Z	Passage psg-acts-21-8-9 directly attests presence/attestation of caesarea. Excerpt: 'Paraphrase: Paul and his companions stay with Philip the evangelist in Caesarea, where his four daughters prophesy.
clm-place-caesarea-cappadocia-attested	approved	cascade-curator	2026-03-16T20:00:00Z	Passage psg-wikipedia-early-church-geography directly attests presence/attestation of caesarea-cappadocia. Excerpt: 'Early centers of Christianity included Jerusalem, Antioch, Alexandria, Rome, Cartha
clm-place-cana-attested	approved	cascade-curator	2026-03-16T20:00:00Z	Passage psg-john-1-43-49 directly attests presence/attestation of cana. Excerpt: 'Paraphrase: Jesus calls Philip, who brings Nathanael, who confesses him.'
clm-place-capernaum-attested	approved	cascade-curator	2026-03-16T20:00:00Z	Passage psg-mark-1-14-15 directly attests presence/attestation of capernaum. Excerpt: 'Paraphrase: Jesus comes into Galilee proclaiming God kingdom and calling for repentance and belief.'
clm-place-cappadocia-attested	approved	cascade-curator	2026-03-16T20:00:00Z	Passage psg-1pet-1-1 directly attests presence/attestation of cappadocia. Excerpt: 'Paraphrase: Peter addresses the elect exiles of the dispersion in Pontus, Galatia, Cappadocia, Asia, and Bithynia.'
clm-place-cappadocia-attested	needs_revision	cascade-curator	2026-03-17T09:30:00Z	Superseded: duplicate of clm-place-cappadocia-attested-late (cappadocia place_presence_status attested); year ranges merged.
clm-place-cappadocia-attested-late	approved	cascade-curator	2026-03-16T20:00:00Z	Passage psg-wikipedia-early-christian-places directly attests presence/attestation of cappadocia. Excerpt: 'Christianity spread rapidly from Jerusalem through Judea, Samaria, Syria, Asia Minor, Greece
clm-place-carthage-attested	approved	cascade-curator	2026-03-16T20:00:00Z	Passage psg-wikipedia-early-church-geography directly attests presence/attestation of carthage. Excerpt: 'Early centers of Christianity included Jerusalem, Antioch, Alexandria, Rome, Carthage, and Ede
clm-place-chios-attested	approved	cascade-curator	2026-03-16T20:00:00Z	Passage psg-acts-20-13-15 directly attests presence/attestation of chios. Excerpt: 'Paraphrase: Paul goes by way of Assos, Mitylene, Chios, and Samos on the route toward Miletus.'
clm-place-clauda-attested	approved	cascade-curator	2026-03-16T20:00:00Z	Passage psg-acts-27-16-17 directly attests presence/attestation of clauda. Excerpt: 'Paraphrase: Running under the lee of the small island called Clauda, the crew secures the ship's boat and undergird
clm-place-cnidus-attested	approved	cascade-curator	2026-03-16T20:00:00Z	Passage psg-acts-27-3-12 directly attests presence/attestation of cnidus. Excerpt: 'Paraphrase: Paul voyage under guard touches Sidon, passes Cnidus, and reaches Fair Havens while debate continues abo
clm-place-colossae-attested	approved	cascade-curator	2026-03-16T20:00:00Z	Passage psg-col-1-2 directly attests presence/attestation of colossae. Excerpt: 'Paraphrase: Paul addresses the saints and faithful brothers and sisters in Christ in Colossae.'
clm-place-corinth-attested	approved	cascade-curator	2026-03-16T12:00:00Z	Acts 18:1-11 describes Paul founding the Corinthian community, with Crispus the synagogue ruler and his household baptized (18:8). Paul's 18-month residence and the community are directly attested.
clm-place-crete-attested	approved	cascade-curator	2026-03-16T20:00:00Z	Passage psg-titus-1-5 directly attests presence/attestation of crete. Excerpt: 'Paraphrase: Paul says that he left Titus in Crete to set in order what remained and appoint elders in every town.'
clm-place-crete-attested	needs_revision	cascade-curator	2026-03-17T09:30:00Z	Superseded: duplicate of clm-place-crete-attested-late (crete place_presence_status attested); year ranges merged.
clm-place-crete-attested-late	approved	cascade-curator	2026-03-16T20:00:00Z	Passage psg-acts-27-3-12 directly attests presence/attestation of crete. Excerpt: 'Paraphrase: Paul voyage under guard touches Sidon, passes Cnidus, and reaches Fair Havens while debate continues abou
clm-place-cyprus-attested	approved	cascade-curator	2026-03-16T12:00:00Z	Acts 13:4-12 records Paul and Barnabas preaching at Salamis and Paphos on Cyprus. Missionary activity implies community formation; claim is well-supported.
clm-place-cyprus-attested	needs_revision	cascade-curator	2026-03-17T09:30:00Z	Superseded: duplicate of clm-place-cyprus-attested-late (cyprus place_presence_status attested); year ranges merged.
clm-place-cyprus-attested-late	approved	cascade-curator	2026-03-16T20:00:00Z	Passage psg-acts-13-4-12 directly attests presence/attestation of cyprus. Excerpt: 'Paraphrase: Barnabas and Saul sail to Cyprus, proclaim in Salamis, traverse the island to Paphos, and Sergius Paulus
clm-place-dalmatia-attested	approved	cascade-curator	2026-03-16T20:00:00Z	Passage psg-2tim-4-10-12 directly attests presence/attestation of dalmatia. Excerpt: 'Paraphrase: Paul says Demas has gone to Thessalonica, Crescens to Galatia, Titus to Dalmatia, and Tychicus has bee
clm-place-dalmatia-attested	needs_revision	cascade-curator	2026-03-17T09:30:00Z	Superseded: duplicate of clm-place-dalmatia-attested-late (dalmatia place_presence_status attested); year ranges merged.
clm-place-dalmatia-attested-late	approved	cascade-curator	2026-03-16T20:00:00Z	Passage psg-wikipedia-early-church-geography directly attests presence/attestation of dalmatia. Excerpt: 'Early centers of Christianity included Jerusalem, Antioch, Alexandria, Rome, Carthage, and Ede
clm-place-damascus-attested	approved	cascade-curator	2026-03-16T12:00:00Z	Acts 9:10 identifies Ananias as 'a disciple at Damascus'; Saul traveled there to arrest disciples (9:2). A pre-existing community in Damascus is unambiguous.
clm-place-derbe-attested	approved	cascade-curator	2026-03-16T20:00:00Z	Passage psg-acts-20-4 directly attests presence/attestation of derbe. Excerpt: 'Paraphrase: Sopater of Berea and Aristarchus and Secundus of Thessalonica are named among Paul's companions.'
clm-place-dura-europos-attested	approved	cascade-curator	2026-03-16T20:00:00Z	Passage psg-wikipedia-early-church-geography directly attests presence/attestation of dura-europos. Excerpt: 'Early centers of Christianity included Jerusalem, Antioch, Alexandria, Rome, Carthage, and
clm-place-edessa-attested	approved	cascade-curator	2026-03-16T20:00:00Z	Passage psg-wikipedia-early-church-geography directly attests presence/attestation of edessa. Excerpt: 'Early centers of Christianity included Jerusalem, Antioch, Alexandria, Rome, Carthage, and Edess
clm-place-egypt-attested	approved	cascade-curator	2026-03-17T12:30:00Z	Upgraded reviewed→approved: probable certainty with direct supports evidence. Confidence set to medium.
clm-place-egypt-attested	reviewed	cascade-curator	2026-03-16T20:30:00Z	Claim clm-place-egypt-attested (place_presence_status: egypt → attested) has only contextualizing evidence. Certainty probable is appropriate given indirect support.
clm-place-egypt-attested	reviewed	cascade-curator	2026-03-16T23:00:00Z	Reviewed (contextual): egypt place_presence_status. Certainty probable. Passage psg-acts-18-24-28: 'Paraphrase: Apollos arrives at Ephesus, is instructed more accurately by Priscilla and Aquila, and l
clm-place-emmaus-attested	approved	cascade-curator	2026-03-17T12:30:00Z	Upgraded reviewed→approved: probable certainty with direct supports evidence. Confidence set to medium.
clm-place-emmaus-attested	reviewed	cascade-curator	2026-03-16T20:30:00Z	Claim clm-place-emmaus-attested (place_presence_status: emmaus-nicopolis → attested) has only contextualizing evidence. Certainty probable is appropriate given indirect support.
clm-place-emmaus-attested	reviewed	cascade-curator	2026-03-16T23:00:00Z	Reviewed (contextual): emmaus-nicopolis place_presence_status. Certainty probable. Passage psg-luke-24-5-7: 'Paraphrase: The messengers remind the women that the Son of Man must be crucified and on th
clm-place-ephesus-attested	approved	cascade-curator	2026-03-16T12:00:00Z	Acts 19:1-10 records Paul's two-year ministry at Ephesus with named converts (Apollos, Priscilla, Aquila). The passage is the primary literary attestation for the Ephesian church.
clm-place-ephesus-attested	approved	cascade-curator	2026-03-17T04:00:00Z	Confidence calibrated: high->medium (certainty=probable, pred=place_presence_status)
clm-place-ephesus-attested-late	approved	cascade-curator	2026-03-16T20:00:00Z	Passage psg-acts-19-1-10 directly attests presence/attestation of ephesus. Excerpt: 'Paraphrase: Paul teaches in Ephesus and the message spreads broadly in the region.'
clm-place-ephesus-attested-late	needs_revision	cascade-curator	2026-03-17T09:30:00Z	Superseded: duplicate of clm-place-ephesus-attested (ephesus place_presence_status attested); year ranges merged.
clm-place-fair-havens-attested	approved	cascade-curator	2026-03-16T20:00:00Z	Passage psg-acts-27-3-12 directly attests presence/attestation of fair-havens. Excerpt: 'Paraphrase: Paul voyage under guard touches Sidon, passes Cnidus, and reaches Fair Havens while debate continue
clm-place-flavia-neapolis-attested	approved	cascade-curator	2026-03-17T12:30:00Z	Upgraded reviewed→approved: probable certainty with direct supports evidence. Confidence set to medium.
clm-place-flavia-neapolis-attested	reviewed	cascade-curator	2026-03-16T20:30:00Z	Claim clm-place-flavia-neapolis-attested (place_presence_status: flavia-neapolis → attested) has only contextualizing evidence. Certainty probable is appropriate given indirect support.
clm-place-flavia-neapolis-attested	reviewed	cascade-curator	2026-03-16T23:00:00Z	Reviewed (contextual): flavia-neapolis place_presence_status. Certainty probable. Passage psg-wikipedia-early-christian-places: 'Christianity spread rapidly from Jerusalem through Judea, Samaria, Syri
clm-place-galatia-attested-early	approved	cascade-curator	2026-03-16T20:00:00Z	Passage psg-acts-16-6 directly attests presence/attestation of galatia. Excerpt: 'They went through the region of Phrygia and Galatia, having been prevented by the Holy Spirit from speaking the word i
clm-place-galatia-attested-late	approved	cascade-curator	2026-03-16T20:00:00Z	Passage psg-1pet-1-1 directly attests presence/attestation of galatia. Excerpt: 'Paraphrase: Peter addresses the elect exiles of the dispersion in Pontus, Galatia, Cappadocia, Asia, and Bithynia.'
clm-place-galatia-attested-late	needs_revision	cascade-curator	2026-03-17T09:30:00Z	Superseded: duplicate of clm-place-galatia-attested-early (galatia place_presence_status attested); year ranges merged.
clm-place-galilee-attested-late	approved	cascade-curator	2026-03-16T20:00:00Z	Passage psg-mark-1-14-15 directly attests presence/attestation of galilee. Excerpt: 'Paraphrase: Jesus comes into Galilee proclaiming God kingdom and calling for repentance and belief.'
clm-place-galilee-attested-late	needs_revision	cascade-curator	2026-03-17T09:30:00Z	Superseded: duplicate of clm-place-galilee-attested (galilee place_presence_status attested); year ranges merged.
clm-place-gaul-attested	approved	cascade-curator	2026-03-16T20:00:00Z	Passage psg-eusebius-he-5-1 directly attests presence/attestation of gaul. Excerpt: 'The servants of Christ dwelling in Vienne and Lyons in Gaul... were harassed in many ways by the evil one.'
clm-place-hierapolis-attested	approved	cascade-curator	2026-03-16T20:00:00Z	Passage psg-col-4-12-13 directly attests presence/attestation of hierapolis. Excerpt: 'Paraphrase: Epaphras is one of them and labors for Colossae, Laodicea, and Hierapolis.'
clm-place-hierapolis-attested	needs_revision	cascade-curator	2026-03-17T09:30:00Z	Superseded: duplicate of clm-place-hierapolis-attested-early (hierapolis place_presence_status attested); year ranges merged.
clm-place-hierapolis-attested-early	approved	cascade-curator	2026-03-16T20:00:00Z	Passage psg-col-4-13-16 directly attests presence/attestation of hierapolis. Excerpt: '...those at Laodicea and those at Hierapolis... and tell Archippus... and the letter from Laodicea...'
clm-place-hierapolis-attested-late	approved	cascade-curator	2026-03-16T20:00:00Z	Passage psg-col-4-13-16 directly attests presence/attestation of hierapolis. Excerpt: '...those at Laodicea and those at Hierapolis... and tell Archippus... and the letter from Laodicea...'
clm-place-hierapolis-attested-late	approved	cascade-curator	2026-03-17T04:00:00Z	Confidence calibrated: high->medium (certainty=probable, pred=place_presence_status)
clm-place-hierapolis-attested-late	needs_revision	cascade-curator	2026-03-17T09:30:00Z	Superseded: duplicate of clm-place-hierapolis-attested-early (hierapolis place_presence_status attested); year ranges merged.
clm-place-india-attested	approved	cascade-curator	2026-03-17T12:30:00Z	Upgraded reviewed→approved: possible certainty with direct supports evidence. Confidence set to low.
clm-place-india-attested	reviewed	cascade-curator	2026-03-16T20:30:00Z	Claim clm-place-india-attested (place_presence_status: india-malabar → attested) has only contextualizing evidence. Certainty possible is appropriate given indirect support.
clm-place-india-attested	reviewed	cascade-curator	2026-03-16T23:00:00Z	Reviewed (contextual): india-malabar place_presence_status. Certainty possible. Passage psg-acts-thomas-108-113: 'Paraphrase: The Hymn of the Pearl tells of a prince sent to Egypt to retrieve a pearl
clm-place-jericho-attested	approved	cascade-curator	2026-03-16T20:00:00Z	Passage psg-luke-19-1-10 directly attests presence/attestation of jericho. Excerpt: 'Paraphrase: Jesus passes through Jericho and speaks with Zacchaeus.'
clm-place-joppa-attested	approved	cascade-curator	2026-03-16T12:00:00Z	Acts 9:36 opens 'Now there was at Joppa a disciple named Tabitha'. Community explicitly placed at Joppa. Claim is directly supported.
clm-place-joppa-attested	needs_revision	cascade-curator	2026-03-17T09:30:00Z	Superseded: duplicate of clm-place-joppa-attested-late (joppa place_presence_status attested); year ranges merged.
clm-place-joppa-attested-late	approved	cascade-curator	2026-03-16T20:00:00Z	Passage psg-acts-9-36-43 directly attests presence/attestation of joppa. Excerpt: 'Paraphrase: In Joppa, the disciple Tabitha dies and is raised, and many in the city believe in the Lord.'
clm-place-judea-attested	needs_revision	cascade-curator	2026-03-17T09:30:00Z	Superseded: duplicate of clm-place-judea-attested-late (judea place_presence_status attested); year ranges merged.
clm-place-judea-attested-late	approved	cascade-curator	2026-03-16T20:00:00Z	Passage psg-acts-1-13-14 directly attests presence/attestation of judea. Excerpt: 'Paraphrase: The apostles, the women, and Mary the mother of Jesus are gathered in Jerusalem.'
clm-place-laodicea-attested-col	approved	cascade-curator	2026-03-16T12:00:00Z	Colossians 4:16 explicitly names 'the church of the Laodiceans' as recipients of a letter. The community at Laodicea is directly attested.
clm-place-laodicea-attested-late	approved	cascade-curator	2026-03-16T20:00:00Z	Passage psg-rev-3-14-22 directly attests presence/attestation of laodicea. Excerpt: 'To the angel of the church in Laodicea write...'
clm-place-laodicea-attested-late	approved	cascade-curator	2026-03-17T04:00:00Z	Confidence calibrated: high->medium (certainty=probable, pred=place_presence_status)
clm-place-laodicea-attested-rev	approved	cascade-curator	2026-03-16T20:00:00Z	Passage psg-rev-1-11 directly attests presence/attestation of laodicea. Excerpt: 'Paraphrase: John is told to write in a book and send it to the seven churches in Ephesus, Smyrna, Pergamum, Thyatira,
clm-place-laodicea-attested-rev	needs_revision	cascade-curator	2026-03-17T09:30:00Z	Superseded: duplicate of clm-place-laodicea-attested-late (laodicea place_presence_status attested); year ranges merged.
clm-place-londinium-attested	approved	cascade-curator	2026-03-16T20:00:00Z	Passage psg-wikipedia-british-church-control directly attests presence/attestation of londinium. Excerpt: 'Christianity spread in Roman Britain during the 3rd and 4th centuries. The British church had
clm-place-lycia-attested	approved	cascade-curator	2026-03-16T20:00:00Z	Passage psg-acts-27-5-8 directly attests presence/attestation of lycia. Excerpt: 'Paraphrase: Paul comes to Myra in Lycia, then sails under Crete past Salmone and reaches Fair Havens.'
clm-place-lycia-attested	needs_revision	cascade-curator	2026-03-17T09:30:00Z	Superseded: duplicate of clm-place-lycia-attested-late (lycia place_presence_status attested); year ranges merged.
clm-place-lycia-attested-late	approved	cascade-curator	2026-03-16T20:00:00Z	Passage psg-acts-27-5-8 directly attests presence/attestation of lycia. Excerpt: 'Paraphrase: Paul comes to Myra in Lycia, then sails under Crete past Salmone and reaches Fair Havens.'
clm-place-lydda-attested	approved	cascade-curator	2026-03-16T12:00:00Z	Acts 9:32-35 explicitly states Peter visited 'the saints who lived at Lydda'. The community is directly named; claim is well-attested.
clm-place-lydda-attested	needs_revision	cascade-curator	2026-03-17T09:30:00Z	Superseded: duplicate of clm-place-lydda-attested-late (lydda place_presence_status attested); year ranges merged.
clm-place-lydda-attested-late	approved	cascade-curator	2026-03-16T20:00:00Z	Passage psg-acts-9-32-35 directly attests presence/attestation of lydda. Excerpt: 'Paraphrase: In Lydda, Peter finds Aeneas bedridden for years and declares Jesus Christ has healed him.'
clm-place-lystra-attested	approved	cascade-curator	2026-03-16T20:00:00Z	Passage psg-acts-16-1-3 directly attests presence/attestation of lystra. Excerpt: 'Paraphrase: Paul comes to Lystra, where he finds Timothy, a disciple well spoken of by the believers there and in Ico
clm-place-malta-attested	approved	cascade-curator	2026-03-16T20:00:00Z	Passage psg-acts-28-1-14 directly attests presence/attestation of malta. Excerpt: 'Paraphrase: Paul is received on Malta and then sails onward by way of Syracuse, Rhegium, and Puteoli toward Rome.'
clm-place-miletus-attested	approved	cascade-curator	2026-03-16T20:00:00Z	Passage psg-acts-20-6-17 directly attests presence/attestation of miletus. Excerpt: 'Paraphrase: Paul stays in Troas, departs by sea, and comes to Miletus where he summons the Ephesian elders.'
clm-place-mitylene-attested	approved	cascade-curator	2026-03-16T20:00:00Z	Passage psg-acts-20-13-15 directly attests presence/attestation of mitylene. Excerpt: 'Paraphrase: Paul goes by way of Assos, Mitylene, Chios, and Samos on the route toward Miletus.'
clm-place-myra-attested	approved	cascade-curator	2026-03-16T20:00:00Z	Passage psg-acts-27-5-8 directly attests presence/attestation of myra. Excerpt: 'Paraphrase: Paul comes to Myra in Lycia, then sails under Crete past Salmone and reaches Fair Havens.'
clm-place-najran-attested	approved	cascade-curator	2026-03-17T12:30:00Z	Upgraded reviewed→approved: possible certainty with direct supports evidence. Confidence set to low.
clm-place-najran-attested	reviewed	cascade-curator	2026-03-16T20:30:00Z	Claim clm-place-najran-attested (place_presence_status: najran → attested) has only contextualizing evidence. Certainty possible is appropriate given indirect support.
clm-place-najran-attested	reviewed	cascade-curator	2026-03-16T23:00:00Z	Reviewed (contextual): najran place_presence_status. Certainty possible. Passage psg-wikipedia-arab-christian-presence: 'Christianity was present in the Arab world from the earliest centuries, with co
clm-place-nazareth-attested	approved	cascade-curator	2026-03-16T20:00:00Z	Passage psg-luke-4-16 directly attests presence/attestation of nazareth. Excerpt: 'Paraphrase: Jesus comes to Nazareth, where he had been brought up, and enters the synagogue on the Sabbath.'
clm-place-neocaesarea-attested	approved	cascade-curator	2026-03-17T12:30:00Z	Upgraded reviewed→approved: probable certainty with direct supports evidence. Confidence set to medium.
clm-place-neocaesarea-attested	reviewed	cascade-curator	2026-03-16T20:30:00Z	Claim clm-place-neocaesarea-attested (place_presence_status: neocaesarea → attested) has only contextualizing evidence. Certainty probable is appropriate given indirect support.
clm-place-neocaesarea-attested	reviewed	cascade-curator	2026-03-16T23:00:00Z	Reviewed (contextual): neocaesarea place_presence_status. Certainty probable. Passage psg-wikipedia-early-church-geography: 'Early centers of Christianity included Jerusalem, Antioch, Alexandria, Rome
clm-place-nicopolis-attested	approved	cascade-curator	2026-03-16T20:00:00Z	Passage psg-titus-3-12 directly attests presence/attestation of nicopolis. Excerpt: 'Paraphrase: Paul directs Titus to come to him at Nicopolis because he has decided to spend the winter there.'
clm-place-nisibis-attested	approved	cascade-curator	2026-03-16T20:00:00Z	Passage psg-wikipedia-church-of-east-spread directly attests presence/attestation of nisibis. Excerpt: 'The Church of the East was centered at Seleucia-Ctesiphon and extended through Persia, Mesopotam
clm-place-paphos-attested	approved	cascade-curator	2026-03-16T20:00:00Z	Passage psg-acts-13-4-12 directly attests presence/attestation of paphos. Excerpt: 'Paraphrase: Barnabas and Saul sail to Cyprus, proclaim in Salamis, traverse the island to Paphos, and Sergius Paulus
clm-place-patmos-attested	approved	cascade-curator	2026-03-16T20:00:00Z	Passage psg-eusebius-he-3-18 directly attests presence/attestation of patmos. Excerpt: 'In the time of Domitian, John the apostle and evangelist was still alive and was condemned to dwell on the islan
clm-place-pergamum-attested	approved	cascade-curator	2026-03-16T12:00:00Z	Revelation 2:12 directly addresses the church at Pergamum. The letters of Revelation 2-3 are the earliest direct evidence for these seven communities.
clm-place-pergamum-attested	needs_revision	cascade-curator	2026-03-17T09:30:00Z	Superseded: duplicate of clm-place-pergamum-attested-late (pergamum place_presence_status attested); year ranges merged.
clm-place-pergamum-attested-late	approved	cascade-curator	2026-03-16T20:00:00Z	Passage psg-rev-2-12-17 directly attests presence/attestation of pergamum. Excerpt: 'To the angel of the church in Pergamum write...'
clm-place-pergamum-attested-late	approved	cascade-curator	2026-03-17T04:00:00Z	Confidence calibrated: high->medium (certainty=probable, pred=place_presence_status)
clm-place-philadelphia-attested	approved	cascade-curator	2026-03-16T12:00:00Z	Revelation 3:7 directly addresses the church at Philadelphia. The letter affirms their faithfulness (3:10). Direct attestation.
clm-place-philadelphia-attested	needs_revision	cascade-curator	2026-03-17T09:30:00Z	Superseded: duplicate of clm-place-philadelphia-attested-late (philadelphia-asia place_presence_status attested); year ranges merged.
clm-place-philadelphia-attested-late	approved	cascade-curator	2026-03-16T20:00:00Z	Passage psg-rev-3-7-13 directly attests presence/attestation of philadelphia-asia. Excerpt: 'To the angel of the church in Philadelphia write...'
clm-place-philadelphia-attested-late	approved	cascade-curator	2026-03-17T04:00:00Z	Confidence calibrated: high->medium (certainty=probable, pred=place_presence_status)
clm-place-philippi-attested	approved	cascade-curator	2026-03-16T12:00:00Z	Acts 16:14-15 records the first converts at Philippi including Lydia and her household. Acts 16:40 shows Paul's farewell to 'the brothers'. Church at Philippi explicitly attested.
clm-place-phoenix-crete-attested	approved	cascade-curator	2026-03-16T20:00:00Z	Passage psg-acts-27-3-12 directly attests presence/attestation of phoenix-crete. Excerpt: 'Paraphrase: Paul voyage under guard touches Sidon, passes Cnidus, and reaches Fair Havens while debate contin
clm-place-phrygia-attested	approved	cascade-curator	2026-03-16T20:00:00Z	Passage psg-acts-16-6 directly attests presence/attestation of phrygia. Excerpt: 'They went through the region of Phrygia and Galatia, having been prevented by the Holy Spirit from speaking the word i
clm-place-phrygia-attested	approved	cascade-curator	2026-03-17T04:00:00Z	Confidence calibrated: high->medium (certainty=probable, pred=place_presence_status)
clm-place-pontus-attested	approved	cascade-curator	2026-03-16T20:00:00Z	Passage psg-1pet-1-1 directly attests presence/attestation of pontus. Excerpt: 'Paraphrase: Peter addresses the elect exiles of the dispersion in Pontus, Galatia, Cappadocia, Asia, and Bithynia.'
clm-place-pontus-attested	needs_revision	cascade-curator	2026-03-17T09:30:00Z	Superseded: duplicate of clm-place-pontus-attested-late (pontus place_presence_status attested); year ranges merged.
clm-place-pontus-attested-late	approved	cascade-curator	2026-03-16T20:00:00Z	Passage psg-wikipedia-early-christian-places directly attests presence/attestation of pontus. Excerpt: 'Christianity spread rapidly from Jerusalem through Judea, Samaria, Syria, Asia Minor, Greece, an
clm-place-puteoli-attested	approved	cascade-curator	2026-03-16T20:00:00Z	Passage psg-acts-28-1-14 directly attests presence/attestation of puteoli. Excerpt: 'Paraphrase: Paul is received on Malta and then sails onward by way of Syracuse, Rhegium, and Puteoli toward Rome.'
clm-place-qumran-attested	approved	cascade-curator	2026-03-16T20:00:00Z	Passage psg-community-rule-5-7-13 directly attests presence/attestation of qumran. Excerpt: 'Paraphrase: Entrants to the community turn from evil and bind themselves to the covenant.'
clm-place-qumran-attested	approved	cascade-curator	2026-03-17T04:00:00Z	Confidence calibrated: high->medium (certainty=probable, pred=place_presence_status)
clm-place-rhegium-attested	approved	cascade-curator	2026-03-16T20:00:00Z	Passage psg-acts-28-1-14 directly attests presence/attestation of rhegium. Excerpt: 'Paraphrase: Paul is received on Malta and then sails onward by way of Syracuse, Rhegium, and Puteoli toward Rome.'
clm-place-rome-attested	approved	cascade-curator	2026-03-16T12:00:00Z	Acts 28:15-31 records brothers from Rome meeting Paul at the Forum of Appius, and Paul's two-year ministry in Rome. Romans 1:7 already presupposes a community there. Well-attested.
clm-place-salamis-attested	approved	cascade-curator	2026-03-16T20:00:00Z	Passage psg-acts-13-4-12 directly attests presence/attestation of salamis. Excerpt: 'Paraphrase: Barnabas and Saul sail to Cyprus, proclaim in Salamis, traverse the island to Paphos, and Sergius Paulu
clm-place-salmone-attested	approved	cascade-curator	2026-03-16T20:00:00Z	Passage psg-acts-27-5-8 directly attests presence/attestation of salmone. Excerpt: 'Paraphrase: Paul comes to Myra in Lycia, then sails under Crete past Salmone and reaches Fair Havens.'
clm-place-samaria-attested	approved	cascade-curator	2026-03-16T12:00:00Z	Acts 8:5 places Philip's mission explicitly in Samaria; Acts 8:25 confirms apostles 'returned to Jerusalem, preaching the gospel to many villages of the Samaritans'. Community presence clearly attested.
clm-place-samaria-attested	needs_revision	cascade-curator	2026-03-17T09:30:00Z	Superseded: duplicate of clm-place-samaria-attested-late (samaria place_presence_status attested); year ranges merged.
clm-place-samaria-attested-late	approved	cascade-curator	2026-03-16T20:00:00Z	Passage psg-acts-8-5-25 directly attests presence/attestation of samaria. Excerpt: 'Paraphrase: Philip proclaims Christ in Samaria, many believe, and Peter and John pray for the new Samaritan believer
clm-place-samos-attested	approved	cascade-curator	2026-03-16T20:00:00Z	Passage psg-acts-20-13-15 directly attests presence/attestation of samos. Excerpt: 'Paraphrase: Paul goes by way of Assos, Mitylene, Chios, and Samos on the route toward Miletus.'
clm-place-sardinia-attested	approved	cascade-curator	2026-03-16T20:00:00Z	Passage psg-wikipedia-early-church-geography directly attests presence/attestation of sardinia. Excerpt: 'Early centers of Christianity included Jerusalem, Antioch, Alexandria, Rome, Carthage, and Ede
clm-place-sardis-attested	approved	cascade-curator	2026-03-16T12:00:00Z	Revelation 3:1 directly addresses the church at Sardis. Rev 3:4 mentions 'a few names in Sardis who have not soiled their garments'. Direct attestation.
clm-place-sardis-attested	needs_revision	cascade-curator	2026-03-17T09:30:00Z	Superseded: duplicate of clm-place-sardis-attested-late (sardis place_presence_status attested); year ranges merged.
clm-place-sardis-attested-late	approved	cascade-curator	2026-03-16T20:00:00Z	Passage psg-rev-3-1-6 directly attests presence/attestation of sardis. Excerpt: 'To the angel of the church in Sardis write...'
clm-place-sardis-attested-late	approved	cascade-curator	2026-03-17T04:00:00Z	Confidence calibrated: high->medium (certainty=probable, pred=place_presence_status)
clm-place-seleucia-ctesiphon-attested	approved	cascade-curator	2026-03-16T20:00:00Z	Passage psg-wikipedia-church-of-east-spread directly attests presence/attestation of seleucia-ctesiphon. Excerpt: 'The Church of the East was centered at Seleucia-Ctesiphon and extended through Persia
clm-place-seleucia-ctesiphon-attested	approved	cascade-curator	2026-03-17T04:00:00Z	Confidence calibrated: high->medium (certainty=probable, pred=place_presence_status)
clm-place-sidon-attested	approved	cascade-curator	2026-03-16T20:00:00Z	Passage psg-acts-27-3-12 directly attests presence/attestation of sidon. Excerpt: 'Paraphrase: Paul voyage under guard touches Sidon, passes Cnidus, and reaches Fair Havens while debate continues abou
clm-place-sinope-attested	approved	cascade-curator	2026-03-17T12:30:00Z	Upgraded reviewed→approved: probable certainty with direct supports evidence. Confidence set to medium.
clm-place-sinope-attested	reviewed	cascade-curator	2026-03-16T20:30:00Z	Claim clm-place-sinope-attested (place_presence_status: sinope → attested) has only contextualizing evidence. Certainty probable is appropriate given indirect support.
clm-place-sinope-attested	reviewed	cascade-curator	2026-03-16T23:00:00Z	Reviewed (contextual): sinope place_presence_status. Certainty probable. Passage psg-wikipedia-marcionites-spread: 'Marcionism spread rapidly throughout the Roman Empire during the 2nd century, with c
clm-place-smyrna-attested	approved	cascade-curator	2026-03-16T12:00:00Z	Revelation 2:8 opens a direct letter to the church at Smyrna. The addressee format ('the angel of the church in Smyrna') is primary first-century attestation.
clm-place-smyrna-attested	needs_revision	cascade-curator	2026-03-17T09:30:00Z	Superseded: duplicate of clm-place-smyrna-attested-late (smyrna place_presence_status attested); year ranges merged.
clm-place-smyrna-attested-late	approved	cascade-curator	2026-03-16T20:00:00Z	Passage psg-rev-2-8-11 directly attests presence/attestation of smyrna. Excerpt: 'To the angel of the church in Smyrna write...'
clm-place-syracuse-attested	approved	cascade-curator	2026-03-16T20:00:00Z	Passage psg-acts-28-1-14 directly attests presence/attestation of syracuse. Excerpt: 'Paraphrase: Paul is received on Malta and then sails onward by way of Syracuse, Rhegium, and Puteoli toward Rome.'
clm-place-thessalonica-attested	approved	cascade-curator	2026-03-16T12:00:00Z	Acts 17:4 records converts joining Paul and Silas at Thessalonica; 17:9 shows Jason and others as local community members. Direct attestation.
clm-place-thessalonica-attested-late	approved	cascade-curator	2026-03-16T20:00:00Z	Passage psg-acts-17-1-9 directly attests presence/attestation of thessalonica. Excerpt: 'Paraphrase: Paul and Silas proclaim in Thessalonica and some are persuaded, forming a new believing community.'
clm-place-thessalonica-attested-late	needs_revision	cascade-curator	2026-03-17T09:30:00Z	Superseded: duplicate of clm-place-thessalonica-attested (thessalonica place_presence_status attested); year ranges merged.
clm-place-three-taverns-attested	approved	cascade-curator	2026-03-16T20:00:00Z	Passage psg-acts-28-15 directly attests presence/attestation of three-taverns. Excerpt: 'Paraphrase: Believers come from Rome to meet Paul as far as Appii Forum and Three Taverns.'
clm-place-thyatira-attested	approved	cascade-curator	2026-03-16T12:00:00Z	Revelation 2:18 directly addresses the church at Thyatira, noting its works and addressing 'Jezebel' as a false teacher. Direct attestation.
clm-place-thyatira-attested	needs_revision	cascade-curator	2026-03-17T09:30:00Z	Superseded: duplicate of clm-place-thyatira-attested-late (thyatira place_presence_status attested); year ranges merged.
clm-place-thyatira-attested-late	approved	cascade-curator	2026-03-16T20:00:00Z	Passage psg-rev-2-18-29 directly attests presence/attestation of thyatira. Excerpt: 'To the angel of the church in Thyatira write...'
clm-place-thyatira-attested-late	approved	cascade-curator	2026-03-17T04:00:00Z	Confidence calibrated: high->medium (certainty=probable, pred=place_presence_status)
clm-place-troas-attested	approved	cascade-curator	2026-03-16T20:00:00Z	Passage psg-acts-20-6-17 directly attests presence/attestation of troas. Excerpt: 'Paraphrase: Paul stays in Troas, departs by sea, and comes to Miletus where he summons the Ephesian elders.'
clm-place-tyre-attested	approved	cascade-curator	2026-03-16T20:00:00Z	Passage psg-acts-21-3-8 directly attests presence/attestation of tyre. Excerpt: 'Paraphrase: Paul lands at Tyre, finds disciples there, and continues onward on the journey to Jerusalem.'
clm-place-vagharshapat-attested	approved	cascade-curator	2026-03-17T12:30:00Z	Upgraded reviewed→approved: probable certainty with direct supports evidence. Confidence set to medium.
clm-place-vagharshapat-attested	reviewed	cascade-curator	2026-03-16T20:30:00Z	Claim clm-place-vagharshapat-attested (place_presence_status: vagharshapat → attested) has only contextualizing evidence. Certainty probable is appropriate given indirect support.
clm-place-vagharshapat-attested	reviewed	cascade-curator	2026-03-16T23:00:00Z	Reviewed (contextual): vagharshapat place_presence_status. Certainty probable. Passage psg-wikipedia-aksumite-control: 'The Aksumite Empire at its height controlled territories across the Horn of Afri
clm-place-zafar-attested	approved	cascade-curator	2026-03-17T12:30:00Z	Upgraded reviewed→approved: probable certainty with direct supports evidence. Confidence set to medium.
clm-place-zafar-attested	reviewed	cascade-curator	2026-03-16T20:30:00Z	Claim clm-place-zafar-attested (place_presence_status: zafar → attested) has only contextualizing evidence. Certainty probable is appropriate given indirect support.
clm-place-zafar-attested	reviewed	cascade-curator	2026-03-16T23:00:00Z	Reviewed (contextual): zafar place_presence_status. Certainty probable. Passage psg-wikipedia-arab-christian-presence: 'Christianity was present in the Arab world from the earliest centuries, with com
clm-polycarp-active-ephesus	approved	cascade-curator	2026-03-17T04:00:00Z	Confidence calibrated: high->medium (certainty=probable, pred=active_in)
clm-polycarp-active-rome	approved	cascade-curator	2026-03-17T04:00:00Z	Confidence calibrated: high->medium (certainty=probable, pred=active_in)
clm-polycarp-affirms-eucharist	approved	cascade-curator	2026-03-17T04:00:00Z	Confidence calibrated: high->medium (certainty=probable, pred=person_affirms_proposition)
clm-polycarp-affirms-fasting	approved	cascade-curator	2026-03-17T12:30:00Z	Upgraded reviewed→approved: probable certainty with direct supports evidence. Confidence set to medium.
clm-polycarp-affirms-fasting	reviewed	cascade-curator	2026-03-16T22:30:00Z	QA-full: person_affirms_proposition (polycarp-of-smyrna → fasting-is-required) cert=probable: no supports evidence; downgraded approved/high → reviewed/medium.
clm-polycarp-affirms-fasting	reviewed	cascade-curator	2026-03-16T23:00:00Z	Reviewed (contextual): polycarp-of-smyrna person_affirms_proposition 'fasting-is-required'. Certainty probable. Passage psg-ignatius-smyrn-1: 'Paraphrase: Ignatius confesses that Christ was truly of t
clm-polycarp-bishop-smyrna	approved	cascade-curator	2026-03-16T13:00:00Z	Ignatius's letter to the Smyrnaeans 8.1 addresses Polycarp as bishop of Smyrna; Ignatius's letter to Polycarp is addressed to the bishop. Eusebius HE 3.36 confirms this. Well-attested.
clm-polycarp-coworker-anicetus	approved	cascade-curator	2026-03-17T04:00:00Z	Confidence calibrated: high->medium (certainty=probable, pred=coworker_of)
clm-polycarp-coworker-irenaeus	approved	cascade-curator	2026-03-17T04:00:00Z	Confidence calibrated: high->medium (certainty=probable, pred=coworker_of)
clm-polycarp-in-quartodeciman-visit	approved	cascade-curator	2026-03-17T04:00:00Z	Confidence calibrated: high->medium (certainty=probable, pred=participant_in)
clm-polycarp-letter-affirms-apostolic-succession	approved	cascade-curator	2026-03-16T20:00:00Z	Passage psg-polycarp-phil-7 from epistle-of-polycarp-to-philippians directly treats proposition 'apostolic-succession-transmits-faith'. The work's affirms is attested from its own text. Excerpt: 'For
clm-polycarp-letter-affirms-apostolic-succession	approved	cascade-curator	2026-03-17T04:00:00Z	Confidence calibrated: high->medium (certainty=probable, pred=work_affirms_proposition)
clm-polycarp-letter-affirms-bodily-resurrection	approved	cascade-curator	2026-03-16T20:00:00Z	Passage psg-polycarp-phil-2 from epistle-of-polycarp-to-philippians directly treats proposition 'bodies-will-be-raised-at-last-day'. The work's affirms is attested from its own text. Excerpt: 'Who rai
clm-polycarp-letter-affirms-eucharist	approved	cascade-curator	2026-03-16T14:00:00Z	psg-polycarp-phil-2-b cites language about the body and blood of Christ in an eucharistic context. The passage is an early attestation of eucharistic practice in Polycarp's community.
clm-polycarp-letter-affirms-eucharist	approved	cascade-curator	2026-03-17T04:00:00Z	Confidence calibrated: high->medium (certainty=probable, pred=work_affirms_proposition)
clm-polycarp-letter-affirms-incarnation	approved	cascade-curator	2026-03-16T20:00:00Z	Passage psg-polycarp-phil-7 from epistle-of-polycarp-to-philippians directly treats proposition 'christ-truly-became-flesh'. The work's affirms is attested from its own text. Excerpt: 'For every one w
clm-polycarp-letter-affirms-logos	approved	cascade-curator	2026-03-16T20:00:00Z	Passage psg-polycarp-phil-7 from epistle-of-polycarp-to-philippians directly treats proposition 'logos-is-pre-existent-son-of-god'. The work's affirms is attested from its own text. Excerpt: 'For ever
clm-polycarp-letter-affirms-logos	approved	cascade-curator	2026-03-17T04:00:00Z	Confidence calibrated: high->medium (certainty=probable, pred=work_affirms_proposition)
clm-polycarp-letter-affirms-logos	reviewed	cascade-curator	2026-03-16T14:00:00Z	Phil. 7 opposes docetism but does not use the term 'Logos'; Polycarp's Christology is functional rather than Logos-philosophical. The passage supports the incarnation proposition but 'logos-is-pre-existent-son-of-god' as a specific philosophical claim is not Polycarp's framework. Medium confidence.
clm-polycarp-letter-affirms-martyrdom-witness	approved	cascade-curator	2026-03-16T20:00:00Z	Passage psg-polycarp-phil-7 from epistle-of-polycarp-to-philippians directly treats proposition 'martyrdom-witnesses-to-christ'. The work's affirms is attested from its own text. Excerpt: 'For every o
clm-polycarp-letter-affirms-martyrdom-witness	approved	cascade-curator	2026-03-17T04:00:00Z	Confidence calibrated: high->medium (certainty=probable, pred=work_affirms_proposition)
clm-polycarp-letter-affirms-rule-of-faith	approved	cascade-curator	2026-03-16T20:00:00Z	Passage psg-polycarp-phil-7 from epistle-of-polycarp-to-philippians directly treats proposition 'rule-of-faith-received-from-apostles'. The work's affirms is attested from its own text. Excerpt: 'For
clm-polycarp-letter-affirms-rule-of-faith	approved	cascade-curator	2026-03-17T04:00:00Z	Confidence calibrated: high->medium (certainty=probable, pred=work_affirms_proposition)
clm-polycarp-letter-affirms-threefold	approved	cascade-curator	2026-03-16T20:00:00Z	Passage psg-polycarp-phil-5-6 from epistle-of-polycarp-to-philippians directly treats proposition 'threefold-ministry-required'. The work's affirms is attested from its own text. Excerpt: 'The deacons
clm-polycarp-letter-affirms-threefold	approved	cascade-curator	2026-03-17T04:00:00Z	Confidence calibrated: high->medium (certainty=probable, pred=work_affirms_proposition)
clm-polycarp-letter-written-smyrna	approved	cascade-curator	2026-03-17T04:00:00Z	Confidence calibrated: high->medium (certainty=probable, pred=written_at)
clm-polycarp-martyrdom-year	approved	cascade-curator	2026-03-16T20:30:00Z	Year for polycarp-martyrdom: – CE well-supported by passage psg-martyrdom-polycarp-9. Certainty probable. Excerpt: 'When Polycarp entered the stadium there came a voice from heaven saying: Be strong,
clm-polycarp-martyrdom-year	reviewed	cascade-curator	2026-03-16T20:00:00Z	Year for polycarp-martyrdom supported by passage psg-martyrdom-polycarp-9. Excerpt: 'When Polycarp entered the stadium there came a voice from heaven saying: Be strong, Polycarp, and pl'
clm-polycarp-member-roman-church-visit	approved	cascade-curator	2026-03-17T04:00:00Z	Confidence calibrated: high->medium (certainty=probable, pred=member_of_group)
clm-polycarp-phil-affirms-fasting	approved	cascade-curator	2026-03-16T20:00:00Z	Passage psg-polycarp-phil-7-b from epistle-of-polycarp-to-philippians directly treats proposition 'fasting-is-required'. The work's affirms is attested from its own text. Excerpt: 'For whosoever does
clm-polycarp-phil-affirms-fasting	approved	cascade-curator	2026-03-17T04:00:00Z	Confidence calibrated: high->medium (certainty=probable, pred=work_affirms_proposition)
clm-polycarp-phil-affirms-fasting	reviewed	cascade-curator	2026-03-16T14:00:00Z	psg-polycarp-phil-7-b contextualizes prayer and fasting. Phil. 7.2 exhorts 'to prayer and fasting'. The passage does attest fasting as practice, though as exhortation rather than mandatory rule. Medium confidence.
clm-polycarp-phil-affirms-judgment	approved	cascade-curator	2026-03-16T14:00:00Z	Phil. 2.1 opens with 'Jesus Christ, who bore our sins in his own body on the tree... whom God raised... to whom is all things subjected in heaven and on earth, whom every breathing creature shall serve, who cometh as the judge of the living and the dead'. Final judgment is directly and explicitly affirmed.
clm-polycarp-phil-affirms-judgment	approved	cascade-curator	2026-03-17T04:00:00Z	Confidence calibrated: high->medium (certainty=probable, pred=work_affirms_proposition)
clm-polycarp-phil-affirms-ot-scripture	approved	cascade-curator	2026-03-16T14:00:00Z	Polycarp's letter is saturated with OT and NT quotations throughout; Phil. 2 quotes multiple scriptures without distinguishing OT and NT. The authority of scripture is assumed throughout. Directly attested by the practice of citation.
clm-polycarp-phil-affirms-ot-scripture	approved	cascade-curator	2026-03-17T04:00:00Z	Confidence calibrated: high->medium (certainty=probable, pred=work_affirms_proposition)
clm-polycarp-phil-affirms-passion	approved	cascade-curator	2026-03-16T22:00:00Z	QA-enhanced: work_affirms_proposition (epistle-of-polycarp-to-philippians → christ-truly-suffered-and-died). Certainty attested. Primary evidence: passage psg-polycarp-phil-7. Excerpt: 'For every one
clm-polycarp-phil-affirms-repentance	approved	cascade-curator	2026-03-16T14:00:00Z	Phil. 2 calls readers to 'walk worthy of his commandment and glory' in a context of moral exhortation and return to God. Phil. 11 addresses a case of moral failure in the church. Repentance as required is contextually attested.
clm-polycarp-phil-affirms-repentance	approved	cascade-curator	2026-03-17T04:00:00Z	Confidence calibrated: high->medium (certainty=probable, pred=work_affirms_proposition)
clm-polycarp-phil-affirms-virgin-birth	approved	cascade-curator	2026-03-16T14:00:00Z	Polycarp Phil. 7.1 states 'who then is he who denies that Jesus Christ has come in the flesh? This is the antichrist.' This is an explicit affirmation of the incarnation/virgin birth, directly citing 1 John 4:2 language.
clm-polycarp-phil-affirms-virgin-birth	approved	cascade-curator	2026-03-17T04:00:00Z	Confidence calibrated: high->medium (certainty=probable, pred=work_affirms_proposition)
clm-polycarp-phil-by-polycarp	approved	cascade-curator	2026-03-16T13:00:00Z	The letter opens 'Polycarp and the elders with him, to the church of God sojourning at Philippi'. Self-attested authorship; universally accepted.
clm-polycarp-phil-by-polycarp	approved	cascade-curator	2026-03-17T04:00:00Z	Confidence calibrated: high->medium (certainty=probable, pred=authored_by)
clm-polycarp-teacher-of-irenaeus	approved	cascade-curator	2026-03-16T20:00:00Z	Passage psg-irenaeus-ah-3-3-4 explicitly names polycarp-of-smyrna as teacher of irenaeus-of-lyons. Excerpt: 'Paraphrase: Polycarp was instructed by apostles, conversed with many who had seen Christ, a
clm-polycrates-bishop-ephesus	approved	cascade-curator	2026-03-16T20:00:00Z	Passage psg-eusebius-he-5-24 directly names polycrates-of-ephesus as bishop of ephesus. Excerpt: 'Paraphrase: Irenaeus wrote to Victor of Rome urging peace over the Easter controversy; he noted that d
clm-polycrates-bishop-ephesus	approved	cascade-curator	2026-03-17T04:00:00Z	Confidence calibrated: high->medium (certainty=probable, pred=bishop_of)
clm-polycrates-in-quartodeciman	approved	cascade-curator	2026-03-16T20:00:00Z	Passage psg-eusebius-he-5-24 explicitly names polycrates-of-ephesus as participant in quartodeciman-controversy. Excerpt: 'Paraphrase: Irenaeus wrote to Victor of Rome urging peace over the Easter con
clm-polycrates-member-ephesian-church	approved	cascade-curator	2026-03-17T04:00:00Z	Confidence calibrated: high->medium (certainty=probable, pred=member_of_group)
clm-polycrates-person-affirms-rule-of-faith	approved	cascade-curator	2026-03-16T20:30:00Z	Third-party source (passage psg-eusebius-he-5-24) reports polycrates-of-ephesus as affirming 'rule-of-faith-received-from-apostles'. Excerpt: 'Paraphrase: Irenaeus wrote to Victor of Rome urging peace
clm-polycrates-person-affirms-rule-of-faith	reviewed	cascade-curator	2026-03-16T20:00:00Z	Third-party attestation from passage psg-eusebius-he-5-24: polycrates-of-ephesus is reported as affirming 'rule-of-faith-received-from-apostles'. Excerpt: 'Paraphrase: Irenaeus wrote to Victor of Rome
clm-pontian-bishop-rome	approved	cascade-curator	2026-03-16T20:00:00Z	Passage psg-eusebius-he-6-20-43 directly names pontian as bishop of rome. Excerpt: 'Paraphrase: Eusebius reports that Hippolytus was a bishop somewhere and that he composed various works. In HE 6.43,
clm-pontian-bishop-rome	reviewed	cascade-curator	2026-03-16T16:00:00Z	Evidence supports pontian bishop_of rome. Excerpt: 'Paraphrase: Eusebius reports that Hippolytus was a bishop somewhere and that he composed various wor...'
clm-pontian-in-sardinian-exile	approved	cascade-curator	2026-03-16T20:00:00Z	Passage psg-eusebius-he-6-20-43 explicitly names pontian as participant in sardinian-exile. Excerpt: 'Paraphrase: Eusebius reports that Hippolytus was a bishop somewhere and that he composed various w
clm-pontian-in-sardinian-exile	reviewed	cascade-curator	2026-03-16T16:00:00Z	Passage psg-eusebius-he-6-20-43 supports the claim but does not explicitly name both pontian and sardinian-exile together. Excerpt: 'Paraphrase: Eusebius reports that Hippolytus was a bishop somewhere and that he composed various wor...'
clm-pontian-member-roman-church	approved	cascade-curator	2026-03-16T20:00:00Z	Passage psg-eusebius-he-6-20-43 explicitly names pontian as member of roman-church. Excerpt: 'Paraphrase: Eusebius reports that Hippolytus was a bishop somewhere and that he composed various works. In
clm-pontian-member-roman-church	reviewed	cascade-curator	2026-03-16T16:00:00Z	Evidence supports pontian member_of_group roman-church but excerpt does not explicitly name both entities. Excerpt: 'Paraphrase: Eusebius reports that Hippolytus was a bishop somewhere and that he composed various wor...'
clm-pontius-active-carthage	approved	cascade-curator	2026-03-17T12:30:00Z	Upgraded reviewed→approved: probable certainty with direct supports evidence. Confidence set to medium.
clm-pontius-active-carthage	reviewed	cascade-curator	2026-03-16T20:30:00Z	Claim clm-pontius-active-carthage (active_in: pontius-deacon → carthage) has only contextualizing evidence. Certainty probable is appropriate given indirect support.
clm-pontius-active-carthage	reviewed	cascade-curator	2026-03-16T23:00:00Z	Reviewed (contextual): pontius-deacon active_in carthage. Certainty probable. No passage directly names pontius-deacon in carthage; inference from passage psg-cyprian-lapsis-15-16: 'Paraphrase: But to
clm-pontius-coworker-cyprian	approved	cascade-curator	2026-03-16T16:00:00Z	Passage psg-eusebius-he-7-9 directly names both cyprian-of-carthage and pontius-deacon working together: 'Paraphrase: Eusebius records that Cyprian was banished under the Emperor Valerian and thereafter summoned back only to b...'
clm-pontius-in-cyprians-martyrdom	approved	cascade-curator	2026-03-16T16:00:00Z	Passage psg-eusebius-he-7-9 directly names pontius-deacon as a participant in cyprians-martyrdom: 'Paraphrase: Eusebius records that Cyprian was banished under the Emperor Valerian and thereafter summoned back only to b...' Claim is directly attested.
clm-pontius-member-carthage-church	approved	cascade-curator	2026-03-16T16:00:00Z	Passage psg-eusebius-he-7-9 confirms pontius-deacon as member of carthage-church: 'Paraphrase: Eusebius records that Cyprian was banished under the Emperor Valerian and thereafter summoned back only to b...'
clm-praescr-affirms-apostolic-succession	approved	cascade-curator	2026-03-16T16:00:00Z	Passage psg-tertullian-de-praescr-20-21 from de-praescriptione-haereticorum directly addresses the proposition 'bishop-succession-guarantees-apostolic-faith'. Excerpt: 'The apostles first bore witness to the faith in Christ Jesus throughout Judaea and founded churches there; then went out into the world and ...' The work's affirms of this proposition is directly attested.
clm-praescr-affirms-incarnation	approved	cascade-curator	2026-03-16T16:00:00Z	Passage psg-tertullian-de-praescr-13 from de-praescriptione-haereticorum directly addresses the proposition 'christ-truly-became-flesh'. Excerpt: 'The rule of faith is altogether one, alone immovable and irreformable: to believe in one God omnipotent, maker of the world; and in his Son ...' The work's affirms of this proposition is directly attested.
clm-praescr-affirms-rule-of-faith	approved	cascade-curator	2026-03-16T16:00:00Z	Passage psg-tertullian-de-praescr-13 from de-praescriptione-haereticorum directly addresses the proposition 'rule-of-faith-received-from-apostles'. Excerpt: 'The rule of faith is altogether one, alone immovable and irreformable: to believe in one God omnipotent, maker of the world; and in his Son ...' The work's affirms of this proposition is directly attested.
clm-praescr-by-tertullian	approved	cascade-curator	2026-03-16T20:00:00Z	Passage psg-tertullian-de-praescr-13 is drawn from de-praescriptione-haereticorum itself, directly confirming authorship. Excerpt: 'The rule of faith is altogether one, alone immovable and irreformabl
clm-praescr-by-tertullian	reviewed	cascade-curator	2026-03-16T16:00:00Z	Evidence supports de-praescriptione-haereticorum authored_by tertullian; passage psg-tertullian-de-praescr-13 provides supporting context. Excerpt: 'The rule of faith is altogether one, alone immovable and irreformable: to believe in one God omnipot...'
clm-praescr-written-carthage	approved	cascade-curator	2026-03-16T21:00:00Z	Strong inference from passage psg-tertullian-de-praescr-36 supports written_at (de-praescriptione-haereticorum → carthage). Certainty probable. Excerpt: 'Come now, you who wish to exercise your curios
clm-praescr-written-carthage	reviewed	cascade-curator	2026-03-16T16:00:00Z	Evidence supports de-praescriptione-haereticorum written_at carthage but carthage is not named in the excerpt. Biographical tradition supports this attribution. Excerpt: 'Come now, you who wish to exercise your curiosity, run over the apostolic churches, in which the ver...'
clm-praescr-written-carthage	reviewed	cascade-curator	2026-03-16T20:00:00Z	de-praescriptione-haereticorum written at carthage: biographical consensus supported by passage psg-tertullian-de-praescr-36. No explicit internal naming of carthage. Excerpt: 'Come now, you who wish
clm-praescr-written-carthage	reviewed	cascade-curator	2026-03-16T20:30:00Z	de-praescriptione-haereticorum written at carthage: weak place evidence. Passage psg-tertullian-de-praescr-36: 'Come now, you who wish to exercise your curiosity, run over the apostolic churches, in w
clm-priscilla-active-corinth	approved	cascade-curator	2026-03-16T20:00:00Z	Passage psg-acts-18-1-11 explicitly places priscilla in corinth. Excerpt: 'Paraphrase: Paul ministers in Corinth with companions and a new community takes shape there.'
clm-priscilla-active-ephesus	approved	cascade-curator	2026-03-16T20:00:00Z	Passage psg-acts-18-24-28 explicitly places priscilla in ephesus. Excerpt: 'Paraphrase: Apollos arrives at Ephesus, is instructed more accurately by Priscilla and Aquila, and later assists believe'
clm-priscilla-ephesian-church	approved	cascade-curator	2026-03-16T20:00:00Z	Passage psg-1cor-16-19 explicitly names priscilla as member of ephesian-church. Excerpt: 'Paraphrase: The churches of Asia greet Corinth, and Aquila and Prisca together with the church in their house
clm-priscilla-ephesian-church	approved	cascade-curator	2026-03-17T15:30:00Z	Review aligned: claim status=superseded.
clm-priscilla-ephesian-church	reviewed	cascade-curator	2026-03-17T02:00:00Z	Claim deprecated as duplicate: clm-priscilla-member-ephesian (52-55) covers the same relationship; yr=54-54 is redundant.
clm-priscilla-member-corinthian	approved	cascade-curator	2026-03-17T04:00:00Z	Confidence calibrated: high->medium (certainty=probable, pred=member_of_group)
clm-priscilla-member-ephesian	approved	cascade-curator	2026-03-17T04:00:00Z	Confidence calibrated: high->medium (certainty=probable, pred=member_of_group)
clm-priscilla-montanist-affirms-prophecy	approved	cascade-curator	2026-03-17T12:30:00Z	Upgraded reviewed→approved: probable certainty with direct supports evidence. Confidence set to medium.
clm-priscilla-montanist-affirms-prophecy	reviewed	cascade-curator	2026-03-16T16:00:00Z	Only contextualizing evidence for priscilla-montanist person_affirms_proposition 'prophetic-gifts-continue-after-apostles'. The person's connection to this proposition needs stronger direct attestation. Excerpt: 'Early centers of Christianity included Jerusalem, Antioch, Alexandria, Rome, Carthage, and Edessa. C...'
clm-priscilla-montanist-affirms-prophecy	reviewed	cascade-curator	2026-03-16T20:30:00Z	Claim clm-priscilla-montanist-affirms-prophecy (person_affirms_proposition: priscilla-montanist → prophetic-gifts-continue-after-apostles) has only contextualizing evidence. Certainty probable is appr
clm-priscilla-montanist-affirms-prophecy	reviewed	cascade-curator	2026-03-16T23:00:00Z	Reviewed (contextual): priscilla-montanist person_affirms_proposition 'prophetic-gifts-continue-after-apostles'. Certainty probable. Passage psg-wikipedia-early-church-geography: 'Early centers of Chr
clm-priscilla-montanist-member-montanists	approved	cascade-curator	2026-03-17T12:30:00Z	Upgraded reviewed→approved: probable certainty with direct supports evidence. Confidence set to medium.
clm-priscilla-montanist-member-montanists	reviewed	cascade-curator	2026-03-16T16:00:00Z	Only contextualizing evidence for priscilla-montanist in montanists. Excerpt: 'Early centers of Christianity included Jerusalem, Antioch, Alexandria, Rome, Carthage, and Edessa. C...' Needs stronger direct attestation.
clm-priscilla-montanist-member-montanists	reviewed	cascade-curator	2026-03-16T20:30:00Z	Claim clm-priscilla-montanist-member-montanists (member_of_group: priscilla-montanist → montanists) has only contextualizing evidence. Certainty probable is appropriate given indirect support.
clm-priscilla-montanist-member-montanists	reviewed	cascade-curator	2026-03-16T23:00:00Z	Reviewed (contextual): priscilla-montanist member_of_group montanists. Certainty probable. Passage psg-wikipedia-early-church-geography: 'Early centers of Christianity included Jerusalem, Antioch, Ale
clm-priscilla-roman-church	approved	cascade-curator	2026-03-16T20:00:00Z	Passage psg-rom-16-3-5 explicitly names priscilla as member of roman-church. Excerpt: 'Paraphrase: Paul greets Prisca and Aquila and also the church in their house.'
clm-priscilla-teacher-of-apollos	approved	cascade-curator	2026-03-16T22:30:00Z	QA-enhanced: teacher_of (priscilla → apollos) cert=attested. Primary passage psg-acts-18-24-28: 'Paraphrase: Apollos arrives at Ephesus, is instructed more accurately by Priscilla and Aquila, and late
clm-prot-affirms-baptism-regeneration	approved	cascade-curator	2026-03-16T20:00:00Z	Passage psg-clement-prot-12-119-120 from protrepticus directly treats proposition 'baptism-effects-regeneration'. The work's affirms is attested from its own text. Excerpt: 'Paraphrase: Clement's clos
clm-prot-affirms-baptism-regeneration	approved	cascade-curator	2026-03-17T04:00:00Z	Confidence calibrated: high->medium (certainty=probable, pred=work_affirms_proposition)
clm-prot-affirms-baptism-regeneration	reviewed	cascade-curator	2026-03-16T16:00:00Z	Passage psg-clement-prot-12-119-120 from protrepticus supports but the excerpt does not use the exact language of 'baptism-effects-regeneration'. The proposition is conveyed through the overall context of this passage. Excerpt: 'Paraphrase: Clement's closing exhortation calls hearers to abandon darkness and receive the divine L...'
clm-prot-affirms-incarnation	approved	cascade-curator	2026-03-16T20:00:00Z	Passage psg-clement-prot-1-2-3 from protrepticus directly treats proposition 'christ-truly-became-flesh'. The work's affirms is attested from its own text. Excerpt: 'The New Song has sprung up, eterna
clm-prot-affirms-incarnation	approved	cascade-curator	2026-03-17T04:00:00Z	Confidence calibrated: high->medium (certainty=probable, pred=work_affirms_proposition)
clm-prot-affirms-incarnation	reviewed	cascade-curator	2026-03-16T16:00:00Z	Only contextualizing evidence for protrepticus work_affirms_proposition christ-truly-became-flesh. Passage psg-clement-prot-1-2-3: 'The New Song has sprung up, eternal, which has also become new for the new people — the Lord himself...' A more directly relevant passage would strengthen this claim.
clm-prot-affirms-logos-preexistence	approved	cascade-curator	2026-03-16T20:00:00Z	Passage psg-clement-prot-1-2-3 from protrepticus directly treats proposition 'logos-is-pre-existent-son-of-god'. The work's affirms is attested from its own text. Excerpt: 'The New Song has sprung up,
clm-protrepticus-by-clement	approved	cascade-curator	2026-03-16T13:00:00Z	Self-attributed and listed by Eusebius HE 6.13 as part of Clement's trilogy. Universally accepted authorship.
clm-protrepticus-by-clement	approved	cascade-curator	2026-03-17T04:00:00Z	Confidence calibrated: high->medium (certainty=probable, pred=authored_by)
clm-protrepticus-written-at-alexandria	approved	cascade-curator	2026-03-16T20:30:00Z	protrepticus written at alexandria: passage psg-clement-prot-1-2-3 supports the place attribution (biographical or internal evidence). Excerpt: 'The New Song has sprung up, eternal, which has also bec
clm-protrepticus-written-at-alexandria	reviewed	cascade-curator	2026-03-16T20:00:00Z	protrepticus written at alexandria: biographical consensus supported by passage psg-clement-prot-1-2-3. No explicit internal naming of alexandria. Excerpt: 'The New Song has sprung up, eternal, which
clm-psalms-of-solomon-judgment	approved	cascade-curator	2026-03-16T20:00:00Z	Passage psg-pssol-17-32-36 from psalms-of-solomon directly treats proposition 'final-judgment-is-coming'. The work's affirms is attested from its own text. Excerpt: 'Paraphrase: The Lord Messiah judge
clm-psalms-of-solomon-judgment	approved	cascade-curator	2026-03-17T04:00:00Z	Confidence calibrated: high->medium (certainty=probable, pred=work_affirms_proposition)
clm-publius-active-malta	approved	cascade-curator	2026-03-16T20:00:00Z	Passage psg-acts-28-7-10 explicitly places publius in malta. Excerpt: 'Paraphrase: Publius, the leading man of the island, receives Paul and his companions on Malta, and healings follow.'
clm-qds-by-clement	approved	cascade-curator	2026-03-17T04:00:00Z	Confidence calibrated: high->medium (certainty=probable, pred=authored_by)
clm-qds-written-at-alexandria	approved	cascade-curator	2026-03-16T20:30:00Z	quis-dives-salvetur written at alexandria: passage psg-clement-qds-11-14 supports the place attribution (biographical or internal evidence). Excerpt: 'The renunciation of wealth is not about physicall
clm-qds-written-at-alexandria	reviewed	cascade-curator	2026-03-16T20:00:00Z	quis-dives-salvetur written at alexandria: biographical consensus supported by passage psg-clement-qds-11-14. No explicit internal naming of alexandria. Excerpt: 'The renunciation of wealth is not abo
clm-quartodeciman-year	approved	cascade-curator	2026-03-16T20:00:00Z	Passage psg-eusebius-he-5-24 explicitly attests the year for quartodeciman-controversy. Excerpt: 'Paraphrase: Irenaeus wrote to Victor of Rome urging peace over the Easter controversy; he noted that d
clm-refutation-affirms-logos	approved	cascade-curator	2026-03-16T20:00:00Z	Passage psg-hippolytus-ref-9-12-zeph from refutation-of-all-heresies directly treats proposition 'logos-is-pre-existent-son-of-god'. The work's affirms is attested from its own text. Excerpt: 'Paraphr
clm-refutation-affirms-logos	reviewed	cascade-curator	2026-03-16T16:00:00Z	Passage psg-hippolytus-ref-9-12-zeph from refutation-of-all-heresies supports but the excerpt does not use the exact language of 'logos-is-pre-existent-son-of-god'. The proposition is conveyed through the overall context of this passage. Excerpt: 'Paraphrase: Zephyrinus was an ignorant and illiterate individual, and one unskilled in the definitio...'
clm-refutation-affirms-penance	approved	cascade-curator	2026-03-16T20:00:00Z	Passage psg-hippolytus-ref-9-11-12 from refutation-of-all-heresies directly treats proposition 'post-baptismal-sin-forgiven-by-penance'. The work's affirms is attested from its own text. Excerpt: 'Par
clm-refutation-affirms-penance	approved	cascade-curator	2026-03-17T04:00:00Z	Confidence calibrated: high->medium (certainty=probable, pred=work_affirms_proposition)
clm-refutation-affirms-penance	reviewed	cascade-curator	2026-03-16T16:00:00Z	Passage psg-hippolytus-ref-9-11-12 from refutation-of-all-heresies supports but the excerpt does not use the exact language of 'post-baptismal-sin-forgiven-by-penance'. The proposition is conveyed through the overall context of this passage. Excerpt: 'Paraphrase: Callistus alleged that the parable of the tares growing together with the wheat was spok...'
clm-refutation-affirms-rule-of-faith	approved	cascade-curator	2026-03-16T20:00:00Z	Passage psg-hippolytus-ref-9-7 from refutation-of-all-heresies directly treats proposition 'rule-of-faith-received-from-apostles'. The work's affirms is attested from its own text. Excerpt: 'Paraphras
clm-refutation-affirms-rule-of-faith	approved	cascade-curator	2026-03-17T04:00:00Z	Confidence calibrated: high->medium (certainty=probable, pred=work_affirms_proposition)
clm-refutation-affirms-rule-of-faith	reviewed	cascade-curator	2026-03-16T16:00:00Z	Only contextualizing evidence for refutation-of-all-heresies work_affirms_proposition rule-of-faith-received-from-apostles. Passage psg-hippolytus-ref-9-7: 'Paraphrase: Callistus, having been appointed over the cemetery by Zephyrinus, brought many into his ...' A more directly relevant passage would strengthen this claim.
clm-refutation-affirms-succession	approved	cascade-curator	2026-03-16T20:00:00Z	Passage psg-hippolytus-ref-9-7 from refutation-of-all-heresies directly treats proposition 'apostolic-succession-transmits-faith'. The work's affirms is attested from its own text. Excerpt: 'Paraphras
clm-refutation-affirms-succession	approved	cascade-curator	2026-03-17T04:00:00Z	Confidence calibrated: high->medium (certainty=probable, pred=work_affirms_proposition)
clm-refutation-affirms-succession	reviewed	cascade-curator	2026-03-16T16:00:00Z	Only contextualizing evidence for refutation-of-all-heresies work_affirms_proposition apostolic-succession-transmits-faith. Passage psg-hippolytus-ref-9-7: 'Paraphrase: Callistus, having been appointed over the cemetery by Zephyrinus, brought many into his ...' A more directly relevant passage would strengthen this claim.
clm-refutation-by-hippolytus	approved	cascade-curator	2026-03-16T20:00:00Z	Passage psg-hippolytus-ref-9-7 is drawn from refutation-of-all-heresies itself, directly confirming authorship. Excerpt: 'Paraphrase: Callistus, having been appointed over the cemetery by Zephyrinus,
clm-refutation-by-hippolytus	approved	cascade-curator	2026-03-17T04:00:00Z	Confidence calibrated: high->medium (certainty=probable, pred=authored_by)
clm-refutation-by-hippolytus	reviewed	cascade-curator	2026-03-16T16:00:00Z	Evidence supports refutation-of-all-heresies authored_by hippolytus-of-rome; passage psg-hippolytus-ref-9-7 provides supporting context. Excerpt: 'Paraphrase: Callistus, having been appointed over the cemetery by Zephyrinus, brought many into his ...'
clm-refutation-written-rome	approved	cascade-curator	2026-03-16T21:00:00Z	Strong inference from passage psg-hippolytus-ref-9-7 supports written_at (refutation-of-all-heresies → rome). Certainty probable. Excerpt: 'Paraphrase: Callistus, having been appointed over the cemete
clm-refutation-written-rome	reviewed	cascade-curator	2026-03-16T16:00:00Z	Evidence supports refutation-of-all-heresies written_at rome but rome is not named in the excerpt. Biographical tradition supports this attribution. Excerpt: 'Paraphrase: Callistus, having been appointed over the cemetery by Zephyrinus, brought many into his ...'
clm-refutation-written-rome	reviewed	cascade-curator	2026-03-16T20:00:00Z	refutation-of-all-heresies written at rome: biographical consensus supported by passage psg-hippolytus-ref-9-7. No explicit internal naming of rome. Excerpt: 'Paraphrase: Callistus, having been appoin
clm-refutation-written-rome	reviewed	cascade-curator	2026-03-16T20:30:00Z	refutation-of-all-heresies written at rome: weak place evidence. Passage psg-hippolytus-ref-9-7: 'Paraphrase: Callistus, having been appointed over the cemetery by Zephyrinus, brought many into his '.
clm-resurrection-at-jerusalem	approved	cascade-curator	2026-03-16T20:30:00Z	Strong support: resurrection-of-jesus at jerusalem. Passage psg-john-19-38-42: 'Paraphrase: Joseph of Arimathea and Nicodemus bury Jesus.'
clm-resurrection-at-jerusalem	approved	cascade-curator	2026-03-17T01:00:00Z	Evidence reviewed post-linking: event_occurs_at (resurrection-of-jesus -> jerusalem), cert=probable. New supports link to passage psg-john-19-38-42. Excerpt: 'Paraphrase: Joseph of Arimathea and Nicod
clm-resurrection-at-jerusalem	reviewed	cascade-curator	2026-03-16T20:00:00Z	Contextual evidence for resurrection-of-jesus at jerusalem. Passage psg-john-19-38-42: 'Paraphrase: Joseph of Arimathea and Nicodemus bury Jesus.'
clm-resurrection-by-athenagoras	approved	cascade-curator	2026-03-16T20:00:00Z	Passage psg-athenagoras-res-1-3 is drawn from on-the-resurrection-of-the-dead itself, directly confirming authorship. Excerpt: 'Paraphrase: Arguments defending the truth of resurrection must precede a
clm-resurrection-by-athenagoras	approved	cascade-curator	2026-03-17T04:00:00Z	Confidence calibrated: high->medium (certainty=probable, pred=authored_by)
clm-resurrection-year	approved	cascade-curator	2026-03-16T20:30:00Z	Year for resurrection-of-jesus: – CE well-supported by passage psg-john-20-1-18. Certainty probable. Excerpt: 'Paraphrase: Mary Magdalene comes to the tomb and encounters the risen Jesus.'
clm-resurrection-year	reviewed	cascade-curator	2026-03-16T20:00:00Z	Year for resurrection-of-jesus supported by passage psg-john-20-1-18. Excerpt: 'Paraphrase: Mary Magdalene comes to the tomb and encounters the risen Jesus.'
clm-revelation-addressed-ephesus	approved	cascade-curator	2026-03-16T20:30:00Z	Passage psg-rev-1-11 provides strong support for addressed_to_place claim (revelation-of-john → ephesus). Excerpt: 'Paraphrase: John is told to write in a book and send it to the seven churches in Eph
clm-revelation-addressed-ephesus	approved	cascade-curator	2026-03-16T22:30:00Z	QA-upgraded: attested claim with explicit direct evidence → approved/high. addressed_to_place (revelation-of-john → ephesus). Passage psg-rev-1-11: 'Paraphrase: John is told to write in a book and sen
clm-revelation-addressed-ephesus	approved	cascade-curator	2026-03-17T01:00:00Z	Evidence reviewed post-linking: addressed_to_place (revelation-of-john -> ephesus), cert=attested. New supports link to passage psg-rev-1-11. Excerpt: 'Paraphrase: John is told to write in a book and
clm-revelation-addressed-ephesus	reviewed	cascade-curator	2026-03-16T20:00:00Z	Passage psg-rev-1-11 supports addressed_to_place claim for revelation-of-john. Excerpt: 'Paraphrase: John is told to write in a book and send it to the seven churches in Ephesus, Smyrna, Pe'
clm-revelation-addressed-laodicea	approved	cascade-curator	2026-03-16T20:30:00Z	Passage psg-rev-1-11 provides strong support for addressed_to_place claim (revelation-of-john → laodicea). Excerpt: 'Paraphrase: John is told to write in a book and send it to the seven churches in Ep
clm-revelation-addressed-laodicea	approved	cascade-curator	2026-03-16T22:30:00Z	QA-upgraded: attested claim with explicit direct evidence → approved/high. addressed_to_place (revelation-of-john → laodicea). Passage psg-rev-1-11: 'Paraphrase: John is told to write in a book and se
clm-revelation-addressed-laodicea	reviewed	cascade-curator	2026-03-16T20:00:00Z	Passage psg-rev-1-11 supports addressed_to_place claim for revelation-of-john. Excerpt: 'Paraphrase: John is told to write in a book and send it to the seven churches in Ephesus, Smyrna, Pe'
clm-revelation-addressed-pergamum	approved	cascade-curator	2026-03-16T20:30:00Z	Passage psg-rev-1-11 provides strong support for addressed_to_place claim (revelation-of-john → pergamum). Excerpt: 'Paraphrase: John is told to write in a book and send it to the seven churches in Ep
clm-revelation-addressed-pergamum	approved	cascade-curator	2026-03-16T22:30:00Z	QA-upgraded: attested claim with explicit direct evidence → approved/high. addressed_to_place (revelation-of-john → pergamum). Passage psg-rev-1-11: 'Paraphrase: John is told to write in a book and se
clm-revelation-addressed-pergamum	reviewed	cascade-curator	2026-03-16T20:00:00Z	Passage psg-rev-1-11 supports addressed_to_place claim for revelation-of-john. Excerpt: 'Paraphrase: John is told to write in a book and send it to the seven churches in Ephesus, Smyrna, Pe'
clm-revelation-addressed-philadelphia	approved	cascade-curator	2026-03-16T20:30:00Z	Passage psg-rev-1-11 provides strong support for addressed_to_place claim (revelation-of-john → philadelphia-asia). Excerpt: 'Paraphrase: John is told to write in a book and send it to the seven churc
clm-revelation-addressed-philadelphia	approved	cascade-curator	2026-03-16T22:30:00Z	QA-upgraded: attested claim with explicit direct evidence → approved/high. addressed_to_place (revelation-of-john → philadelphia-asia). Passage psg-rev-1-11: 'Paraphrase: John is told to write in a bo
clm-revelation-addressed-philadelphia	reviewed	cascade-curator	2026-03-16T20:00:00Z	Passage psg-rev-1-11 supports addressed_to_place claim for revelation-of-john. Excerpt: 'Paraphrase: John is told to write in a book and send it to the seven churches in Ephesus, Smyrna, Pe'
clm-revelation-addressed-sardis	approved	cascade-curator	2026-03-16T20:30:00Z	Passage psg-rev-1-11 provides strong support for addressed_to_place claim (revelation-of-john → sardis). Excerpt: 'Paraphrase: John is told to write in a book and send it to the seven churches in Ephe
clm-revelation-addressed-sardis	approved	cascade-curator	2026-03-16T22:30:00Z	QA-upgraded: attested claim with explicit direct evidence → approved/high. addressed_to_place (revelation-of-john → sardis). Passage psg-rev-1-11: 'Paraphrase: John is told to write in a book and send
clm-revelation-addressed-sardis	reviewed	cascade-curator	2026-03-16T20:00:00Z	Passage psg-rev-1-11 supports addressed_to_place claim for revelation-of-john. Excerpt: 'Paraphrase: John is told to write in a book and send it to the seven churches in Ephesus, Smyrna, Pe'
clm-revelation-addressed-smyrna	approved	cascade-curator	2026-03-16T20:30:00Z	Passage psg-rev-1-11 provides strong support for addressed_to_place claim (revelation-of-john → smyrna). Excerpt: 'Paraphrase: John is told to write in a book and send it to the seven churches in Ephe
clm-revelation-addressed-smyrna	approved	cascade-curator	2026-03-16T22:30:00Z	QA-upgraded: attested claim with explicit direct evidence → approved/high. addressed_to_place (revelation-of-john → smyrna). Passage psg-rev-1-11: 'Paraphrase: John is told to write in a book and send
clm-revelation-addressed-smyrna	reviewed	cascade-curator	2026-03-16T20:00:00Z	Passage psg-rev-1-11 supports addressed_to_place claim for revelation-of-john. Excerpt: 'Paraphrase: John is told to write in a book and send it to the seven churches in Ephesus, Smyrna, Pe'
clm-revelation-addressed-thyatira	approved	cascade-curator	2026-03-16T20:30:00Z	Passage psg-rev-1-11 provides strong support for addressed_to_place claim (revelation-of-john → thyatira). Excerpt: 'Paraphrase: John is told to write in a book and send it to the seven churches in Ep
clm-revelation-addressed-thyatira	approved	cascade-curator	2026-03-16T22:30:00Z	QA-upgraded: attested claim with explicit direct evidence → approved/high. addressed_to_place (revelation-of-john → thyatira). Passage psg-rev-1-11: 'Paraphrase: John is told to write in a book and se
clm-revelation-addressed-thyatira	reviewed	cascade-curator	2026-03-16T20:00:00Z	Passage psg-rev-1-11 supports addressed_to_place claim for revelation-of-john. Excerpt: 'Paraphrase: John is told to write in a book and send it to the seven churches in Ephesus, Smyrna, Pe'
clm-revelation-affirms-martyrdom-witness	approved	cascade-curator	2026-03-17T04:00:00Z	Confidence calibrated: high->medium (certainty=probable, pred=work_affirms_proposition)
clm-revelation-affirms-relics	approved	cascade-curator	2026-03-16T20:00:00Z	Passage psg-rev-2-8-11 from revelation-of-john directly treats proposition 'martyrs-relics-honored'. The work's affirms is attested from its own text. Excerpt: 'To the angel of the church in Smyrna wr
clm-revelation-affirms-relics	approved	cascade-curator	2026-03-17T04:00:00Z	Confidence calibrated: high->medium (certainty=probable, pred=work_affirms_proposition)
clm-revelation-by-john	approved	cascade-curator	2026-03-17T10:00:00Z	Rev 1:1,4,9: author names himself 'John'; traditional attribution to the Apostle. Justin Martyr (Dial. 81) accepts Johannine authorship. Dionysius of Alexandria rejected it on stylistic grounds (Euseb
clm-revelation-judgment	approved	cascade-curator	2026-03-17T04:00:00Z	Confidence calibrated: high->medium (certainty=probable, pred=work_affirms_proposition)
clm-revelation-year-end	approved	cascade-curator	2026-03-16T20:30:00Z	Passage psg-rev-1-11 provides strong support for work_year_end claim (revelation-of-john → ). Excerpt: 'Paraphrase: John is told to write in a book and send it to the seven churches in Ephesus, Smyrna
clm-revelation-year-end	reviewed	cascade-curator	2026-03-16T17:00:00Z	Only contextualizing evidence for revelation-of-john work_year_end. Excerpt: 'Paraphrase: John is told to write in a book and send it to the seven churches in Ephesus, Smyrna, Pergamum, Thyatira, Sa'
clm-revelation-year-start	approved	cascade-curator	2026-03-16T20:30:00Z	Passage psg-rev-1-11 provides strong support for work_year_start claim (revelation-of-john → ). Excerpt: 'Paraphrase: John is told to write in a book and send it to the seven churches in Ephesus, Smyr
clm-revelation-year-start	reviewed	cascade-curator	2026-03-16T17:00:00Z	Only contextualizing evidence for revelation-of-john work_year_start. Excerpt: 'Paraphrase: John is told to write in a book and send it to the seven churches in Ephesus, Smyrna, Pergamum, Thyatira, Sa'
clm-roman-church-at-puteoli	approved	cascade-curator	2026-03-16T20:00:00Z	Passage psg-acts-28-15 explicitly places roman-church at puteoli. Excerpt: 'Paraphrase: Believers come from Rome to meet Paul as far as Appii Forum and Three Taverns.'
clm-roman-church-at-puteoli	approved	cascade-curator	2026-03-17T04:00:00Z	Confidence calibrated: high->medium (certainty=probable, pred=group_present_at)
clm-romans-by-paul	approved	cascade-curator	2026-03-17T06:00:00Z	Rom 1:1 explicit self-identification as Paul; universally accepted as authentic.
clm-romans-resurrection	approved	cascade-curator	2026-03-16T20:00:00Z	Passage psg-rom-10-9 from epistle-to-the-romans directly treats proposition 'jesus-is-proclaimed-as-raised'. The work's affirms is attested from its own text. Excerpt: 'Paraphrase: The confession of f
clm-romans-year-end	approved	cascade-curator	2026-03-16T20:30:00Z	Passage psg-rom-1-7 provides strong support for work_year_end claim (epistle-to-the-romans → ). Excerpt: 'Paraphrase: Paul addresses all God beloved in Rome who are called to be saints.'
clm-romans-year-end	reviewed	cascade-curator	2026-03-16T17:00:00Z	Only contextualizing evidence for epistle-to-the-romans work_year_end. Excerpt: 'Paraphrase: Paul addresses all God beloved in Rome who are called to be saints.'
clm-romans-year-start	approved	cascade-curator	2026-03-16T20:30:00Z	Passage psg-rom-1-7 provides strong support for work_year_start claim (epistle-to-the-romans → ). Excerpt: 'Paraphrase: Paul addresses all God beloved in Rome who are called to be saints.'
clm-romans-year-start	reviewed	cascade-curator	2026-03-16T17:00:00Z	Only contextualizing evidence for epistle-to-the-romans work_year_start. Excerpt: 'Paraphrase: Paul addresses all God beloved in Rome who are called to be saints.'
clm-rome-controls-achaia	approved	cascade-curator	2026-03-16T20:00:00Z	Passage psg-wikipedia-roman-empire-provinces explicitly places roman-empire at achaia. Excerpt: 'The Roman Empire controlled provinces throughout the Mediterranean basin, Near East, North Africa, and
clm-rome-controls-achaia	approved	cascade-curator	2026-03-17T04:00:00Z	Confidence calibrated: high->medium (certainty=probable, pred=controls_place)
clm-rome-controls-alexandria	approved	cascade-curator	2026-03-17T04:00:00Z	Confidence calibrated: high->medium (certainty=probable, pred=controls_place)
clm-rome-controls-antioch	approved	cascade-curator	2026-03-17T04:00:00Z	Confidence calibrated: high->medium (certainty=probable, pred=controls_place)
clm-rome-controls-asia	approved	cascade-curator	2026-03-16T20:00:00Z	Passage psg-wikipedia-roman-empire-provinces explicitly places roman-empire at asia. Excerpt: 'The Roman Empire controlled provinces throughout the Mediterranean basin, Near East, North Africa, and mu
clm-rome-controls-asia	approved	cascade-curator	2026-03-17T04:00:00Z	Confidence calibrated: high->medium (certainty=probable, pred=controls_place)
clm-rome-controls-athens	approved	cascade-curator	2026-03-17T04:00:00Z	Confidence calibrated: high->medium (certainty=probable, pred=controls_place)
clm-rome-controls-berea	approved	cascade-curator	2026-03-16T20:00:00Z	Passage psg-wikipedia-roman-empire-provinces explicitly places roman-empire at berea. Excerpt: 'The Roman Empire controlled provinces throughout the Mediterranean basin, Near East, North Africa, and m
clm-rome-controls-berea	approved	cascade-curator	2026-03-17T04:00:00Z	Confidence calibrated: high->medium (certainty=probable, pred=controls_place)
clm-rome-controls-bethany	approved	cascade-curator	2026-03-16T20:00:00Z	Passage psg-wikipedia-roman-empire-provinces explicitly places roman-empire at bethany-near-jerusalem. Excerpt: 'The Roman Empire controlled provinces throughout the Mediterranean basin, Near East, No
clm-rome-controls-bethany	approved	cascade-curator	2026-03-17T04:00:00Z	Confidence calibrated: high->medium (certainty=probable, pred=controls_place)
clm-rome-controls-bethsaida	approved	cascade-curator	2026-03-16T20:00:00Z	Passage psg-wikipedia-roman-empire-provinces explicitly places roman-empire at bethsaida. Excerpt: 'The Roman Empire controlled provinces throughout the Mediterranean basin, Near East, North Africa, a
clm-rome-controls-bethsaida	approved	cascade-curator	2026-03-17T04:00:00Z	Confidence calibrated: high->medium (certainty=probable, pred=controls_place)
clm-rome-controls-bithynia	approved	cascade-curator	2026-03-16T20:00:00Z	Passage psg-wikipedia-roman-empire-provinces explicitly places roman-empire at bithynia. Excerpt: 'The Roman Empire controlled provinces throughout the Mediterranean basin, Near East, North Africa, an
clm-rome-controls-bithynia	approved	cascade-curator	2026-03-17T04:00:00Z	Confidence calibrated: high->medium (certainty=probable, pred=controls_place)
clm-rome-controls-bostra	approved	cascade-curator	2026-03-16T20:00:00Z	Passage psg-wikipedia-roman-empire-provinces explicitly places roman-empire at bostra. Excerpt: 'The Roman Empire controlled provinces throughout the Mediterranean basin, Near East, North Africa, and
clm-rome-controls-bostra	approved	cascade-curator	2026-03-17T04:00:00Z	Confidence calibrated: high->medium (certainty=probable, pred=controls_place)
clm-rome-controls-britannia	approved	cascade-curator	2026-03-16T20:00:00Z	Passage psg-wikipedia-roman-empire-provinces explicitly places roman-empire at britannia. Excerpt: 'The Roman Empire controlled provinces throughout the Mediterranean basin, Near East, North Africa, a
clm-rome-controls-britannia	approved	cascade-curator	2026-03-17T04:00:00Z	Confidence calibrated: high->medium (certainty=probable, pred=controls_place)
clm-rome-controls-caesarea	approved	cascade-curator	2026-03-16T20:00:00Z	Passage psg-wikipedia-roman-empire-provinces explicitly places roman-empire at caesarea. Excerpt: 'The Roman Empire controlled provinces throughout the Mediterranean basin, Near East, North Africa, an
clm-rome-controls-caesarea	approved	cascade-curator	2026-03-17T04:00:00Z	Confidence calibrated: high->medium (certainty=probable, pred=controls_place)
clm-rome-controls-caesarea-cappadocia	approved	cascade-curator	2026-03-16T20:00:00Z	Passage psg-wikipedia-roman-empire-provinces explicitly places roman-empire at caesarea-cappadocia. Excerpt: 'The Roman Empire controlled provinces throughout the Mediterranean basin, Near East, North
clm-rome-controls-caesarea-cappadocia	approved	cascade-curator	2026-03-17T04:00:00Z	Confidence calibrated: high->medium (certainty=probable, pred=controls_place)
clm-rome-controls-capernaum	approved	cascade-curator	2026-03-16T20:00:00Z	Passage psg-wikipedia-roman-empire-provinces explicitly places roman-empire at capernaum. Excerpt: 'The Roman Empire controlled provinces throughout the Mediterranean basin, Near East, North Africa, a
clm-rome-controls-capernaum	approved	cascade-curator	2026-03-17T04:00:00Z	Confidence calibrated: high->medium (certainty=probable, pred=controls_place)
clm-rome-controls-cappadocia	approved	cascade-curator	2026-03-16T20:00:00Z	Passage psg-wikipedia-roman-empire-provinces explicitly places roman-empire at cappadocia. Excerpt: 'The Roman Empire controlled provinces throughout the Mediterranean basin, Near East, North Africa,
clm-rome-controls-cappadocia	approved	cascade-curator	2026-03-17T04:00:00Z	Confidence calibrated: high->medium (certainty=probable, pred=controls_place)
clm-rome-controls-carthage	approved	cascade-curator	2026-03-17T04:00:00Z	Confidence calibrated: high->medium (certainty=probable, pred=controls_place)
clm-rome-controls-colossae	approved	cascade-curator	2026-03-16T20:00:00Z	Passage psg-wikipedia-roman-empire-provinces explicitly places roman-empire at colossae. Excerpt: 'The Roman Empire controlled provinces throughout the Mediterranean basin, Near East, North Africa, an
clm-rome-controls-colossae	approved	cascade-curator	2026-03-17T04:00:00Z	Confidence calibrated: high->medium (certainty=probable, pred=controls_place)
clm-rome-controls-crete	approved	cascade-curator	2026-03-16T20:00:00Z	Passage psg-wikipedia-roman-empire-provinces explicitly places roman-empire at crete. Excerpt: 'The Roman Empire controlled provinces throughout the Mediterranean basin, Near East, North Africa, and m
clm-rome-controls-crete	approved	cascade-curator	2026-03-17T04:00:00Z	Confidence calibrated: high->medium (certainty=probable, pred=controls_place)
clm-rome-controls-cyprus	approved	cascade-curator	2026-03-16T20:00:00Z	Passage psg-wikipedia-roman-empire-provinces explicitly places roman-empire at cyprus. Excerpt: 'The Roman Empire controlled provinces throughout the Mediterranean basin, Near East, North Africa, and
clm-rome-controls-cyprus	approved	cascade-curator	2026-03-17T04:00:00Z	Confidence calibrated: high->medium (certainty=probable, pred=controls_place)
clm-rome-controls-damascus	approved	cascade-curator	2026-03-16T20:00:00Z	Passage psg-wikipedia-roman-empire-provinces explicitly places roman-empire at damascus. Excerpt: 'The Roman Empire controlled provinces throughout the Mediterranean basin, Near East, North Africa, an
clm-rome-controls-damascus	approved	cascade-curator	2026-03-17T04:00:00Z	Confidence calibrated: high->medium (certainty=probable, pred=controls_place)
clm-rome-controls-derbe	approved	cascade-curator	2026-03-16T20:00:00Z	Passage psg-wikipedia-roman-empire-provinces explicitly places roman-empire at derbe. Excerpt: 'The Roman Empire controlled provinces throughout the Mediterranean basin, Near East, North Africa, and m
clm-rome-controls-derbe	approved	cascade-curator	2026-03-17T04:00:00Z	Confidence calibrated: high->medium (certainty=probable, pred=controls_place)
clm-rome-controls-edessa	approved	cascade-curator	2026-03-16T20:00:00Z	Passage psg-wikipedia-roman-empire-provinces explicitly places roman-empire at edessa. Excerpt: 'The Roman Empire controlled provinces throughout the Mediterranean basin, Near East, North Africa, and
clm-rome-controls-edessa	approved	cascade-curator	2026-03-17T04:00:00Z	Confidence calibrated: high->medium (certainty=probable, pred=controls_place)
clm-rome-controls-egypt	approved	cascade-curator	2026-03-16T20:00:00Z	Passage psg-wikipedia-roman-empire-provinces explicitly places roman-empire at egypt. Excerpt: 'The Roman Empire controlled provinces throughout the Mediterranean basin, Near East, North Africa, and m
clm-rome-controls-egypt	approved	cascade-curator	2026-03-17T04:00:00Z	Confidence calibrated: high->medium (certainty=probable, pred=controls_place)
clm-rome-controls-ephesus	approved	cascade-curator	2026-03-17T04:00:00Z	Confidence calibrated: high->medium (certainty=probable, pred=controls_place)
clm-rome-controls-galatia	approved	cascade-curator	2026-03-16T20:00:00Z	Passage psg-wikipedia-roman-empire-provinces explicitly places roman-empire at galatia. Excerpt: 'The Roman Empire controlled provinces throughout the Mediterranean basin, Near East, North Africa, and
clm-rome-controls-galatia	approved	cascade-curator	2026-03-17T04:00:00Z	Confidence calibrated: high->medium (certainty=probable, pred=controls_place)
clm-rome-controls-galilee	approved	cascade-curator	2026-03-16T20:00:00Z	Passage psg-wikipedia-roman-empire-provinces explicitly places roman-empire at galilee. Excerpt: 'The Roman Empire controlled provinces throughout the Mediterranean basin, Near East, North Africa, and
clm-rome-controls-galilee	approved	cascade-curator	2026-03-17T04:00:00Z	Confidence calibrated: high->medium (certainty=probable, pred=controls_place)
clm-rome-controls-gaul	approved	cascade-curator	2026-03-16T20:00:00Z	Passage psg-wikipedia-roman-empire-provinces explicitly places roman-empire at gaul. Excerpt: 'The Roman Empire controlled provinces throughout the Mediterranean basin, Near East, North Africa, and mu
clm-rome-controls-gaul	approved	cascade-curator	2026-03-17T04:00:00Z	Confidence calibrated: high->medium (certainty=probable, pred=controls_place)
clm-rome-controls-hierapolis	approved	cascade-curator	2026-03-17T04:00:00Z	Confidence calibrated: high->medium (certainty=probable, pred=controls_place)
clm-rome-controls-jericho	approved	cascade-curator	2026-03-16T20:00:00Z	Passage psg-wikipedia-roman-empire-provinces explicitly places roman-empire at jericho. Excerpt: 'The Roman Empire controlled provinces throughout the Mediterranean basin, Near East, North Africa, and
clm-rome-controls-jericho	approved	cascade-curator	2026-03-17T04:00:00Z	Confidence calibrated: high->medium (certainty=probable, pred=controls_place)
clm-rome-controls-jerusalem	approved	cascade-curator	2026-03-17T04:00:00Z	Confidence calibrated: high->medium (certainty=probable, pred=controls_place)
clm-rome-controls-joppa	approved	cascade-curator	2026-03-16T20:00:00Z	Passage psg-wikipedia-roman-empire-provinces explicitly places roman-empire at joppa. Excerpt: 'The Roman Empire controlled provinces throughout the Mediterranean basin, Near East, North Africa, and m
clm-rome-controls-joppa	approved	cascade-curator	2026-03-17T04:00:00Z	Confidence calibrated: high->medium (certainty=probable, pred=controls_place)
clm-rome-controls-laodicea	approved	cascade-curator	2026-03-16T20:00:00Z	Passage psg-wikipedia-roman-empire-provinces explicitly places roman-empire at laodicea. Excerpt: 'The Roman Empire controlled provinces throughout the Mediterranean basin, Near East, North Africa, an
clm-rome-controls-laodicea	approved	cascade-curator	2026-03-17T04:00:00Z	Confidence calibrated: high->medium (certainty=probable, pred=controls_place)
clm-rome-controls-lydda	approved	cascade-curator	2026-03-16T20:00:00Z	Passage psg-wikipedia-roman-empire-provinces explicitly places roman-empire at lydda. Excerpt: 'The Roman Empire controlled provinces throughout the Mediterranean basin, Near East, North Africa, and m
clm-rome-controls-lydda	approved	cascade-curator	2026-03-17T04:00:00Z	Confidence calibrated: high->medium (certainty=probable, pred=controls_place)
clm-rome-controls-lyons	approved	cascade-curator	2026-03-17T04:00:00Z	Confidence calibrated: high->medium (certainty=probable, pred=controls_place)
clm-rome-controls-lystra	approved	cascade-curator	2026-03-16T20:00:00Z	Passage psg-wikipedia-roman-empire-provinces explicitly places roman-empire at lystra. Excerpt: 'The Roman Empire controlled provinces throughout the Mediterranean basin, Near East, North Africa, and
clm-rome-controls-lystra	approved	cascade-curator	2026-03-17T04:00:00Z	Confidence calibrated: high->medium (certainty=probable, pred=controls_place)
clm-rome-controls-malta	approved	cascade-curator	2026-03-16T20:00:00Z	Passage psg-wikipedia-roman-empire-provinces explicitly places roman-empire at malta. Excerpt: 'The Roman Empire controlled provinces throughout the Mediterranean basin, Near East, North Africa, and m
clm-rome-controls-malta	approved	cascade-curator	2026-03-17T04:00:00Z	Confidence calibrated: high->medium (certainty=probable, pred=controls_place)
clm-rome-controls-miletus	approved	cascade-curator	2026-03-16T20:00:00Z	Passage psg-wikipedia-roman-empire-provinces explicitly places roman-empire at miletus. Excerpt: 'The Roman Empire controlled provinces throughout the Mediterranean basin, Near East, North Africa, and
clm-rome-controls-miletus	approved	cascade-curator	2026-03-17T04:00:00Z	Confidence calibrated: high->medium (certainty=probable, pred=controls_place)
clm-rome-controls-nazareth	approved	cascade-curator	2026-03-16T20:00:00Z	Passage psg-wikipedia-roman-empire-provinces explicitly places roman-empire at nazareth. Excerpt: 'The Roman Empire controlled provinces throughout the Mediterranean basin, Near East, North Africa, an
clm-rome-controls-nazareth	approved	cascade-curator	2026-03-17T04:00:00Z	Confidence calibrated: high->medium (certainty=probable, pred=controls_place)
clm-rome-controls-neocaesarea	approved	cascade-curator	2026-03-16T20:00:00Z	Passage psg-wikipedia-roman-empire-provinces explicitly places roman-empire at neocaesarea. Excerpt: 'The Roman Empire controlled provinces throughout the Mediterranean basin, Near East, North Africa,
clm-rome-controls-neocaesarea	approved	cascade-curator	2026-03-17T04:00:00Z	Confidence calibrated: high->medium (certainty=probable, pred=controls_place)
clm-rome-controls-nicopolis	approved	cascade-curator	2026-03-16T20:00:00Z	Passage psg-wikipedia-roman-empire-provinces explicitly places roman-empire at nicopolis. Excerpt: 'The Roman Empire controlled provinces throughout the Mediterranean basin, Near East, North Africa, a
clm-rome-controls-nicopolis	approved	cascade-curator	2026-03-17T04:00:00Z	Confidence calibrated: high->medium (certainty=probable, pred=controls_place)
clm-rome-controls-patmos	approved	cascade-curator	2026-03-16T20:00:00Z	Passage psg-wikipedia-roman-empire-provinces explicitly places roman-empire at patmos. Excerpt: 'The Roman Empire controlled provinces throughout the Mediterranean basin, Near East, North Africa, and
clm-rome-controls-patmos	approved	cascade-curator	2026-03-17T04:00:00Z	Confidence calibrated: high->medium (certainty=probable, pred=controls_place)
clm-rome-controls-pergamum	approved	cascade-curator	2026-03-17T04:00:00Z	Confidence calibrated: high->medium (certainty=probable, pred=controls_place)
clm-rome-controls-philadelphia	approved	cascade-curator	2026-03-16T20:00:00Z	Passage psg-wikipedia-roman-empire-provinces explicitly places roman-empire at philadelphia-asia. Excerpt: 'The Roman Empire controlled provinces throughout the Mediterranean basin, Near East, North A
clm-rome-controls-philadelphia	approved	cascade-curator	2026-03-17T04:00:00Z	Confidence calibrated: high->medium (certainty=probable, pred=controls_place)
clm-rome-controls-phrygia	approved	cascade-curator	2026-03-16T20:00:00Z	Passage psg-wikipedia-roman-empire-provinces explicitly places roman-empire at phrygia. Excerpt: 'The Roman Empire controlled provinces throughout the Mediterranean basin, Near East, North Africa, and
clm-rome-controls-phrygia	approved	cascade-curator	2026-03-17T04:00:00Z	Confidence calibrated: high->medium (certainty=probable, pred=controls_place)
clm-rome-controls-pontus	approved	cascade-curator	2026-03-16T20:00:00Z	Passage psg-wikipedia-roman-empire-provinces explicitly places roman-empire at pontus. Excerpt: 'The Roman Empire controlled provinces throughout the Mediterranean basin, Near East, North Africa, and
clm-rome-controls-pontus	approved	cascade-curator	2026-03-17T04:00:00Z	Confidence calibrated: high->medium (certainty=probable, pred=controls_place)
clm-rome-controls-rome-city	approved	cascade-curator	2026-03-16T22:00:00Z	QA-enhanced: controls_place (roman-empire → rome). Certainty probable. Primary evidence: passage psg-wikipedia-roman-empire-provinces. Excerpt: 'The Roman Empire controlled provinces throughout the Me
clm-rome-controls-rome-city	approved	cascade-curator	2026-03-17T04:00:00Z	Confidence calibrated: high->medium (certainty=probable, pred=controls_place)
clm-rome-controls-samaria	approved	cascade-curator	2026-03-16T20:00:00Z	Passage psg-wikipedia-roman-empire-provinces explicitly places roman-empire at samaria. Excerpt: 'The Roman Empire controlled provinces throughout the Mediterranean basin, Near East, North Africa, and
clm-rome-controls-samaria	approved	cascade-curator	2026-03-17T04:00:00Z	Confidence calibrated: high->medium (certainty=probable, pred=controls_place)
clm-rome-controls-sardinia	approved	cascade-curator	2026-03-16T20:00:00Z	Passage psg-wikipedia-roman-empire-provinces explicitly places roman-empire at sardinia. Excerpt: 'The Roman Empire controlled provinces throughout the Mediterranean basin, Near East, North Africa, an
clm-rome-controls-sardinia	approved	cascade-curator	2026-03-17T04:00:00Z	Confidence calibrated: high->medium (certainty=probable, pred=controls_place)
clm-rome-controls-sardis	approved	cascade-curator	2026-03-17T04:00:00Z	Confidence calibrated: high->medium (certainty=probable, pred=controls_place)
clm-rome-controls-sidon	approved	cascade-curator	2026-03-16T20:00:00Z	Passage psg-wikipedia-roman-empire-provinces explicitly places roman-empire at sidon. Excerpt: 'The Roman Empire controlled provinces throughout the Mediterranean basin, Near East, North Africa, and m
clm-rome-controls-sidon	approved	cascade-curator	2026-03-17T04:00:00Z	Confidence calibrated: high->medium (certainty=probable, pred=controls_place)
clm-rome-controls-smyrna	approved	cascade-curator	2026-03-17T04:00:00Z	Confidence calibrated: high->medium (certainty=probable, pred=controls_place)
clm-rome-controls-thessalonica	approved	cascade-curator	2026-03-17T04:00:00Z	Confidence calibrated: high->medium (certainty=probable, pred=controls_place)
clm-rome-controls-thyatira	approved	cascade-curator	2026-03-16T20:00:00Z	Passage psg-wikipedia-roman-empire-provinces explicitly places roman-empire at thyatira. Excerpt: 'The Roman Empire controlled provinces throughout the Mediterranean basin, Near East, North Africa, an
clm-rome-controls-thyatira	approved	cascade-curator	2026-03-17T04:00:00Z	Confidence calibrated: high->medium (certainty=probable, pred=controls_place)
clm-rome-controls-troas	approved	cascade-curator	2026-03-16T20:00:00Z	Passage psg-wikipedia-roman-empire-provinces explicitly places roman-empire at troas. Excerpt: 'The Roman Empire controlled provinces throughout the Mediterranean basin, Near East, North Africa, and m
clm-rome-controls-troas	approved	cascade-curator	2026-03-17T04:00:00Z	Confidence calibrated: high->medium (certainty=probable, pred=controls_place)
clm-rome-controls-tyre	approved	cascade-curator	2026-03-16T20:00:00Z	Passage psg-wikipedia-roman-empire-provinces explicitly places roman-empire at tyre. Excerpt: 'The Roman Empire controlled provinces throughout the Mediterranean basin, Near East, North Africa, and mu
clm-rome-controls-tyre	approved	cascade-curator	2026-03-17T04:00:00Z	Confidence calibrated: high->medium (certainty=probable, pred=controls_place)
clm-rufinus-active-alexandria	approved	cascade-curator	2026-03-16T16:00:00Z	Passage psg-rufinus-he-1-9 directly places rufinus-of-aquileia in alexandria: 'Paraphrase: A philosopher named Meropius of Tyre sailed to India with two boys Frumentius and Aedesius. The ship was sei...'
clm-rufinus-active-jerusalem	approved	cascade-curator	2026-03-17T12:30:00Z	Upgraded reviewed→approved: probable certainty with direct supports evidence. Confidence set to medium.
clm-rufinus-active-jerusalem	reviewed	cascade-curator	2026-03-16T20:30:00Z	Claim clm-rufinus-active-jerusalem (active_in: rufinus-of-aquileia → jerusalem) has only contextualizing evidence. Certainty probable is appropriate given indirect support.
clm-rufinus-active-jerusalem	reviewed	cascade-curator	2026-03-16T23:00:00Z	Reviewed (contextual): rufinus-of-aquileia active_in jerusalem. Certainty probable. No passage directly names rufinus-of-aquileia in jerusalem; inference from passage psg-rufinus-he-1-9: 'Paraphrase:
clm-rufinus-active-rome	approved	cascade-curator	2026-03-17T12:30:00Z	Upgraded reviewed→approved: probable certainty with direct supports evidence. Confidence set to medium.
clm-rufinus-active-rome	reviewed	cascade-curator	2026-03-16T16:00:00Z	Only contextualizing evidence for rufinus-of-aquileia active in rome. Excerpt: 'Paraphrase: A philosopher named Meropius of Tyre sailed to India with two boys Frumentius and Aedesi...'
clm-rufinus-active-rome	reviewed	cascade-curator	2026-03-16T20:30:00Z	Claim clm-rufinus-active-rome (active_in: rufinus-of-aquileia → rome) has only contextualizing evidence. Certainty probable is appropriate given indirect support.
clm-rufinus-active-rome	reviewed	cascade-curator	2026-03-16T23:00:00Z	Reviewed (contextual): rufinus-of-aquileia active_in rome. Certainty probable. No passage directly names rufinus-of-aquileia in rome; inference from passage psg-rufinus-he-1-9: 'Paraphrase: A philosop
clm-rufinus-affirms-thomas	approved	cascade-curator	2026-03-16T20:30:00Z	Third-party source (passage psg-rufinus-he-1-9) reports rufinus-of-aquileia as affirming 'thomas-preached-in-india'. Excerpt: 'Paraphrase: A philosopher named Meropius of Tyre sailed to India with two
clm-rufinus-affirms-thomas	approved	cascade-curator	2026-03-17T04:00:00Z	Confidence calibrated: medium->low (certainty=possible, pred=person_affirms_proposition)
clm-rufinus-affirms-thomas	reviewed	cascade-curator	2026-03-16T16:00:00Z	Evidence supports rufinus-of-aquileia person_affirms_proposition 'thomas-preached-in-india'. Excerpt: 'Paraphrase: A philosopher named Meropius of Tyre sailed to India with two boys Frumentius and Aedesi...'
clm-rufinus-affirms-thomas	reviewed	cascade-curator	2026-03-16T20:00:00Z	Third-party attestation from passage psg-rufinus-he-1-9: rufinus-of-aquileia is reported as affirming 'thomas-preached-in-india'. Excerpt: 'Paraphrase: A philosopher named Meropius of Tyre sailed to I
clm-rufinus-he-affirms-bartholomew-india	approved	cascade-curator	2026-03-16T20:00:00Z	Passage psg-rufinus-he-1-9 from rufinus-ecclesiastical-history directly treats proposition 'bartholomew-preached-in-india'. The work's affirms is attested from its own text. Excerpt: 'Paraphrase: A ph
clm-rufinus-he-affirms-bartholomew-india	approved	cascade-curator	2026-03-17T04:00:00Z	Confidence calibrated: high->medium (certainty=probable, pred=work_affirms_proposition)
clm-rufinus-he-affirms-bartholomew-india	reviewed	cascade-curator	2026-03-16T12:00:00Z	Rufinus HE 1.9 reports Pantaenus finding in India a Matthew gospel left by Bartholomew; this attribution of India mission to Bartholomew is Rufinus's report of a tradition, not independent evidence. Medium confidence: attested as Rufinus's claim, not as historical fact.
clm-rufinus-he-affirms-ethiopia-christianized	approved	cascade-curator	2026-03-16T20:00:00Z	Passage psg-rufinus-he-1-9 from rufinus-ecclesiastical-history directly treats proposition 'christianity-established-in-ethiopia'. The work's affirms is attested from its own text. Excerpt: 'Paraphras
clm-rufinus-he-affirms-ethiopia-christianized	reviewed	cascade-curator	2026-03-16T16:00:00Z	Passage psg-rufinus-he-1-9 from rufinus-ecclesiastical-history supports but the excerpt does not use the exact language of 'christianity-established-in-ethiopia'. The proposition is conveyed through the overall context of this passage. Excerpt: 'Paraphrase: A philosopher named Meropius of Tyre sailed to India with two boys Frumentius and Aedesi...'
clm-rufinus-he-affirms-india	approved	cascade-curator	2026-03-16T16:00:00Z	Passage psg-rufinus-he-1-9 from rufinus-ecclesiastical-history directly addresses the proposition 'gospel-reached-india'. Excerpt: 'Paraphrase: A philosopher named Meropius of Tyre sailed to India with two boys Frumentius and Aedesius. The ship was seized and all killed e...' The work's affirms of this proposition is directly attested.
clm-rufinus-he-affirms-india	approved	cascade-curator	2026-03-17T04:00:00Z	Confidence calibrated: high->medium (certainty=probable, pred=work_affirms_proposition)
clm-rufinus-he-affirms-universal	approved	cascade-curator	2026-03-16T20:00:00Z	Passage psg-rufinus-he-1-10 from rufinus-ecclesiastical-history directly treats proposition 'christ-dominion-is-universal'. The work's affirms is attested from its own text. Excerpt: 'Paraphrase: The
clm-rufinus-he-affirms-universal	approved	cascade-curator	2026-03-17T04:00:00Z	Confidence calibrated: high->medium (certainty=probable, pred=work_affirms_proposition)
clm-rufinus-he-affirms-universal	reviewed	cascade-curator	2026-03-16T16:00:00Z	Only contextualizing evidence for rufinus-ecclesiastical-history work_affirms_proposition christ-dominion-is-universal. Passage psg-rufinus-he-1-10: 'Paraphrase: The Indian philosopher Metrodorus had earlier traveled to farther India and returned tel...' A more directly relevant passage would strengthen this claim.
clm-rufinus-he-by-rufinus	approved	cascade-curator	2026-03-16T20:00:00Z	Passage psg-rufinus-he-1-9 is drawn from rufinus-ecclesiastical-history itself, directly confirming authorship. Excerpt: 'Paraphrase: A philosopher named Meropius of Tyre sailed to India with two boys
clm-rufinus-he-by-rufinus	reviewed	cascade-curator	2026-03-16T16:00:00Z	Evidence supports rufinus-ecclesiastical-history authored_by rufinus-of-aquileia; passage psg-rufinus-he-1-9 provides supporting context. Excerpt: 'Paraphrase: A philosopher named Meropius of Tyre sailed to India with two boys Frumentius and Aedesi...'
clm-rufinus-he-mentions-bartholomew-india	approved	cascade-curator	2026-03-16T16:00:00Z	Passage psg-rufinus-he-1-9 from rufinus-ecclesiastical-history directly addresses the proposition 'bartholomew-preached-in-india'. Excerpt: 'Paraphrase: A philosopher named Meropius of Tyre sailed to India with two boys Frumentius and Aedesius. The ship was seized and all killed e...' The work's mentions of this proposition is directly attested.
clm-rufinus-he-mentions-bartholomew-india	approved	cascade-curator	2026-03-17T04:00:00Z	Confidence calibrated: high->medium (certainty=probable, pred=work_mentions_proposition)
clm-rufinus-he-mentions-frumentius-bishop	approved	cascade-curator	2026-03-16T12:00:00Z	Rufinus HE 1.10 describes Frumentius's journey to Aksum, his role as teacher to the royal court, and his later consecration as bishop by Athanasius. Rufinus is the primary source and presents this as personal knowledge transmitted from Aedesius. Well-attested as Rufinus's account.
clm-rufinus-he-mentions-india-reached	approved	cascade-curator	2026-03-16T16:00:00Z	Passage psg-rufinus-he-1-10 from rufinus-ecclesiastical-history directly addresses the proposition 'gospel-reached-india'. Excerpt: 'Paraphrase: The Indian philosopher Metrodorus had earlier traveled to farther India and returned telling of those regions. The gospel had re...' The work's mentions of this proposition is directly attested.
clm-rufinus-he-mentions-india-reached	approved	cascade-curator	2026-03-17T04:00:00Z	Confidence calibrated: high->medium (certainty=probable, pred=work_mentions_proposition)
clm-rufinus-he-mentions-thomas-india	approved	cascade-curator	2026-03-16T16:00:00Z	Passage psg-rufinus-he-1-9 from rufinus-ecclesiastical-history directly addresses the proposition 'thomas-preached-in-india'. Excerpt: 'Paraphrase: A philosopher named Meropius of Tyre sailed to India with two boys Frumentius and Aedesius. The ship was seized and all killed e...' The work's mentions of this proposition is directly attested.
clm-rufinus-he-mentions-thomas-india	approved	cascade-curator	2026-03-17T04:00:00Z	Confidence calibrated: high->low (certainty=possible, pred=work_mentions_proposition)
clm-rufus-of-rome-active-rome	approved	cascade-curator	2026-03-16T20:00:00Z	Passage psg-rom-16-13 explicitly places rufus-of-rome in rome. Excerpt: 'Paraphrase: Paul greets Rufus, chosen in the Lord, and Rufus's mother.'
clm-rufus-of-rome-roman-church	approved	cascade-curator	2026-03-16T20:00:00Z	Passage psg-rom-16-13 explicitly names rufus-of-rome as member of roman-church. Excerpt: 'Paraphrase: Paul greets Rufus, chosen in the Lord, and Rufus's mother.'
clm-sack-at-jerusalem	approved	cascade-curator	2026-03-16T20:00:00Z	Passage psg-josephus-war-6-249-266 explicitly places sack-of-jerusalem at jerusalem. Excerpt: 'Paraphrase: Josephus narrates the burning of the temple and the destruction of Jerusalem under the Roman
clm-sack-jerusalem-year	approved	cascade-curator	2026-03-17T16:00:00Z	
clm-sack-of-jerusalem-year	approved	cascade-curator	2026-03-16T20:30:00Z	Year for sack-of-jerusalem: – CE well-supported by passage psg-wikipedia-sack-of-jerusalem-70. Certainty probable. Excerpt: 'The Siege of Jerusalem in 70 CE resulted in the destruction of the Second T
clm-sack-of-jerusalem-year	reviewed	cascade-curator	2026-03-16T20:00:00Z	Year for sack-of-jerusalem supported by passage psg-wikipedia-sack-of-jerusalem-70. Excerpt: 'The Siege of Jerusalem in 70 CE resulted in the destruction of the Second Temple and the city by Rom'
clm-sardinian-exile-at-sardinia	approved	cascade-curator	2026-03-16T20:00:00Z	Passage psg-eusebius-he-6-20-43 explicitly places sardinian-exile at sardinia. Excerpt: 'Paraphrase: Eusebius reports that Hippolytus was a bishop somewhere and that he composed various works. In HE 6
clm-sardinian-exile-at-sardinia	reviewed	cascade-curator	2026-03-16T16:00:00Z	Evidence supports sardinian-exile occurs_at sardinia. Excerpt: 'Paraphrase: Eusebius reports that Hippolytus was a bishop somewhere and that he composed various wor...'
clm-sardinian-exile-year	approved	cascade-curator	2026-03-16T20:00:00Z	Passage psg-eusebius-he-6-20-43 explicitly attests the year for sardinian-exile. Excerpt: 'Paraphrase: Eusebius reports that Hippolytus was a bishop somewhere and that he composed various works. In HE
clm-sardinian-exile-year	reviewed	cascade-curator	2026-03-16T16:00:00Z	Passage psg-eusebius-he-6-20-43 supports the year claim for sardinian-exile (-) but excerpt does not name the event explicitly. Excerpt: 'Paraphrase: Eusebius reports that Hippolytus was a bishop somewhere and that he composed various wor...'
clm-saturninus-active-antioch	approved	cascade-curator	2026-03-16T22:30:00Z	QA-enhanced: active_in (saturninus → antioch) cert=probable. Primary passage psg-irenaeus-ah-1-28-1: 'Saturninus, who flourished at Antioch, set forth one father unknown to all, who made angels, archa
clm-saturninus-active-antioch	approved	cascade-curator	2026-03-17T01:00:00Z	Evidence reviewed post-linking: active_in (saturninus -> antioch), cert=probable. New supports link to passage psg-eusebius-he-4-7-1-3. Excerpt: 'At the time of the Emperor Hadrian the heresiarchs aro
clm-saturninus-active-antioch	approved	cascade-curator	2026-03-17T04:00:00Z	Confidence calibrated: high->medium (certainty=probable, pred=active_in)
clm-saturninus-member-docetists	approved	cascade-curator	2026-03-17T04:00:00Z	Confidence calibrated: high->medium (certainty=probable, pred=member_of_group)
clm-saturninus-opposes-incarnation	approved	cascade-curator	2026-03-17T04:00:00Z	Confidence calibrated: high->medium (certainty=probable, pred=person_opposes_proposition)
clm-saturninus-opposes-logos	approved	cascade-curator	2026-03-17T04:00:00Z	Confidence calibrated: high->medium (certainty=probable, pred=person_opposes_proposition)
clm-saturninus-opposes-ot-scripture	approved	cascade-curator	2026-03-17T04:00:00Z	Confidence calibrated: high->medium (certainty=probable, pred=person_opposes_proposition)
clm-saturninus-opposes-passion	approved	cascade-curator	2026-03-17T04:00:00Z	Confidence calibrated: high->medium (certainty=probable, pred=person_opposes_proposition)
clm-saturninus-opposes-resurrection	approved	cascade-curator	2026-03-17T04:00:00Z	Confidence calibrated: high->medium (certainty=probable, pred=person_opposes_proposition)
clm-saturninus-opposes-virgin-birth	approved	cascade-curator	2026-03-17T04:00:00Z	Confidence calibrated: high->medium (certainty=probable, pred=person_opposes_proposition)
clm-second-corinthians-addressed-achaia	approved	cascade-curator	2026-03-16T20:30:00Z	Passage psg-2cor-1-1 provides strong support for addressed_to_place claim (second-epistle-to-the-corinthians → achaia). Excerpt: 'Paraphrase: Paul addresses the church of God in Corinth together with
clm-second-corinthians-addressed-achaia	approved	cascade-curator	2026-03-16T22:30:00Z	QA-upgraded: attested claim with explicit direct evidence → approved/high. addressed_to_place (second-epistle-to-the-corinthians → achaia). Passage psg-2cor-1-1: 'Paraphrase: Paul addresses the church
clm-second-corinthians-addressed-achaia	reviewed	cascade-curator	2026-03-16T20:00:00Z	Passage psg-2cor-1-1 supports addressed_to_place claim for second-epistle-to-the-corinthians. Excerpt: 'Paraphrase: Paul addresses the church of God in Corinth together with all the saints in the whol
clm-second-corinthians-addressed-corinth	approved	cascade-curator	2026-03-16T20:30:00Z	Passage psg-2cor-1-1 provides strong support for addressed_to_place claim (second-epistle-to-the-corinthians → corinth). Excerpt: 'Paraphrase: Paul addresses the church of God in Corinth together with
clm-second-corinthians-addressed-corinth	approved	cascade-curator	2026-03-16T22:30:00Z	QA-upgraded: attested claim with explicit direct evidence → approved/high. addressed_to_place (second-epistle-to-the-corinthians → corinth). Passage psg-2cor-1-1: 'Paraphrase: Paul addresses the churc
clm-second-corinthians-addressed-corinth	reviewed	cascade-curator	2026-03-16T20:00:00Z	Passage psg-2cor-1-1 supports addressed_to_place claim for second-epistle-to-the-corinthians. Excerpt: 'Paraphrase: Paul addresses the church of God in Corinth together with all the saints in the whol
clm-second-corinthians-resurrection	approved	cascade-curator	2026-03-16T20:00:00Z	Passage psg-2cor-4-14 from second-epistle-to-the-corinthians directly treats proposition 'jesus-is-proclaimed-as-raised'. The work's affirms is attested from its own text. Excerpt: 'Paraphrase: Paul s
clm-second-john-christ	approved	cascade-curator	2026-03-16T20:00:00Z	Passage psg-2john-1-7 from second-epistle-of-john directly treats proposition 'jesus-is-the-christ'. The work's affirms is attested from its own text. Excerpt: 'Paraphrase: The true confession is that
clm-second-peter-judgment	approved	cascade-curator	2026-03-16T20:00:00Z	Passage psg-2pet-3-7 from second-epistle-of-peter directly treats proposition 'final-judgment-is-coming'. The work's affirms is attested from its own text. Excerpt: 'Paraphrase: The present heavens an
clm-second-thessalonians-addressed-thessalonica	approved	cascade-curator	2026-03-16T20:30:00Z	Passage psg-2thess-1-1 provides strong support for addressed_to_place claim (second-epistle-to-the-thessalonians → thessalonica). Excerpt: 'Paraphrase: Paul, Silvanus, and Timothy address the church o
clm-second-thessalonians-addressed-thessalonica	approved	cascade-curator	2026-03-16T22:30:00Z	QA-upgraded: attested claim with explicit direct evidence → approved/high. addressed_to_place (second-epistle-to-the-thessalonians → thessalonica). Passage psg-2thess-1-1: 'Paraphrase: Paul, Silvanus,
clm-second-thessalonians-addressed-thessalonica	reviewed	cascade-curator	2026-03-16T20:00:00Z	Passage psg-2thess-1-1 supports addressed_to_place claim for second-epistle-to-the-thessalonians. Excerpt: 'Paraphrase: Paul, Silvanus, and Timothy address the church of the Thessalonians in God our F
clm-second-thessalonians-judgment	approved	cascade-curator	2026-03-16T20:00:00Z	Passage psg-2thess-1-1 from second-epistle-to-the-thessalonians directly treats proposition 'final-judgment-is-coming'. The work's affirms is attested from its own text. Excerpt: 'Paraphrase: Paul, Si
clm-second-thessalonians-judgment	approved	cascade-curator	2026-03-17T04:00:00Z	Confidence calibrated: high->medium (certainty=probable, pred=work_affirms_proposition)
clm-second-timothy-resurrection	approved	cascade-curator	2026-03-16T20:00:00Z	Passage psg-2tim-2-8 from second-epistle-to-timothy directly treats proposition 'jesus-is-proclaimed-as-raised'. The work's affirms is attested from its own text. Excerpt: 'Paraphrase: Paul urges Timo
clm-secundus-active-jerusalem	approved	cascade-curator	2026-03-17T04:00:00Z	Confidence calibrated: high->medium (certainty=probable, pred=active_in)
clm-secundus-active-thessalonica	approved	cascade-curator	2026-03-16T20:00:00Z	Passage psg-acts-20-4 explicitly places secundus in thessalonica. Excerpt: 'Paraphrase: Sopater of Berea and Aristarchus and Secundus of Thessalonica are named among Paul's companions.'
clm-secundus-member-thessalonian	approved	cascade-curator	2026-03-17T04:00:00Z	Confidence calibrated: high->medium (certainty=probable, pred=member_of_group)
clm-sent-affirms-apostolic-succession	approved	cascade-curator	2026-03-16T20:00:00Z	Passage psg-cyprian-sent-proem from sententiae-episcoporum directly treats proposition 'apostolic-succession-transmits-faith'. The work's affirms is attested from its own text. Excerpt: 'Paraphrase: C
clm-sent-affirms-apostolic-succession	reviewed	cascade-curator	2026-03-16T16:00:00Z	Passage psg-cyprian-sent-proem from sententiae-episcoporum supports but the excerpt does not use the exact language of 'apostolic-succession-transmits-faith'. The proposition is conveyed through the overall context of this passage. Excerpt: 'Paraphrase: Cyprian said: You have heard, most beloved colleagues, what Jubaianus our fellow bishop ...'
clm-sent-affirms-baptism-regen	approved	cascade-curator	2026-03-16T20:00:00Z	Passage psg-cyprian-sent-1 from sententiae-episcoporum directly treats proposition 'baptism-effects-regeneration'. The work's affirms is attested from its own text. Excerpt: 'I know only one baptism i
clm-sent-affirms-baptism-regen	reviewed	cascade-curator	2026-03-16T16:00:00Z	Passage psg-cyprian-sent-1 from sententiae-episcoporum supports but the excerpt does not use the exact language of 'baptism-effects-regeneration'. The proposition is conveyed through the overall context of this passage. Excerpt: 'I know only one baptism in the Church, and I know none outside the Church. This one will be where th...'
clm-sent-affirms-baptism-water	approved	cascade-curator	2026-03-16T20:00:00Z	Passage psg-cyprian-sent-1 from sententiae-episcoporum directly treats proposition 'baptism-with-water-commanded'. The work's affirms is attested from its own text. Excerpt: 'I know only one baptism i
clm-sent-affirms-baptism-water	reviewed	cascade-curator	2026-03-16T16:00:00Z	Passage psg-cyprian-sent-1 from sententiae-episcoporum supports but the excerpt does not use the exact language of 'baptism-with-water-commanded'. The proposition is conveyed through the overall context of this passage. Excerpt: 'I know only one baptism in the Church, and I know none outside the Church. This one will be where th...'
clm-sent-affirms-episcopal-unity	approved	cascade-curator	2026-03-16T20:00:00Z	Passage psg-cyprian-sent-proem from sententiae-episcoporum directly treats proposition 'episcopal-unity-grounds-church-unity'. The work's affirms is attested from its own text. Excerpt: 'Paraphrase: C
clm-sent-affirms-episcopal-unity	reviewed	cascade-curator	2026-03-16T16:00:00Z	Passage psg-cyprian-sent-proem from sententiae-episcoporum supports but the excerpt does not use the exact language of 'episcopal-unity-grounds-church-unity'. The proposition is conveyed through the overall context of this passage. Excerpt: 'Paraphrase: Cyprian said: You have heard, most beloved colleagues, what Jubaianus our fellow bishop ...'
clm-sent-affirms-ot-authority	approved	cascade-curator	2026-03-16T20:00:00Z	Passage psg-cyprian-sent-1 from sententiae-episcoporum directly treats proposition 'old-testament-is-authoritative-scripture'. The work's mentions is attested from its own text. Excerpt: 'I know only
clm-sent-affirms-ot-authority	approved	cascade-curator	2026-03-17T04:00:00Z	Confidence calibrated: high->medium (certainty=probable, pred=work_mentions_proposition)
clm-sent-affirms-ot-authority	reviewed	cascade-curator	2026-03-16T16:00:00Z	Only contextualizing evidence for sententiae-episcoporum work_mentions_proposition old-testament-is-authoritative-scripture. Passage psg-cyprian-sent-1: 'I know only one baptism in the Church, and I know none outside the Church. This one will be where th...' A more directly relevant passage would strengthen this claim.
clm-sent-affirms-rebaptism	approved	cascade-curator	2026-03-16T15:00:00Z	The Sententiae Episcoporum records 87 bishops voting on whether to rebaptize heretics; the majority affirm rebaptism. The final opinion (psg-cyprian-sent-87) explicitly endorses this position. Directly attested.
clm-sent-affirms-rule-of-faith	approved	cascade-curator	2026-03-16T20:00:00Z	Passage psg-cyprian-sent-87 from sententiae-episcoporum directly treats proposition 'rule-of-faith-received-from-apostles'. The work's affirms is attested from its own text. Excerpt: 'My opinion is fu
clm-sent-affirms-rule-of-faith	reviewed	cascade-curator	2026-03-16T16:00:00Z	Passage psg-cyprian-sent-87 from sententiae-episcoporum supports but the excerpt does not use the exact language of 'rule-of-faith-received-from-apostles'. The proposition is conveyed through the overall context of this passage. Excerpt: 'My opinion is fully expressed in the letter which was written to our colleague Jubaianus — that here...'
clm-sent-affirms-threefold-ministry	approved	cascade-curator	2026-03-16T20:00:00Z	Passage psg-cyprian-sent-proem from sententiae-episcoporum directly treats proposition 'threefold-ministry-required'. The work's affirms is attested from its own text. Excerpt: 'Paraphrase: Cyprian sa
clm-sent-affirms-threefold-ministry	approved	cascade-curator	2026-03-17T04:00:00Z	Confidence calibrated: high->medium (certainty=probable, pred=work_affirms_proposition)
clm-sent-affirms-threefold-ministry	reviewed	cascade-curator	2026-03-16T16:00:00Z	Only contextualizing evidence for sententiae-episcoporum work_affirms_proposition threefold-ministry-required. Passage psg-cyprian-sent-proem: 'Paraphrase: Cyprian said: You have heard, most beloved colleagues, what Jubaianus our fellow bishop ...' A more directly relevant passage would strengthen this claim.
clm-sent-affirms-trinitarian-baptism	approved	cascade-curator	2026-03-16T20:00:00Z	Passage psg-cyprian-sent-1 from sententiae-episcoporum directly treats proposition 'baptism-administered-in-trinitarian-name'. The work's affirms is attested from its own text. Excerpt: 'I know only o
clm-sent-affirms-trinitarian-baptism	reviewed	cascade-curator	2026-03-16T16:00:00Z	Passage psg-cyprian-sent-1 from sententiae-episcoporum supports but the excerpt does not use the exact language of 'baptism-administered-in-trinitarian-name'. The proposition is conveyed through the overall context of this passage. Excerpt: 'I know only one baptism in the Church, and I know none outside the Church. This one will be where th...'
clm-sent-mentions-penance	approved	cascade-curator	2026-03-16T20:00:00Z	Passage psg-cyprian-sent-87 from sententiae-episcoporum directly treats proposition 'post-baptismal-sin-forgiven-by-penance'. The work's mentions is attested from its own text. Excerpt: 'My opinion is
clm-sent-mentions-penance	approved	cascade-curator	2026-03-17T04:00:00Z	Confidence calibrated: high->medium (certainty=probable, pred=work_mentions_proposition)
clm-sent-mentions-penance	reviewed	cascade-curator	2026-03-16T16:00:00Z	Only contextualizing evidence for sententiae-episcoporum work_mentions_proposition post-baptismal-sin-forgiven-by-penance. Passage psg-cyprian-sent-87: 'My opinion is fully expressed in the letter which was written to our colleague Jubaianus — that here...' A more directly relevant passage would strengthen this claim.
clm-sententiae-by-cyprian	approved	cascade-curator	2026-03-16T20:00:00Z	Passage psg-cyprian-sent-proem is drawn from sententiae-episcoporum itself, directly confirming authorship. Excerpt: 'Paraphrase: Cyprian said: You have heard, most beloved colleagues, what Jubaianus
clm-sententiae-by-cyprian	reviewed	cascade-curator	2026-03-16T16:00:00Z	Evidence supports sententiae-episcoporum authored_by cyprian-of-carthage; passage psg-cyprian-sent-proem provides supporting context. Excerpt: 'Paraphrase: Cyprian said: You have heard, most beloved colleagues, what Jubaianus our fellow bishop ...'
clm-sententiae-written-carthage	approved	cascade-curator	2026-03-16T20:00:00Z	Passage psg-cyprian-sent-proem directly names carthage as the composition place of sententiae-episcoporum. Excerpt: 'Paraphrase: Cyprian said: You have heard, most beloved colleagues, what Jubaianus o
clm-sententiae-written-carthage	reviewed	cascade-curator	2026-03-16T16:00:00Z	Evidence supports sententiae-episcoporum written_at carthage but carthage is not named in the excerpt. Biographical tradition supports this attribution. Excerpt: 'Paraphrase: Cyprian said: You have heard, most beloved colleagues, what Jubaianus our fellow bishop ...'
clm-sergius-paulus-active-paphos	approved	cascade-curator	2026-03-16T20:00:00Z	Passage psg-acts-13-4-12 explicitly places sergius-paulus in paphos. Excerpt: 'Paraphrase: Barnabas and Saul sail to Cyprus, proclaim in Salamis, traverse the island to Paphos, and Sergius Paulus bel'
clm-sergius-paulus-disciple	approved	cascade-curator	2026-03-16T20:00:00Z	Passage psg-acts-13-4-12 explicitly names sergius-paulus as member of disciples-of-jesus. Excerpt: 'Paraphrase: Barnabas and Saul sail to Cyprus, proclaim in Salamis, traverse the island to Paphos, an
clm-sermon-year	approved	cascade-curator	2026-03-17T12:30:00Z	Upgraded reviewed→approved: probable certainty with direct supports evidence. Confidence set to medium.
clm-sermon-year	needs_revision	cascade-curator	2026-03-16T12:00:00Z	The evidence for this claim's year is contextualizing only. No passage directly attests the date of the sermon event. The Wikipedia early-church-geography passage is a general reference and does not attest any specific year. Needs a direct biographical or chronicle source.
clm-sermon-year	reviewed	cascade-curator	2026-03-16T20:30:00Z	Claim clm-sermon-year (event_has_year: sermon-on-the-mount → ) has only contextualizing evidence. Certainty probable is appropriate given indirect support.
clm-sermon-year	reviewed	cascade-curator	2026-03-16T23:00:00Z	Reviewed (contextual): sermon-on-the-mount event_has_year –. Certainty probable. Passage psg-matt-7-28-29: 'Paraphrase: The crowds recognize that Jesus teaches with authority unlike the scribes.'. Yea
clm-shapur-active-seleucia	approved	cascade-curator	2026-03-16T20:00:00Z	Passage psg-aphrahat-dem-21 explicitly places shapur-ii in seleucia-ctesiphon. Excerpt: 'Paraphrase: Aphrahat addresses the Christians suffering under Shapur II's persecution; he encourages steadfastn
clm-shapur-in-persecution	approved	cascade-curator	2026-03-17T12:30:00Z	Upgraded reviewed→approved: probable certainty with direct supports evidence. Confidence set to medium.
clm-shapur-in-persecution	reviewed	cascade-curator	2026-03-16T16:00:00Z	Only contextualizing evidence for shapur-ii participant_in persecution-of-shapur-ii. Passage psg-wikipedia-church-of-east-spread provides background but does not directly place shapur-ii at the event. Excerpt: 'The Church of the East was centered at Seleucia-Ctesiphon and extended through Persia, Mesopotamia (...'
clm-shapur-in-persecution	reviewed	cascade-curator	2026-03-16T20:30:00Z	Claim clm-shapur-in-persecution (participant_in: shapur-ii → persecution-of-shapur-ii) has only contextualizing evidence. Certainty probable is appropriate given indirect support.
clm-shapur-in-persecution	reviewed	cascade-curator	2026-03-16T23:00:00Z	Reviewed (contextual): shapur-ii participant_in persecution-of-shapur-ii. Certainty probable. Passage psg-wikipedia-church-of-east-spread: 'The Church of the East was centered at Seleucia-Ctesiphon an
clm-shapur-persecution-at-seleucia	approved	cascade-curator	2026-03-16T16:00:00Z	Passage psg-wikipedia-church-of-east-spread directly places persecution-of-shapur-ii at seleucia-ctesiphon: 'The Church of the East was centered at Seleucia-Ctesiphon and extended through Persia, Mesopotamia (Edessa, Arbela), and...'
clm-shapur-persecution-at-seleucia	approved	cascade-curator	2026-03-17T04:00:00Z	Confidence calibrated: high->medium (certainty=probable, pred=event_occurs_at)
clm-shapur-persecution-year	approved	cascade-curator	2026-03-16T20:00:00Z	Passage psg-wikipedia-church-of-east-spread explicitly attests the year for persecution-of-shapur-ii. Excerpt: 'The Church of the East was centered at Seleucia-Ctesiphon and extended through Persia, M
clm-shapur-persecution-year	reviewed	cascade-curator	2026-03-16T16:00:00Z	Year claim for persecution-of-shapur-ii (-) supported only by contextualizing evidence. Passage psg-wikipedia-church-of-east-spread: 'The Church of the East was centered at Seleucia-Ctesiphon and extended through Persia, Mesopotamia (...' Needs direct date attestation.
clm-silas-active-berea	approved	cascade-curator	2026-03-16T20:00:00Z	Passage psg-acts-17-10-15 explicitly places silas in berea. Excerpt: 'Paraphrase: Paul and his companions minister in Berea where many receive the message eagerly.'
clm-silas-active-lystra	approved	cascade-curator	2026-03-16T20:00:00Z	Passage psg-acts-16-1-3 explicitly places silas in lystra. Excerpt: 'Paraphrase: Paul comes to Lystra, where he finds Timothy, a disciple well spoken of by the believers there and in Iconiu'
clm-silas-active-lystra	approved	cascade-curator	2026-03-17T04:00:00Z	Confidence calibrated: high->medium (certainty=probable, pred=active_in)
clm-silas-active-thessalonica	approved	cascade-curator	2026-03-16T20:00:00Z	Passage psg-acts-17-1-9 explicitly places silas in thessalonica. Excerpt: 'Paraphrase: Paul and Silas proclaim in Thessalonica and some are persuaded, forming a new believing community.'
clm-silas-coworker-timothy	approved	cascade-curator	2026-03-16T20:00:00Z	Passage psg-1thess-1-1 explicitly names silas as coworker of timothy. Excerpt: 'Paraphrase: Paul, Silvanus, and Timothy address the church of the Thessalonians in God the Father and the Lord Jesus Chr
clm-silas-disciple	needs_revision	cascade-curator	2026-03-17T09:30:00Z	Superseded: duplicate of clm-silas-member-disciples (silas member_of_group disciples-of-jesus); year ranges merged.
clm-silas-member-antioch-church	approved	cascade-curator	2026-03-17T04:00:00Z	Confidence calibrated: high->medium (certainty=probable, pred=member_of_group)
clm-silas-member-disciples	approved	cascade-curator	2026-03-17T12:30:00Z	Upgraded reviewed→approved: probable certainty with direct supports evidence. Confidence set to medium.
clm-silas-member-disciples	reviewed	cascade-curator	2026-03-16T20:30:00Z	Claim clm-silas-member-disciples (member_of_group: silas → disciples-of-jesus) has only contextualizing evidence. Certainty probable is appropriate given indirect support.
clm-silas-member-disciples	reviewed	cascade-curator	2026-03-16T23:00:00Z	Reviewed (contextual): silas member_of_group disciples-of-jesus. Certainty probable. Passage psg-acts-16-1-3: 'Paraphrase: Paul comes to Lystra, where he finds Timothy, a disciple well spoken of by th
clm-silas-member-philippian	approved	cascade-curator	2026-03-17T04:00:00Z	Confidence calibrated: high->medium (certainty=probable, pred=member_of_group)
clm-simeon-called-niger-active-antioch	approved	cascade-curator	2026-03-16T20:00:00Z	Passage psg-acts-13-1 explicitly places simeon-called-niger in antioch. Excerpt: 'Paraphrase: In the church at Antioch there were prophets and teachers including Barnabas, Simeon called Niger, Lucius
clm-simeon-called-niger-antioch-church	approved	cascade-curator	2026-03-16T20:00:00Z	Passage psg-acts-13-1 explicitly names simeon-called-niger as member of antioch-church. Excerpt: 'Paraphrase: In the church at Antioch there were prophets and teachers including Barnabas, Simeon calle
clm-simon-magus-active-samaria	approved	cascade-curator	2026-03-16T22:30:00Z	QA-enhanced: active_in (simon-magus → samaria) cert=probable. Primary passage psg-acts-8-9-24: 'Now for some time a man named Simon had practised sorcery in the city and amazed all the people of Samar
clm-simon-magus-active-samaria	approved	cascade-curator	2026-03-17T04:00:00Z	Confidence calibrated: high->medium (certainty=probable, pred=active_in)
clm-simon-magus-member-samaritans	approved	cascade-curator	2026-03-16T20:30:00Z	simon-magus member_of_group samaritans well-supported by passage psg-acts-8-9-24. Excerpt: 'Now for some time a man named Simon had practised sorcery in the city and amazed all the people of Samaria.
clm-simon-magus-member-samaritans	reviewed	cascade-curator	2026-03-16T20:00:00Z	Passage psg-acts-8-9-24 supports simon-magus member_of_group samaritans. Excerpt: 'Now for some time a man named Simon had practised sorcery in the city and amazed all the people of S'
clm-simon-magus-opposes-apostolic-succession	approved	cascade-curator	2026-03-16T20:30:00Z	Third-party source (passage psg-irenaeus-ah-1-23-1) reports simon-magus as opposing 'apostolic-succession-transmits-faith'. Excerpt: 'Simon the Samaritan was that magician of whom Luke, the disciple a
clm-simon-magus-opposes-apostolic-succession	reviewed	cascade-curator	2026-03-16T20:00:00Z	Third-party attestation from passage psg-irenaeus-ah-1-23-1: simon-magus is reported as opposing 'apostolic-succession-transmits-faith'. Excerpt: 'Simon the Samaritan was that magician of whom Luke, t
clm-simon-magus-opposes-incarnation	approved	cascade-curator	2026-03-17T04:00:00Z	Confidence calibrated: high->medium (certainty=probable, pred=person_opposes_proposition)
clm-simon-magus-opposes-ot-scripture	approved	cascade-curator	2026-03-16T20:30:00Z	Third-party source (passage psg-irenaeus-ah-1-23-1) reports simon-magus as opposing 'old-testament-is-authoritative-scripture'. Excerpt: 'Simon the Samaritan was that magician of whom Luke, the discip
clm-simon-magus-opposes-ot-scripture	reviewed	cascade-curator	2026-03-16T20:00:00Z	Third-party attestation from passage psg-irenaeus-ah-1-23-1: simon-magus is reported as opposing 'old-testament-is-authoritative-scripture'. Excerpt: 'Simon the Samaritan was that magician of whom Luk
clm-simon-tanner-member-disciples	approved	cascade-curator	2026-03-17T04:00:00Z	Confidence calibrated: high->medium (certainty=probable, pred=member_of_group)
clm-simon-the-tanner-active-joppa	approved	cascade-curator	2026-03-16T20:00:00Z	Passage psg-acts-9-43 explicitly places simon-the-tanner in joppa. Excerpt: 'Paraphrase: Peter stays many days in Joppa with Simon the tanner.'
clm-sirach-authored-by-ben-sira	approved	cascade-curator	2026-03-17T15:45:00Z	
clm-sirach-repentance	approved	cascade-curator	2026-03-16T20:00:00Z	Passage psg-sirach-5-7 from sirach directly treats proposition 'repentance-is-required'. The work's affirms is attested from its own text. Excerpt: 'Paraphrase: Do not delay turning to the Lord and do
clm-sirach-repentance	approved	cascade-curator	2026-03-17T04:00:00Z	Confidence calibrated: high->medium (certainty=probable, pred=work_affirms_proposition)
clm-socrates-he-affirms-ethiopia	approved	cascade-curator	2026-03-16T16:00:00Z	Passage psg-socrates-he-1-19 from socrates-ecclesiastical-history directly addresses the proposition 'christianity-established-in-ethiopia'. Excerpt: 'Paraphrase: Socrates narrates how Frumentius, shipwrecked in Ethiopia, gained the king's trust, introduced Christianity, and was later conse...' The work's affirms of this proposition is directly attested.
clm-socrates-he-by-socrates	approved	cascade-curator	2026-03-17T10:30:00Z	Socrates names himself in HE 5.24; style and content universally attributed to him.
clm-sopater-active-berea	approved	cascade-curator	2026-03-16T20:00:00Z	Passage psg-acts-20-4 explicitly places sopater in berea. Excerpt: 'Paraphrase: Sopater of Berea and Aristarchus and Secundus of Thessalonica are named among Paul's companions.'
clm-sopater-active-jerusalem	approved	cascade-curator	2026-03-17T04:00:00Z	Confidence calibrated: high->medium (certainty=probable, pred=active_in)
clm-sosthenes-active-corinth	approved	cascade-curator	2026-03-16T20:00:00Z	Passage psg-acts-18-12-17 explicitly places sosthenes in corinth. Excerpt: 'Paraphrase: While Gallio is proconsul of Achaia, Paul is brought before the tribunal in Corinth and Sosthenes is beaten '
clm-sosthenes-member-corinthian	approved	cascade-curator	2026-03-17T04:00:00Z	Confidence calibrated: high->medium (certainty=probable, pred=member_of_group)
clm-stachys-active-rome	approved	cascade-curator	2026-03-16T20:00:00Z	Passage psg-rom-16-9 explicitly places stachys in rome. Excerpt: 'Paraphrase: Paul greets Urbanus, a fellow worker in Christ, and Stachys, his beloved.'
clm-stachys-roman-church	approved	cascade-curator	2026-03-16T20:00:00Z	Passage psg-rom-16-9 explicitly names stachys as member of roman-church. Excerpt: 'Paraphrase: Paul greets Urbanus, a fellow worker in Christ, and Stachys, his beloved.'
clm-stephanas-active-ephesus	approved	cascade-curator	2026-03-16T20:00:00Z	Passage psg-acts-19-1-10 explicitly places stephanas in ephesus. Excerpt: 'Paraphrase: Paul teaches in Ephesus and the message spreads broadly in the region.'
clm-stephanas-active-ephesus	approved	cascade-curator	2026-03-17T04:00:00Z	Confidence calibrated: high->medium (certainty=probable, pred=active_in)
clm-stephen-active-jerusalem	approved	cascade-curator	2026-03-16T20:00:00Z	Passage psg-acts-7-54-60 explicitly places stephen in jerusalem. Excerpt: 'Paraphrase: Stephen is stoned outside Jerusalem after his witness before the council.'
clm-stephen-i-affirms-apostolic-succession	approved	cascade-curator	2026-03-16T20:30:00Z	Third-party source (passage psg-eusebius-he-7-3) reports stephen-i-pope as affirming 'apostolic-succession-transmits-faith'. Excerpt: 'Paraphrase: Eusebius reports that Stephen of Rome wrote to Cypria
clm-stephen-i-affirms-apostolic-succession	reviewed	cascade-curator	2026-03-16T16:00:00Z	Only contextualizing evidence for stephen-i-pope person_affirms_proposition 'apostolic-succession-transmits-faith'. The person's connection to this proposition needs stronger direct attestation. Excerpt: 'Paraphrase: Eusebius reports that Stephen of Rome wrote to Cyprian and the African bishops concernin...'
clm-stephen-i-affirms-apostolic-succession	reviewed	cascade-curator	2026-03-16T20:00:00Z	Third-party attestation from passage psg-eusebius-he-7-3: stephen-i-pope is reported as affirming 'apostolic-succession-transmits-faith'. Excerpt: 'Paraphrase: Eusebius reports that Stephen of Rome wr
clm-stephen-i-bishop-rome	approved	cascade-curator	2026-03-16T20:00:00Z	Passage psg-eusebius-he-7-3 directly names stephen-i-pope as bishop of rome. Excerpt: 'Paraphrase: Eusebius reports that Stephen of Rome wrote to Cyprian and the African bishops concerning the rebapti
clm-stephen-i-bishop-rome	reviewed	cascade-curator	2026-03-16T16:00:00Z	Evidence supports stephen-i-pope bishop_of rome. Excerpt: 'Paraphrase: Eusebius reports that Stephen of Rome wrote to Cyprian and the African bishops concernin...'
clm-stephen-i-member-roman-church	approved	cascade-curator	2026-03-16T20:00:00Z	Passage psg-eusebius-he-7-3 explicitly names stephen-i-pope as member of roman-church. Excerpt: 'Paraphrase: Eusebius reports that Stephen of Rome wrote to Cyprian and the African bishops concerning t
clm-stephen-i-member-roman-church	reviewed	cascade-curator	2026-03-16T16:00:00Z	Evidence supports stephen-i-pope member_of_group roman-church but excerpt does not explicitly name both entities. Excerpt: 'Paraphrase: Eusebius reports that Stephen of Rome wrote to Cyprian and the African bishops concernin...'
clm-stephen-i-opposes-rebaptism	approved	cascade-curator	2026-03-16T20:30:00Z	Third-party source (passage psg-eusebius-he-7-3) reports stephen-i-pope as opposing 'heretic-baptism-is-invalid'. Excerpt: 'Paraphrase: Eusebius reports that Stephen of Rome wrote to Cyprian and the A
clm-stephen-i-opposes-rebaptism	approved	cascade-curator	2026-03-16T22:30:00Z	QA-upgraded: attested claim with explicit direct evidence → approved/high. person_opposes_proposition (stephen-i-pope → heretic-baptism-is-invalid). Passage psg-eusebius-he-7-3: 'Paraphrase: Eusebius
clm-stephen-i-opposes-rebaptism	reviewed	cascade-curator	2026-03-16T16:00:00Z	Evidence supports stephen-i-pope person_opposes_proposition 'heretic-baptism-is-invalid'. Excerpt: 'Paraphrase: Eusebius reports that Stephen of Rome wrote to Cyprian and the African bishops concernin...'
clm-stephen-i-opposes-rebaptism	reviewed	cascade-curator	2026-03-16T20:00:00Z	Third-party attestation from passage psg-eusebius-he-7-3: stephen-i-pope is reported as opposing 'heretic-baptism-is-invalid'. Excerpt: 'Paraphrase: Eusebius reports that Stephen of Rome wrote to Cypr
clm-stephen-in-martyrdom	approved	cascade-curator	2026-03-16T20:00:00Z	Passage psg-acts-7-54-60 explicitly names stephen as participant in stephens-martyrdom. Excerpt: 'Paraphrase: Stephen is stoned outside Jerusalem after his witness before the council.'
clm-stephen-jerusalem-church	approved	cascade-curator	2026-03-16T20:00:00Z	Passage psg-acts-7-54-60 explicitly names stephen as member of jerusalem-church. Excerpt: 'Paraphrase: Stephen is stoned outside Jerusalem after his witness before the council.'
clm-stephen-jerusalem-church	approved	cascade-curator	2026-03-17T04:00:00Z	Confidence calibrated: high->medium (certainty=probable, pred=member_of_group)
clm-stephens-martyrdom-at-jerusalem	approved	cascade-curator	2026-03-16T20:00:00Z	Passage psg-acts-7-54-60 explicitly places stephens-martyrdom at jerusalem. Excerpt: 'Paraphrase: Stephen is stoned outside Jerusalem after his witness before the council.'
clm-stephens-martyrdom-year	approved	cascade-curator	2026-03-16T12:00:00Z	Acts 7:54-60 explicitly narrates Stephen's stoning. The event year (~33-36 CE) correlates with Paul's conversion account in the same passage (7:58; 9:1-19). Event and approximate year are well-attested.
clm-stephens-martyrdom-year	approved	cascade-curator	2026-03-17T04:00:00Z	Confidence calibrated: high->medium (certainty=probable, pred=event_has_year)
clm-strom-affirms-apostolic-succession	approved	cascade-curator	2026-03-16T20:00:00Z	Passage psg-clement-strom-7-17-105-108 from stromateis directly treats proposition 'apostolic-succession-transmits-faith'. The work's affirms is attested from its own text. Excerpt: 'They preserve the
clm-strom-affirms-continual-prayer	approved	cascade-curator	2026-03-16T20:00:00Z	Passage psg-clement-strom-7-7-43-45 from stromateis directly treats proposition 'prayer-is-offered-without-ceasing'. The work's affirms is attested from its own text. Excerpt: 'The spiritual person pr
clm-strom-affirms-fasting	approved	cascade-curator	2026-03-16T20:00:00Z	Passage psg-clement-strom-3-18-109 from stromateis directly treats proposition 'fasting-is-required'. The work's affirms is attested from its own text. Excerpt: 'Paraphrase: Clement rejects the encrat
clm-strom-affirms-fasting	approved	cascade-curator	2026-03-17T04:00:00Z	Confidence calibrated: high->medium (certainty=probable, pred=work_affirms_proposition)
clm-strom-affirms-fasting	reviewed	cascade-curator	2026-03-16T16:00:00Z	Only contextualizing evidence for stromateis work_affirms_proposition fasting-is-required. Passage psg-clement-strom-3-18-109: 'Paraphrase: Clement rejects the encratite condemnation of marriage while explicitly praising virgini...' A more directly relevant passage would strengthen this claim.
clm-strom-affirms-incarnation	approved	cascade-curator	2026-03-16T20:00:00Z	Passage psg-clement-strom-7-7-43-45 from stromateis directly treats proposition 'christ-truly-became-flesh'. The work's affirms is attested from its own text. Excerpt: 'The spiritual person prays in t
clm-strom-affirms-incarnation	approved	cascade-curator	2026-03-17T04:00:00Z	Confidence calibrated: high->medium (certainty=probable, pred=work_affirms_proposition)
clm-strom-affirms-incarnation	reviewed	cascade-curator	2026-03-16T16:00:00Z	Only contextualizing evidence for stromateis work_affirms_proposition christ-truly-became-flesh. Passage psg-clement-strom-7-7-43-45: 'The spiritual person prays in thought during every hour, being united with God through love. And thr...' A more directly relevant passage would strengthen this claim.
clm-strom-affirms-logos	approved	cascade-curator	2026-03-16T15:00:00Z	Stromateis 1.5 and throughout identifies Christ as the Logos who has been present in all philosophical truth. The Logos doctrine is Clement's organizing theological principle. Directly attested.
clm-strom-affirms-logos	approved	cascade-curator	2026-03-17T04:00:00Z	Confidence calibrated: high->medium (certainty=probable, pred=work_affirms_proposition)
clm-strom-affirms-philosophy-schoolmaster	approved	cascade-curator	2026-03-16T20:00:00Z	Passage psg-clement-strom-1-5-28 from stromateis directly treats proposition 'greek-philosophy-prepared-gentiles-for-gospel'. The work's affirms is attested from its own text. Excerpt: 'Before the adv
clm-strom-affirms-rule-of-faith	approved	cascade-curator	2026-03-16T20:00:00Z	Passage psg-clement-strom-7-17-105-108 from stromateis directly treats proposition 'rule-of-faith-received-from-apostles'. The work's affirms is attested from its own text. Excerpt: 'They preserve the
clm-strom-affirms-rule-of-faith	reviewed	cascade-curator	2026-03-16T15:00:00Z	Stromateis 7.15 discusses the rule of faith in the context of the true Gnostic. Clement affirms the apostolic standard of faith while interpreting it philosophically. The proposition is supported but within a complex framework. Medium confidence.
clm-strom-affirms-virginity-honored	approved	cascade-curator	2026-03-16T20:00:00Z	Passage psg-clement-strom-3-18-109 from stromateis directly treats proposition 'virginity-is-honored-calling'. The work's affirms is attested from its own text. Excerpt: 'Paraphrase: Clement rejects t
clm-stromata-by-clement	approved	cascade-curator	2026-03-16T20:00:00Z	Passage psg-clement-strom-1-5-28 is drawn from stromateis itself, directly confirming authorship. Excerpt: 'Before the advent of the Lord, philosophy was necessary to the Greeks for righteousness. And
clm-stromata-by-clement	approved	cascade-curator	2026-03-17T04:00:00Z	Confidence calibrated: high->medium (certainty=probable, pred=authored_by)
clm-stromata-by-clement	reviewed	cascade-curator	2026-03-16T16:00:00Z	Only contextualizing evidence for stromateis authored_by clement-of-alexandria. Scholarly attribution accepted but not textually attested in the excerpt. Excerpt: 'Before the advent of the Lord, philosophy was necessary to the Greeks for righteousness. And now it ...'
clm-stromateis-written-at-alexandria	approved	cascade-curator	2026-03-16T20:30:00Z	stromateis written at alexandria: passage psg-clement-strom-1-5-28 supports the place attribution (biographical or internal evidence). Excerpt: 'Before the advent of the Lord, philosophy was necessary
clm-stromateis-written-at-alexandria	reviewed	cascade-curator	2026-03-16T20:00:00Z	stromateis written at alexandria: biographical consensus supported by passage psg-clement-strom-1-5-28. No explicit internal naming of alexandria. Excerpt: 'Before the advent of the Lord, philosophy w
clm-synod-bostra-occurs-at-bostra	approved	cascade-curator	2026-03-16T16:00:00Z	Passage psg-eusebius-he-6-19 directly places synod-of-bostra at bostra: 'Paraphrase: Origen's fame spread throughout the whole world; Beryllus of Bostra, Alexander of Jerusalem, and many other ...'
clm-synod-bostra-year	approved	cascade-curator	2026-03-16T20:00:00Z	Passage psg-eusebius-he-6-19 explicitly attests the year for synod-of-bostra. Excerpt: 'Paraphrase: Origen's fame spread throughout the whole world; Beryllus of Bostra, Alexander of Jerusalem, and man
clm-synod-bostra-year	reviewed	cascade-curator	2026-03-16T16:00:00Z	Passage psg-eusebius-he-6-19 supports the year claim for synod-of-bostra (-) but excerpt does not name the event explicitly. Excerpt: 'Paraphrase: Origen's fame spread throughout the whole world; Beryllus of Bostra, Alexander of Jerusa...'
clm-syntyche-active-philippi	approved	cascade-curator	2026-03-16T20:00:00Z	Passage psg-phil-4-2-3 explicitly places syntyche in philippi. Excerpt: 'Paraphrase: Euodia and Syntyche labored side by side with Paul in the gospel.'
clm-syntyche-philippian-church	approved	cascade-curator	2026-03-16T20:00:00Z	Passage psg-phil-4-2-3 explicitly names syntyche as member of philippian-church. Excerpt: 'Paraphrase: Euodia and Syntyche labored side by side with Paul in the gospel.'
clm-tabitha-active-joppa	approved	cascade-curator	2026-03-16T20:00:00Z	Passage psg-acts-9-36-43 explicitly places tabitha in joppa. Excerpt: 'Paraphrase: In Joppa, the disciple Tabitha dies and is raised, and many in the city believe in the Lord.'
clm-tabitha-member-disciples	approved	cascade-curator	2026-03-17T04:00:00Z	Confidence calibrated: high->medium (certainty=probable, pred=member_of_group)
clm-tatian-active-antioch	approved	cascade-curator	2026-03-16T20:00:00Z	Passage psg-tatian-oration-6 explicitly places tatian-the-assyrian in antioch. Excerpt: 'God is a Spirit, not pervading matter, but the maker of material spirits and of the forms that are in matter; h
clm-tatian-active-antioch	approved	cascade-curator	2026-03-17T04:00:00Z	Confidence calibrated: high->medium (certainty=probable, pred=active_in)
clm-tatian-active-edessa	approved	cascade-curator	2026-03-16T20:00:00Z	Passage psg-eusebius-he-4-30 explicitly places tatian-the-assyrian in edessa. Excerpt: 'Paraphrase: Eusebius reports that Bardaisan of Edessa was at first a follower of Valentinus but later turned aga
clm-tatian-active-edessa	approved	cascade-curator	2026-03-17T04:00:00Z	Confidence calibrated: high->medium (certainty=probable, pred=active_in)
clm-tatian-active-rome	approved	cascade-curator	2026-03-17T04:00:00Z	Confidence calibrated: high->medium (certainty=probable, pred=active_in)
clm-tatian-affirms-encratism	approved	cascade-curator	2026-03-17T12:30:00Z	Upgraded reviewed→approved: probable certainty with direct supports evidence. Confidence set to medium.
clm-tatian-affirms-encratism	reviewed	cascade-curator	2026-03-16T22:30:00Z	QA-full: person_affirms_proposition (tatian-the-assyrian → encratism-is-required) cert=probable: no supports evidence; downgraded approved/high → reviewed/medium.
clm-tatian-affirms-encratism	reviewed	cascade-curator	2026-03-16T23:00:00Z	Reviewed (contextual): tatian-the-assyrian person_affirms_proposition 'encratism-is-required'. Certainty probable. Passage psg-eusebius-he-4-30: 'Paraphrase: Eusebius reports that Bardaisan of Edessa
clm-tatian-affirms-gospel-harmony	approved	cascade-curator	2026-03-17T12:30:00Z	Upgraded reviewed→approved: probable certainty with direct supports evidence. Confidence set to medium.
clm-tatian-affirms-gospel-harmony	reviewed	cascade-curator	2026-03-16T22:30:00Z	QA-full: person_affirms_proposition (tatian-the-assyrian → gospel-harmony-is-authoritative) cert=probable: no supports evidence; downgraded approved/high → reviewed/medium.
clm-tatian-affirms-gospel-harmony	reviewed	cascade-curator	2026-03-16T23:00:00Z	Reviewed (contextual): tatian-the-assyrian person_affirms_proposition 'gospel-harmony-is-authoritative'. Certainty probable. Passage psg-eusebius-he-4-30: 'Paraphrase: Eusebius reports that Bardaisan
clm-tatian-coworker-justin	approved	cascade-curator	2026-03-17T04:00:00Z	Confidence calibrated: high->medium (certainty=probable, pred=coworker_of)
clm-tatian-member-roman-church	approved	cascade-curator	2026-03-16T20:00:00Z	Passage psg-tatian-oration-4 explicitly names tatian-the-assyrian as member of roman-church. Excerpt: 'We are not fools, men of Greece, nor are we uttering nonsense when we report that God was born in
clm-tatian-member-roman-church	approved	cascade-curator	2026-03-17T04:00:00Z	Confidence calibrated: high->medium (certainty=probable, pred=member_of_group)
clm-temple-year	approved	cascade-curator	2026-03-16T20:30:00Z	Year for temple-cleansing: – CE well-supported by passage psg-mark-11-15-18. Certainty probable. Excerpt: 'Paraphrase: Jesus enters the temple precincts in Jerusalem and disrupts buying and selling.'
clm-temple-year	reviewed	cascade-curator	2026-03-16T12:00:00Z	Mark 11:15-18 narrates the temple cleansing immediately after the triumphal entry. Both events are placed in the same passion week; year follows the same inference as the entry (~30-33 CE).
clm-temple-year	reviewed	cascade-curator	2026-03-16T20:00:00Z	Year for temple-cleansing supported by passage psg-mark-11-15-18. Excerpt: 'Paraphrase: Jesus enters the temple precincts in Jerusalem and disrupts buying and selling.'
clm-tertullian-active-carthage	approved	cascade-curator	2026-03-16T20:00:00Z	Passage psg-tertullian-apol-39 explicitly places tertullian in carthage. Excerpt: 'We are a body knit together by a common religious profession, by unity of discipline, and by the bond of a common hop
clm-tertullian-active-carthage	reviewed	cascade-curator	2026-03-16T16:00:00Z	Evidence supports tertullian active_in carthage. Passage excerpt does not name both explicitly. Excerpt: 'We are a body knit together by a common religious profession, by unity of discipline, and by the bon...'
clm-tertullian-active-rome	approved	cascade-curator	2026-03-17T12:30:00Z	Upgraded reviewed→approved: probable certainty with direct supports evidence. Confidence set to medium.
clm-tertullian-active-rome	reviewed	cascade-curator	2026-03-16T20:30:00Z	Claim clm-tertullian-active-rome (active_in: tertullian → rome) has only contextualizing evidence. Certainty probable is appropriate given indirect support.
clm-tertullian-active-rome	reviewed	cascade-curator	2026-03-16T23:00:00Z	"Reviewed (contextual): tertullian active_in rome. Certainty probable. No passage directly names tertullian in rome; inference from passage psg-eusebius-he-6-19: ""Paraphrase: Origen's fame spread throu"
clm-tertullian-affirms-catechumenate	approved	cascade-curator	2026-03-17T12:30:00Z	Upgraded reviewed→approved: probable certainty with direct supports evidence. Confidence set to medium.
clm-tertullian-affirms-catechumenate	reviewed	cascade-curator	2026-03-16T22:30:00Z	QA-full: person_affirms_proposition (tertullian → catechumenate-precedes-baptism) cert=probable: no supports evidence; downgraded approved/high → reviewed/medium.
clm-tertullian-affirms-catechumenate	reviewed	cascade-curator	2026-03-16T23:00:00Z	Reviewed (contextual): tertullian person_affirms_proposition 'catechumenate-precedes-baptism'. Certainty probable. Passage psg-tertullian-apol-39: 'We are a body knit together by a common religious pr
clm-tertullian-affirms-eucharist-sacrifice	approved	cascade-curator	2026-03-17T12:30:00Z	Upgraded reviewed→approved: probable certainty with direct supports evidence. Confidence set to medium.
clm-tertullian-affirms-eucharist-sacrifice	reviewed	cascade-curator	2026-03-16T22:30:00Z	QA-full: person_affirms_proposition (tertullian → eucharist-is-sacrifice) cert=probable: no supports evidence; downgraded approved/high → reviewed/medium.
clm-tertullian-affirms-eucharist-sacrifice	reviewed	cascade-curator	2026-03-16T23:00:00Z	"Reviewed (contextual): tertullian person_affirms_proposition 'eucharist-is-sacrifice'. Certainty probable. Passage psg-tertullian-adv-marc-4-40: ""Having taken the bread and given it to his disciples,"
clm-tertullian-affirms-fasting	approved	cascade-curator	2026-03-17T12:30:00Z	Upgraded reviewed→approved: probable certainty with direct supports evidence. Confidence set to medium.
clm-tertullian-affirms-fasting	reviewed	cascade-curator	2026-03-16T22:30:00Z	QA-full: person_affirms_proposition (tertullian → fasting-is-required) cert=probable: no supports evidence; downgraded approved/high → reviewed/medium.
clm-tertullian-affirms-fasting	reviewed	cascade-curator	2026-03-16T23:00:00Z	Reviewed (contextual): tertullian person_affirms_proposition 'fasting-is-required'. Certainty probable. Passage psg-tertullian-apol-39: 'We are a body knit together by a common religious profession, b
clm-tertullian-develops-trinitarian-formula	approved	cascade-curator	2026-03-17T12:30:00Z	Upgraded reviewed→approved: probable certainty with direct supports evidence. Confidence set to medium.
clm-tertullian-develops-trinitarian-formula	reviewed	cascade-curator	2026-03-16T16:00:00Z	Only contextualizing evidence for tertullian person_develops_proposition 'trinity-is-three-persons-one-substance'. The person's connection to this proposition needs stronger direct attestation. Excerpt: 'We do indeed believe that there is only one God, but under this dispensation, or oikonomia as we cal...'
clm-tertullian-develops-trinitarian-formula	reviewed	cascade-curator	2026-03-16T20:30:00Z	Claim clm-tertullian-develops-trinitarian-formula (person_develops_proposition: tertullian → trinity-is-three-persons-one-substance) has only contextualizing evidence. Certainty probable is appropriat
clm-tertullian-develops-trinitarian-formula	reviewed	cascade-curator	2026-03-16T23:00:00Z	Reviewed (contextual): tertullian person_develops_proposition 'trinity-is-three-persons-one-substance'. Certainty probable. Passage psg-tertullian-adv-prax-2: 'We do indeed believe that there is only
clm-tertullian-member-montanists	approved	cascade-curator	2026-03-17T12:30:00Z	Upgraded reviewed→approved: probable certainty with direct supports evidence. Confidence set to medium.
clm-tertullian-member-montanists	reviewed	cascade-curator	2026-03-16T13:00:00Z	Tertullian's Montanist phase is documented by his later writings (e.g., De Ecstasi, references to 'the Paraclete' in works like Adv. Praxean). Ancient sources including Jerome (De Vir. Ill. 53) confirm his turn toward Montanism in later life. The Adv. Praxean 2 passage contextualizes; medium confidence because the break and exact timing is debated.
clm-tertullian-member-montanists	reviewed	cascade-curator	2026-03-16T20:30:00Z	Claim clm-tertullian-member-montanists (member_of_group: tertullian → montanists) has only contextualizing evidence. Certainty probable is appropriate given indirect support.
clm-tertullian-member-montanists	reviewed	cascade-curator	2026-03-16T23:00:00Z	Reviewed (contextual): tertullian member_of_group montanists. Certainty probable. Passage psg-tertullian-adv-prax-2: 'We do indeed believe that there is only one God, but under this dispensation, or o
clm-tertullian-originated-carthage	approved	cascade-curator	2026-03-17T12:30:00Z	Upgraded reviewed→approved: probable certainty with direct supports evidence. Confidence set to medium.
clm-tertullian-originated-carthage	reviewed	cascade-curator	2026-03-16T17:00:00Z	Only contextualizing evidence for tertullian originating in carthage. Excerpt: 'We do indeed believe that there is only one God, but under this dispensation, or oikonomia as we call it, the one God ha'
clm-tertullian-originated-carthage	reviewed	cascade-curator	2026-03-16T20:30:00Z	Claim clm-tertullian-originated-carthage (originated_in: tertullian → carthage) has only contextualizing evidence. Certainty probable is appropriate given indirect support.
clm-tertullian-originated-carthage	reviewed	cascade-curator	2026-03-16T23:00:00Z	Reviewed (contextual): tertullian originated_in carthage. Certainty probable. Passage psg-tertullian-adv-prax-2: 'We do indeed believe that there is only one God, but under this dispensation, or oikon
clm-tertullian-teacher-cyprian	approved	cascade-curator	2026-03-16T20:00:00Z	Passage psg-eusebius-he-6-20-43 explicitly names tertullian as teacher of cyprian-of-carthage. Excerpt: 'Paraphrase: Eusebius reports that Hippolytus was a bishop somewhere and that he composed variou
clm-tertullian-teacher-cyprian	approved	cascade-curator	2026-03-17T04:00:00Z	Confidence calibrated: high->medium (certainty=probable, pred=teacher_of)
clm-tertullian-teacher-cyprian	reviewed	cascade-curator	2026-03-16T16:00:00Z	Evidence supports tertullian teacher_of cyprian-of-carthage. Excerpt: 'Paraphrase: Eusebius reports that Hippolytus was a bishop somewhere and that he composed various wor...'
clm-tertullus-active-caesarea	approved	cascade-curator	2026-03-16T20:00:00Z	Passage psg-acts-24-1-9 explicitly places tertullus in caesarea. Excerpt: 'Paraphrase: Tertullus presents the case against Paul before Felix in Caesarea on behalf of the Jerusalem leadership.'
clm-theophilus-active-india	approved	cascade-curator	2026-03-16T16:00:00Z	Passage psg-philostorgius-he-3-4 directly places theophilus-the-indian in india-malabar: 'Paraphrase: Theophilus called the Indian was sent by Emperor Constantius on an embassy to the Himyarites in south Arabia...'
clm-theophilus-active-india	approved	cascade-curator	2026-03-17T04:00:00Z	Confidence calibrated: high->low (certainty=possible, pred=active_in)
clm-theophilus-active-zafar	approved	cascade-curator	2026-03-16T16:00:00Z	Passage psg-philostorgius-he-3-4 directly places theophilus-the-indian in zafar: 'Paraphrase: Theophilus called the Indian was sent by Emperor Constantius on an embassy to the Himyarites in south Arabia...'
clm-theophilus-active-zafar	approved	cascade-curator	2026-03-17T04:00:00Z	Confidence calibrated: high->medium (certainty=probable, pred=active_in)
clm-theophilus-bishop-antioch	approved	cascade-curator	2026-03-16T20:00:00Z	Passage psg-theophilus-autol-2-10 directly names theophilus-of-antioch as bishop of antioch. Excerpt: 'God, then, having his own Word internal within his own bowels, begat him, emitting him along with
clm-theophilus-bishop-antioch	approved	cascade-curator	2026-03-17T04:00:00Z	Confidence calibrated: high->medium (certainty=probable, pred=bishop_of)
clm-theophilus-member-arabian	approved	cascade-curator	2026-03-16T20:00:00Z	Passage psg-philostorgius-he-3-4 explicitly names theophilus-the-indian as member of arabian-christians. Excerpt: 'Paraphrase: Theophilus called the Indian was sent by Emperor Constantius on an embass
clm-theophilus-member-arabian	approved	cascade-curator	2026-03-17T04:00:00Z	Confidence calibrated: high->medium (certainty=probable, pred=member_of_group)
clm-theophilus-member-arabian	reviewed	cascade-curator	2026-03-16T13:00:00Z	Philostorgius HE 3.4 describes Theophilus as sent from the Arabian Christians (Himyarite region). His connection to that community is directly attested by Philostorgius, though Philostorgius is a heterodox source (Eunomian). Medium confidence.
clm-theophilus-mission-at-zafar	approved	cascade-curator	2026-03-16T16:00:00Z	Passage psg-philostorgius-he-3-4 directly places mission-of-theophilus-to-himyar at zafar: 'Paraphrase: Theophilus called the Indian was sent by Emperor Constantius on an embassy to the Himyarites in south Arabia...'
clm-theophilus-mission-at-zafar	approved	cascade-curator	2026-03-17T04:00:00Z	Confidence calibrated: high->medium (certainty=probable, pred=event_occurs_at)
clm-theophilus-mission-year	approved	cascade-curator	2026-03-16T16:00:00Z	Passage psg-philostorgius-he-3-4 directly attests mission-of-theophilus-to-himyar with year evidence (-). Excerpt: 'Paraphrase: Theophilus called the Indian was sent by Emperor Constantius on an embassy to the Himyarites in south Arabia...'
clm-theophilus-mission-year	approved	cascade-curator	2026-03-17T04:00:00Z	Confidence calibrated: high->medium (certainty=probable, pred=event_has_year)
clm-theophilus-participant-himyar-mission	approved	cascade-curator	2026-03-16T16:00:00Z	Passage psg-philostorgius-he-3-4 directly names theophilus-the-indian as a participant in mission-of-theophilus-to-himyar: 'Paraphrase: Theophilus called the Indian was sent by Emperor Constantius on an embassy to the Himyarites in south Arabia...' Claim is directly attested.
clm-theophilus-participant-himyar-mission	approved	cascade-curator	2026-03-17T04:00:00Z	Confidence calibrated: high->medium (certainty=probable, pred=participant_in)
clm-thomas-active-galilee	approved	cascade-curator	2026-03-17T04:00:00Z	Confidence calibrated: high->medium (certainty=probable, pred=active_in)
clm-thomas-active-india	approved	cascade-curator	2026-03-17T12:30:00Z	Upgraded reviewed→approved: claimed_tradition certainty with direct supports evidence. Confidence set to low.
clm-thomas-active-india	reviewed	cascade-curator	2026-03-16T16:00:00Z	Only contextualizing evidence for thomas active in india-malabar. Excerpt: 'Paraphrase: Theophilus proceeded from the Himyarites to his own country where he found Christians wh...'
clm-thomas-active-india	reviewed	cascade-curator	2026-03-16T20:30:00Z	Claim clm-thomas-active-india (active_in: thomas → india-malabar) has only contextualizing evidence. Certainty claimed_tradition is appropriate given indirect support.
clm-thomas-active-india	reviewed	cascade-curator	2026-03-16T23:00:00Z	Reviewed (contextual): thomas active_in india-malabar. Certainty claimed_tradition. No passage directly names thomas in india-malabar; inference from passage psg-philostorgius-he-3-6: 'Paraphrase: The
clm-thomas-active-jerusalem	approved	cascade-curator	2026-03-16T20:00:00Z	Passage psg-acts-1-13-14 explicitly places thomas in jerusalem. Excerpt: 'Paraphrase: The apostles, the women, and Mary the mother of Jesus are gathered in Jerusalem.'
clm-thomas-affirms-thomas-india	approved	cascade-curator	2026-03-17T12:30:00Z	Upgraded reviewed→approved: claimed_tradition certainty with direct supports evidence. Confidence set to low.
clm-thomas-affirms-thomas-india	reviewed	cascade-curator	2026-03-16T16:00:00Z	Only contextualizing evidence for thomas person_affirms_proposition 'thomas-preached-in-india'. The person's connection to this proposition needs stronger direct attestation. Excerpt: 'Paraphrase: The Hymn of the Pearl tells of a prince sent to Egypt to retrieve a pearl guarded by a s...'
clm-thomas-affirms-thomas-india	reviewed	cascade-curator	2026-03-16T20:30:00Z	Claim clm-thomas-affirms-thomas-india (person_affirms_proposition: thomas → thomas-preached-in-india) has only contextualizing evidence. Certainty claimed_tradition is appropriate given indirect suppo
clm-thomas-affirms-thomas-india	reviewed	cascade-curator	2026-03-16T23:00:00Z	Reviewed (contextual): thomas person_affirms_proposition 'thomas-preached-in-india'. Certainty claimed_tradition. Passage psg-acts-thomas-108-113: 'Paraphrase: The Hymn of the Pearl tells of a prince
clm-thomas-disciple	approved	cascade-curator	2026-03-16T20:00:00Z	Passage psg-matt-10-2-4 explicitly names thomas as member of disciples-of-jesus. Excerpt: 'Paraphrase: Matthew lists the names of the Twelve apostles including Thomas, Matthew, Philip, and Bartholomew
clm-thomas-in-pentecost	approved	cascade-curator	2026-03-17T04:00:00Z	Confidence calibrated: high->medium (certainty=probable, pred=participant_in)
clm-timothy-active-antioch	approved	cascade-curator	2026-03-17T04:00:00Z	Confidence calibrated: high->medium (certainty=probable, pred=active_in)
clm-timothy-active-berea	approved	cascade-curator	2026-03-16T20:00:00Z	Passage psg-acts-17-10-15 explicitly places timothy in berea. Excerpt: 'Paraphrase: Paul and his companions minister in Berea where many receive the message eagerly.'
clm-timothy-active-corinth	approved	cascade-curator	2026-03-17T04:00:00Z	Confidence calibrated: high->medium (certainty=probable, pred=active_in)
clm-timothy-active-ephesus	approved	cascade-curator	2026-03-17T15:30:00Z	Review aligned: claim status=deprecated.
clm-timothy-active-lystra	approved	cascade-curator	2026-03-16T20:00:00Z	Passage psg-acts-16-1-3 explicitly places timothy in lystra. Excerpt: 'Paraphrase: Paul comes to Lystra, where he finds Timothy, a disciple well spoken of by the believers there and in Iconiu'
clm-timothy-active-philippi	approved	cascade-curator	2026-03-16T20:00:00Z	Passage psg-acts-16-1-3 explicitly places timothy in philippi. Excerpt: 'Paraphrase: Paul comes to Lystra, where he finds Timothy, a disciple well spoken of by the believers there and in Iconiu'
clm-timothy-active-philippi	approved	cascade-curator	2026-03-17T04:00:00Z	Confidence calibrated: high->medium (certainty=probable, pred=active_in)
clm-timothy-active-rome	approved	cascade-curator	2026-03-17T04:00:00Z	Confidence calibrated: high->medium (certainty=probable, pred=active_in)
clm-timothy-active-thessalonica	approved	cascade-curator	2026-03-17T04:00:00Z	Confidence calibrated: high->medium (certainty=probable, pred=active_in)
clm-timothy-bishop-ephesus	approved	cascade-curator	2026-03-16T20:00:00Z	Passage psg-1tim-1-3 directly names timothy as bishop of ephesus. Excerpt: 'Paraphrase: Paul urges Timothy to remain on at Ephesus to charge certain persons not to teach differently.'
clm-timothy-bishop-ephesus	approved	cascade-curator	2026-03-17T04:00:00Z	Confidence calibrated: high->medium (certainty=probable, pred=bishop_of)
clm-timothy-coworker-epaphroditus	approved	cascade-curator	2026-03-17T04:00:00Z	Confidence calibrated: high->medium (certainty=probable, pred=coworker_of)
clm-timothy-disciple	approved	cascade-curator	2026-03-17T04:00:00Z	Confidence calibrated: high->medium (certainty=probable, pred=member_of_group)
clm-timothy-member-ephesian-church	approved	cascade-curator	2026-03-17T04:00:00Z	Confidence calibrated: high->medium (certainty=probable, pred=member_of_group)
clm-timothy-member-philippian	approved	cascade-curator	2026-03-17T04:00:00Z	Confidence calibrated: high->medium (certainty=probable, pred=member_of_group)
clm-titius-justus-active-corinth	approved	cascade-curator	2026-03-16T20:00:00Z	Passage psg-acts-18-7 explicitly places titius-justus in corinth. Excerpt: 'Paraphrase: Paul stays in Corinth with Titius Justus, whose house is next door to the synagogue.'
clm-titius-justus-member-corinthian	approved	cascade-curator	2026-03-17T04:00:00Z	Confidence calibrated: high->medium (certainty=probable, pred=member_of_group)
clm-titus-active-corinth	approved	cascade-curator	2026-03-17T04:00:00Z	Confidence calibrated: high->medium (certainty=probable, pred=active_in)
clm-titus-active-crete	approved	cascade-curator	2026-03-17T15:30:00Z	Review aligned: claim status=deprecated.
clm-titus-active-dalmatia	approved	cascade-curator	2026-03-16T20:00:00Z	Passage psg-2tim-4-10-12 explicitly places titus in dalmatia. Excerpt: 'Paraphrase: Paul says Demas has gone to Thessalonica, Crescens to Galatia, Titus to Dalmatia, and Tychicus has been sent'
clm-titus-active-jerusalem	approved	cascade-curator	2026-03-17T04:00:00Z	Confidence calibrated: high->medium (certainty=probable, pred=active_in)
clm-titus-bishop-crete	approved	cascade-curator	2026-03-16T22:30:00Z	QA-enhanced: bishop_of (titus → crete) cert=probable. Primary passage psg-titus-1-5: 'Paraphrase: Paul says that he left Titus in Crete to set in order what remained and appoint elders in every town.'
clm-titus-bishop-crete	approved	cascade-curator	2026-03-17T04:00:00Z	Confidence calibrated: high->medium (certainty=probable, pred=bishop_of)
clm-titus-by-paul	approved	cascade-curator	2026-03-17T06:00:00Z	Traditional Pauline attribution (Tit 1:1); classified as Pastoral Epistle, widely regarded as deuteropauline.
clm-titus-disciple	approved	cascade-curator	2026-03-17T04:00:00Z	Confidence calibrated: high->medium (certainty=probable, pred=member_of_group)
clm-titus-disciple	needs_revision	cascade-curator	2026-03-17T09:30:00Z	Superseded: duplicate of clm-titus-member-disciples (titus member_of_group disciples-of-jesus); year ranges merged.
clm-titus-member-corinthian	approved	cascade-curator	2026-03-17T04:00:00Z	Confidence calibrated: high->medium (certainty=probable, pred=member_of_group)
clm-titus-member-disciples	approved	cascade-curator	2026-03-17T12:30:00Z	Upgraded reviewed→approved: probable certainty with direct supports evidence. Confidence set to medium.
clm-titus-member-disciples	reviewed	cascade-curator	2026-03-16T20:30:00Z	Claim clm-titus-member-disciples (member_of_group: titus → disciples-of-jesus) has only contextualizing evidence. Certainty probable is appropriate given indirect support.
clm-titus-member-disciples	reviewed	cascade-curator	2026-03-16T23:00:00Z	Reviewed (contextual): titus member_of_group disciples-of-jesus. Certainty probable. Passage psg-acts-16-3: 'Paraphrase: Paul wants Timothy to accompany him on the journey.'. Membership inferred from
clm-torture-decius-occurs-at-caesarea	approved	cascade-curator	2026-03-16T16:00:00Z	Passage psg-eusebius-he-6-19 directly places origen-torture-under-decius at caesarea: 'Paraphrase: Origen's fame spread throughout the whole world; Beryllus of Bostra, Alexander of Jerusalem, and many other ...'
clm-torture-decius-occurs-at-caesarea	approved	cascade-curator	2026-03-17T04:00:00Z	Confidence calibrated: high->medium (certainty=probable, pred=event_occurs_at)
clm-torture-decius-year	approved	cascade-curator	2026-03-16T20:00:00Z	Passage psg-eusebius-he-6-19 explicitly attests the year for origen-torture-under-decius. Excerpt: 'Paraphrase: Origen's fame spread throughout the whole world; Beryllus of Bostra, Alexander of Jerusa
clm-torture-decius-year	reviewed	cascade-curator	2026-03-16T16:00:00Z	Passage psg-eusebius-he-6-19 supports the year claim for origen-torture-under-decius (-) but excerpt does not name the event explicitly. Excerpt: 'Paraphrase: Origen's fame spread throughout the whole world; Beryllus of Bostra, Alexander of Jerusa...'
clm-trophimus-active-asia	approved	cascade-curator	2026-03-16T20:00:00Z	Passage psg-acts-20-4 explicitly places trophimus in asia. Excerpt: 'Paraphrase: Sopater of Berea and Aristarchus and Secundus of Thessalonica are named among Paul's companions.'
clm-trophimus-active-jerusalem	approved	cascade-curator	2026-03-16T20:00:00Z	Passage psg-acts-21-29 explicitly places trophimus in jerusalem. Excerpt: 'Paraphrase: Jews in Jerusalem have previously seen Trophimus the Ephesian with Paul in the city.'
clm-trophimus-active-miletus	approved	cascade-curator	2026-03-16T20:00:00Z	Passage psg-2tim-4-20 explicitly places trophimus in miletus. Excerpt: 'Paraphrase: Paul notes that Trophimus was left ill at Miletus.'
clm-tryphaena-active-rome	approved	cascade-curator	2026-03-16T20:00:00Z	Passage psg-rom-16-12 explicitly places tryphaena in rome. Excerpt: 'Paraphrase: Paul greets Tryphaena, Tryphosa, and Persis, women who labored much in the Lord.'
clm-tryphaena-roman-church	approved	cascade-curator	2026-03-16T20:00:00Z	Passage psg-rom-16-12 explicitly names tryphaena as member of roman-church. Excerpt: 'Paraphrase: Paul greets Tryphaena, Tryphosa, and Persis, women who labored much in the Lord.'
clm-tryphosa-active-rome	approved	cascade-curator	2026-03-16T20:00:00Z	Passage psg-rom-16-12 explicitly places tryphosa in rome. Excerpt: 'Paraphrase: Paul greets Tryphaena, Tryphosa, and Persis, women who labored much in the Lord.'
clm-tryphosa-roman-church	approved	cascade-curator	2026-03-16T20:00:00Z	Passage psg-rom-16-12 explicitly names tryphosa as member of roman-church. Excerpt: 'Paraphrase: Paul greets Tryphaena, Tryphosa, and Persis, women who labored much in the Lord.'
clm-tychicus-active-asia	approved	cascade-curator	2026-03-16T20:00:00Z	Passage psg-acts-20-4 explicitly places tychicus in asia. Excerpt: 'Paraphrase: Sopater of Berea and Aristarchus and Secundus of Thessalonica are named among Paul's companions.'
clm-tychicus-active-ephesus	approved	cascade-curator	2026-03-16T20:00:00Z	Passage psg-2tim-4-10-12 explicitly places tychicus in ephesus. Excerpt: 'Paraphrase: Paul says Demas has gone to Thessalonica, Crescens to Galatia, Titus to Dalmatia, and Tychicus has been sent'
clm-tychicus-active-jerusalem	approved	cascade-curator	2026-03-17T04:00:00Z	Confidence calibrated: high->medium (certainty=probable, pred=active_in)
clm-tyrannus-active-ephesus	approved	cascade-curator	2026-03-16T20:00:00Z	Passage psg-acts-19-9 explicitly places tyrannus in ephesus. Excerpt: 'Paraphrase: Paul withdraws to reason daily in the hall of Tyrannus in Ephesus.'
clm-urban-i-bishop-rome	approved	cascade-curator	2026-03-16T20:00:00Z	Passage psg-eusebius-he-6-20-43 directly names urban-i as bishop of rome. Excerpt: 'Paraphrase: Eusebius reports that Hippolytus was a bishop somewhere and that he composed various works. In HE 6.43,
clm-urban-i-bishop-rome	approved	cascade-curator	2026-03-17T04:00:00Z	Confidence calibrated: high->medium (certainty=probable, pred=bishop_of)
clm-urban-i-bishop-rome	reviewed	cascade-curator	2026-03-16T16:00:00Z	Evidence supports urban-i bishop_of rome. Excerpt: 'Paraphrase: Eusebius reports that Hippolytus was a bishop somewhere and that he composed various wor...'
clm-urban-i-member-roman-church	approved	cascade-curator	2026-03-16T20:00:00Z	Passage psg-eusebius-he-6-20-43 explicitly names urban-i as member of roman-church. Excerpt: 'Paraphrase: Eusebius reports that Hippolytus was a bishop somewhere and that he composed various works. In
clm-urban-i-member-roman-church	approved	cascade-curator	2026-03-17T04:00:00Z	Confidence calibrated: high->medium (certainty=probable, pred=member_of_group)
clm-urban-i-member-roman-church	reviewed	cascade-curator	2026-03-16T16:00:00Z	Evidence supports urban-i member_of_group roman-church but excerpt does not explicitly name both entities. Excerpt: 'Paraphrase: Eusebius reports that Hippolytus was a bishop somewhere and that he composed various wor...'
clm-urbanus-active-rome	approved	cascade-curator	2026-03-16T20:00:00Z	Passage psg-rom-16-9 explicitly places urbanus in rome. Excerpt: 'Paraphrase: Paul greets Urbanus, a fellow worker in Christ, and Stachys, his beloved.'
clm-urbanus-roman-church	approved	cascade-curator	2026-03-16T20:00:00Z	Passage psg-rom-16-9 explicitly names urbanus as member of roman-church. Excerpt: 'Paraphrase: Paul greets Urbanus, a fellow worker in Christ, and Stachys, his beloved.'
clm-valentinians-at-alexandria	approved	cascade-curator	2026-03-16T20:00:00Z	Passage psg-irenaeus-ah-1-10-1 explicitly places valentinians at alexandria. Excerpt: 'Paraphrase: The Church dispersed throughout the whole world received from the apostles this faith: in one God the
clm-valentinians-at-alexandria	approved	cascade-curator	2026-03-17T04:00:00Z	Confidence calibrated: high->medium (certainty=probable, pred=group_present_at)
clm-valentinians-at-antioch	approved	cascade-curator	2026-03-16T20:00:00Z	Passage psg-irenaeus-ah-1-11-1 explicitly places valentinians at antioch. Excerpt: 'Valentinus adapted the principles of the heretical school called Gnostic to his own peculiar character of school. He
clm-valentinians-at-antioch	approved	cascade-curator	2026-03-17T04:00:00Z	Confidence calibrated: high->medium (certainty=probable, pred=group_present_at)
clm-valentinians-at-carthage	approved	cascade-curator	2026-03-16T20:00:00Z	Passage psg-irenaeus-ah-1-11-1 explicitly places valentinians at carthage. Excerpt: 'Valentinus adapted the principles of the heretical school called Gnostic to his own peculiar character of school. H
clm-valentinians-at-carthage	approved	cascade-curator	2026-03-17T04:00:00Z	Confidence calibrated: high->medium (certainty=probable, pred=group_present_at)
clm-valentinians-at-egypt	approved	cascade-curator	2026-03-17T12:30:00Z	Upgraded reviewed→approved: probable certainty with direct supports evidence. Confidence set to medium.
clm-valentinians-at-egypt	reviewed	cascade-curator	2026-03-16T20:30:00Z	Claim clm-valentinians-at-egypt (group_present_at: valentinians → egypt) has only contextualizing evidence. Certainty probable is appropriate given indirect support.
clm-valentinians-at-egypt	reviewed	cascade-curator	2026-03-16T23:00:00Z	Reviewed (contextual): valentinians group_present_at egypt. Certainty probable. Passage psg-irenaeus-ah-1-11-1: 'Valentinus adapted the principles of the heretical school called Gnostic to his own pec
clm-valentinians-at-ephesus	approved	cascade-curator	2026-03-17T12:30:00Z	Upgraded reviewed→approved: probable certainty with direct supports evidence. Confidence set to medium.
clm-valentinians-at-ephesus	reviewed	cascade-curator	2026-03-16T20:30:00Z	Claim clm-valentinians-at-ephesus (group_present_at: valentinians → ephesus) has only contextualizing evidence. Certainty probable is appropriate given indirect support.
clm-valentinians-at-ephesus	reviewed	cascade-curator	2026-03-16T23:00:00Z	Reviewed (contextual): valentinians group_present_at ephesus. Certainty probable. Passage psg-wikipedia-gnostic-spread: 'Gnostic movements including Valentinianism and Docetism were present across the
clm-valentinians-at-gaul	approved	cascade-curator	2026-03-16T20:00:00Z	Passage psg-eusebius-he-5-1 explicitly places valentinians at gaul. Excerpt: 'The servants of Christ dwelling in Vienne and Lyons in Gaul... were harassed in many ways by the evil one.'
clm-valentinians-at-gaul	approved	cascade-curator	2026-03-17T04:00:00Z	Confidence calibrated: high->medium (certainty=probable, pred=group_present_at)
clm-valentinians-present-rome	approved	cascade-curator	2026-03-16T20:00:00Z	Passage psg-irenaeus-ah-3-4-3 explicitly places valentinians at rome. Excerpt: 'Paraphrase: Valentinus came to Rome in the time of Hyginus; Cerdon, Marcion's predecessor, also came in the time of Hygi
clm-valentinians-schismed-from-roman	approved	cascade-curator	2026-03-17T04:00:00Z	Confidence calibrated: high->medium (certainty=probable, pred=group_schismed_from)
clm-valentinus-active-alexandria	approved	cascade-curator	2026-03-16T20:00:00Z	Passage psg-eusebius-he-4-11-1-4 explicitly places valentinus in alexandria. Excerpt: 'Valentinus came to Rome in the time of Hyginus, flourished under Pius, and remained until Anicetus. Cerdo, his pr
clm-valentinus-active-alexandria	approved	cascade-curator	2026-03-17T04:00:00Z	Confidence calibrated: high->medium (certainty=probable, pred=active_in)
clm-valentinus-member-valentinians	approved	cascade-curator	2026-03-16T22:30:00Z	QA-enhanced: member_of_group (valentinus → valentinians) cert=attested. Primary passage psg-eusebius-he-4-11-1-4: 'Valentinus came to Rome in the time of Hyginus, flourished under Pius, and remained u
clm-valentinus-opposes-apostolic-succession	approved	cascade-curator	2026-03-17T04:00:00Z	Confidence calibrated: high->medium (certainty=probable, pred=person_opposes_proposition)
clm-valentinus-opposes-incarnation	approved	cascade-curator	2026-03-17T04:00:00Z	Confidence calibrated: high->medium (certainty=probable, pred=person_opposes_proposition)
clm-valentinus-opposes-ot-scripture	approved	cascade-curator	2026-03-17T04:00:00Z	Confidence calibrated: high->medium (certainty=probable, pred=person_opposes_proposition)
clm-valentinus-opposes-passion	approved	cascade-curator	2026-03-17T04:00:00Z	Confidence calibrated: high->medium (certainty=probable, pred=person_opposes_proposition)
clm-valentinus-opposes-resurrection	approved	cascade-curator	2026-03-16T22:30:00Z	QA-enhanced: person_opposes_proposition (valentinus → bodies-will-be-raised-at-last-day) cert=attested. Primary passage psg-irenaeus-ah-1-11-1: 'Valentinus adapted the principles of the heretical scho
clm-valentinus-opposes-rule-of-faith	approved	cascade-curator	2026-03-17T04:00:00Z	Confidence calibrated: high->medium (certainty=probable, pred=person_opposes_proposition)
clm-victor-bishop-rome	approved	cascade-curator	2026-03-16T20:00:00Z	Passage psg-eusebius-he-5-24 directly names victor-i-of-rome as bishop of rome. Excerpt: 'Paraphrase: Irenaeus wrote to Victor of Rome urging peace over the Easter controversy; he noted that diverse c
clm-victor-bishop-rome	approved	cascade-curator	2026-03-17T04:00:00Z	Confidence calibrated: high->medium (certainty=probable, pred=bishop_of)
clm-victor-in-quartodeciman	approved	cascade-curator	2026-03-16T20:00:00Z	Passage psg-eusebius-he-5-24 explicitly names victor-i-of-rome as participant in quartodeciman-controversy. Excerpt: 'Paraphrase: Irenaeus wrote to Victor of Rome urging peace over the Easter controve
clm-victor-member-roman-church	approved	cascade-curator	2026-03-16T22:30:00Z	QA-enhanced: member_of_group (victor-i-of-rome → roman-church) cert=probable. Primary passage psg-eusebius-he-5-24: 'Paraphrase: Irenaeus wrote to Victor of Rome urging peace over the Easter controver
clm-victor-member-roman-church	approved	cascade-curator	2026-03-17T04:00:00Z	Confidence calibrated: high->medium (certainty=probable, pred=member_of_group)
clm-victor-person-affirms-episcopal-chair	approved	cascade-curator	2026-03-16T20:30:00Z	Third-party source (passage psg-eusebius-he-5-24) reports victor-i-of-rome as affirming 'bishop-succession-guarantees-apostolic-faith'. Excerpt: 'Paraphrase: Irenaeus wrote to Victor of Rome urging pe
clm-victor-person-affirms-episcopal-chair	reviewed	cascade-curator	2026-03-16T20:00:00Z	Third-party attestation from passage psg-eusebius-he-5-24: victor-i-of-rome is reported as affirming 'bishop-succession-guarantees-apostolic-faith'. Excerpt: 'Paraphrase: Irenaeus wrote to Victor of R
clm-vita-const-affirms-ethiopia	approved	cascade-curator	2026-03-16T20:00:00Z	Passage psg-vita-const-letter-constantius from vita-constantini-eusebius directly treats proposition 'christianity-established-in-ethiopia'. The work's affirms is attested from its own text. Excerpt:
clm-vita-const-affirms-ethiopia	approved	cascade-curator	2026-03-17T04:00:00Z	Confidence calibrated: high->medium (certainty=probable, pred=work_affirms_proposition)
clm-vita-const-affirms-ethiopia	reviewed	cascade-curator	2026-03-16T16:00:00Z	Only contextualizing evidence for vita-constantini-eusebius work_affirms_proposition christianity-established-in-ethiopia. Passage psg-vita-const-letter-constantius: 'Paraphrase: Emperor Constantius II wrote to the rulers of Aksum Ezana and Sayzana requesting that Fr...' A more directly relevant passage would strengthen this claim.
clm-vita-const-affirms-universal	approved	cascade-curator	2026-03-16T20:00:00Z	Passage psg-vita-const-letter-constantius from vita-constantini-eusebius directly treats proposition 'christ-dominion-is-universal'. The work's affirms is attested from its own text. Excerpt: 'Paraphr
clm-vita-const-affirms-universal	approved	cascade-curator	2026-03-17T04:00:00Z	Confidence calibrated: high->medium (certainty=probable, pred=work_affirms_proposition)
clm-vita-const-affirms-universal	reviewed	cascade-curator	2026-03-16T14:00:00Z	The Vita Constantini letter passage contextualizes Constantine's universal mission claim but does not specifically attest 'Christ's dominion is universal' as a theological proposition. It attests Constantine's imperial theology. Strong inference that his letters assume universal Christological authority.
clm-vita-const-by-eusebius	approved	cascade-curator	2026-03-16T20:00:00Z	Passage psg-vita-const-letter-constantius is drawn from vita-constantini-eusebius itself, directly confirming authorship. Excerpt: 'Paraphrase: Emperor Constantius II wrote to the rulers of Aksum Ezan
clm-vita-const-by-eusebius	reviewed	cascade-curator	2026-03-16T16:00:00Z	Evidence supports vita-constantini-eusebius authored_by eusebius-of-caesarea; passage psg-vita-const-letter-constantius provides supporting context. Excerpt: 'Paraphrase: Emperor Constantius II wrote to the rulers of Aksum Ezana and Sayzana requesting that Fr...'
clm-vita-const-mentions-arabia	approved	cascade-curator	2026-03-16T20:00:00Z	Passage psg-vita-const-letter-constantius from vita-constantini-eusebius directly treats proposition 'christianity-established-in-arabia'. The work's mentions is attested from its own text. Excerpt: '
clm-vita-const-mentions-arabia	approved	cascade-curator	2026-03-17T04:00:00Z	Confidence calibrated: high->low (certainty=possible, pred=work_mentions_proposition)
clm-vita-const-mentions-arabia	reviewed	cascade-curator	2026-03-16T14:00:00Z	The Vita Constantini letter passage references Arabia contextually in the context of Constantine's diplomatic outreach. This attests Constantine's claim of Arabia's inclusion in his Christian empire, not independent evidence of Christian communities there.
clm-vita-const-mentions-ethiopia	approved	cascade-curator	2026-03-16T20:00:00Z	Passage psg-athanasius-apol-const-29-31 from vita-constantini-eusebius directly treats proposition 'christianity-established-in-ethiopia'. The work's mentions is attested from its own text. Excerpt: '
clm-vita-const-mentions-ethiopia	reviewed	cascade-curator	2026-03-16T16:00:00Z	Passage psg-athanasius-apol-const-29-31 from vita-constantini-eusebius supports but the excerpt does not use the exact language of 'christianity-established-in-ethiopia'. The proposition is conveyed through the overall context of this passage. Excerpt: 'Paraphrase: Athanasius recounts how Frumentius was consecrated bishop for the Indians (Aksumites) an...'
clm-vita-const-mentions-india	approved	cascade-curator	2026-03-16T20:00:00Z	Passage psg-vita-const-letter-constantius from vita-constantini-eusebius directly treats proposition 'gospel-reached-india'. The work's mentions is attested from its own text. Excerpt: 'Paraphrase: Em
clm-vita-const-mentions-india	approved	cascade-curator	2026-03-17T04:00:00Z	Confidence calibrated: high->low (certainty=possible, pred=work_mentions_proposition)
clm-vita-const-mentions-india	reviewed	cascade-curator	2026-03-16T14:00:00Z	Same as Arabia: the Vita Constantini passage contextualizes Constantine's universalist claims including India but does not independently attest Indian Christianity. Medium confidence.
clm-vita-const-written-caesarea	approved	cascade-curator	2026-03-16T20:30:00Z	vita-constantini-eusebius written at caesarea: passage psg-athanasius-apol-const-29-31 supports the place attribution (biographical or internal evidence). Excerpt: 'Paraphrase: Athanasius recounts how
clm-vita-const-written-caesarea	reviewed	cascade-curator	2026-03-16T16:00:00Z	Only contextualizing evidence for vita-constantini-eusebius written_at caesarea. Provenance relies on biographical tradition rather than internal textual evidence. Excerpt: 'Paraphrase: Athanasius recounts how Frumentius was consecrated bishop for the Indians (Aksumites) an...'
clm-vita-const-written-caesarea	reviewed	cascade-curator	2026-03-16T20:00:00Z	vita-constantini-eusebius written at caesarea: biographical consensus supported by passage psg-athanasius-apol-const-29-31. No explicit internal naming of caesarea. Excerpt: 'Paraphrase: Athanasius re
clm-war-scroll-judgment	approved	cascade-curator	2026-03-16T20:00:00Z	Passage psg-war-scroll-1-1-5 from war-scroll directly treats proposition 'final-judgment-is-coming'. The work's affirms is attested from its own text. Excerpt: 'Paraphrase: The text sets out the final
clm-war-scroll-judgment	approved	cascade-curator	2026-03-17T04:00:00Z	Confidence calibrated: high->medium (certainty=probable, pred=work_affirms_proposition)
clm-wisdom-judgment	approved	cascade-curator	2026-03-16T20:00:00Z	Passage psg-wisdom-3-18-19 from wisdom-of-solomon directly treats proposition 'final-judgment-is-coming'. The work's affirms is attested from its own text. Excerpt: 'Paraphrase: The ungodly will come
clm-wisdom-judgment	approved	cascade-curator	2026-03-17T04:00:00Z	Confidence calibrated: high->medium (certainty=probable, pred=work_affirms_proposition)
clm-zealots-at-judea	approved	cascade-curator	2026-03-17T12:30:00Z	Upgraded reviewed→approved: probable certainty with direct supports evidence. Confidence set to medium.
clm-zealots-at-judea	reviewed	cascade-curator	2026-03-16T20:30:00Z	Claim clm-zealots-at-judea (group_present_at: zealots → judea) has only contextualizing evidence. Certainty probable is appropriate given indirect support.
clm-zealots-at-judea	reviewed	cascade-curator	2026-03-16T23:00:00Z	Reviewed (contextual): zealots group_present_at judea. Certainty probable. Passage psg-acts-1-13-14: 'Paraphrase: The apostles, the women, and Mary the mother of Jesus are gathered in Jerusalem.'. Gro
clm-zephyrinus-bishop-rome	approved	cascade-curator	2026-03-16T16:00:00Z	Passage psg-hippolytus-ref-9-12-zeph directly attests zephyrinus as bishop of rome: 'Paraphrase: Zephyrinus was an ignorant and illiterate individual, and one unskilled in the definitions of the Church. Ca...'
clm-zephyrinus-in-schism	approved	cascade-curator	2026-03-17T04:00:00Z	Confidence calibrated: high->medium (certainty=probable, pred=participant_in)
clm-zephyrinus-member-roman-church	approved	cascade-curator	2026-03-16T16:00:00Z	Passage psg-hippolytus-ref-9-12-zeph confirms zephyrinus as member of roman-church: 'Paraphrase: Zephyrinus was an ignorant and illiterate individual, and one unskilled in the definitions of the Church. Ca...'
