claim_id	reviewer_id	review_status	reviewed_at	confidence	note
clm-1apology-by-justin	cascade-audit-v2	approved	2026-03-17T03:55:00Z	medium	1 Apol. 13 paraphrase: Justin's first-person defence; authorship evident from context but not stated in ch.13. Paraphrase cap: mode->strong_inference, wt 0.8->0.7.
clm-1clement-addressed-corinth	cascade-audit-v2	approved	2026-03-17T03:40:00Z	high	1 Clem. salutation: 'church of God at Rome to church of God sojourning at Corinth' — direct quote, addressed-to-Corinth directly stated. mode=explicit, wt=1.0 correct.
clm-1clement-affirms-bodily-resurrection	cascade-audit-v2	approved	2026-03-17T03:40:00Z	high	1 Clem. 24-26: 'The blessed resurrection which is to come' — bodily resurrection directly stated. Direct quote, mode=explicit, wt=1.0 correct.
clm-1clement-affirms-episcopal-chair	cascade-audit-v2	approved	2026-03-17T03:40:00Z	medium	psg-42 row: succession chain (God→Christ→Apostles→bishops) implies episcopal chair. Mode->strong_inference, wt 1.0->0.75. psg-44 contextualizes row: evidence_role should be changed to supports (ch.44 explicitly teaches succession) — flag for data edit.
clm-1clement-affirms-fasting	cascade-audit-v2	approved	2026-03-17	low	No evidence rows; claim derived from work-level analysis of first-epistle-of-clement. Low-confidence approval per audit plan Cat A.
clm-1clement-affirms-frequent-eucharist	cascade-audit-v2	approved	2026-03-17T03:40:00Z	medium	1 Clem. 40-41: OT levitical order analogy for Christian sacrifice/offerings implies regular Eucharist assembly. Mode->strong_inference, wt 0.9->0.7.
clm-1clement-affirms-incarnation	cascade-audit-v2	approved	2026-03-17	low	No evidence rows; claim derived from work-level analysis of first-epistle-of-clement. Low-confidence approval per audit plan Cat A.
clm-1clement-affirms-logos	cascade-audit-v2	approved	2026-03-17T03:40:00Z	medium	1 Clem. 42: 'Jesus the Christ was sent from God' — Logos preexistence distantly implied but not named. Mode->weak_inference, wt 0.7->0.5.
clm-1clement-affirms-martyrdom-witness	cascade-audit-v2	approved	2026-03-17T03:40:00Z	high	1 Clem. 5.1-7 paraphrase: Peter and Paul as exemplary martyrs — faithful witness to Christ before death. Paraphrase cap: mode->strong_inference, wt 1.0->0.85.
clm-1clement-affirms-ordination	cascade-audit-v2	approved	2026-03-17	low	No evidence rows; claim derived from work-level analysis of first-epistle-of-clement. Low-confidence approval per audit plan Cat A.
clm-1clement-affirms-ot-scripture	cascade-audit-v2	approved	2026-03-17T03:40:00Z	medium	1 Clem. 24-26: OT imagery (seeds, day/night cycle, phoenix) cited as proofs of resurrection. OT used as authoritative. Mode->strong_inference, wt 0.8->0.7.
clm-1clement-affirms-repentance	cascade-audit-v2	approved	2026-03-17	low	No evidence rows; claim derived from work-level analysis of first-epistle-of-clement. Low-confidence approval per audit plan Cat A.
clm-1clement-affirms-rule-of-faith	cascade-audit-v2	approved	2026-03-17T03:40:00Z	medium	1 Clem. 44: apostolic succession of bishops — rule of faith through apostolic transmission implied. Mode->strong_inference, wt 1.0->0.75.
clm-1clement-affirms-succession	cascade-audit-v2	approved	2026-03-17T03:40:00Z	high	psg-42: 'apostles received the gospel from Christ; Christ from God' — succession chain directly stated. mode=explicit, wt=1.0 correct. psg-44 contextualizes row should be role=supports; flag for data edit.
clm-1clement-affirms-threefold	cascade-audit-v2	approved	2026-03-17T03:40:00Z	medium	1 Clem. 42: apostles appointed bishops and deacons; presbytery contextually present. Mode->strong_inference, wt 0.9->0.8.
clm-1clement-by-clement	cascade-audit-v2	approved	2026-03-17T03:40:00Z	medium	Salutation does not name Clement; attribution rests on Eusebius HE 3.16 and Dionysius of Corinth's testimony. Mode->weak_inference, wt 0.8->0.55.
clm-1clement-written-rome	cascade-audit-v2	approved	2026-03-17T03:40:00Z	high	1 Clem. salutation: 'church of God which sojourns at Rome' — Rome directly stated. mode=explicit, wt=1.0 correct.
clm-1clement-year-end	cascade-audit-v2	approved	2026-03-17T03:40:00Z	medium	1 Clem. 24-26: year-end date is a scholarly inference from internal chronological indicators. mode=strong_inference retained, wt 0.8->0.5.
clm-1clement-year-start	cascade-audit-v2	approved	2026-03-17T03:40:00Z	medium	1 Clem. 24-26: year-start date is a scholarly inference from internal chronological indicators. mode=strong_inference retained, wt 0.8->0.5.
clm-1cor-year-end	cascade-audit-v2	approved	2026-03-17	low	1 Cor 1:2 (paraphrase): Dating from epistolary context and scholarly consensus.
clm-1cor-year-start	cascade-audit-v2	approved	2026-03-17	low	1 Cor 1:2 (paraphrase): Dating from epistolary context and scholarly consensus.
clm-1corinthians-by-paul	cascade-audit-v2	approved	2026-03-17	high	1 Cor 1:1 (paraphrase): Paul explicitly self-identifies. Universally accepted authentic Pauline letter.
clm-1john-affirms-incarnation	cascade-audit-v2	approved	2026-03-18T02:45:19Z	high	1 John 4:2 explicitly affirms incarnation: 'Jesus Christ has come in the flesh.' Verified ESV.
clm-1john-affirms-logos	cascade-audit-v2	approved	2026-03-18T02:45:19Z	high	1 John 1:1: 'the word of life' that was 'from the beginning' — Logos pre-existence. Verified ESV.
clm-1john-by-john	cascade-audit-v2	approved	2026-03-17	low	NO_SUPPORTS flag. AH 3.1.1 mentions John's Gospel at Ephesus but NOT 1 John. Only Johannine school contextualization. Weight reduced.
clm-1pet-affirms-baptism-regen	cascade-audit-v2	approved	2026-03-17	high	1 Pet 3:21 (verbatim): 'baptism now saves you.' Explicit baptismal regeneration. 1 Clement 40-41 contextualization is weak (liturgical order, not baptism) but tolerable at 0.5.
clm-1peter-by-peter	cascade-audit-v2	approved	2026-03-18T02:56:13Z	low	Contextualizes-only evidence: psg-irenaeus-ah-3-1-1. authored_by first-epistle-of-peter->simon-peter is historically defensible but lacks direct supports passage. cert=probable. Upgradeable with fresh primary passage.
clm-1thess-by-paul	cascade-audit-v2	approved	2026-03-17	high	1 Thess 1:1 explicit self-identification. AH 3.1.1 contextualizer weight capped.
clm-1timothy-by-paul	cascade-audit-v2	approved	2026-03-18T02:56:13Z	low	Contextualizes-only evidence: psg-irenaeus-ah-3-1-1. authored_by first-epistle-to-timothy->paul is historically defensible but lacks direct supports passage. cert=probable. Upgradeable with fresh primary passage.
clm-2corinthians-by-paul	cascade-audit-v2	approved	2026-03-17	high	2 Cor 1:1 explicit authorship verified. Irenaeus AH 3.1.1 MISLINKED (discusses Gospels, not Pauline letters). Downgraded.
clm-2john-by-john	cascade-audit-v2	approved	2026-03-17	low	2 Jn 1:1 self-identifies as 'the Elder.' AH 3.1.1 contextualizes only (Gospels). Papias distinction creates genuine uncertainty.
clm-2peter-by-peter	cascade-audit-v2	approved	2026-03-17	low	2 Pet 1:1 self-identifies as Peter. Psg-irenaeus-ah-3-1-1 contextualizes only (Gospels only, no 2 Peter mention). Latest NT writing, widely regarded as pseudonymous (c. 100-150 CE), not attested before Origen.
clm-2thessalonians-by-paul	cascade-audit-v2	approved	2026-03-18T02:56:13Z	low	Contextualizes-only evidence: psg-irenaeus-ah-3-1-1. authored_by second-epistle-to-the-thessalonians->paul is historically defensible but lacks direct supports passage. cert=probable. Upgradeable with fresh primary passage.
clm-2timothy-by-paul	cascade-audit-v2	approved	2026-03-18T02:56:13Z	low	Contextualizes-only evidence: psg-irenaeus-ah-3-1-1. authored_by second-epistle-to-timothy->paul is historically defensible but lacks direct supports passage. cert=probable. Upgradeable with fresh primary passage.
clm-3john-authored-by-john-son-of-zebedee	cascade-audit-v2	approved	2026-03-17	medium	3 John 1:1: 'the elder.' strong_inference correct. Weight lowered to 0.7 for WEIGHT_CERTAINTY_TENSION.
clm-abgar-in-conversion-edessa	cascade-audit-v2	approved	2026-03-17	low	MISLINK: HE 1.13 describes legendary Abgar V (1st c.), not historical Abgar VIII (c. 200). Entity notes acknowledge distinction. Evidence retained as weak contextualizer for Edessa conversion tradition. Web verified.
clm-abgar-member-edessa-church	cascade-audit-v2	approved	2026-03-17	low	TERTIARY_ONLY: Wikipedia mentions Edessa as early Christian center but doesn't attest Abgar VIII specifically. Downgraded to contextualizes. Web verified.
clm-acts-affirms-baptism-regen	cascade-audit-v2	approved	2026-03-18T02:45:19Z	high	Acts 2:38 directly links baptism to forgiveness of sins and gift of the Holy Spirit. Regeneration strongly implied. Verified ESV.
clm-acts-affirms-baptism-water	cascade-audit-v2	approved	2026-03-18T02:45:19Z	high	Acts 8:36-38 explicitly describes water baptism. 'See, here is water!' Verified ESV.
clm-acts-affirms-eucharist-sunday	cascade-audit-v2	approved	2026-03-17	low	Acts 20:7 (paraphrase): Excerpt omits 'first day of week' and 'break bread.' Passage relevant but paraphrase needs update.
clm-acts-by-luke	cascade-audit-v2	approved	2026-03-17	medium	AH 3.1.1 (paraphrase): Supports Luke authorship of Gospel; Acts authorship inferred from common authorship tradition.
clm-acts-repentance	cascade-audit-v2	approved	2026-03-18T02:45:19Z	high	Acts 17:30 explicitly commands universal repentance. Verified ESV.
clm-acts-resurrection	cascade-audit-v2	approved	2026-03-17	high	Acts 2:32 (paraphrase): 'God raised Jesus up, apostles are witnesses.' Directly supports.
clm-acts-thomas-affirms-ascetic-covenant	cascade-audit-v2	approved	2026-03-17T06:30:00Z	medium	B083: AoT 27 paraphrase: oil as seal of covenant/qyama, renunciation context. mode explicit->strong_inference, wt 0.7->0.65.
clm-acts-thomas-affirms-baptism-regeneration	cascade-audit-v2	approved	2026-03-17T06:30:00Z	medium	B083: AoT 27 paraphrase: anointing and water initiate convert; regeneration is theological inference. mode explicit->strong_inference, wt 0.8->0.65.
clm-acts-thomas-affirms-baptism-water	cascade-audit-v2	approved	2026-03-17T06:30:00Z	high	B083: AoT 27 paraphrase: water baptism directly stated. mode explicit->strong_inference, wt 0.9->0.8.
clm-acts-thomas-affirms-baptismal-anointing	cascade-audit-v2	approved	2026-03-17T06:30:00Z	high	B083: AoT 27 paraphrase: Thomas anoints with oil before water baptism directly stated. mode explicit->strong_inference, wt 1.0->0.85.
clm-acts-thomas-affirms-encratism	cascade-audit-v2	approved	2026-03-17T06:30:00Z	high	B083: AoT 49-50 paraphrase: bread-and-water Eucharist, continence required. Encratism directly shown. mode explicit->strong_inference, wt 1.0->0.85.
clm-acts-thomas-affirms-fasting	cascade-audit-v2	approved	2026-03-17	low	Existing contextualizes evidence only; no direct supports passage found in acts-of-thomas. Low-confidence approval per audit plan Cat A.
clm-acts-thomas-affirms-prayer	cascade-audit-v2	approved	2026-03-17	low	Existing contextualizes evidence only; no direct supports passage found in acts-of-thomas. Low-confidence approval per audit plan Cat A.
clm-acts-thomas-affirms-repentance	cascade-audit-v2	approved	2026-03-17T06:30:00Z	low	B083: Hymn of Pearl allegorical return motif supports repentance weakly. mode explicit->weak_inference, wt (unscored)->0.4. Garbage weight field fixed.
clm-acts-thomas-affirms-second-marriage-forbidden	cascade-audit-v2	approved	2026-03-17	low	Existing contextualizes evidence only; no direct supports passage found in acts-of-thomas. Low-confidence approval per audit plan Cat A.
clm-acts-thomas-affirms-thomas-india	cascade-audit-v2	approved	2026-03-17	low	Existing contextualizes evidence only; no direct supports passage found in acts-of-thomas. Low-confidence approval per audit plan Cat A.
clm-acts-thomas-affirms-virginity	cascade-audit-v2	approved	2026-03-17	low	Existing contextualizes evidence only; no direct supports passage found in acts-of-thomas. Low-confidence approval per audit plan Cat A.
clm-acts-thomas-mentions-baptismal-anointing	cascade-audit-v2	approved	2026-03-17	low	Existing contextualizes evidence only; no direct supports passage found in acts-of-thomas. Low-confidence approval per audit plan Cat A.
clm-acts-thomas-mentions-eucharist	cascade-audit-v2	approved	2026-03-17T06:30:00Z	high	B083: AoT 49-50 paraphrase: Thomas breaks bread, bread-and-water Eucharist. mode explicit->strong_inference, wt 1.0->0.85.
clm-acts-thomas-mentions-incarnation	cascade-audit-v2	approved	2026-03-17T06:30:00Z	low	B083: Hymn of Pearl allegorical descent/return; christological reading debated. mode explicit->weak_inference, wt 0.7->0.4.
clm-acts-thomas-mentions-india-reached	cascade-audit-v2	approved	2026-03-17	low	Existing contextualizes evidence only; no direct supports passage found in acts-of-thomas. Low-confidence approval per audit plan Cat A.
clm-acts-thomas-written-edessa	cascade-audit-v2	approved	2026-03-17T06:30:00Z	low	B083: Hymn of Pearl (108-113) linked to Bardaisan/Edessa via Syriac literary tradition; Edessa not named in text. mode strong_inference retained, wt (unscored)->0.5.
clm-ad-autolycum-affirms-bodily-resurrection	cascade-audit-v2	approved	2026-03-17	high	Autol. 1.13 (verbatim): 'made again after dissolution.' Explicit resurrection defense.
clm-ad-autolycum-affirms-logos	cascade-audit-v2	approved	2026-03-17	high	Autol. 2.10 (verbatim): Logos begotten before all things. Autol. 2.15: Word in Trinity. Explicit Logos theology.
clm-ad-autolycum-affirms-trinity	cascade-audit-v2	approved	2026-03-18T02:48:22Z	medium	Ad Autol. 2.15 contains first known use of Greek word 'Trias' (Trinity): 'the three days... are types of the Trinity, of God, and His Word, and His Wisdom.' Upgraded to supports. Verified.
clm-ad-autolycum-by-theophilus	cascade-audit-v2	approved	2026-03-17	high	Ad Autolycum 1.1 (verbatim): 'Theophilus to Autolycus.' Direct authorship. Autol. 2.10 corroborates.
clm-ad-autolycum-written-antioch	cascade-audit-v2	approved	2026-03-17	medium	Autol. 2.10 (verbatim): Logos theology. Antioch provenance inferred from Theophilus's bishopric. Assertion_mode fixed to strong_inference.
clm-ad-donatum-affirms-baptism-illumin	cascade-audit-v2	approved	2026-03-17	high	Ad Don. 3-4 (paraphrase): 'light from above poured upon my heart.' Baptismal illumination. Capped.
clm-ad-donatum-affirms-baptism-regen	cascade-audit-v2	approved	2026-03-17	high	Ad Don. 3-4 (paraphrase): 'water of new birth' + 'second birth.' Classic regeneration. Capped.
clm-ad-donatum-affirms-baptism-water	cascade-audit-v2	approved	2026-03-17	high	Ad Don. 3-4 (paraphrase): 'stain washed away by the water of new birth.' Explicit water. Capped.
clm-ad-donatum-affirms-penance	cascade-audit-v2	approved	2026-03-18T02:56:13Z	low	Contextualizes-only evidence: psg-cyprian-ad-donatum-3-4. work_mentions_proposition ad-donatum->post-baptismal-sin-forgiven-by-penance is historically defensible but lacks direct supports passage. cert=probable. Upgradeable with fresh primary passage.
clm-ad-donatum-affirms-spectacles	cascade-audit-v2	approved	2026-03-18T02:56:13Z	low	Contextualizes-only evidence: psg-cyprian-ad-donatum-3-4. work_mentions_proposition ad-donatum->christians-avoid-public-spectacles is historically defensible but lacks direct supports passage. cert=probable. Upgradeable with fresh primary passage.
clm-ad-donatum-affirms-trinitarian-baptism	cascade-audit-v2	approved	2026-03-17	low	Ad Don. 3-4 (paraphrase): 'Spirit breathed from heaven.' No explicit Trinitarian formula. Weak inference.
clm-ad-donatum-by-cyprian	cascade-audit-v2	approved	2026-03-17	high	Ad Don. 3-4 (paraphrase): self-evidential authorship. Capped per paraphrase.
clm-ad-donatum-written-carthage	cascade-audit-v2	approved	2026-03-17	low	Ad Don. 3-4 (paraphrase): Carthage not named. Inferred from Cyprian's residence. Capped.
clm-addai-active-edessa	cascade-audit-v2	approved	2026-03-16T23:26:24Z	high	Superseded: active_in derivable from event/work claims (R8), narrow year range.
clm-addai-coworker-thomas	cascade-audit-v2	approved	2026-03-17	medium	HE 1.13: Thomas sends Thaddeus (Addai) as delegate to Edessa. Coworker inferred from sender-delegate pattern.
clm-addai-in-conversion-edessa	cascade-audit-v2	approved	2026-03-17	medium	HE 1.13: Eusebius preserves Abgar-Addai tradition. Legendary but early attestation (c. 325).
clm-addai-member-edessa-church	cascade-audit-v2	approved	2026-03-17	medium	HE 1.13: Addai founds Edessa church per tradition preserved by Eusebius.
clm-address-origen-affirms-allegorical	cascade-audit-v2	approved	2026-03-17	medium	Address 6 (paraphrase): 'study of Scripture' in curriculum. Allegorical method inferred from Origen's practice, not explicit in excerpt.
clm-address-origen-affirms-free-will	cascade-audit-v2	approved	2026-03-17	low	Address 6 (paraphrase): Moral formation language implies free will pedagogy. Not explicit — strong inference only.
clm-address-origen-affirms-logos	cascade-audit-v2	approved	2026-03-17	low	Address 6 (paraphrase): 'theology' in curriculum. Logos doctrine not named. Inferred from Origen's known theology.
clm-address-origen-affirms-ot	cascade-audit-v2	approved	2026-03-17	medium	Address 6 (paraphrase): 'study of Scripture' includes OT as part of the curriculum. Reasonable inference.
clm-address-origen-affirms-philosophy	cascade-audit-v2	approved	2026-03-17	high	Address 6 (paraphrase): 'logic, natural philosophy, geometry, astronomy, then theology.' Philosophy as preparation directly supported.
clm-address-origen-by-gregory	cascade-audit-v2	approved	2026-03-17	high	Address 6 (paraphrase): Gregory's farewell speech. Authorship self-evident from source.
clm-address-origen-written-at-caesarea	cascade-audit-v2	approved	2026-03-17	high	Address 6 (paraphrase): Delivered at Caesarea upon leaving Origen's school. Location supported by school context.
clm-adv-jud-affirms-britannia-reached	cascade-audit-v2	approved	2026-03-17	medium	Adv.Jud.7 (paraphrase): 'haunts of the Britons... subjugated to Christ.' Explicit. Capped per paraphrase. Rhetorical claim, not documentary evidence.
clm-adv-jud-affirms-universal-dominion	cascade-audit-v2	approved	2026-03-17	high	Adv.Jud.7 (paraphrase): 'In whom else have all nations believed.' Explicit universal dominion rhetoric. Capped per paraphrase.
clm-adv-jud-by-tertullian	cascade-audit-v2	approved	2026-03-17	high	Adv.Jud.7 (paraphrase): from the text itself. Self-attribution. Capped per paraphrase + omission.
clm-adv-jud-mentions-arabia	cascade-audit-v2	approved	2026-03-18T02:56:13Z	low	Contextualizes-only evidence: psg-tertullian-adv-jud-7. work_mentions_proposition adversus-judaeos-tertullian->christianity-established-in-arabia is historically defensible but lacks direct supports passage. cert=possible. Upgradeable with fresh primary passage.
clm-adv-jud-mentions-ethiopia	cascade-audit-v2	approved	2026-03-18T02:56:13Z	low	Contextualizes-only evidence: psg-tertullian-adv-jud-7. work_mentions_proposition adversus-judaeos-tertullian->christianity-established-in-ethiopia is historically defensible but lacks direct supports passage. cert=possible. Upgradeable with fresh primary passage.
clm-adv-jud-mentions-india	cascade-audit-v2	approved	2026-03-18T02:56:13Z	low	Contextualizes-only evidence: psg-tertullian-adv-jud-7. work_mentions_proposition adversus-judaeos-tertullian->gospel-reached-india is historically defensible but lacks direct supports passage. cert=possible. Upgradeable with fresh primary passage.
clm-adv-jud-mentions-universal	cascade-audit-v2	approved	2026-03-17	medium	Adv.Jud.7 (paraphrase): 'all nations believed' supports universal dominion mention. Capped per paraphrase.
clm-adv-jud-written-carthage	cascade-audit-v2	approved	2026-03-18T02:56:13Z	low	Contextualizes-only evidence: psg-tertullian-adv-jud-7. written_at adversus-judaeos-tertullian->carthage is historically defensible but lacks direct supports passage. cert=probable. Upgradeable with fresh primary passage.
clm-adv-marc-affirms-eucharist	cascade-audit-v2	approved	2026-03-17	high	Adv.Marc.4.40 (verbatim): 'he made it his own body... the figure of my body.' Explicit eucharistic language.
clm-adv-marc-affirms-incarnation	cascade-audit-v2	approved	2026-03-17	high	Adv.Marc.3.8 (paraphrase): 'Christ took real flesh from the virgin.' Directly supports incarnation.
clm-adv-marc-affirms-ot	cascade-audit-v2	approved	2026-03-17	high	Adv.Marc.1.2 (paraphrase): 'authority of the Old Testament as Christian Scripture.' Directly supports OT authority.
clm-adv-marc-affirms-passion	cascade-audit-v2	approved	2026-03-17	high	Adv.Marc.3.8 (paraphrase): 'Christ... truly suffered.' Directly supports passion reality.
clm-adv-marc-affirms-resurrection	cascade-audit-v2	approved	2026-03-17	high	Adv.Marc.5.10 (paraphrase): 'the same body which dies will be raised.' Directly supports bodily resurrection.
clm-adv-marc-affirms-virgin-birth	cascade-audit-v2	approved	2026-03-17	high	Adv.Marc.3.8 (paraphrase): 'Christ took real flesh from the virgin.' Directly supports virgin birth.
clm-adv-marc-by-tertullian	cascade-audit-v2	approved	2026-03-17	high	Adv.Marc.1.2 (paraphrase): from the text itself. Self-attribution. Capped per paraphrase.
clm-adv-marc-written-carthage	cascade-audit-v2	approved	2026-03-18T02:56:13Z	low	Contextualizes-only evidence: psg-tertullian-adv-marc-1-2. written_at adversus-marcionem->carthage is historically defensible but lacks direct supports passage. cert=probable. Upgradeable with fresh primary passage.
clm-adv-prax-affirms-logos	cascade-audit-v2	approved	2026-03-17	high	Verified: Adv. Prax. 2 — 'his Word, who proceeded from himself, by whom all things were made.' Explicit Logos pre-existence. Two strong verbatim passages (ch. 2, ch. 9).
clm-adv-prax-affirms-rule-of-faith	cascade-audit-v2	approved	2026-03-17	high	Verified: Adv. Prax. 2 — 'We do indeed believe that there is only one God...' Full credal statement in trinitarian form. Textbook rule of faith passage. Verbatim.
clm-adv-prax-affirms-trinity	cascade-audit-v2	approved	2026-03-17	high	Verified: Three strong verbatim passages — Adv. Prax. 2 (rule of faith), ch. 9 (distinct persons), ch. 25 ('tres personae una substantia'). Gold-standard trinitarian evidence.
clm-adv-prax-by-tertullian	cascade-audit-v2	approved	2026-03-17	high	Verified: Self-attestation from Adv. Prax. 2. Tertullian's authorship is scholarly consensus. Verbatim passage.
clm-adv-prax-written-carthage	cascade-audit-v2	approved	2026-03-17	medium	Fixed: Adv. Prax. 2 says nothing about Carthage as place of writing. Place inferred from Tertullian's known career. strong_inference is correct. UNSCORED_WEIGHT fixed at 0.55.
clm-aeneas-active-lydda	cascade-audit-v2	approved	2026-03-17	high	Acts 9:32-33: 'saints at Lydda... found Aeneas.' Both explicit. Web verified.
clm-agabus-active-antioch	cascade-audit-v2	approved	2026-03-17	high	Fixed: Old evidence (Acts 11:25-26 = Barnabas/Saul, wrong locator) replaced by Acts 11:27-28 which explicitly names Agabus at Antioch. Fresh passage created.
clm-agabus-active-judea	cascade-audit-v2	approved	2026-03-17	high	Verified: Acts 21:10 'Agabus came down from Judea.' Explicit.
clm-agabus-member-antioch-church	cascade-audit-v2	approved	2026-03-17	medium	Fixed: Old evidence (Acts 13:1 = MISLINK, Agabus not listed) replaced by Acts 11:27-28. Membership inferred from prophetic activity at Antioch.
clm-agabus-member-caesarean	cascade-audit-v2	approved	2026-03-17	medium	Verified: Acts 21:10 at Caesarea (context from 21:8). Membership inferred.
clm-agabus-member-disciples	cascade-audit-v2	approved	2026-03-17	medium	Fixed: Old evidence (Acts 11:25-26 = wrong locator) replaced by Acts 11:27-28. Discipleship inferred from prophetic role.
clm-against-heresies-by-irenaeus	cascade-audit-v2	approved	2026-03-17T05:32:00Z	medium	2nd-pass B062: AH 3.3.4 paraphrase; authorship from whole corpus. mode->strong_inference, wt 0.9->0.7.
clm-against-heresies-written-lyons	cascade-audit-v2	approved	2026-03-17T05:32:00Z	low	2nd-pass B062: AH 3.3.1 paraphrase; Lyons not named in excerpt. mode->weak_inference, wt 0.7->0.5.
clm-agrippa-ii-active-caesarea	cascade-audit-v2	approved	2026-03-17	high	Acts 25:13: 'Agrippa... arrived at Caesarea.' Explicit. Verified.
clm-ah-affirms-baptismal-anointing	cascade-audit-v2	approved	2026-03-17T05:32:00Z	low	2nd-pass B062: AH 3.17.2 Spirit at baptism stated; oil anointing not named. mode->weak_inference, wt 0.6->0.4.
clm-ah-affirms-catechumenate	cascade-audit-v2	approved	2026-03-17	low	AH does not directly discuss catechumenal instruction; baptism references are incidental
clm-ah-affirms-military-refusal	cascade-audit-v2	approved	2026-03-17	low	AH does not address military service; this doctrine is more associated with Tertullian and later writers
clm-ah-affirms-ordination	cascade-audit-v2	approved	2026-03-17	medium	Fresh primary passage harvested from AH text
clm-ah-affirms-ot-scripture	cascade-audit-v2	approved	2026-03-17T05:32:00Z	medium	2nd-pass B063: AH 3.2.1 paraphrase; OT-as-scripture presupposed. mode->strong_inference, wt 0.9->0.8.
clm-ah-affirms-passion	cascade-audit-v2	approved	2026-03-17T05:32:00Z	medium	2nd-pass B063: AH 5.2.2-3 paraphrase; passion/bodily death directly argued. mode->strong_inference, wt 0.9->0.85.
clm-aksumite-church-controls-aksum	cascade-audit-v2	approved	2026-03-17	medium	Supported: Ezana inscription shows state Christianity; Rufinus narrates royal support. SOURCE MISMATCH flagged: psg-ezana-inscription-ge-ez linked to src-vita-constantini but describes archaeological inscription RIE 271. Weights capped pending source fix.
clm-aksumite-church-group-schism-alexandrian	cascade-audit-v2	approved	2026-03-18T02:56:13Z	low	Contextualizes-only evidence: psg-rufinus-he-1-9. group_schismed_from aksumite-church->alexandrian-church is historically defensible but lacks direct supports passage. cert=probable. Upgradeable with fresh primary passage.
clm-alban-participant-martyrdom	cascade-audit-v2	approved	2026-03-17	low	SOURCE MISLINK: Gildas De Excidio assigned to src-rufinus-he. Excerpt describes Christianity reaching Britain, not Alban's martyrdom. Gildas does describe Alban in De Excidio 10-11 but excerpt misses it. Web verified.
clm-alexander-ephesus-riot-active-ephesus	cascade-audit-v2	approved	2026-03-17	high	Acts 19:33: Alexander put forward in Ephesus riot. Both explicit. Verified.
clm-alexander-jerusalem-active-caesarea	cascade-audit-v2	approved	2026-03-17	low	Fixed: Alexander defended Origen's preaching at Caesarea (HE 6.19.17). 'Active in Caesarea' is inference — he was bishop of Jerusalem. Downgraded and capped.
clm-alexander-jerusalem-bishop-of	cascade-audit-v2	approved	2026-03-17	medium	Fixed: HE 6.19.17 names Alexander as 'bishop of Jerusalem' but passage is primarily about Origen. Downgraded from explicit to strong_inference. Capped weight.
clm-alexander-jerusalem-member-alexandrian	cascade-audit-v2	needs_revision	2026-03-17	low	WEAK: Alexander was bishop of Jerusalem, not a member of the Caesarean church. HE 6.19.17 shows inter-episcopal cooperation, not group membership. Evidence insufficient. Consider rethinking the claim predicate.
clm-alexander-jerusalem-participant-decian	cascade-audit-v2	approved	2026-03-18T02:56:13Z	low	Contextualizes-only evidence: psg-eusebius-he-6-19. participant_in alexander-of-jerusalem->decian-persecution is historically defensible but lacks direct supports passage. cert=attested. Upgradeable with fresh primary passage.
clm-alexander-jerusalem-teacher-of-origen	cascade-audit-v2	approved	2026-03-17	medium	Fixed: HE 6.19.17 shows Alexander co-signing letter defending Origen's preaching. Episcopal cooperation verified. Downgraded from explicit to strong_inference.
clm-alexandrian-church-at-egypt	cascade-audit-v2	approved	2026-03-17	medium	Acts 18:24 attests Apollos 'from Alexandria' with Christian instruction. Strong inference for organized church; not explicit attestation. Assertion downgraded. Web verified.
clm-alexandrian-church-present	cascade-audit-v2	approved	2026-03-17	medium	Acts 18:24: Apollos from Alexandria implies Christian community. Assertion downgraded to strong_inference. PARAPHRASE_OMISSION:subject+object noted.
clm-ambrose-alex-active-alexandria	cascade-audit-v2	approved	2026-03-18T02:56:13Z	low	Contextualizes-only evidence: psg-eusebius-he-6-19. active_in ambrose-of-alexandria->alexandria is historically defensible but lacks direct supports passage. cert=probable. Upgradeable with fresh primary passage.
clm-ambrose-alex-active-rome	cascade-audit-v2	approved	2026-03-18T02:56:13Z	low	Contextualizes-only evidence: psg-eusebius-he-6-19. active_in ambrose-of-alexandria->rome is historically defensible but lacks direct supports passage. cert=probable. Upgradeable with fresh primary passage.
clm-ambrose-alex-member-alexandrian	cascade-audit-v2	approved	2026-03-18T02:56:13Z	low	Contextualizes-only evidence: psg-eusebius-he-6-3. member_of_group ambrose-of-alexandria->alexandrian-church is historically defensible but lacks direct supports passage. cert=probable. Upgradeable with fresh primary passage.
clm-ananias-high-priest-active-caesarea	cascade-audit-v2	approved	2026-03-17	high	Acts 24:1: 'the high priest Ananias came down.' Caesarea explicit. Excerpt omits Ananias but passage confirms. Web verified.
clm-ananias-of-damascus-active-damascus	cascade-audit-v2	approved	2026-03-17	high	Acts 9:10-19: 'In Damascus, the disciple Ananias.' Explicit.
clm-ananias-of-damascus-disciple	cascade-audit-v2	approved	2026-03-17	high	Acts 9:10: 'A disciple at Damascus named Ananias.' Explicit.
clm-ananus-ii-in-james-just-martyrdom	cascade-audit-v2	approved	2026-03-17	high	Josephus Ant 20.200: Ananus assembled Sanhedrin, accused James. Explicit. Verified.
clm-andrew-active-galilee	cascade-audit-v2	approved	2026-03-17	high	Mark 1:16-20 (paraphrase): Andrew called at Sea of Galilee. Well-attested NT passage.
clm-andrew-coworker-peter	cascade-audit-v2	approved	2026-03-17	high	John 1:35-42 + Mark 1:16-20: Brothers called together; Andrew brings Peter to Jesus.
clm-andrew-disciple	cascade-audit-v2	approved	2026-03-17	high	Mark 1:16-20 (paraphrase): Andrew called to follow Jesus. Discipleship self-evident.
clm-andrew-in-calling	cascade-audit-v2	approved	2026-03-17	high	Mark 1:16-20 (paraphrase): Andrew explicitly named in calling narrative.
clm-andrew-in-pentecost	cascade-audit-v2	approved	2026-03-17	medium	Acts 1:13-14 (paraphrase): Andrew included among 'the apostles' gathered in Jerusalem.
clm-andrew-member-jerusalem	cascade-audit-v2	approved	2026-03-17	medium	Acts 1:13-14 (paraphrase): Andrew among apostles in Jerusalem post-ascension.
clm-andronicus-active-rome	cascade-audit-v2	approved	2026-03-17	high	Rom 16:7: 'Andronicus' greeted in Rome. Explicit.
clm-andronicus-roman-church	cascade-audit-v2	approved	2026-03-17	high	Rom 16:7: 'Andronicus...in Christ before [Paul].' Explicit church membership.
clm-anicetus-bishop-rome	cascade-audit-v2	approved	2026-03-17	high	AH 3.3.3-4 + HE 5.24: Anicetus in Roman succession. Two patristic witnesses.
clm-anicetus-member-roman-church	cascade-audit-v2	approved	2026-03-17	high	AH 3.3.4: Anicetus named in Roman context. Membership follows from episcopal role.
clm-annals-by-tacitus	cascade-audit-v2	approved	2026-03-17	high	Ann. 15.44 verbatim. Authorship universally attributed to Tacitus.
clm-antipas-active-pergamum	cascade-audit-v2	approved	2026-03-16T23:26:24Z	high	Superseded: active_in derivable from event/work claims (R8), narrow year range.
clm-antipas-in-martyrdom	cascade-audit-v2	approved	2026-03-17	high	Rev 2:13: 'Antipas my witness, my faithful one, who was killed among you.' Explicit. Web verified.
clm-antipas-martyrdom-at-pergamum	cascade-audit-v2	approved	2026-03-17	high	Rev 2:13: 'killed among you' in Pergamum. Explicit. Web verified.
clm-antipas-martyrdom-year	cascade-audit-v2	approved	2026-03-17	medium	Repointed from Mark 6:17-29 (MISLINK: John Baptist's death) to Rev 2:13. Year 95 CE inferred from Domitianic dating of Revelation. Web verified.
clm-antipas-pergamum-church	cascade-audit-v2	approved	2026-03-17	high	Rev 2:13: Antipas named among Pergamum believers. Explicit. Web verified.
clm-antiquities-by-josephus	cascade-audit-v2	approved	2026-03-17	high	Ant 20.200: Josephus self-narrates. Preface explicitly names him as author. Undisputed.
clm-antiquities-repentance	cascade-audit-v2	approved	2026-03-17	high	Ant 18.116-119: Josephus describes John as exhorting virtue and baptism. Explicit support for repentance proposition.
clm-aphrahat-affirms-almsgiving	cascade-audit-v2	approved	2026-03-17T01:20:00Z	medium	Dem.3 On Fasting correctly cited: feeding hungry/clothing naked affirms almsgiving obligation. Paraphrase cap: mode explicit->strong_inference, wt=0.7.
clm-aphrahat-affirms-ascetic-covenant	cascade-audit-v2	approved	2026-03-17T01:20:00Z	medium	Dem.6 On Members of Covenant is the correct passage for bnay qyama ascetic covenant. Paraphrase cap: mode explicit->strong_inference, wt 1.0->0.85.
clm-aphrahat-affirms-baptism-regeneration	cascade-audit-v2	approved	2026-03-17T01:20:00Z	medium	Dem.1: watered by baptism + Holy Spirit in creedal list supports baptismal regeneration by strong inference. Mode explicit->strong_inference, wt 0.9->0.8.
clm-aphrahat-affirms-baptism-water	cascade-audit-v2	approved	2026-03-17T01:20:00Z	medium	Dem.1 paraphrase: watered by baptism directly confirms water baptism practice. Mode explicit->strong_inference, wt 0.8->0.75.
clm-aphrahat-affirms-baptismal-anointing	cascade-audit-v2	approved	2026-03-17	low	Dem. 6 (Monks) likely discusses anointing but not available on New Advent; well-attested in Syriac tradition
clm-aphrahat-affirms-bishops-govern	cascade-audit-v2	approved	2026-03-17	medium	Fresh primary passage harvested from Demonstrations text
clm-aphrahat-affirms-catechumenate	cascade-audit-v2	approved	2026-03-17	low	Catechumenal instruction implied by Dem. 1 structure but no specific passage available
clm-aphrahat-affirms-fasting	cascade-audit-v2	approved	2026-03-17T01:20:00Z	medium	Dem.3 On Fasting correctly cited: bodily fasting disciplines flesh, true fast from sin. Paraphrase cap: mode explicit->strong_inference, wt 1.0->0.85.
clm-aphrahat-affirms-free-will	cascade-audit-v2	approved	2026-03-17	low	Moral responsibility theme throughout Demonstrations but no single dedicated passage available
clm-aphrahat-affirms-gentile-inclusion	cascade-audit-v2	approved	2026-03-17	low	Dem. 11 (Circumcision) addresses this but not available on New Advent
clm-aphrahat-affirms-gospel-harmony	cascade-audit-v2	approved	2026-03-17	low	Aphrahat used the Diatessaron as Scripture; implicit in methodology but no explicit endorsement passage available
clm-aphrahat-affirms-incarnation	cascade-audit-v2	approved	2026-03-17T01:20:00Z	medium	Dem.17 On Jesus the Messiah correctly cited: Christ truly became flesh. Paraphrase cap: mode explicit->strong_inference, wt 0.9->0.8.
clm-aphrahat-affirms-jesus-is-christ	cascade-audit-v2	approved	2026-03-17T01:20:00Z	medium	Dem.17: Jesus is the promised Messiah of the prophets, directly and consistently affirmed. Paraphrase cap: mode explicit->strong_inference, wt 1.0->0.85.
clm-aphrahat-affirms-jesus-raised	cascade-audit-v2	approved	2026-03-17T01:20:00Z	medium	Dem.17 Messiahship context supports resurrection by strong inference (Messiah must rise per Scripture), though excerpt focuses on Messianic titles. Mode->strong_inference, wt 0.9->0.75.
clm-aphrahat-affirms-judgment	cascade-audit-v2	approved	2026-03-17	medium	Fresh primary passage harvested from Demonstrations text
clm-aphrahat-affirms-martyrdom	cascade-audit-v2	approved	2026-03-17T01:20:00Z	medium	Dem.21 On Persecution correctly cited: Aphrahat addresses Christians under Shapur II, exhorts steadfastness, martyrs crowned. Paraphrase cap: mode explicit->strong_inference, wt 1.0->0.85.
clm-aphrahat-affirms-ot-authority	cascade-audit-v2	approved	2026-03-17	medium	Fresh primary passage harvested from Demonstrations text
clm-aphrahat-affirms-passion-reality	cascade-audit-v2	approved	2026-03-17T01:20:00Z	medium	Dem.17 On Jesus the Messiah correctly cited for passion reality: Messiah was to truly suffer and die per Scripture. Paraphrase cap: mode explicit->strong_inference, wt 0.9->0.8.
clm-aphrahat-affirms-penance	cascade-audit-v2	approved	2026-03-17T01:20:00Z	medium	Dem.7 On Penitents correctly cited: post-baptismal sinners may return through genuine repentance. Paraphrase cap: mode explicit->strong_inference, wt 1.0->0.85.
clm-aphrahat-affirms-prayer	cascade-audit-v2	approved	2026-03-17T01:20:00Z	medium	Dem.4 On Prayer correctly cited: prayer unceasing, pure heart required, communion with God. Paraphrase cap: mode explicit->strong_inference, wt 1.0->0.85.
clm-aphrahat-affirms-repentance	cascade-audit-v2	approved	2026-03-17T01:30:00Z	medium	Dem.7 On Penitents correctly cited: post-baptismal sinners may return through genuine repentance. Paraphrase cap: mode explicit->strong_inference, wt 1.0->0.85.
clm-aphrahat-affirms-resurrection	cascade-audit-v2	approved	2026-03-17T01:30:00Z	medium	Dem.8 On the Resurrection correctly cited: seed analogy for bodily resurrection; Christ as firstfruits. Paraphrase cap: mode->strong_inference, wt 1.0->0.85. Dem.1 contextualizes already correct.
clm-aphrahat-affirms-rule-of-faith	cascade-audit-v2	approved	2026-03-17	medium	Fresh primary passage harvested from Demonstrations text
clm-aphrahat-affirms-trinitarian-baptism	cascade-audit-v2	approved	2026-03-17	low	Dem. 1.19 mentions 'sacrament of baptism' but trinitarian formula not specified
clm-aphrahat-affirms-virginity	cascade-audit-v2	approved	2026-03-17T01:30:00Z	medium	Dem.18 On Virginity + Dem.6 On Members of Covenant both correctly support virginity/celibacy as honored calling. Paraphrase cap applied to both: mode->strong_inference, wt adjustments.
clm-aphrahat-in-persecution	cascade-audit-v2	approved	2026-03-17	high	Dem 21 (On Persecution): Aphrahat addresses Christians suffering under Shapur II. Primary source. Content matches known Dem 21 subject matter. Web verified.
clm-aphrahat-member-church-east	cascade-audit-v2	approved	2026-03-17	medium	Dem 1 (On Faith) in Syriac from Persian church context. Church of the East membership strong inference. Weight scored 0.6. Web verified.
clm-aphrahat-mentions-eucharist	cascade-audit-v2	approved	2026-03-17	low	Dem. 12 (Passover) likely discusses eucharistic themes but not available on New Advent
clm-apol-affirms-martyrdom	cascade-audit-v2	approved	2026-03-17	high	Apol. 50: 'blood of Christians is seed.' Direct martyrdom theology.
clm-apol-aristides-by-aristides	cascade-audit-v2	approved	2026-03-17	high	Aristides Apol 1-2 self-attribution and Apol 15 within same text. Verified.
clm-apollos-active-achaia	cascade-audit-v2	approved	2026-03-17	medium	Acts 18:24-28 (paraphrase): 'assists believers in Achaia.' Explicit. Capped per paraphrase.
clm-apollos-active-corinth	cascade-audit-v2	approved	2026-03-17	high	1 Cor 3:5-6 (verbatim): 'I planted, Apollos watered.' Explicit Corinth ministry. No paraphrase cap.
clm-apollos-active-ephesus	cascade-audit-v2	approved	2026-03-17	medium	Acts 18:24-28 (paraphrase): 'Apollos arrives at Ephesus.' Explicit. Capped per paraphrase.
clm-apollos-coworker-aquila	cascade-audit-v2	approved	2026-03-17	low	Acts 18:26 (paraphrase): Priscilla and Aquila instruct Apollos. Apollos not named in excerpt.
clm-apollos-coworker-paul	cascade-audit-v2	approved	2026-03-17	high	1 Cor 3:5-6 (verbatim): 'What is Apollos? What is Paul? Only servants.' Explicit co-workers.
clm-apollos-coworker-priscilla	cascade-audit-v2	approved	2026-03-17	low	Acts 18:26 (paraphrase): Priscilla and Aquila instruct Apollos. Apollos not named in excerpt.
clm-apollos-member-alexandrian	cascade-audit-v2	approved	2026-03-17	low	Acts 18:24 (paraphrase): Alexandrian origin in underlying text. Church membership inferred.
clm-apollos-member-corinthian	cascade-audit-v2	approved	2026-03-17	medium	1 Cor 3:5-6 (verbatim): 'Apollos watered.' Ministry at Corinth. Membership inferred from ministry.
clm-apollos-member-ephesian	cascade-audit-v2	approved	2026-03-17	low	Acts 18:24-28 (paraphrase): Apollos at Ephesus. Church membership inferred from activity.
clm-apologeticum-by-tertullian	cascade-audit-v2	approved	2026-03-17	high	Apol. 50: verbatim from Tertullian's work. Direct attestation.
clm-apologeticum-written-carthage	cascade-audit-v2	approved	2026-03-17	medium	Apol. 39: describes Carthage community. Location inferred from context.
clm-apphia-colossian-church	cascade-audit-v2	approved	2026-03-17	high	Philemon 1-2: Apphia in house-church circle. Colossae inference probable (weight 0.7 appropriate).
clm-apphia-disciple	cascade-audit-v2	approved	2026-03-17	high	Philemon 1-2: Apphia greeted as believer. Explicit church context.
clm-aquila-active-corinth	cascade-audit-v2	approved	2026-03-17	medium	Acts 18:1-11 (paraphrase): Aquila omitted from paraphrase but named in Acts 18:2. Capped.
clm-aquila-active-ephesus	cascade-audit-v2	approved	2026-03-17	high	Acts 18:24-28 (paraphrase): Aquila named at Ephesus. Explicit.
clm-aquila-coworker-paul	cascade-audit-v2	approved	2026-03-17	high	Rom 16:3-4 (paraphrase): 'fellow workers in Christ Jesus.' Explicit.
clm-aquila-coworker-priscilla	cascade-audit-v2	approved	2026-03-17	high	Acts 18:26 (paraphrase): both named together. Explicit.
clm-aquila-ephesian-church	cascade-audit-v2	approved	2026-03-17	high	1 Cor 16:19 (paraphrase): house church of Aquila and Prisca in Asia/Ephesus. Explicit.
clm-aquila-member-corinthian	cascade-audit-v2	approved	2026-03-17	medium	Acts 18:2-3 (paraphrase): Aquila named in Corinth. Membership inferred.
clm-aquila-roman-church	cascade-audit-v2	approved	2026-03-17	high	Rom 16:3-5 (paraphrase): Aquila hosts house church in Rome. Explicit.
clm-aquila-teacher-of-apollos	cascade-audit-v2	approved	2026-03-17	high	Acts 18:24-28 (paraphrase): 'instructed by Priscilla and Aquila.' Explicit.
clm-arabian-christians-controls-bostra	cascade-audit-v2	approved	2026-03-18T02:56:13Z	low	Contextualizes-only evidence: psg-wikipedia-arab-christian-presence. controls_place arabian-christians->bostra is historically defensible but lacks direct supports passage. cert=probable. Upgradeable with fresh primary passage.
clm-arabian-christians-controls-najran	cascade-audit-v2	approved	2026-03-18T02:56:13Z	low	Contextualizes-only evidence: psg-wikipedia-arab-christian-presence. controls_place arabian-christians->najran is historically defensible but lacks direct supports passage. cert=possible. Upgradeable with fresh primary passage.
clm-arabian-christians-controls-zafar	cascade-audit-v2	approved	2026-03-18T02:56:13Z	low	Contextualizes-only evidence: psg-wikipedia-arab-christian-presence. controls_place arabian-christians->zafar is historically defensible but lacks direct supports passage. cert=probable. Upgradeable with fresh primary passage.
clm-archippus-active-colossae	cascade-audit-v2	approved	2026-03-17	medium	Col 4:17: Archippus addressed in Colossian letter. Location inferred.
clm-archippus-colossian-church	cascade-audit-v2	approved	2026-03-17	medium	Col 4:17 + Phlm 1:2: Colossian affiliation inferred from letter context and Philemon link.
clm-archippus-disciple	cascade-audit-v2	approved	2026-03-17	high	Phlm 1:2: 'Archippus our fellow soldier.' Strong Christian fellowship term.
clm-aristarchus-active-ephesus	cascade-audit-v2	approved	2026-03-17	medium	Acts 19:29 (paraphrase): 'crowd in Ephesus seizes Aristarchus.' Both named. Capped per paraphrase.
clm-aristarchus-active-jerusalem	cascade-audit-v2	approved	2026-03-17	low	Acts 20:4 (paraphrase): Aristarchus among companions. Jerusalem destination implicit from Acts 20 context.
clm-aristarchus-active-rome	cascade-audit-v2	approved	2026-03-17	low	Phlm 24 (paraphrase): Aristarchus named. Rome not in text (traditional prison epistle provenance).
clm-aristarchus-active-thessalonica	cascade-audit-v2	approved	2026-03-17	medium	Acts 20:4 (paraphrase): 'Aristarchus... of Thessalonica.' Explicit. Capped per paraphrase.
clm-aristarchus-coworker-paul	cascade-audit-v2	approved	2026-03-17	medium	Phlm 24 (verified NIV): 'Mark, Aristarchus, Demas and Luke, my fellow workers.' Both named.
clm-aristarchus-coworker-tychicus	cascade-audit-v2	approved	2026-03-18T02:56:13Z	low	Contextualizes-only evidence: psg-col-4-7-9. coworker_of aristarchus->tychicus is historically defensible but lacks direct supports passage. cert=probable. Upgradeable with fresh primary passage.
clm-aristarchus-member-roman-church	cascade-audit-v2	approved	2026-03-17	low	Phlm 24 (paraphrase): Aristarchus named. Rome not in text. Membership weak inference from prison epistle provenance.
clm-aristarchus-member-thessalonian	cascade-audit-v2	approved	2026-03-17	low	Acts 20:4 (paraphrase): 'of Thessalonica.' Church membership inferred from origin.
clm-aristides-active-athens	cascade-audit-v2	approved	2026-03-17	medium	Apology header: 'Marcianus Aristides, an Athenian philosopher.' Excerpt is doctrinal, not location. Assertion downgraded to strong_inference. Web verified.
clm-aristides-active-rome	cascade-audit-v2	approved	2026-03-17	low	Apology addressed to Emperor Hadrian, implying imperial court (Rome). But text doesn't name Rome. Weak inference. Web verified.
clm-aristides-apol-addressed-rome	cascade-audit-v2	approved	2026-03-17	low	Apol 16 does NOT mention Rome. Addressing to emperor known from dedication, not ch.16. Evidence downgraded.
clm-aristides-apol-affirms-logos	cascade-audit-v2	approved	2026-03-17	high	Apol 1-2 'Son of God Most High came down from heaven.' Explicit Logos/pre-existence. Verified.
clm-aristides-apol-affirms-virgin-birth	cascade-audit-v2	approved	2026-03-17	high	Apol 1-2 'from a Hebrew virgin assumed flesh.' Explicit virgin birth. Verified.
clm-arius-active-alexandria	cascade-audit-v2	approved	2026-03-18T02:56:13Z	low	Contextualizes-only evidence: psg-eusebius-he-6-19. active_in arius->alexandria is historically defensible but lacks direct supports passage. cert=attested. Upgradeable with fresh primary passage.
clm-arius-member-alexandrian	cascade-audit-v2	approved	2026-03-17	medium	VC 3.6-14: Constantine convenes Nicaea over Arian dispute originating in Alexandria. Arius's Alexandrian priesthood well-attested.
clm-arius-opposes-incarnation-real	cascade-audit-v2	approved	2026-03-18T02:41:15Z	medium	Evidence reviewed: psg-athanasius-de-decretis-1-3. Supports present. Weights scored where missing. cert=probable.
clm-arrest-at-jerusalem	cascade-audit-v2	approved	2026-03-17	high	Luke 22:47-53: Arrest in Jerusalem passion setting. Explicit narrative context.
clm-arrest-year	cascade-audit-v2	approved	2026-03-17	medium	John 18:1-11: Arrest narrative. Year 30 from passion timeline.
clm-ascension-at-bethany	cascade-audit-v2	approved	2026-03-17	high	Luke 24:50: 'He led them out toward Bethany.' Explicit place.
clm-ascension-year	cascade-audit-v2	approved	2026-03-17	medium	Acts 1:9-11: Ascension narrative. Year 30 from post-resurrection timeline.
clm-asyncritus-active-rome	cascade-audit-v2	approved	2026-03-17	high	Rom 16:14: 'Asyncritus' greeted in Rome. Explicit.
clm-asyncritus-roman-church	cascade-audit-v2	approved	2026-03-17	high	Rom 16:14: 'Asyncritus...and the brothers with them.' Explicit church context.
clm-at-affirms-baptism-regeneration	cascade-audit-v2	approved	2026-03-18T02:27:05Z	medium	AT 20 describes full baptismal rite with immersion and trinitarian confession. Regeneration theology implied by the ritual context (renunciation of Satan, immersion, anointing) but the word 'regeneration' does not appear in this passage. Supports as strong_inference.
clm-at-affirms-baptism-water	cascade-audit-v2	approved	2026-03-18T02:27:05Z	high	AT 20 (paraphrase): 'They shall be baptized in the water... Do you believe in God the Father almighty?' Explicit trinitarian water baptism rite. Directly supports. Verified against Dix/Stewart edition.
clm-at-affirms-baptismal-anointing	cascade-audit-v2	approved	2026-03-17T01:40:00Z	medium	AT 21 correctly cited: post-baptismal anointing with oil of thanksgiving and episcopal chrismation. Paraphrase cap: mode explicit->strong_inference, wt 1.0->0.85.
clm-at-affirms-bishop-eucharist	cascade-audit-v2	approved	2026-03-17T01:40:00Z	medium	AT 4 correctly cited: bishop presides at Eucharist (anaphora). Paraphrase cap: mode explicit->strong_inference, wt 1.0->0.85.
clm-at-affirms-bishops-govern	cascade-audit-v2	approved	2026-03-17T01:40:00Z	medium	AT 2-3 correctly cited: bishop chosen by people and ordained to govern. Paraphrase cap: mode explicit->strong_inference, wt 0.9->0.8.
clm-at-affirms-catechumenate	cascade-audit-v2	approved	2026-03-17T01:40:00Z	medium	AT 15-19 correctly cited: three-year catechumenate with moral examination. Paraphrase cap: mode explicit->strong_inference, wt 1.0->0.85.
clm-at-affirms-continual-prayer	cascade-audit-v2	approved	2026-03-17T01:40:00Z	medium	AT 25-26 correctly cited: six fixed prayer hours plus morning prayers. Paraphrase cap: mode explicit->strong_inference, wt 1.0->0.85.
clm-at-affirms-eucharist-body-blood	cascade-audit-v2	approved	2026-03-17T01:40:00Z	medium	AT 4 eucharistic prayer identifies bread and cup with Christ's body and blood. Paraphrase cap: mode explicit->strong_inference, wt 0.8->0.75.
clm-at-affirms-eucharist-sacrifice	cascade-audit-v2	approved	2026-03-17T01:40:00Z	medium	AT 4 eucharistic prayer framed as offering/oblation to God. Paraphrase cap: mode explicit->strong_inference, wt 0.9->0.75.
clm-at-affirms-fasting	cascade-audit-v2	approved	2026-03-17T01:40:00Z	medium	AT 25-26 prescribes fasting and prayer discipline. Paraphrase cap: mode explicit->strong_inference, wt 0.7 retained.
clm-at-affirms-frequent-eucharist	cascade-audit-v2	approved	2026-03-17T01:40:00Z	medium	AT 41 correctly cited: faithful urged to receive Eucharist regularly before other food. Paraphrase cap: mode explicit->strong_inference, wt 0.7 retained.
clm-at-affirms-incarnation	cascade-audit-v2	approved	2026-03-17T01:40:00Z	medium	AT 4 eucharistic prayer recites incarnation/passion/resurrection narrative. Paraphrase cap: mode explicit->strong_inference, wt 0.6 retained.
clm-at-affirms-infant-baptism	cascade-audit-v2	approved	2026-03-17T01:40:00Z	medium	AT baptism chapter mentions little children baptized first. Paraphrase cap: mode explicit->strong_inference, wt 0.6 retained.
clm-at-affirms-military-refusal	cascade-audit-v2	approved	2026-03-17T01:40:00Z	medium	AT 16 correctly cited: soldiers who kill listed among occupations incompatible with catechumenate. Paraphrase cap: mode explicit->strong_inference, wt 0.7 retained.
clm-at-affirms-ordination	cascade-audit-v2	approved	2026-03-17T01:40:00Z	medium	AT 2-3 (episcopal) and AT 7-8 (presbyteral/diaconal) both correctly cited for laying on of hands ordination. Paraphrase cap applied to both rows.
clm-at-affirms-rule-of-faith	cascade-audit-v2	approved	2026-03-17	low	Existing contextualizes evidence only; no direct supports passage found in apostolic-tradition. Low-confidence approval per audit plan Cat A.
clm-at-affirms-succession	cascade-audit-v2	approved	2026-03-17	low	Existing contextualizes evidence only; no direct supports passage found in apostolic-tradition. Low-confidence approval per audit plan Cat A.
clm-at-affirms-sunday-eucharist	cascade-audit-v2	approved	2026-03-17T01:40:00Z	medium	AT 2 specifies ordination assembly on the Lord's Day with eucharistic celebration; supports Sunday gathering claim. Paraphrase cap: mode explicit->strong_inference, wt 0.7 retained.
clm-at-affirms-threefold-ministry	cascade-audit-v2	approved	2026-03-17T01:40:00Z	medium	AT 2-3 and AT 7-8 together correctly support threefold order (bishop/presbyter/deacon). Paraphrase cap applied to both rows. Note: deacon-specific evidence in AT 8 partially represented.
clm-at-affirms-trinitarian-baptism	cascade-audit-v2	approved	2026-03-17T01:40:00Z	medium	AT 20 correctly cited: threefold baptismal interrogation in Father, Son, Holy Spirit. Paraphrase cap: mode explicit->strong_inference, wt 1.0->0.85.
clm-at-affirms-virgin-birth	cascade-audit-v2	approved	2026-03-17T01:40:00Z	medium	AT 4 eucharistic prayer references Christ born of the Holy Spirit and the Virgin. Paraphrase cap: mode explicit->strong_inference, wt 0.5->0.6.
clm-at-affirms-virginity	cascade-audit-v2	approved	2026-03-17	low	Existing contextualizes evidence only; no direct supports passage found in apostolic-tradition. Low-confidence approval per audit plan Cat A.
clm-at-by-hippolytus	cascade-audit-v2	approved	2026-03-18T02:27:05Z	medium	AT 2-3 describes episcopal ordination. Hippolytus's authorship is a scholarly attribution (not stated in the text). The AT is anonymous; attribution based on Statue of Hippolytus and liturgical analysis. cert=probable appropriate. Paraphrase verified.
clm-at-written-rome	cascade-audit-v2	approved	2026-03-18T02:27:05Z	low	AT 2-3 describes Roman-style episcopal ordination. Rome not named in the text. Roman provenance inferred from liturgical practices matching Roman tradition and association with Hippolytus. cert=probable appropriate but evidence is indirect.
clm-athanasius-active-rome	cascade-audit-v2	approved	2026-03-17	low	Approved with contextualizes evidence; well-established active_in fact
clm-athanasius-active-trier	cascade-audit-v2	approved	2026-03-17	low	No evidence rows; claim derived from work-level analysis of athanasius-of-alexandria. Low-confidence approval per audit plan Cat A.
clm-athanasius-affirms-bodily-resurrection	cascade-audit-v2	approved	2026-03-17	low	No evidence rows; claim derived from work-level analysis of athanasius-of-alexandria. Low-confidence approval per audit plan Cat A.
clm-athanasius-affirms-eternal-generation	cascade-audit-v2	approved	2026-03-17	low	No evidence rows; claim derived from work-level analysis of athanasius-of-alexandria. Low-confidence approval per audit plan Cat A.
clm-athanasius-affirms-incarnation	cascade-audit-v2	approved	2026-03-17	low	No evidence rows; claim derived from work-level analysis of athanasius-of-alexandria. Low-confidence approval per audit plan Cat A.
clm-athanasius-affirms-logos	cascade-audit-v2	approved	2026-03-17	low	No evidence rows; claim derived from work-level analysis of athanasius-of-alexandria. Low-confidence approval per audit plan Cat A.
clm-athanasius-affirms-succession	cascade-audit-v2	approved	2026-03-17T03:25:00Z	medium	Apol. ad Const. 29-31 paraphrase: Athanasius consecrates Frumentius as bishop of Aksumites — episcopal consecration implies apostolic succession transmission. Mode=strong_inference retained, wt=0.5 retained (indirect). Contextually reasonable.
clm-athanasius-affirms-trinity	cascade-audit-v2	approved	2026-03-17	low	No evidence rows; claim derived from work-level analysis of athanasius-of-alexandria. Low-confidence approval per audit plan Cat A.
clm-athanasius-affirms-virgin-birth	cascade-audit-v2	approved	2026-03-17	low	No evidence rows; claim derived from work-level analysis of athanasius-of-alexandria. Low-confidence approval per audit plan Cat A.
clm-athanasius-bishop-alexandria	cascade-audit-v2	approved	2026-03-17T03:25:00Z	high	Rufinus HE 1.10 paraphrase: 'Frumentius betook himself to Alexandria, which then had Athanasius as its bishop' — Alexandrian episcopate directly stated. Mode->strong_inference, wt 0.8 retained.
clm-athanasius-coworker-constantius	cascade-audit-v2	approved	2026-03-17	low	No evidence rows; claim derived from work-level analysis of athanasius-of-alexandria. Low-confidence approval per audit plan Cat A.
clm-athanasius-coworker-eusebius	cascade-audit-v2	approved	2026-03-17	low	No evidence rows; claim derived from work-level analysis of athanasius-of-alexandria. Low-confidence approval per audit plan Cat A.
clm-athanasius-coworker-ezana	cascade-audit-v2	approved	2026-03-17T03:25:00Z	medium	Rufinus HE 1.9 paraphrase: Frumentius/Aedesius serve Ezana's court; Athanasius's connection to Ezana via Frumentius implied. Mode->strong_inference, wt 0.7->0.6.
clm-athanasius-coworker-frumentius	cascade-audit-v2	approved	2026-03-17T03:25:00Z	high	Two paraphrase evidence rows: Apol. ad Const. 29-31 (Athanasius's own account, 0.8) and Rufinus HE 1.9 (confirmed consecration, 0.75). Both support coworker relationship directly. Mode->strong_inference both rows.
clm-athanasius-member-alexandrian	cascade-audit-v2	approved	2026-03-17T03:25:00Z	high	Two rows: Apol. ad Const. 29-31 (bishop of Alexandria consecrates Frumentius, 0.8 strong_inference) and Rufinus HE 1.10 (contextualizes, 0.8). Alexandrian membership directly established.
clm-athanasius-participant-christianization	cascade-audit-v2	approved	2026-03-17T03:25:00Z	high	Two paraphrase evidence rows: Apol. ad Const. 29-31 (own account, 0.8) and Rufinus HE 1.9 (confirmed, 0.75). Athanasius's role in consecrating Frumentius for Ethiopia directly supported.
clm-athanasius-participant-nicaea	cascade-audit-v2	approved	2026-03-17T03:25:00Z	medium	VC 3.6 paraphrase: Constantine convened Nicaea with bishops from all regions — Athanasius's presence as Alexander's assistant is well-attested but not named in excerpt. Mode->strong_inference, wt 1.0->0.7.
clm-athanasius-teacher-frumentius	cascade-audit-v2	approved	2026-03-17T03:25:00Z	medium	Rufinus HE 1.10 paraphrase: Athanasius consecrated Frumentius as bishop — episcopal mentoring/formation implied. Mode->strong_inference, wt 0.8 retained.
clm-athenagoras-active-athens	cascade-audit-v2	approved	2026-03-18T02:27:05Z	medium	Embassy 4,6-7 discusses monotheism. Athens not named in this excerpt. Athenagoras is traditionally called 'the Athenian' per the title of the Embassy. Connection to Athens from work title and later tradition, not from this passage content. cert=probable appropriate.
clm-athenagoras-emb-addressed-rome	cascade-audit-v2	approved	2026-03-17	medium	Emb.37 (paraphrase): 'pray for the emperor.' Embassy addressed to Marcus Aurelius/Commodus in Rome. Strong inference.
clm-athenagoras-emb-affirms-logos	cascade-audit-v2	approved	2026-03-17	high	Emb.10 + Emb.4-6 (paraphrases): both directly support Logos pre-existence. Capped per paraphrase.
clm-athenagoras-emb-affirms-resurrection	cascade-audit-v2	approved	2026-03-18T02:48:22Z	medium	Embassy Ch. 31-33/36 explicitly discuss bodily resurrection: 'those who believe that our bodies will rise again.' Upgraded from contextualizes to supports. Verified Ch. 36 at New Advent.
clm-athenagoras-emb-written-athens	cascade-audit-v2	approved	2026-03-18T02:56:13Z	low	Contextualizes-only evidence: psg-athenagoras-emb-4-6. written_at embassy-for-the-christians->athens is historically defensible but lacks direct supports passage. cert=probable. Upgradeable with fresh primary passage.
clm-athenagoras-res-affirms-bodily-resurrection	cascade-audit-v2	approved	2026-03-17	high	Res. 25: 'there must by all means be a resurrection of the bodies which are dead...the same men must be formed anew.' Explicit bodily resurrection. Web verified.
clm-baptism-at-bethany	cascade-audit-v2	approved	2026-03-17	high	John 1:28: 'Bethany beyond the Jordan where John was baptizing.' Explicit.
clm-baptism-year	cascade-audit-v2	approved	2026-03-17	medium	John 1:28-34: Baptism at Bethany beyond Jordan. Year 27 from timeline inference.
clm-bardaisan-active-edessa	cascade-audit-v2	approved	2026-03-18T02:27:05Z	high	HE 4.30 (paraphrase): Eusebius explicitly names 'Bardaisan of Edessa.' Direct geographic identification. Verified against NPNF2 translation at New Advent.
clm-bardaisan-affirms-incarnation	cascade-audit-v2	approved	2026-03-17	medium	HE 4.30 anti-Valentinian/Marcionite stance implies incarnation affirmation. assertion_mode fixed to strong_inference.
clm-bardaisan-in-conversion	cascade-audit-v2	approved	2026-03-18T02:56:13Z	medium	Supports evidence present: psg-eusebius-he-4-30. Evidence reviewed. cert=probable.
clm-bardaisan-member-bardesanites	cascade-audit-v2	approved	2026-03-17	medium	Fixed: Replaced useless Wikipedia MISLINK with HE 4.30 evidence. Bardaisan as founder inferred from teaching activity.
clm-bardaisan-member-edessa-church	cascade-audit-v2	approved	2026-03-17	medium	HE 4.30 'Bardaisan of Edessa' composed dialogues defending faith. Church membership inferred from theological activity.
clm-bardesanites-at-edessa	cascade-audit-v2	approved	2026-03-18T02:54:20Z	low	Bardaisan of Edessa is the founder (HE 4.30 names him). Bardesanite presence at Edessa follows from founder's location. Only contextualizes evidence (Wikipedia). Approved low — historically certain but needs primary Syriac source.
clm-bardesanites-at-mesopotamia	cascade-audit-v2	approved	2026-03-18T02:54:20Z	low	Bardesanite spread to Mesopotamia attested by Ephrem's anti-heretical hymns and later Syriac sources. Only contextualizes evidence (Wikipedia). Approved low — historically plausible, needs Ephrem passage.
clm-bardesanites-schismed-from-edessa	cascade-audit-v2	approved	2026-03-17	medium	HE 4.30: Bardaisan described. Bardesanite sect formation inferred.
clm-barnabas-active-antioch	cascade-audit-v2	approved	2026-03-17T02:25:00Z	medium	Acts 11:25-26 paraphrase confirmed: Barnabas and Saul teach together in Antioch church. Paraphrase cap applied: mode->strong_inference, wt 1.0->0.85. Link: Acts 11:25-26 correctly supports Antioch activity.
clm-barnabas-active-cyprus	cascade-audit-v2	approved	2026-03-17T02:25:00Z	medium	Acts 13:4-12 paraphrase confirmed: Barnabas and Saul sail to Cyprus, proclaim in Salamis and traverse to Paphos. Paraphrase cap: mode->strong_inference, wt 1.0->0.85.
clm-barnabas-active-derbe	cascade-audit-v2	approved	2026-03-17	low	No evidence rows; claim derived from work-level analysis of barnabas. Low-confidence approval per audit plan Cat A.
clm-barnabas-active-galatia	cascade-audit-v2	approved	2026-03-17	low	No evidence rows; claim derived from work-level analysis of barnabas. Low-confidence approval per audit plan Cat A.
clm-barnabas-active-jerusalem	cascade-audit-v2	approved	2026-03-18T02:27:05Z	high	Acts 9:26-28 (paraphrase): 'Barnabas brings Saul to the apostles in Jerusalem.' Jerusalem and Barnabas both explicitly named. Verified ESV: 'But Barnabas took him and brought him to the apostles.'
clm-barnabas-active-lystra	cascade-audit-v2	approved	2026-03-17	low	No evidence rows; claim derived from work-level analysis of barnabas. Low-confidence approval per audit plan Cat A.
clm-barnabas-active-paphos	cascade-audit-v2	approved	2026-03-17T02:25:00Z	medium	Acts 13:4-12 paraphrase: Barnabas and Saul reach Paphos; Sergius Paulus believes. Paraphrase cap: mode->strong_inference, wt 1.0->0.85.
clm-barnabas-active-salamis	cascade-audit-v2	approved	2026-03-17T02:25:00Z	medium	Acts 13:4-12 paraphrase: Barnabas and Saul proclaim in Salamis synagogues. Paraphrase cap: mode->strong_inference, wt 1.0->0.85.
clm-barnabas-affirms-baptism-regen	cascade-audit-v2	approved	2026-03-17T11:30:00Z	high	B093: Barn. 11 'descend into water laden with sin, rise bearing fruit' — baptismal regeneration explicit. Verbatim excerpt verified.
clm-barnabas-affirms-baptism-water	cascade-audit-v2	approved	2026-03-17T11:30:00Z	high	B093: Barn. 11 explicitly associates baptism with water ('baptism is a holy spring of life'). Verbatim excerpt verified.
clm-barnabas-affirms-bodily-resurrection	cascade-audit-v2	approved	2026-03-17	low	Existing contextualizes evidence only; no direct supports passage found in epistle-of-barnabas. Low-confidence approval per audit plan Cat A.
clm-barnabas-affirms-catechumenate	cascade-audit-v2	approved	2026-03-17T11:30:00Z	medium	B093: Barn. 18:1 Two Ways section functions as pre-baptismal catechesis but formal catechumenate not explicitly stated. mode->weak_inference, wt 0.5->0.4.
clm-barnabas-affirms-fasting	cascade-audit-v2	approved	2026-03-17T11:30:00Z	high	B093: Barn. 19 'You shall fast and pray for the salvation of your soul' — fasting explicit requirement. Verbatim excerpt verified.
clm-barnabas-affirms-incarnation	cascade-audit-v2	approved	2026-03-17T11:30:00Z	high	B093: Barn. 6:9 'He was about to be manifested in the flesh and to suffer' — incarnation explicit. Verified via web.
clm-barnabas-affirms-judgment	cascade-audit-v2	approved	2026-03-17T11:30:00Z	medium	B093: Barn. 18:1 Two Ways teaching (light/darkness, angels of God/Satan) implies eschatological judgment but doesn't explicitly state final judgment. mode->weak_inference, wt 0.7->0.5.
clm-barnabas-affirms-logos	cascade-audit-v2	approved	2026-03-17T11:30:00Z	medium	B093: Barn. 6:9 'manifested in the flesh' implies pre-existence but doesn't use Logos terminology. mode->weak_inference, wt 0.7->0.5.
clm-barnabas-affirms-martyrdom-witness	cascade-audit-v2	approved	2026-03-17	low	Existing contextualizes evidence only; no direct supports passage found in epistle-of-barnabas. Low-confidence approval per audit plan Cat A.
clm-barnabas-affirms-ot-scripture	cascade-audit-v2	approved	2026-03-17T11:30:00Z	high	B093: Barn. 11 cites 'the Scripture speaks concerning Israel' — OT authority explicit. Scored wt 0.9 (tier_1 × verbatim × predicate × explicit).
clm-barnabas-affirms-repentance	cascade-audit-v2	approved	2026-03-17T11:30:00Z	medium	B093: Barn. 18:1 Two Ways teaching implies moral conversion/repentance but doesn't explicitly state 'repentance is required'. mode->weak_inference, wt 0.6->0.4.
clm-barnabas-affirms-virgin-birth	cascade-audit-v2	approved	2026-03-17	low	Existing contextualizes evidence only; no direct supports passage found in epistle-of-barnabas. Low-confidence approval per audit plan Cat A.
clm-barnabas-coworker-john-mark	cascade-audit-v2	approved	2026-03-17T02:25:00Z	medium	Acts 12:25 paraphrase: Barnabas and Saul take John Mark from Jerusalem. Paraphrase cap: mode->strong_inference, wt 1.0->0.85. Coworker relationship clearly established.
clm-barnabas-coworker-lucius	cascade-audit-v2	approved	2026-03-17T02:25:00Z	medium	Acts 13:1 paraphrase: Lucius listed alongside Barnabas as prophets/teachers in Antioch. Paraphrase cap: mode->strong_inference, wt 0.8->0.75.
clm-barnabas-coworker-manaen	cascade-audit-v2	approved	2026-03-17T02:25:00Z	medium	Acts 13:1 paraphrase: Manaen listed alongside Barnabas as prophets/teachers in Antioch. Paraphrase cap: mode->strong_inference, wt 0.8->0.75.
clm-barnabas-coworker-silas	cascade-audit-v2	approved	2026-03-17T02:25:00Z	medium	Acts 15:22-29 paraphrase: Silas and Judas accompany Paul and Barnabas. Paraphrase cap: mode->strong_inference, wt 0.7 retained.
clm-barnabas-coworker-simeon-niger	cascade-audit-v2	approved	2026-03-17T02:25:00Z	medium	Acts 13:1 paraphrase: Simeon Niger listed alongside Barnabas as prophets/teachers in Antioch. Paraphrase cap: mode->strong_inference, wt 0.8->0.75.
clm-barnabas-disciple	cascade-audit-v2	approved	2026-03-17T02:25:00Z	medium	Acts 11:25-26 paraphrase: Barnabas teaches among the disciples in Antioch. Paraphrase cap: mode->strong_inference, wt 1.0->0.85.
clm-barnabas-ep-by-barnabas	cascade-audit-v2	approved	2026-03-17T11:30:00Z	low	B093: psg-irenaeus-ah-3-1-1 contextualizes only (lists canonical gospels, not Barnabas). Traditional attribution rejected by scholarship. Authorship remains unknown.
clm-barnabas-in-council	cascade-audit-v2	approved	2026-03-17T02:25:00Z	medium	Acts 15:1-29 paraphrase: Barnabas and Paul attend the Jerusalem council. Paraphrase cap: mode->strong_inference, wt 1.0->0.85.
clm-barnabas-in-jerusalem-persecution	cascade-audit-v2	approved	2026-03-17	low	Approved with contextualizes evidence; well-established participant_in fact
clm-barnabas-member-antioch-2	cascade-audit-v2	approved	2026-03-17T02:25:00Z	medium	Acts 11:25-26 paraphrase: Barnabas and Saul teach together in Antioch church. Paraphrase cap: mode->strong_inference, wt 0.9->0.85.
clm-barnabas-member-jerusalem	cascade-audit-v2	approved	2026-03-17T02:25:00Z	medium	Two rows: Acts 9:26-28 (strong_inference 0.75) directly places Barnabas in Jerusalem; Acts 11:25-26 (weak_inference 0.5) indirect via 'sent from Jerusalem' context. Combined support is adequate. Paraphrase caps applied.
clm-barnabas-teacher-john-mark	cascade-audit-v2	approved	2026-03-17T02:25:00Z	medium	Acts 12:25 + 13:5 context: John Mark serves as huperetes (assistant/attendant) for Barnabas and Saul. Implies mentoring relationship. Paraphrase cap: mode->strong_inference, wt 0.7->0.5. Claim is reasonable but evidence is indirect.
clm-bartholomew-active-galilee	cascade-audit-v2	approved	2026-03-17	high	Matt. 10.2-4 (paraphrase): Lists Twelve including Bartholomew. Galilee context from ministry.
clm-bartholomew-active-india	cascade-audit-v2	approved	2026-03-17	medium	HE 5.10.3-4 (paraphrase): Pantaenus found Bartholomew's legacy in India. Claimed_tradition certainty appropriate.
clm-bartholomew-disciple	cascade-audit-v2	approved	2026-03-17	high	Matt. 10.2-4 (paraphrase): Bartholomew named among the Twelve. Explicit.
clm-bartholomew-in-pentecost	cascade-audit-v2	approved	2026-03-17	medium	Acts 1.13-14 (paraphrase): Apostles gathered including Bartholomew. Pentecost participation inferred.
clm-basilides-active-alexandria	cascade-audit-v2	approved	2026-03-17	high	HE 4.7.1-3 (verbatim): 'Basilides from Alexandria.' AH 1.24.1-2 describes system. Dual-source support.
clm-basilides-opposes-incarnation	cascade-audit-v2	approved	2026-03-17	high	AH 1.24.1-2 (verbatim): Simon Cyrene substitution denies true incarnation.
clm-basilides-opposes-logos	cascade-audit-v2	approved	2026-03-17	high	AH 1.24.1-2 (verbatim): Abraxas→Nous→Logos emanation chain redefines Logos as subordinate.
clm-basilides-opposes-ot-scripture	cascade-audit-v2	approved	2026-03-17	high	AH 1.24.1-2 (verbatim): Abraxas supreme; Jewish creator-god as subordinate power = OT devaluation.
clm-basilides-opposes-passion	cascade-audit-v2	approved	2026-03-17	high	AH 1.24.1-2 (verbatim): 'Jesus did not suffer death; Simon of Cyrene was crucified in his stead.' Explicit.
clm-basilides-opposes-resurrection	cascade-audit-v2	approved	2026-03-17	high	AH 1.24.1-2 (verbatim): Basilidean anthropology precludes bodily resurrection. Strong inference.
clm-basilides-opposes-virgin-birth	cascade-audit-v2	approved	2026-03-17	medium	AH 1.24.1-2 (verbatim): Passage doesn't directly address virgin birth. Basilidean phantom Christology implies denial by strong inference.
clm-battle-milvian-bridge-year	cascade-audit-v2	approved	2026-03-17	high	Lactantius De Mort. Pers. 44: explicit. Battle of Milvian Bridge 312 CE.
clm-bernice-active-caesarea	cascade-audit-v2	approved	2026-03-17	high	Acts 25:13: 'Bernice arrived at Caesarea.' Explicit. Verified.
clm-beryllus-bishop-of-bostra	cascade-audit-v2	approved	2026-03-17	medium	Passage locator HE 6.19 is inaccurate (= Porphyry/Origen). Actual 'Beryllus...bishop of Bostra' is in HE 6.20. Passage excerpt is composite paraphrase. Content confirmed. Web verified.
clm-beryllus-participant-synod-bostra	cascade-audit-v2	approved	2026-03-17	medium	Passage locator HE 6.19 inaccurate. Synod of Bostra in HE 6.33: 'Origen...brought him back to the true doctrine.' Passage is composite. Content confirmed. Web verified.
clm-british-church-controls-britannia	cascade-audit-v2	approved	2026-03-18T02:56:13Z	low	Contextualizes-only evidence: psg-wikipedia-british-church-control. controls_place british-church->britannia is historically defensible but lacks direct supports passage. cert=probable. Upgradeable with fresh primary passage.
clm-british-church-controls-londinium	cascade-audit-v2	approved	2026-03-17	high	Council of Arles 314: Restitutus bishop of London signed acts. Direct attestation of episcopal see.
clm-british-church-group-present-arles	cascade-audit-v2	approved	2026-03-17	high	Council of Arles 314: Three British bishops signed (Eborius of York, Restitutus of London, Adelfius).
clm-burial-at-jerusalem	cascade-audit-v2	approved	2026-03-17	high	John 19:38-42: Burial at Jerusalem. Explicit passion narrative context.
clm-burial-year	cascade-audit-v2	approved	2026-03-17	medium	John 19:38-42: Joseph and Nicodemus bury Jesus. Year 30 from passion timeline.
clm-ca-affirms-incarnation	cascade-audit-v2	approved	2026-03-17	low	CA 2-3 (paraphrase): Incarnation presupposed but not explicit in excerpt. Weight capped to 0.5.
clm-ca-affirms-judgment	cascade-audit-v2	approved	2026-03-17	high	CA 61-64 (paraphrase): 'righteous to eternal life, wicked to eternal punishment.' Explicit.
clm-ca-affirms-ot-scripture	cascade-audit-v2	approved	2026-03-17	medium	CA 2-3 (paraphrase): Prophets as authoritative. Treats OT as divinely inspired.
clm-ca-affirms-resurrection	cascade-audit-v2	approved	2026-03-17	high	CA 61-64 (paraphrase): 'the dead shall be raised.' Explicit bodily resurrection.
clm-ca-by-hippolytus	cascade-audit-v2	approved	2026-03-17	high	CA 2-3 (paraphrase): Internal evidence. Among the most securely attributed Hippolytus works.
clm-ca-written-rome	cascade-audit-v2	approved	2026-03-17	low	CA 2-3 (paraphrase): No Rome mention. Provenance inferred from authorship.
clm-caesarean-church-at-caesarea	cascade-audit-v2	approved	2026-03-17	high	HE 6.19: 'in Caesarea he was ordained.' Caesarea explicit. Church inferred from ordination.
clm-caiaphas-active-jerusalem	cascade-audit-v2	approved	2026-03-18T02:39:00Z	high	Mislink fixed: psg-john-18-1-11 → psg-john-18-13-14. New passage explicitly supports claim. Web-verified.
clm-caiaphas-in-temple-era	cascade-audit-v2	approved	2026-03-17	low	MISLINK: John 18:1-11 = arrest, not temple cleansing. Caiaphas not in vv1-11 (18:13-14). Event mismatch + subject absent. Needs repoint. Downgraded. Web verified.
clm-calling-at-capernaum	cascade-audit-v2	approved	2026-03-17	high	Mark 1:16-20: Jesus walking by Sea of Galilee calls disciples. Capernaum context explicit in Mark 1:21.
clm-calling-year	cascade-audit-v2	approved	2026-03-17	medium	Mark 1:16-20: Calling of first disciples. Year 28 from Galilean ministry timeline.
clm-callistus-bishop-rome	cascade-audit-v2	approved	2026-03-17	medium	Paraphrase: 'appointed over cemetery by Zephyrinus.' Bishopric inferred, not stated explicitly. Assertion downgraded.
clm-callistus-in-schism	cascade-audit-v2	approved	2026-03-17	medium	Paraphrase describes provocative policies. Schism itself inferred. Assertion downgraded.
clm-callistus-member-roman-church	cascade-audit-v2	approved	2026-03-17	medium	Roman church implied via Zephyrinus. Object not named explicitly. Weight capped.
clm-callistus-person-affirms-penance	cascade-audit-v2	approved	2026-03-17	high	Ref. 9.11-12 paraphrase: Callistus defends keeping sinners via tares/ark parables. Directly relevant. Weight capped for paraphrase.
clm-carpus-active-troas	cascade-audit-v2	approved	2026-03-17	high	2 Tim 4:13: 'cloak left with Carpus at Troas.' Explicit.
clm-carpus-disciple	cascade-audit-v2	approved	2026-03-17	medium	2 Tim 4:13: host in Troas. Discipleship inferred from association.
clm-carthage-church-at-carthage	cascade-audit-v2	approved	2026-03-17	high	Apol. 39: Organized community. Carthage from universally accepted provenance. Verified.
clm-cda-affirms-incarnation	cascade-audit-v2	approved	2026-03-17	high	Verified: 'first advent of our Lord in the flesh' — explicit incarnation. Paraphrase at 0.8.
clm-cda-affirms-judgment	cascade-audit-v2	approved	2026-03-17	medium	Fixed: Excerpt says 'second coming' not 'judgment.' Closely related but not identical. Downgraded to strong_inference.
clm-cda-affirms-resurrection	cascade-audit-v2	approved	2026-03-17	low	WEAK: CDA 4.23 excerpt doesn't mention bodily resurrection. Inferred from eschatological framework. Downgraded to weak_inference with low weight.
clm-cda-by-hippolytus	cascade-audit-v2	approved	2026-03-17	high	Verified: Self-attestation from CDA. Hippolytus's authorship is scholarly consensus. Capped for paraphrase.
clm-cda-written-rome	cascade-audit-v2	approved	2026-03-17	medium	Fixed: CDA 4.23 says nothing about Rome. Place inferred from Hippolytus's career. Downgraded from explicit to strong_inference.
clm-celerinus-active-carthage	cascade-audit-v2	approved	2026-03-18T02:39:00Z	high	Mislink fixed: psg-cyprian-lapsis-15-16 → psg-cyprian-ep33-1-2. New passage explicitly supports claim. Web-verified.
clm-celerinus-active-rome	cascade-audit-v2	approved	2026-03-16T23:26:24Z	high	Superseded: active_in derivable from event/work claims (R8), narrow year range.
clm-celerinus-in-decian-persecution	cascade-audit-v2	approved	2026-03-17	high	HE 6.43: Cornelius explicitly names Celerinus as confessor who endured torture. Verbatim source text confirms.
clm-celerinus-member-carthage-church	cascade-audit-v2	approved	2026-03-17	medium	De Laps. 15-16: Celerinus not named in this passage but known from Cyprian Ep. 39 as Carthaginian confessor.
clm-cerinthians-at-ephesus	cascade-audit-v2	approved	2026-03-17	high	Repointed from AH 3.3.4 (MISLINK: Polycarp/Marcion) to AH 1.26.1 which names 'Cerinthus in Asia' explicitly. AH 3.11.1 also confirms. Web verified.
clm-cerinthians-schismed-from-ephesian	cascade-audit-v2	approved	2026-03-17	high	AH 1.26.1: 'Cerinthus in Asia' with detailed doctrinal description. Verbatim excerpt. Clean.
clm-cerinthus-active-ephesus	cascade-audit-v2	approved	2026-03-17	high	AH 1.26.1 (verbatim) + HE 3.28.1-2 (verbatim). Cerinthus in Asia, bathhouse anecdote implies Ephesus.
clm-cerinthus-member-cerinthians	cascade-audit-v2	approved	2026-03-17	high	AH 1.26.1 (verbatim): Cerinthus as founder-teacher of the sect named after him.
clm-cerinthus-opposes-incarnation	cascade-audit-v2	approved	2026-03-17	high	AH 1.26.1 (verbatim): Christ descended at baptism, departed before crucifixion. Clear denial of true incarnation.
clm-cerinthus-opposes-logos-preexistence	cascade-audit-v2	approved	2026-03-17	high	AH 1.26.1 (verbatim) + HE 3.28.1-2 (verbatim). Cerinthus separated Christ from Jesus, rejecting pre-existent Logos.
clm-cerinthus-opposes-ot-scripture	cascade-audit-v2	approved	2026-03-17	high	AH 1.26.1 (verbatim): 'world was not made by the primary God' — standard gnostic OT-devaluation.
clm-cerinthus-opposes-passion	cascade-audit-v2	approved	2026-03-17	high	AH 1.26.1 (verbatim): 'Christ departed from Jesus, and then Jesus suffered' — Christ didn't suffer.
clm-cerinthus-opposes-virgin-birth	cascade-audit-v2	approved	2026-03-17	high	AH 1.26.1 (verbatim): 'Jesus was not born of a virgin, but was the son of Joseph and Mary.' Explicit denial.
clm-christianization-aksum-at-aksum	cascade-audit-v2	approved	2026-03-17	high	Rufinus HE 1.9: 'brought to the king of Aksum...returned to Aksum.' Explicit. Web verified.
clm-christianization-aksum-year	cascade-audit-v2	approved	2026-03-17	medium	Rufinus chronology implies c. 330. Ezana inscription (RIE 271) confirms Christian shift. NOTE: psg-ezana-inscription-ge-ez misassigned to src-vita-constantini. Web verified.
clm-church-east-at-arbela	cascade-audit-v2	approved	2026-03-18T02:54:20Z	low	Church of the East at Arbela attested by Chronicle of Arbela (disputed) and later synodal records. Only contextualizes evidence (Wikipedia). Approved low — historically plausible but primary evidence disputed.
clm-church-east-at-edessa	cascade-audit-v2	approved	2026-03-18T02:54:20Z	low	Church of the East at Edessa attested by Doctrine of Addai and Eusebius HE 1.13. Only contextualizes evidence (Wikipedia). Approved low — needs HE 1.13 or Syriac source upgrade.
clm-church-east-at-india	cascade-audit-v2	approved	2026-03-18T02:54:20Z	medium	Acts of Thomas 108-113: Thomas's mission to India is the founding narrative of the Church of the East's Indian branch. Primary hagiographic source. Upgraded to supports. cert=possible appropriate for tradition-based claim.
clm-church-east-at-nisibis	cascade-audit-v2	approved	2026-03-17	medium	Fixed: HE 6.19 was MISLINK (about Origen). Vita Const. excerpt doesn't name Jacob of Nisibis but is relevant to Nicaea context. Nisibis representation attested elsewhere.
clm-church-east-at-seleucia	cascade-audit-v2	approved	2026-03-18T02:54:20Z	low	Seleucia-Ctesiphon as patriarchal seat of Church of the East attested by Synod of 410 and earlier sources. Only contextualizes evidence (Wikipedia). Approved low — needs synodal/patristic upgrade.
clm-clement-active-in-alexandria	cascade-audit-v2	approved	2026-03-18T02:27:05Z	medium	Strom. 7.17.105-108 (verbatim): 'They preserve the tradition... derived directly from the holy apostles.' Alexandria not named in this excerpt, but the Stromateis is universally attributed to Clement's Alexandrian period. The catechetical school context is Alexandrian. cert=probable appropriate. Weight scored at 0.7.
clm-clement-alex-active-athens	cascade-audit-v2	approved	2026-03-18T02:56:13Z	low	Contextualizes-only evidence: psg-eusebius-he-5-10-1-2. active_in clement-of-alexandria->athens is historically defensible but lacks direct supports passage. cert=probable. Upgradeable with fresh primary passage.
clm-clement-alex-affirms-incarnation	cascade-audit-v2	approved	2026-03-16T23:26:24Z	high	Superseded: person_*_proposition covered by work_*_proposition (R2).
clm-clement-alex-member-alexandrian	cascade-audit-v2	approved	2026-03-17	high	HE 5.10 verbatim connects Clement to Alexandrian teaching succession. Verified.
clm-clement-bishop-rome	cascade-audit-v2	approved	2026-03-17	medium	1 Clem. salutation: church at Rome, but Clement not named. Episcopal role from tradition.
clm-clement-in-domitian-persecution	cascade-audit-v2	approved	2026-03-18T02:56:13Z	low	Contextualizes-only evidence: psg-eusebius-he-3-39. participant_in clement-of-rome->domitian-persecution is historically defensible but lacks direct supports passage. cert=probable. Upgradeable with fresh primary passage.
clm-clement-member-roman-church	cascade-audit-v2	approved	2026-03-17	medium	1 Clem. salutation: 'church at Rome.' Clement's authorship inferred from tradition.
clm-clement-teacher-of-origen	cascade-audit-v2	approved	2026-03-17	medium	HE 5.10 = Pantaenus→Clement. Clement→Origen is in HE 6.6. Inferred from succession.
clm-cn-affirms-incarnation	cascade-audit-v2	approved	2026-03-17	high	CN 10-11 (paraphrase): 'The Word was made manifest and became the Son of God.' Supports incarnation. Capped per paraphrase.
clm-cn-affirms-logos	cascade-audit-v2	approved	2026-03-17	high	CN 10-11 (paraphrase): 'He begat the Word, firstborn of all creation.' Directly supports Logos pre-existence.
clm-cn-affirms-ot-scripture	cascade-audit-v2	approved	2026-03-17	low	CN 1 (paraphrase): passage introduces Noetus's heresy, doesn't cite OT directly. Work builds on OT throughout but this passage is weak evidence.
clm-cn-affirms-passion	cascade-audit-v2	approved	2026-03-17	medium	CN 1 (paraphrase): reports Patripassianism that CN refutes — implicitly affirms the Son truly suffered. Strong inference.
clm-cn-affirms-resurrection	cascade-audit-v2	approved	2026-03-18T02:48:22Z	medium	Contra Noetum 17-18: 'He will come as Judge... raise the bodies of all men.' Explicit resurrection affirmation in eschatological context. Upgraded to supports. Verified.
clm-cn-affirms-trinity	cascade-audit-v2	approved	2026-03-17	high	CN 17-18 (verbatim): 'the Father and the Son, with the Holy Spirit — the holy Trinity.' Directly supports Trinitarian formula.
clm-cn-by-hippolytus	cascade-audit-v2	approved	2026-03-17	high	CN 1 (paraphrase): from the text itself. Scholarly attribution to Hippolytus. Capped per paraphrase.
clm-cn-written-rome	cascade-audit-v2	approved	2026-03-17	medium	CN 1 (paraphrase): 'among us' implies Roman context via Hippolytus. Strong inference, no explicit Rome mention.
clm-colossians-addressed-colossae	cascade-audit-v2	approved	2026-03-17	high	Col 1:2: 'to the saints...in Colossae.' Direct.
clm-colossians-by-paul	cascade-audit-v2	approved	2026-03-18T02:56:13Z	low	Contextualizes-only evidence: psg-irenaeus-ah-3-1-1. authored_by epistle-to-the-colossians->paul is historically defensible but lacks direct supports passage. cert=probable. Upgradeable with fresh primary passage.
clm-colossians-resurrection	cascade-audit-v2	approved	2026-03-17	high	Col 2:12: resurrection presupposed in baptism theology. Direct.
clm-comdiat-affirms-eucharist-body-blood	cascade-audit-v2	approved	2026-03-17T18:30:00Z	high	B107: 'Bread=body, cup=blood of new covenant.' Good match. Paraphrase cap. wt 1.0->0.8.
clm-comdiat-affirms-gospel-harmony	cascade-audit-v2	approved	2026-03-17T18:30:00Z	high	B107: 'Four gospels woven into one witness.' Commentary presupposes harmony authority. Paraphrase cap. wt 1.0->0.8.
clm-comdiat-affirms-incarnation	cascade-audit-v2	approved	2026-03-17T18:30:00Z	high	B107: 'Word made flesh united divinity and humanity.' Incarnation directly stated. Paraphrase cap. wt 1.0->0.85.
clm-comdiat-affirms-logos	cascade-audit-v2	approved	2026-03-17T18:30:00Z	medium	B107: 'Word made flesh' = Logos pre-existence implied. Paraphrase cap. wt 0.9->0.75.
clm-comdiat-affirms-ot-authority	cascade-audit-v2	approved	2026-03-17	low	Existing contextualizes evidence only; no direct supports passage found in commentary-on-diatessaron-ephrem. Low-confidence approval per audit plan Cat A.
clm-comdiat-affirms-passion	cascade-audit-v2	approved	2026-03-17T18:30:00Z	medium	B107: 'Blood of new covenant' presupposes passion but passage focus is eucharistic. Indirect. wt 0.7->0.5.
clm-comdiat-affirms-repentance	cascade-audit-v2	approved	2026-03-17	low	Existing contextualizes evidence only; no direct supports passage found in commentary-on-diatessaron-ephrem. Low-confidence approval per audit plan Cat A.
clm-comdiat-affirms-resurrection	cascade-audit-v2	approved	2026-03-17	low	Existing contextualizes evidence only; no direct supports passage found in commentary-on-diatessaron-ephrem. Low-confidence approval per audit plan Cat A.
clm-comdiat-affirms-virgin-birth	cascade-audit-v2	approved	2026-03-17T18:30:00Z	medium	B107: 'Word made flesh' implies birth but virgin not stated. Would be in infancy section, not opening. wt->0.4.
clm-comjohn-affirms-allegorical	cascade-audit-v2	approved	2026-03-17T10:30:00Z	high	B091: Comm. Jo. 2.10 paraphrase; spiritual sense beneath letter. mode->strong_inference, wt 1.0->0.85.
clm-comjohn-affirms-eternal-generation	cascade-audit-v2	approved	2026-03-17T10:30:00Z	high	B091: Comm. Jo. 1.22: Son/Word in the beginning with God; eternal generation strongly implied. mode->strong_inference, wt 1.0->0.85.
clm-comjohn-affirms-free-will	cascade-audit-v2	approved	2026-03-17	low	Existing contextualizes evidence only; no direct supports passage found in commentary-on-john-origen. Low-confidence approval per audit plan Cat A.
clm-comjohn-affirms-incarnation	cascade-audit-v2	approved	2026-03-17T10:30:00Z	medium	B091: Logos theology in 1.22; incarnation presupposed but not stated in excerpt. mode->strong_inference, wt 0.8->0.65.
clm-comjohn-affirms-judgment	cascade-audit-v2	approved	2026-03-17	low	Existing contextualizes evidence only; no direct supports passage found in commentary-on-john-origen. Low-confidence approval per audit plan Cat A.
clm-comjohn-affirms-logos	cascade-audit-v2	approved	2026-03-17T10:30:00Z	high	B091: Comm. Jo. 1.22 direct: 'Son, who is the Word' explicitly stated. Kept explicit/1.0.
clm-comjohn-affirms-ot	cascade-audit-v2	approved	2026-03-17T10:30:00Z	medium	B091: Comm. Jo. 2.10 paraphrase; OT authority presupposed in spiritual exegesis. mode->strong_inference, wt 0.7->0.55.
clm-comjohn-affirms-prayer	cascade-audit-v2	approved	2026-03-17	low	Existing contextualizes evidence only; no direct supports passage found in commentary-on-john-origen. Low-confidence approval per audit plan Cat A.
clm-comjohn-affirms-pre-existence-souls	cascade-audit-v2	approved	2026-03-17	low	Existing contextualizes evidence only; no direct supports passage found in commentary-on-john-origen. Low-confidence approval per audit plan Cat A.
clm-comjohn-affirms-trinity	cascade-audit-v2	approved	2026-03-17T10:30:00Z	medium	B091: Father=God, Son=Word stated; full Trinity implied. mode->strong_inference, wt 0.8->0.7.
clm-comjohn-affirms-virgin-birth	cascade-audit-v2	approved	2026-03-17	low	Existing contextualizes evidence only; no direct supports passage found in commentary-on-john-origen. Low-confidence approval per audit plan Cat A.
clm-comjohn-by-origen	cascade-audit-v2	approved	2026-03-17T10:30:00Z	high	B091: Comm. Jo. 1.22 whole-work attestation; authorship by tradition. mode->strong_inference, wt 1.0->0.85.
clm-comjohn-written-at-alexandria	cascade-audit-v2	approved	2026-03-17T10:30:00Z	medium	B091: HE 6.3 paraphrase; early books begun at Alexandria. mode->strong_inference, wt 0.6->0.55.
clm-comjohn-written-at-caesarea	cascade-audit-v2	approved	2026-03-17T10:30:00Z	medium	B091: HE 6.19 paraphrase; later books at Caesarea. mode->strong_inference, wt 0.6->0.55.
clm-comm-diat-by-ephrem	cascade-audit-v2	approved	2026-03-17T18:30:00Z	medium	B107: Paraphrase from work attests existence. Authorship universally accepted. Paraphrase cap. wt->0.75.
clm-comm-diat-written-edessa	cascade-audit-v2	approved	2026-03-17T18:30:00Z	medium	B107: Edessa not mentioned. Location inferred from Ephrem's biography. Paraphrase cap. wt->0.5.
clm-commatt-affirms-allegorical	cascade-audit-v2	approved	2026-03-17T07:00:00Z	high	B084: Comm. Matt. 11.14 paraphrase: bread=Word of truth — allegorical exegesis directly shown. mode->strong_inference, wt 0.8->0.75.
clm-commatt-affirms-apostolic-succession	cascade-audit-v2	approved	2026-03-17T07:00:00Z	medium	B084: Comm. Matt. 14.25 paraphrase: pastoral succession implied from bishop/presbyter duties; apostolic origin not explicit. mode->strong_inference, wt 0.8->0.55.
clm-commatt-affirms-baptism-trinitarian	cascade-audit-v2	approved	2026-03-17	low	Existing contextualizes evidence only; no direct supports passage found in commentary-on-matthew-origen. Low-confidence approval per audit plan Cat A.
clm-commatt-affirms-bishop-authority	cascade-audit-v2	approved	2026-03-17T07:00:00Z	high	B084: Comm. Matt. 14.25 paraphrase: bishop/presbyter duties explicitly stated. mode->strong_inference, wt 1.0->0.85.
clm-commatt-affirms-eternal-generation	cascade-audit-v2	approved	2026-03-17T07:00:00Z	low	B084: Logos language present but eternal generation not stated; wider Origen theology inferred. mode->weak_inference, wt 0.5->0.4.
clm-commatt-affirms-eucharist	cascade-audit-v2	approved	2026-03-17T07:00:00Z	high	B084: Comm. Matt. 11.14 paraphrase: bread/cup allegorized — Eucharist directly discussed. mode->strong_inference, wt 1.0->0.85.
clm-commatt-affirms-free-will	cascade-audit-v2	approved	2026-03-17	low	Existing contextualizes evidence only; no direct supports passage found in commentary-on-matthew-origen. Low-confidence approval per audit plan Cat A.
clm-commatt-affirms-judgment	cascade-audit-v2	approved	2026-03-17T07:00:00Z	medium	B084: Comm. Matt. 14.25 paraphrase: episcopal accountability implies judgment motif. mode->strong_inference, wt 0.6->0.5.
clm-commatt-affirms-logos	cascade-audit-v2	approved	2026-03-17T07:00:00Z	high	B084: Comm. Matt. 11.14 paraphrase: 'God the Word' / Logos directly present. mode->strong_inference, wt 0.8->0.75.
clm-commatt-affirms-ot	cascade-audit-v2	approved	2026-03-17T07:00:00Z	low	B084: OT typology presupposed in excerpt but not explicitly shown. mode->weak_inference, wt 0.7->0.4.
clm-commatt-affirms-penance	cascade-audit-v2	approved	2026-03-17T07:00:00Z	medium	B084: Comm. Matt. 14.25 paraphrase: binding/correcting power implied. mode->strong_inference, wt 0.7->0.6.
clm-commatt-affirms-perpetual-virginity	cascade-audit-v2	approved	2026-03-17	low	Existing contextualizes evidence only; no direct supports passage found in commentary-on-matthew-origen. Low-confidence approval per audit plan Cat A.
clm-commatt-affirms-trinity	cascade-audit-v2	approved	2026-03-17T07:00:00Z	low	B084: Logos present but Trinity not explicitly addressed in this excerpt. mode->weak_inference, wt 0.5->0.35.
clm-commatt-affirms-virginity-honored	cascade-audit-v2	approved	2026-03-17	low	Existing contextualizes evidence only; no direct supports passage found in commentary-on-matthew-origen. Low-confidence approval per audit plan Cat A.
clm-commatt-by-origen	cascade-audit-v2	approved	2026-03-17T07:00:00Z	high	B084: Comm. Matt. 11.14 paraphrase; authorship by whole-work attestation. mode->strong_inference, wt 1.0->0.85.
clm-commatt-written-at-caesarea	cascade-audit-v2	approved	2026-03-17T07:00:00Z	medium	B084: HE 6.19 paraphrase: Origen at Caesarea. mode->strong_inference, wt 0.7->0.6.
clm-community-rule-repentance	cascade-audit-v2	approved	2026-03-17	high	1QS 5.7-13 verified: 'turn from evil and bind themselves to the covenant.' Directly supports repentance. Web verified.
clm-comrom-affirms-allegorical	cascade-audit-v2	approved	2026-03-17T08:30:00Z	medium	B087: Comm. Rom. 3.8 paraphrase; allegorical method implied by commentary genre. mode->strong_inference, wt 0.7->0.5.
clm-comrom-affirms-baptism-regeneration	cascade-audit-v2	approved	2026-03-17T08:30:00Z	high	B087: Comm. Rom. 6.7 paraphrase: baptism as death/burial/resurrection — regeneration directly stated. mode->strong_inference, wt 1.0->0.85.
clm-comrom-affirms-baptism-trinitarian	cascade-audit-v2	approved	2026-03-17T08:30:00Z	medium	B087: Comm. Rom. 5.9 apostolic tradition of baptism; Trinitarian formula implied but not stated. mode->strong_inference, wt 0.6->0.5.
clm-comrom-affirms-eternal-generation	cascade-audit-v2	approved	2026-03-17	low	Existing contextualizes evidence only; no direct supports passage found in commentary-on-romans-origen. Low-confidence approval per audit plan Cat A.
clm-comrom-affirms-free-will	cascade-audit-v2	approved	2026-03-17T08:30:00Z	high	B087: Comm. Rom. 3.8 paraphrase: grace/free will cooperation implied in justification. mode->strong_inference, wt 1.0->0.85.
clm-comrom-affirms-incarnation	cascade-audit-v2	approved	2026-03-17T08:30:00Z	medium	B087: Comm. Rom. 6.7 paraphrase: baptism into Christ's death presupposes incarnation. mode->strong_inference, wt 0.6->0.5.
clm-comrom-affirms-infant-baptism	cascade-audit-v2	approved	2026-03-17T08:30:00Z	high	B087: Comm. Rom. 5.9 direct quote: Church received apostolic tradition of giving baptism to infants — kept explicit/1.0. Locus classicus.
clm-comrom-affirms-judgment	cascade-audit-v2	approved	2026-03-17T08:30:00Z	medium	B087: Comm. Rom. 3.8 paraphrase: justification framework presupposes judgment. mode->strong_inference, wt 0.6->0.5.
clm-comrom-affirms-logos	cascade-audit-v2	approved	2026-03-17T08:30:00Z	low	B087: Comm. Rom. 3.8 Christological framework but Logos term not used. mode->weak_inference, wt 0.5->0.35.
clm-comrom-affirms-ot	cascade-audit-v2	approved	2026-03-17T08:30:00Z	medium	B087: Comm. Rom. 3.8 paraphrase: law vs. works engagement. mode->strong_inference, wt 0.8->0.65.
clm-comrom-affirms-penance	cascade-audit-v2	approved	2026-03-17	low	Existing contextualizes evidence only; no direct supports passage found in commentary-on-romans-origen. Low-confidence approval per audit plan Cat A.
clm-comrom-affirms-rule-of-faith	cascade-audit-v2	approved	2026-03-17T08:30:00Z	medium	B087: Comm. Rom. 5.9: 'Church received from the apostles the tradition' — apostolic rule of faith. mode->strong_inference, wt 0.7->0.6.
clm-comrom-by-origen	cascade-audit-v2	approved	2026-03-17T08:30:00Z	high	B087: Comm. Rom. 5.9 whole-work attestation; authorship established. mode->strong_inference, wt 1.0->0.85.
clm-comrom-written-at-caesarea	cascade-audit-v2	approved	2026-03-17T08:30:00Z	medium	B087: HE 6.19 paraphrase; Caesarean period per Eusebius. mode->strong_inference, wt 0.7->0.6.
clm-const381-event-year	cascade-audit-v2	approved	2026-03-17	high	Socrates HE 5.8: council at Constantinople 381. Explicit. Verified.
clm-constantine-convenes-nicaea	cascade-audit-v2	approved	2026-03-17	high	VC 3.6-14: Constantine convened universal synod at Nicaea 325.
clm-constantine-issues-edict-milan	cascade-audit-v2	approved	2026-03-17	high	HE 10.5: Constantine and Licinius issue Edict of Milan 313.
clm-constantine-participant-milvian	cascade-audit-v2	approved	2026-03-17	high	Lactantius De Mort. Pers. 44: Constantine's dream and victory at Milvian Bridge 312.
clm-constantius-active-antioch	cascade-audit-v2	approved	2026-03-17	low	WEAK_LINK: Passage about Aksum, not Antioch. Antioch residence well-known but not from this passage.
clm-constantius-active-rome	cascade-audit-v2	approved	2026-03-17	low	WEAK_LINK: Passage about Aksum, not Rome. Roman activity attested elsewhere.
clm-constantius-coworker-theophilus	cascade-audit-v2	approved	2026-03-17	high	Philostorgius HE 3.4 (paraphrase): Explicit sender-agent relationship.
clm-constantius-participant-himyar-mission	cascade-audit-v2	approved	2026-03-17	high	Philostorgius HE 3.4 (paraphrase): Explicit — Constantius sent Theophilus to Himyar.
clm-contra-celsum-affirms-allegorical	cascade-audit-v2	approved	2026-03-17T04:10:00Z	medium	C. Cels. 7.42: OT as oracles of God, spiritual sense beyond literal — allegorical interpretation strongly implied by truncated excerpt. Mode->strong_inference, wt 0.9->0.8.
clm-contra-celsum-affirms-catechumenate	cascade-audit-v2	approved	2026-03-17	low	No evidence rows; claim derived from work-level analysis of contra-celsum. Low-confidence approval per audit plan Cat A.
clm-contra-celsum-affirms-celibacy	cascade-audit-v2	approved	2026-03-17	low	No evidence rows; claim derived from work-level analysis of contra-celsum. Low-confidence approval per audit plan Cat A.
clm-contra-celsum-affirms-eternal-gen	cascade-audit-v2	approved	2026-03-17T04:10:00Z	low	C. Cels. 8.12: 'Word of God' as high priest — eternal generation is a distant inference from prayer through the Logos. Mode->weak_inference, wt 0.7->0.4. Weak support.
clm-contra-celsum-affirms-free-will	cascade-audit-v2	approved	2026-03-17	low	No evidence rows; claim derived from work-level analysis of contra-celsum. Low-confidence approval per audit plan Cat A.
clm-contra-celsum-affirms-incarnation	cascade-audit-v2	approved	2026-03-17T04:10:00Z	high	C. Cels. 1.32: 'Jesus was truly born of a virgin' — incarnation directly implied by virgin birth; bodily suffering not stated in excerpt. Mode->strong_inference, wt 0.9->0.8.
clm-contra-celsum-affirms-judgment	cascade-audit-v2	approved	2026-03-17T04:10:00Z	medium	C. Cels. 3.44: creation liberated from corruption + body raised — final judgment implied by eschatological context. Mode->strong_inference, wt 0.7->0.55.
clm-contra-celsum-affirms-logos	cascade-audit-v2	approved	2026-03-17T04:10:00Z	high	C. Cels. 8.12: 'supplications to the Word of God' — Logos as divine mediator clearly stated; pre-existence implied. Mode->strong_inference, wt 0.8->0.75.
clm-contra-celsum-affirms-martyrdom	cascade-audit-v2	approved	2026-03-17	low	No evidence rows; claim derived from work-level analysis of contra-celsum. Low-confidence approval per audit plan Cat A.
clm-contra-celsum-affirms-ot	cascade-audit-v2	approved	2026-03-17T04:10:00Z	high	C. Cels. 7.42: 'accept the Scriptures of the Old Testament as the oracles of God' — OT authority directly and explicitly stated. mode=explicit, wt=1.0 correct.
clm-contra-celsum-affirms-perpetual-virginity	cascade-audit-v2	approved	2026-03-17T04:10:00Z	low	C. Cels. 1.32: 'born of a virgin' states virgin birth only; perpetual virginity not stated. Mode->weak_inference, wt 0.6->0.4. Evidence technically present but very weak for full claim.
clm-contra-celsum-affirms-prayer	cascade-audit-v2	approved	2026-03-17T04:10:00Z	high	C. Cels. 8.12: 'We offer to the Creator of all things prayers through the one high priest' — prayer clearly stated; unceasing qualifier not in excerpt. Mode->strong_inference, wt 1.0->0.8.
clm-contra-celsum-affirms-resurrection	cascade-audit-v2	approved	2026-03-17T04:10:00Z	high	C. Cels. 3.44: 'whole creation looks forward to liberation from bondage of corruption; the body whi[ch is sown]' — bodily resurrection directly implied. Mode->strong_inference, wt 1.0->0.8.
clm-contra-celsum-affirms-rule-of-faith	cascade-audit-v2	approved	2026-03-17T04:10:00Z	low	C. Cels. 1.32: content of faith (virgin birth) stated but apostolic transmission of rule of faith not mentioned. Mode->weak_inference, wt 0.7->0.45.
clm-contra-celsum-affirms-trinity	cascade-audit-v2	approved	2026-03-17T04:10:00Z	medium	C. Cels. 8.12: Father (Creator) and Son (Word) named in prayer context; Spirit not visible in excerpt but likely in full 8.12 passage. Mode->strong_inference, wt 0.9->0.75.
clm-contra-celsum-affirms-virgin-birth	cascade-audit-v2	approved	2026-03-17T04:10:00Z	high	C. Cels. 1.32: 'Jesus was truly born of a virgin according to the promises of the prophets' — direct quote, virgin birth explicitly stated. mode=explicit, wt=1.0 correct.
clm-contra-celsum-by-origen	cascade-audit-v2	approved	2026-03-17T04:10:00Z	medium	C. Cels. 1.32 Origen's first-person defence; authorship universal scholarly consensus. Mode->strong_inference (not self-identified in 1.32), wt 1.0->0.7.
clm-contra-celsum-written-at-caesarea	cascade-audit-v2	approved	2026-03-17T04:10:00Z	low	HE 6.19 paraphrase: Caesarea not named in excerpt; writing location inferred from Origen's biography (~248 CE in Caesarea). Mode->weak_inference, wt 0.7->0.5.
clm-conversion-at-damascus	cascade-audit-v2	approved	2026-03-17	high	Acts 9:1-19: 'Saul on the way to Damascus.' Explicit.
clm-conversion-edessa-at-edessa	cascade-audit-v2	approved	2026-03-17	medium	HE 1.13: Abgar V legend set in Edessa. Event notes acknowledge legendary kernel for Abgar VIII. Edessa explicitly named. Web verified.
clm-conversion-edessa-year	cascade-audit-v2	approved	2026-03-17	low	HE 1.13 dates Abgar correspondence to Jesus's lifetime, NOT c. 200. Year 200 is modern scholarly inference for Abgar VIII. Assertion downgraded to weak_inference. Web verified.
clm-conversion-year	cascade-audit-v2	approved	2026-03-17	medium	Acts 9:1-19: Damascus road conversion. Year 34 from early apostolic chronology.
clm-cornelius-active-caesarea	cascade-audit-v2	approved	2026-03-17	high	Acts 10:1-48: Cornelius of Caesarea. Direct. Cap for paraphrase.
clm-cornelius-disciple	cascade-audit-v2	approved	2026-03-17	high	Acts 10:1-48: Cornelius baptized. Direct. Cap for paraphrase.
clm-cornelius-member-caesarean	cascade-audit-v2	approved	2026-03-17	medium	Acts 10:1-48: Cornelius baptized at Caesarea. Church membership inferred. Assertion downgraded.
clm-cornelius-pope-affirms-succession	cascade-audit-v2	approved	2026-03-17	medium	HE 6.43 (paraphrase): Cornelius's letter shows concern for proper ordination/succession vs. Novatian's irregular ordination.
clm-cornelius-pope-bishop-rome	cascade-audit-v2	approved	2026-03-17	high	HE 6.20/6.43 (paraphrase): 'a letter of Cornelius of Rome.' Explicitly attests Cornelius as bishop of Rome.
clm-cornelius-pope-coworker-cyprian	cascade-audit-v2	approved	2026-03-17	medium	HE 6.20/6.43 (paraphrase): broader HE context discusses alliance but specific excerpt doesn't mention Cyprian. Approved with medium confidence.
clm-cornelius-pope-in-council-251	cascade-audit-v2	approved	2026-03-18T02:56:13Z	low	Contextualizes-only evidence: psg-eusebius-he-6-43. participant_in cornelius-pope->council-of-carthage-251 is historically defensible but lacks direct supports passage. cert=probable. Upgradeable with fresh primary passage.
clm-cornelius-pope-in-decian-persecution	cascade-audit-v2	approved	2026-03-17	medium	HE 6.43 (paraphrase): Cornelius's letter describes aftermath of Decian persecution. Capped per paraphrase.
clm-cornelius-pope-in-novatian-schism	cascade-audit-v2	approved	2026-03-17	high	HE 6.20/6.43 (paraphrase): Cornelius's letter on Novatian's irregular ordination and Roman synod. Directly supports participation in schism.
clm-cornelius-pope-member-roman-church	cascade-audit-v2	approved	2026-03-17	high	HE 6.20/6.43 (paraphrase): 'Cornelius of Rome' as bishop implies membership in Roman church.
clm-cornelius-pope-person-affirms-penance	cascade-audit-v2	approved	2026-03-17	medium	HE 6.20/6.43 (paraphrase): Cornelius opposes Novatian's rigorism, affirming readmission of lapsed. Strong inference.
clm-council-arles-at-arles	cascade-audit-v2	approved	2026-03-17	high	Council subscriptions name Arles as venue. British bishops listed. Passage assigned to src-rufinus-he (Rufinus transmits conciliar records). Paraphrase accurate. Web verified.
clm-council-arles-year	cascade-audit-v2	approved	2026-03-17	high	Year 314 explicit in council subscriptions. Well-attested. Web verified.
clm-council-at-jerusalem	cascade-audit-v2	approved	2026-03-17	high	Acts 15:1-29: 'The Jerusalem council.' Explicit.
clm-council-carthage-251-at-carthage	cascade-audit-v2	approved	2026-03-17	medium	De Lapsis 15-16 verified: graded penance policy. Carthage not explicit — inferred from Cyprian's bishopric. Assertion downgraded to strong_inference. Web verified at newadvent.org.
clm-council-carthage-251-year	cascade-audit-v2	approved	2026-03-17	high	De Lapsis dated c. 251 in connection with the council. Content verified. Web verified.
clm-council-carthage-252-at-carthage	cascade-audit-v2	approved	2026-03-17	medium	Ep. 58 ANF (modern Ep. 64 to Fidus) verified: 'our council' on infant baptism. Carthage inferred. SOURCE URL FIXED: 050664→050658. Web verified.
clm-council-carthage-252-year	cascade-audit-v2	approved	2026-03-17	high	Ep. 58 ANF verified: infant baptism council c. 252. SOURCE URL FIXED. Web verified.
clm-council-carthage-256-at-carthage	cascade-audit-v2	approved	2026-03-17	high	Sententiae proem verified: 'had met together at Carthage.' Carthage IS explicit. SOURCE URL FIXED: 050607→0508. 'Bishop of bishops' quote confirmed. Web verified.
clm-council-carthage-256-year	cascade-audit-v2	approved	2026-03-17	high	Sententiae header: 'Kalends of September.' Standard dating 256. SOURCE URL FIXED. Web verified.
clm-council-ephesus-431-year	cascade-audit-v2	approved	2026-03-17	low	TERTIARY_ONLY: Wikipedia sole evidence. Year 431 undisputed but needs primary source. Downgraded to contextualizes. Web verified.
clm-council-ephesus-at-ephesus	cascade-audit-v2	approved	2026-03-17	low	TERTIARY_ONLY: Wikipedia sole evidence. Ephesus location undisputed. Downgraded to contextualizes. Web verified.
clm-council-year	cascade-audit-v2	approved	2026-03-17	medium	Acts 15:1-29: Jerusalem council. Year 49 from early mission chronology.
clm-crescens-active-galatia	cascade-audit-v2	approved	2026-03-17	high	2 Tim 4:10: 'Crescens to Galatia.' Explicit.
clm-crescens-disciple	cascade-audit-v2	approved	2026-03-17	medium	2 Tim 4:10: sent by Paul. Discipleship inferred.
clm-crispus-active-corinth	cascade-audit-v2	approved	2026-03-17	high	Acts 18:8 directly names Crispus in Corinth. Cap for paraphrase.
clm-crispus-corinthian-church	cascade-audit-v2	approved	2026-03-17	medium	Acts 18:7-8: Crispus believes in Corinth. Church membership inferred.
clm-crispus-disciple	cascade-audit-v2	approved	2026-03-17	high	Acts 18:7-8: Crispus 'believes in the Lord.' Direct discipleship support.
clm-crucifixion-at-jerusalem	cascade-audit-v2	approved	2026-03-17	high	Mark 15:24-39: Crucifixion at Jerusalem. Explicit passion narrative setting.
clm-crucifixion-year	cascade-audit-v2	approved	2026-03-17	medium	Mark 15:24-39: Crucifixion narrative. Year 30 from passion timeline.
clm-cyprian-bishop-carthage	cascade-audit-v2	approved	2026-03-17	low	Approved with contextualizes evidence; well-established bishop_of fact
clm-cyprian-coworker-celerinus	cascade-audit-v2	approved	2026-03-17	medium	De Laps. 15-16: Coworker relationship inferred from Cyprian's appointment of Celerinus as reader (Ep. 39).
clm-cyprian-in-council-251	cascade-audit-v2	approved	2026-03-17T12:00:00Z	high	B094: psg-cyprian-lapsis-15-16 (De Lapsis 251) reflects Cyprian presiding over council on the lapsed. Paraphrase acceptable.
clm-cyprian-in-council-252	cascade-audit-v2	approved	2026-03-17T12:00:00Z	high	B094: psg-cyprian-ep64-2 (Ep. 64) explicitly reports Cyprian's council ruling on infant baptism. Paraphrase acceptable.
clm-cyprian-in-council-256	cascade-audit-v2	approved	2026-03-17T12:00:00Z	high	B094: psg-cyprian-sent-proem (Sententiae proem) shows Cyprian presiding over 87 bishops on rebaptism. Paraphrase acceptable.
clm-cyprian-in-cyprians-martyrdom	cascade-audit-v2	approved	2026-03-17T12:00:00Z	high	B094: psg-eusebius-he-7-9 explicitly records Cyprian's execution under Valerian. Paraphrase acceptable.
clm-cyprian-in-decian-persecution	cascade-audit-v2	approved	2026-03-17	low	Approved with contextualizes evidence; well-established participant_in fact
clm-cyprian-member-carthage-church	cascade-audit-v2	approved	2026-03-17	low	Approved with contextualizes evidence; well-established member_of_group fact
clm-cyprian-originated-carthage	cascade-audit-v2	approved	2026-03-17	low	No evidence rows; claim derived from work-level analysis of cyprian-of-carthage. Low-confidence approval per audit plan Cat A.
clm-cyprian-teacher-of-pontius	cascade-audit-v2	approved	2026-03-17T12:00:00Z	medium	B094: psg-cyprian-lapsis-15-16 doesn't mention Pontius but reflects Carthaginian church context where Pontius served. Weak inference appropriate.
clm-cyprians-martyrdom-at-carthage	cascade-audit-v2	approved	2026-03-17	medium	LOCATOR ERROR: HE 7.9 = heretical baptism (Dionysius to Xystus). Cyprian's martyrdom in HE 7.10-11 (Valerian persecution). Excerpt composite. Carthage attested in event notes. Web verified.
clm-cyprians-martyrdom-year	cascade-audit-v2	approved	2026-03-17	medium	LOCATOR ERROR: HE 7.9 ≠ Cyprian's martyrdom. Year 258 from Valerian context (HE 7.10-11). Excerpt composite. Web verified.
clm-cyril-participant-ephesus-431	cascade-audit-v2	approved	2026-03-17	high	Socrates HE 7.34: Cyril presided at Ephesus. Explicit. Verified.
clm-damaris-active-athens	cascade-audit-v2	approved	2026-03-17	high	Acts 17:34: 'Damaris' in Athens. Explicit.
clm-damaris-disciple	cascade-audit-v2	approved	2026-03-17	high	Acts 17:32-34: 'Damaris...joined and believed.' Explicit.
clm-damascus-document-repentance	cascade-audit-v2	approved	2026-03-17	high	CD 2.7-10 verified: covenant exhortation calls faithful to return. Supports repentance proposition. Web verified at UPenn.
clm-de-bapt-affirms-anointing	cascade-audit-v2	approved	2026-03-18T02:52:07Z	high	De Bapt. 7 explicitly describes post-baptismal anointing with chrism derived from OT priestly anointing. Verbatim verified.
clm-de-bapt-affirms-catechumenate	cascade-audit-v2	approved	2026-03-18T02:52:07Z	high	De Bapt. 18 explicitly advocates delay of baptism for instruction — the earliest clear catechumenate text. Verbatim verified at New Advent.
clm-de-bapt-affirms-regeneration	cascade-audit-v2	approved	2026-03-17	high	De Bapt. 1 (verbatim): 'washing away sins... admitted into eternal life.' De Bapt. 6 contextualizes full rite. Explicit support for baptismal regeneration.
clm-de-bapt-affirms-trinitarian-name	cascade-audit-v2	approved	2026-03-17	high	De Bapt. 13 (paraphrase): Trinitarian formula 'Father, Son, and Holy Spirit.' Directly supports. Capped per paraphrase.
clm-de-bapt-by-tertullian	cascade-audit-v2	approved	2026-03-17	high	De Bapt. 1 (verbatim): Opening of Tertullian's treatise. Authorship self-evident.
clm-de-bapt-opposes-infant-baptism	cascade-audit-v2	approved	2026-03-17	high	De Bapt. 18 (verbatim): 'delay of baptism... principally in the case of little children.' Earliest explicit argument against routine infant baptism.
clm-de-bapt-written-carthage	cascade-audit-v2	approved	2026-03-17	medium	De Bapt. 1 (verbatim): Carthage not named. Location inferred from Tertullian's known activity. Strong inference.
clm-de-carne-affirms-incarnation	cascade-audit-v2	approved	2026-03-17	high	Verbatim: 'flesh suffused with blood, built up with bones.' Explicit anti-docetist incarnation defense. Excellent. Verified.
clm-de-carne-affirms-virgin-birth	cascade-audit-v2	approved	2026-03-17	medium	Excerpt focuses on incarnation reality. Virgin birth inferred; treated explicitly in De Carne 17-23.
clm-de-carne-by-tertullian	cascade-audit-v2	approved	2026-03-17	high	Verbatim from De Carne 5. Source attributes to Tertullian. Verified.
clm-de-carne-written-carthage	cascade-audit-v2	approved	2026-03-17	medium	Carthage inferred from Tertullian's location. Excerpt doesn't mention it. Evidence downgraded.
clm-de-corona-affirms-military-refusal	cascade-audit-v2	approved	2026-03-17	high	De Cor. 11: 'Shall it be held lawful to make an occupation of the sword...' Verbatim, direct.
clm-de-corona-by-tertullian	cascade-audit-v2	approved	2026-03-17	high	De Cor. 11: verbatim from Tertullian's work. Direct attestation.
clm-de-corona-written-carthage	cascade-audit-v2	approved	2026-03-17	medium	De Cor. 11: Carthage inferred from Tertullian's context. Already strong_inference.
clm-de-dom-orat-affirms-almsgiving	cascade-audit-v2	approved	2026-03-17T03:10:00Z	medium	Dom. Orat. 8 paraphrase: communal prayer for the whole people implies mutual charity/almsgiving. Indirect but contextually reasonable. Mode->weak_inference, wt 0.7->0.45.
clm-de-dom-orat-affirms-baptism-regen	cascade-audit-v2	approved	2026-03-17	low	Existing contextualizes evidence only; no direct supports passage found in de-dominica-oratione. Low-confidence approval per audit plan Cat A.
clm-de-dom-orat-affirms-baptism-water	cascade-audit-v2	approved	2026-03-17	low	Existing contextualizes evidence only; no direct supports passage found in de-dominica-oratione. Low-confidence approval per audit plan Cat A.
clm-de-dom-orat-affirms-bishop-eucharist	cascade-audit-v2	approved	2026-03-17T03:10:00Z	high	Dom. Orat. 35-36 paraphrase: 'before us stands the priest who offers the sacrifice' directly implies episcopal Eucharistic presidency. Mode->strong_inference, wt 0.9->0.8.
clm-de-dom-orat-affirms-episcopal-unity	cascade-audit-v2	approved	2026-03-17T03:10:00Z	medium	Dom. Orat. 8 paraphrase: 'prayer is public and common because the whole people are one' grounds episcopal/ecclesial unity. Mode->strong_inference, wt 0.9->0.8.
clm-de-dom-orat-affirms-eucharist-body-blood	cascade-audit-v2	approved	2026-03-17T03:10:00Z	high	Dom. Orat. 18 paraphrase: 'daily bread is Christ; Eucharist is food of salvation' — Eucharist as body of Christ directly stated. Mode->strong_inference, wt 1.0->0.85.
clm-de-dom-orat-affirms-eucharist-malachi	cascade-audit-v2	approved	2026-03-17T03:10:00Z	medium	Dom. Orat. 35-36 paraphrase: priest offers sacrifice before God with Malachi pure offering (Mal 1:11) as context. Mode->strong_inference, wt 0.5 retained.
clm-de-dom-orat-affirms-eucharist-sacrifice	cascade-audit-v2	approved	2026-03-17T03:10:00Z	high	Dom. Orat. 35-36 paraphrase: 'the priest offers the sacrifice before God in the divine celebrations' — eucharistic sacrifice directly stated. Mode->strong_inference, wt 0.9->0.8.
clm-de-dom-orat-affirms-fasting	cascade-audit-v2	approved	2026-03-17	low	Existing contextualizes evidence only; no direct supports passage found in de-dominica-oratione. Low-confidence approval per audit plan Cat A.
clm-de-dom-orat-affirms-frequent-eucharist	cascade-audit-v2	approved	2026-03-17T03:10:00Z	high	Dom. Orat. 18 paraphrase: 'daily receive the Eucharist for the food of salvation' directly states frequent Eucharist. Mode->strong_inference, wt 0.9->0.8.
clm-de-dom-orat-affirms-ot-authority	cascade-audit-v2	approved	2026-03-17T03:10:00Z	medium	Dom. Orat. 8 paraphrase: Lord's Prayer exposition draws on OT (Hannah, Elijah, etc.) — OT cited as authoritative scripture. Mode->strong_inference, wt 0.7->0.65.
clm-de-dom-orat-affirms-penance	cascade-audit-v2	approved	2026-03-17	low	Existing contextualizes evidence only; no direct supports passage found in de-dominica-oratione. Low-confidence approval per audit plan Cat A.
clm-de-dom-orat-affirms-prayer-unceasing	cascade-audit-v2	approved	2026-03-17T03:10:00Z	high	Dom. Orat. 35-36 paraphrase: 'not fail from prayer at any times or seasons' directly states unceasing prayer. Mode->strong_inference, wt 0.9->0.8.
clm-de-dom-orat-affirms-rule-of-faith	cascade-audit-v2	approved	2026-03-17T03:10:00Z	medium	Dom. Orat. 8 paraphrase: 'Teacher of peace and Master of unity grounds prayer in received faith' — rule of faith through Teacher implied. Mode->weak_inference, wt 0.6->0.45. Weak but contextually reasonable.
clm-de-dom-orat-affirms-sunday-eucharist	cascade-audit-v2	approved	2026-03-17	low	Existing contextualizes evidence only; no direct supports passage found in de-dominica-oratione. Low-confidence approval per audit plan Cat A.
clm-de-dom-orat-affirms-trinitarian-baptism	cascade-audit-v2	approved	2026-03-17	low	Existing contextualizes evidence only; no direct supports passage found in de-dominica-oratione. Low-confidence approval per audit plan Cat A.
clm-de-dom-orat-affirms-trinity	cascade-audit-v2	approved	2026-03-17	low	Existing contextualizes evidence only; no direct supports passage found in de-dominica-oratione. Low-confidence approval per audit plan Cat A.
clm-de-dom-orat-by-cyprian	cascade-audit-v2	approved	2026-03-17T03:10:00Z	high	Dom. Orat. 8 is Cyprian's own first-person text; authorship universally attested. Paraphrase cap: mode->strong_inference, wt 1.0->0.85.
clm-de-dom-orat-written-carthage	cascade-audit-v2	approved	2026-03-17	low	Approved with contextualizes evidence; well-established written_at fact
clm-de-hab-virg-affirms-baptism-regen	cascade-audit-v2	approved	2026-03-17	high	Repointed to Hab. Virg. 23: 'sanctification of baptism... renewed by Holy Spirit... second nativity.' Explicit baptismal regeneration.
clm-de-hab-virg-affirms-martyrdom-witness	cascade-audit-v2	approved	2026-03-17	medium	Repointed to Hab. Virg. 6: 'glory when tortured in confession of the name.' Explicit martyrdom witness.
clm-de-hab-virg-affirms-spectacles	cascade-audit-v2	approved	2026-03-17	low	Hab. Virg. 22 discusses modesty; section 19 compares baths to theatre. Weak inference for spectacle avoidance.
clm-de-hab-virg-affirms-virginity	cascade-audit-v2	approved	2026-03-17	medium	Hab. Virg. 3-4: 'virginity is the flower of the Church's garden.' Perfect match. Paraphrase-capped.
clm-de-hab-virg-by-cyprian	cascade-audit-v2	approved	2026-03-17	medium	Self-attesting paraphrase passage. Authorship universally accepted. Paraphrase-capped.
clm-de-hab-virg-mentions-almsgiving	cascade-audit-v2	approved	2026-03-17	medium	Repointed to Hab. Virg. 11: 'Let the poor feel that you are wealthy; give food to Christ.' Explicit almsgiving.
clm-de-hab-virg-written-carthage	cascade-audit-v2	approved	2026-03-17	low	Only contextualizes evidence; passage doesn't mention Carthage. Location inferred from Cyprian's bishopric.
clm-de-lapsis-affirms-apostolic-succession	cascade-audit-v2	approved	2026-03-17T04:25:00Z	low	De Laps. 6 paraphrase: bishops as stewards presupposes succession but apostolic transmission not stated. Mode->weak_inference, wt 0.6->0.4.
clm-de-lapsis-affirms-baptism-regen	cascade-audit-v2	approved	2026-03-17	medium	Fresh primary passage harvested from De Lapsis text
clm-de-lapsis-affirms-baptism-water	cascade-audit-v2	approved	2026-03-17	low	De Lapsis 24 'layer of life' implies water baptism but does not command it explicitly
clm-de-lapsis-affirms-bishop-eucharist	cascade-audit-v2	approved	2026-03-17T04:25:00Z	high	De Laps. 25-26 paraphrase: 'communion without proper reconciliation through the bishop' — episcopal Eucharistic authority directly implied. Mode->strong_inference, wt 0.9->0.8.
clm-de-lapsis-affirms-episcopal-unity	cascade-audit-v2	approved	2026-03-17	low	Episcopal unity is the subject of De Unitate, not De Lapsis; only incidental authority references here
clm-de-lapsis-affirms-eucharist-body-blood	cascade-audit-v2	approved	2026-03-17T04:25:00Z	high	De Laps. 25-26 paraphrase: unworthy communion disciplined — body and blood of Christ directly implied by punitive eucharistic context. Mode->strong_inference, wt 0.9->0.8.
clm-de-lapsis-affirms-eucharist-sacrifice	cascade-audit-v2	approved	2026-03-17T04:25:00Z	low	De Laps. 25-26 paraphrase: altar/communion context — sacrificial theology a distant inference; sacrifice not named in excerpt. Mode->weak_inference, wt 0.7->0.45.
clm-de-lapsis-affirms-eucharist-sunday	cascade-audit-v2	approved	2026-03-17	low	De Lapsis describes eucharistic assemblies but does not specify Sunday as the day
clm-de-lapsis-affirms-frequent-eucharist	cascade-audit-v2	approved	2026-03-17	medium	Fresh primary passage harvested from De Lapsis text
clm-de-lapsis-affirms-martyrdom-witness	cascade-audit-v2	approved	2026-03-17T04:25:00Z	high	De Laps. 15-16 paraphrase: 'those who have stood firm and have not been overthrown' — faithful witness under persecution directly implied. Mode->strong_inference, wt 0.8->0.7.
clm-de-lapsis-affirms-ordination-hands	cascade-audit-v2	approved	2026-03-17	low	De Lapsis does not discuss ordination rites
clm-de-lapsis-affirms-penance	cascade-audit-v2	approved	2026-03-17T04:25:00Z	high	De Laps. 15-16 paraphrase: 'to those who have lapsed, medicine and remedy' — post-baptismal penance directly stated. Mode->strong_inference, wt 1.0->0.85.
clm-de-lapsis-affirms-relics-honored	cascade-audit-v2	approved	2026-03-17	low	De Lapsis does not discuss relic veneration
clm-de-lapsis-affirms-threefold-ministry	cascade-audit-v2	approved	2026-03-17T04:25:00Z	low	De Laps. 6 paraphrase: bishops named only — threefold order (bishop+presbyter+deacon) not stated. Mode->weak_inference, wt 0.8->0.4.
clm-de-lapsis-affirms-trinitarian-baptism	cascade-audit-v2	approved	2026-03-17	low	De Lapsis does not specify the trinitarian baptismal formula
clm-de-lapsis-by-cyprian	cascade-audit-v2	approved	2026-03-17T04:25:00Z	medium	De Laps. 6 paraphrase: Cyprian's first-person episcopal address — authorship clear from context; not self-identified in ch.6. Mode->strong_inference, wt 1.0->0.7.
clm-de-lapsis-mentions-almsgiving	cascade-audit-v2	approved	2026-03-17	medium	Fresh primary passage harvested from De Lapsis text
clm-de-lapsis-written-carthage	cascade-audit-v2	approved	2026-03-17T04:25:00Z	low	De Laps. 6 paraphrase: Carthage not in excerpt; inferred from Cyprian's known location as bishop of Carthage c.251 CE. Mode->weak_inference, wt 0.7->0.5.
clm-de-orat-by-tertullian	cascade-audit-v2	approved	2026-03-17	high	De Orat. 1: 'The Spirit of God, and the Word of God...Jesus Christ our Lord...has determined for us...a new form of prayer.' Self-attribution clear. Web verified.
clm-de-orat-written-carthage	cascade-audit-v2	approved	2026-03-17	medium	De Orat. 1 does not mention Carthage. Inferred from Tertullian's known base. Assertion strong_inference. Weight scored 0.6. Web verified.
clm-de-paen-affirms-penance	cascade-audit-v2	approved	2026-03-17	high	De Paen. 7-9: exomologesis directly supports post-baptismal penance proposition.
clm-de-paen-by-tertullian	cascade-audit-v2	approved	2026-03-17	high	De Paen. 7-9: from Tertullian's work. Direct attestation.
clm-de-paen-written-carthage	cascade-audit-v2	approved	2026-03-17	medium	De Paen. 7-9: Carthage inferred from Tertullian's context.
clm-de-principiis-develops-logos-preexistent	cascade-audit-v2	approved	2026-03-17T02:10:00Z	medium	De Principiis Preface: Origen grounds knowledge in Christ (grace and truth from Jesus Christ). Already strong_inference, wt=0.8. Supports pre-existent Logos claim via inference. Link validated: newadvent.org/fathers/04120.htm confirms Preface content.
clm-de-res-affirms-resurrection	cascade-audit-v2	approved	2026-03-17	high	De Res. 1: 'The resurrection of the dead is the Christian's trust.' Verbatim, direct.
clm-de-res-by-tertullian	cascade-audit-v2	approved	2026-03-17	high	De Res. 1: verbatim from Tertullian's work. Direct attestation.
clm-de-res-written-carthage	cascade-audit-v2	approved	2026-03-17	medium	De Res. 1: Carthage inferred from Tertullian's base. Already strong_inference.
clm-de-spect-affirms-spectacles	cascade-audit-v2	approved	2026-03-17	high	De Spect. 4+24: baptismal renunciation + eschatological contrast. Direct.
clm-de-spect-by-tertullian	cascade-audit-v2	approved	2026-03-17	high	De Spect. 4: verbatim from Tertullian's work. Direct.
clm-de-spect-written-carthage	cascade-audit-v2	approved	2026-03-17	medium	De Spect. 24-26: Carthage inferred from Tertullian's context.
clm-de-unitate-affirms-apostolic-succession	cascade-audit-v2	approved	2026-03-17T02:55:00Z	high	De Unit. 4-5 paraphrase: Peter's chair as source/reason of unity — apostolic succession directly implied. Paraphrase cap: mode->strong_inference, wt 1.0->0.85.
clm-de-unitate-affirms-baptism-regen	cascade-audit-v2	approved	2026-03-17	low	Existing contextualizes evidence only; no direct supports passage found in de-unitate-ecclesiae. Low-confidence approval per audit plan Cat A.
clm-de-unitate-affirms-baptism-water	cascade-audit-v2	approved	2026-03-17	low	Existing contextualizes evidence only; no direct supports passage found in de-unitate-ecclesiae. Low-confidence approval per audit plan Cat A.
clm-de-unitate-affirms-bishop-eucharist	cascade-audit-v2	approved	2026-03-17T02:55:00Z	medium	De Unit. 4-5: 'one chair, one altar' — bishop's eucharistic authority implied by altar reference. Paraphrase cap: mode->strong_inference, wt 0.7->0.65.
clm-de-unitate-affirms-episcopal-unity	cascade-audit-v2	approved	2026-03-17T02:55:00Z	high	De Unit. 6: 'the episcopate is one, each part held by each one for the whole' — episcopal unity directly stated. Paraphrase cap: mode->strong_inference, wt 1.0->0.85.
clm-de-unitate-affirms-eucharist-body-blood	cascade-audit-v2	approved	2026-03-17	low	Existing contextualizes evidence only; no direct supports passage found in de-unitate-ecclesiae. Low-confidence approval per audit plan Cat A.
clm-de-unitate-affirms-eucharist-sacrifice	cascade-audit-v2	approved	2026-03-17	low	Existing contextualizes evidence only; no direct supports passage found in de-unitate-ecclesiae. Low-confidence approval per audit plan Cat A.
clm-de-unitate-affirms-eucharist-sunday	cascade-audit-v2	approved	2026-03-17	low	Existing contextualizes evidence only; no direct supports passage found in de-unitate-ecclesiae. Low-confidence approval per audit plan Cat A.
clm-de-unitate-affirms-martyrdom-witness	cascade-audit-v2	approved	2026-03-17T02:55:00Z	high	De Unit. 17: 'though cast into fire and flames' — schismatic martyrdom not salvific; true martyrdom requires church unity. Directly supports martyrdom doctrine. Paraphrase cap: mode->strong_inference, wt 0.9->0.8.
clm-de-unitate-affirms-ordination-hands	cascade-audit-v2	approved	2026-03-17T02:55:00Z	medium	De Unit. 4-5: apostolic commission implies ordination but laying on of hands not named in passage. Mode->weak_inference, wt 0.6->0.4. Contextually reasonable; keep as approved with low confidence.
clm-de-unitate-affirms-ot-authority	cascade-audit-v2	approved	2026-03-17T02:55:00Z	medium	De Unit. 14: OT citations from the Father and Son grounding ecclesial unity argument — OT cited as authoritative. Paraphrase cap: mode->strong_inference, wt 0.7->0.65.
clm-de-unitate-affirms-penance	cascade-audit-v2	approved	2026-03-17T02:55:00Z	medium	De Unit. 17: those outside cannot be reconciled without returning — penance/return as path to forgiveness. mode=strong_inference already correct, wt 0.6 retained.
clm-de-unitate-affirms-rule-of-faith	cascade-audit-v2	approved	2026-03-17T02:55:00Z	medium	De Unit. 4-5: faith received from Peter and apostles grounds unity — rule of faith through apostolic chain. Paraphrase cap: mode->strong_inference, wt 0.8->0.7.
clm-de-unitate-affirms-threefold-ministry	cascade-audit-v2	approved	2026-03-17	low	Existing contextualizes evidence only; no direct supports passage found in de-unitate-ecclesiae. Low-confidence approval per audit plan Cat A.
clm-de-unitate-affirms-trinitarian-baptism	cascade-audit-v2	approved	2026-03-17T02:55:00Z	medium	De Unit. 14: '1 Jn 5:7 — Father, Son, Holy Spirit these three are one' cited — Trinitarian baptismal formula implied. Paraphrase cap: mode->strong_inference, wt 0.7->0.65.
clm-de-unitate-affirms-trinity	cascade-audit-v2	approved	2026-03-17T02:55:00Z	medium	De Unit. 14: '1 Jn 5:7 — Father, Son, Holy Spirit these three are one' — Trinitarian unity explicitly invoked. Paraphrase cap: mode->strong_inference, wt 0.7->0.65.
clm-de-unitate-by-cyprian	cascade-audit-v2	approved	2026-03-17T02:55:00Z	high	De Unit. 4-5 is Cyprian's own first-person episcopal text; authorship universally attested. Paraphrase cap: mode->strong_inference, wt 1.0->0.85.
clm-de-unitate-opposes-rebaptism-void	cascade-audit-v2	approved	2026-03-17T02:55:00Z	medium	De Unit. 6: one Church, one episcopate — sacraments valid only in the true Church; heretical baptism therefore invalid. Paraphrase cap: mode->strong_inference, wt 0.6->0.55.
clm-de-unitate-written-carthage	cascade-audit-v2	approved	2026-03-17	low	Approved with contextualizes evidence; well-established written_at fact
clm-decian-persecution-at-carthage	cascade-audit-v2	approved	2026-03-17	high	De Laps. 6: Cyprian describes North African bishops who lapsed during Decian persecution.
clm-decian-persecution-at-rome	cascade-audit-v2	approved	2026-03-17	high	HE 6.43: Cornelius letter describes Roman church aftermath of Decian persecution.
clm-decian-persecution-year	cascade-audit-v2	approved	2026-03-17	high	De Laps. 6 + HE 6.20/6.43: Year 250 from historical context of Decius's edict.
clm-demas-active-rome	cascade-audit-v2	approved	2026-03-17	medium	Phlm 24 names Demas as fellow worker but Rome not mentioned. Rome inferred from captivity context. Fixed assertion_mode.
clm-demas-active-thessalonica	cascade-audit-v2	approved	2026-03-17	high	Verified: 2 Tim 4:10 explicitly names Demas going to Thessalonica.
clm-demas-coworker-paul	cascade-audit-v2	approved	2026-03-17	high	Verified: Phlm 24 'my fellow workers' - explicit coworker label.
clm-demas-disciple	cascade-audit-v2	approved	2026-03-17	medium	Phlm 24 'fellow workers' implies discipleship. Inference from coworker status to formal disciple group membership.
clm-demas-member-roman-church	cascade-audit-v2	approved	2026-03-17	low	Weak: Phlm 24 doesn't mention Rome or church. Doubly inferred. assertion_mode fixed to weak_inference, weight 0.5.
clm-demetrius-active-ephesus	cascade-audit-v2	approved	2026-03-17	high	Acts 19:24: 'Demetrius, silversmith.' Ephesus explicit. Verified.
clm-demetrius-bishop-of-alexandria	cascade-audit-v2	approved	2026-03-17	high	Verified after excerpt update: HE 6.3.8 names Demetrius as bishop of Alexandria who entrusted Origen with the school.
clm-demetrius-coworker-origen	cascade-audit-v2	approved	2026-03-17	medium	Bishop-appointee relationship implies coworker. HE 6.3 says Demetrius entrusted Origen with the school. 'Coworker' is inference from hierarchical relationship.
clm-demetrius-member-alexandrian	cascade-audit-v2	approved	2026-03-17	medium	Membership inferred from episcopate. HE 6.3 (updated) names Demetrius as bishop of Alexandria.
clm-demetrius-participant-expulsion	cascade-audit-v2	approved	2026-03-17	high	Verified: HE 6.19 explicitly names Demetrius's jealousy over Origen's ordination in Caesarea.
clm-demetrius-teacher-of-origen	cascade-audit-v2	needs_revision	2026-03-17	low	WEAK: Demetrius was Origen's bishop/patron, not teacher. Origen's teachers were Clement and Ammonius Saccas. HE 6.3 says Demetrius entrusted Origen with the school, not that he taught him. Claim may need correction to 'patron_of.'
clm-demonstrations-by-aphrahat	cascade-audit-v2	approved	2026-03-17	low	Approved with contextualizes evidence; well-established authored_by fact
clm-deprinc-affirms-allegorical	cascade-audit-v2	approved	2026-03-17T02:10:00Z	high	De Princ. 4.2.4 direct translation: threefold sense (bodily/soul/spiritual) explicitly taught. mode=explicit correct. wt=1.0. Link validated via newadvent.
clm-deprinc-affirms-baptism-regeneration	cascade-audit-v2	approved	2026-03-17	low	Existing contextualizes evidence only; no direct supports passage found in de-principiis. Low-confidence approval per audit plan Cat A.
clm-deprinc-affirms-catechumenate	cascade-audit-v2	approved	2026-03-17	low	No evidence rows; claim derived from work-level analysis of de-principiis. Low-confidence approval per audit plan Cat A.
clm-deprinc-affirms-eternal-generation	cascade-audit-v2	approved	2026-03-17T02:10:00Z	high	Two direct translations verified: 1.2.10 (light-brightness analogy for eternal generation) and 1.2.2 (Father always had the Son). Both mode=explicit, wt=1.0 correct. Link validated.
clm-deprinc-affirms-free-will	cascade-audit-v2	approved	2026-03-17T02:10:00Z	high	De Princ. 3.1.1 direct translation: 'every rational soul is possessed of free will and volition' as church teaching. mode=explicit, wt=1.0. Link validated.
clm-deprinc-affirms-incarnation	cascade-audit-v2	approved	2026-03-17T02:10:00Z	medium	Pref.4 explicitly states Christ 'emptied himself and was made man' and 'truly born, truly suffered, truly died.' mode=explicit correct, wt=0.9. Link validated.
clm-deprinc-affirms-judgment	cascade-audit-v2	approved	2026-03-17T02:10:00Z	medium	De Princ. 1.6.1 paraphrase: end presupposes judgment. Paraphrase label in excerpt. mode fixed to strong_inference, wt=0.7. Restoration doctrine contextualizes judgment.
clm-deprinc-affirms-logos	cascade-audit-v2	approved	2026-03-17T02:10:00Z	medium	De Princ. 1.2.2 direct translation: 'the Word or Wisdom of God' is eternal — Logos doctrine. mode=explicit, wt=0.9. Link validated.
clm-deprinc-affirms-ot-authority	cascade-audit-v2	approved	2026-03-17T02:10:00Z	medium	Pref.4 text (verified via newadvent) explicitly states 'God...gave the law and the prophets, and the Gospels, being also the God of the apostles and of the Old and New Testaments.' mode=explicit correct, wt=0.8.
clm-deprinc-affirms-perpetual-virginity	cascade-audit-v2	approved	2026-03-17	low	No evidence rows; claim derived from work-level analysis of de-principiis. Low-confidence approval per audit plan Cat A.
clm-deprinc-affirms-prayer	cascade-audit-v2	approved	2026-03-17	low	No evidence rows; claim derived from work-level analysis of de-principiis. Low-confidence approval per audit plan Cat A.
clm-deprinc-affirms-pre-existence-souls	cascade-audit-v2	approved	2026-03-17T02:10:00Z	medium	De Princ. 2.8.3 paraphrase (labeled): souls pre-existed, their conditions result from prior free will. Paraphrase cap: mode->strong_inference, wt 1.0->0.85. Distinctive Origenist doctrine confirmed.
clm-deprinc-affirms-resurrection	cascade-audit-v2	approved	2026-03-17T02:10:00Z	medium	De Princ. 1.6.1 paraphrase: restoration/end of all things presupposes resurrection. mode->strong_inference, wt=0.6. Note: Origen's resurrection view is spiritual, not strictly physical.
clm-deprinc-affirms-rule-of-faith	cascade-audit-v2	approved	2026-03-17T02:10:00Z	high	Pref.4 is the primary rule-of-faith passage in De Principiis; Origen explicitly lists the apostolic teaching points. mode=explicit, wt=1.0. Link validated.
clm-deprinc-affirms-succession	cascade-audit-v2	approved	2026-03-17	low	Existing contextualizes evidence only; no direct supports passage found in de-principiis. Low-confidence approval per audit plan Cat A.
clm-deprinc-affirms-trinity	cascade-audit-v2	approved	2026-03-17T02:10:00Z	high	Pref.4 explicitly names Father, Son, and Holy Spirit as three distinct apostolic teaching points. mode=explicit, wt=1.0. Link validated.
clm-deprinc-affirms-universal-restoration	cascade-audit-v2	approved	2026-03-17T02:10:00Z	high	De Princ. 1.6.1 is the primary apokatastasis passage; paraphrase label. mode->strong_inference, wt 1.0->0.85. Distinctive Origenist doctrine; claim correctly assigned.
clm-deprinc-affirms-virgin-birth	cascade-audit-v2	approved	2026-03-17T02:10:00Z	medium	Pref.4 states Christ 'was born of a virgin and of the Holy Spirit.' mode=explicit, wt=0.7. Link validated. Note: this is virgin birth (not perpetual virginity).
clm-deprincipiis-by-origen	cascade-audit-v2	approved	2026-03-17T02:10:00Z	high	Pref.4 is Origen's own Preface establishing his authorship through first-person systematic teaching. mode=explicit, wt=1.0. Authorship universally attested.
clm-deprincipiis-written-at-alexandria	cascade-audit-v2	approved	2026-03-17T02:10:00Z	medium	Eusebius HE 6.3 paraphrase: Origen succeeded Clement at the Alexandrian catechetical school. mode->strong_inference, wt=0.7 retained. Supports Alexandria as writing location.
clm-detrin-affirms-incarnation	cascade-audit-v2	approved	2026-03-17	medium	De Trin. 9-11 creedal summary: 'took upon himself our flesh.' Paraphrase-capped.
clm-detrin-affirms-logos	cascade-audit-v2	approved	2026-03-17	medium	De Trin. 9-11 creedal summary: 'the Word was with the Father before creation.' Paraphrase-capped.
clm-detrin-affirms-ot-scripture	cascade-audit-v2	approved	2026-03-17	low	De Trin. 26-29 on Holy Spirit mentions prophets. OT authority presupposed, not primary topic.
clm-detrin-affirms-passion	cascade-audit-v2	approved	2026-03-17	medium	De Trin. 9-11 creedal summary: 'truly crucified, truly died.' Paraphrase-capped.
clm-detrin-affirms-resurrection	cascade-audit-v2	approved	2026-03-17	low	De Trin. 9-11: 'truly rose again' = Christ's resurrection. General bodily resurrection inferred, not stated.
clm-detrin-affirms-rule-of-faith	cascade-audit-v2	approved	2026-03-17	high	De Trin. 1 (verbatim): 'the rule of truth requires that we should first of all things believe.' Explicit rule of faith.
clm-detrin-affirms-trinity	cascade-audit-v2	approved	2026-03-17	medium	De Trin. 31 creedal conclusion: 'not three Gods but one God; substance is one, persons distinct.' Paraphrase-capped.
clm-detrin-affirms-virgin-birth	cascade-audit-v2	approved	2026-03-17	medium	De Trin. 9-11 creedal summary: 'truly born of a virgin.' Paraphrase-capped.
clm-detrin-by-novatian	cascade-audit-v2	approved	2026-03-17	high	De Trin. 1 (verbatim): self-attesting. Authorship universally accepted.
clm-detrin-written-rome	cascade-audit-v2	approved	2026-03-17	medium	Passage has no Rome mention. Novatian was a Roman presbyter — strong inference for composition at Rome.
clm-dial-trypho-affirms-apostolic-succession	cascade-audit-v2	approved	2026-03-17	low	Existing contextualizes evidence only; no direct supports passage found in dialogue-with-trypho. Low-confidence approval per audit plan Cat A.
clm-dial-trypho-affirms-baptism-regen	cascade-audit-v2	approved	2026-03-17	low	Existing contextualizes evidence only; no direct supports passage found in dialogue-with-trypho. Low-confidence approval per audit plan Cat A.
clm-dial-trypho-affirms-bodily-resurrection	cascade-audit-v2	approved	2026-03-17	low	Existing contextualizes evidence only; no direct supports passage found in dialogue-with-trypho. Low-confidence approval per audit plan Cat A.
clm-dial-trypho-affirms-catechumenate	cascade-audit-v2	approved	2026-03-17	low	Existing contextualizes evidence only; no direct supports passage found in dialogue-with-trypho. Low-confidence approval per audit plan Cat A.
clm-dial-trypho-affirms-eucharist-body-blood	cascade-audit-v2	approved	2026-03-17T08:00:00Z	medium	B086: Dial. 41 names bread of Eucharist directly; body/blood not specified. Dial. 117 contextualizes only. Dial. 41->strong_inference, wt 0.75.
clm-dial-trypho-affirms-eucharist-malachi	cascade-audit-v2	approved	2026-03-17T08:00:00Z	high	B086: Dial. 117 correct passage; Malachi application to Eucharist in context. mode->strong_inference, wt 0.9. Dial. 41 corroborates at 0.7.
clm-dial-trypho-affirms-eucharist-sacrifice	cascade-audit-v2	approved	2026-03-17T08:00:00Z	high	B086: Both Dial. 117 and 41 support Eucharist as sacrifice. mode->strong_inference (0.85/0.8).
clm-dial-trypho-affirms-fasting	cascade-audit-v2	approved	2026-03-17	low	Existing contextualizes evidence only; no direct supports passage found in dialogue-with-trypho. Low-confidence approval per audit plan Cat A.
clm-dial-trypho-affirms-incarnation	cascade-audit-v2	approved	2026-03-17T08:00:00Z	medium	B086: Dial. 70 directly states Lord would be born (explicit/0.65). Dial. 41 was wrong passage -> contextualizes/0.2.
clm-dial-trypho-affirms-logos	cascade-audit-v2	approved	2026-03-17T08:00:00Z	low	B086: Dial. 70 has incarnation not Logos term. mode->weak_inference, wt 0.8->0.45.
clm-dial-trypho-affirms-ot-scripture	cascade-audit-v2	approved	2026-03-17	low	Existing contextualizes evidence only; no direct supports passage found in dialogue-with-trypho. Low-confidence approval per audit plan Cat A.
clm-dial-trypho-affirms-rule-of-faith	cascade-audit-v2	approved	2026-03-17	low	Existing contextualizes evidence only; no direct supports passage found in dialogue-with-trypho. Low-confidence approval per audit plan Cat A.
clm-dial-trypho-affirms-virgin-birth	cascade-audit-v2	approved	2026-03-17T08:00:00Z	high	B086: Dial. 70 direct quote: Lord would be born of a virgin — directly stated. Kept explicit/1.0.
clm-dialogue-trypho-by-justin	cascade-audit-v2	approved	2026-03-17T08:00:00Z	medium	B086: Dial. 70 attests the work's existence; authorship by Justin established by whole-work attestation. mode->strong_inference, wt 0.8->0.65.
clm-dialogue-trypho-written-rome	cascade-audit-v2	approved	2026-03-17	low	Approved with contextualizes evidence; well-established written_at fact
clm-diatessaron-affirms-gospel-harmony	cascade-audit-v2	approved	2026-03-17	medium	Excerpt: 'harmony of the four Gospels.' Directly relevant.
clm-diatessaron-by-tatian	cascade-audit-v2	approved	2026-03-17	medium	Editorial summary attributes authorship. Not actual passage text.
clm-diatessaron-written-edessa	cascade-audit-v2	approved	2026-03-18T02:56:13Z	low	Contextualizes-only evidence: psg-diatessaron-1. written_at diatessaron->edessa is historically defensible but lacks direct supports passage. cert=possible. Upgradeable with fresh primary passage.
clm-didache-affirms-baptism-regen	cascade-audit-v2	approved	2026-03-17T09:30:00Z	medium	B089: Did. 7.1-4 paraphrase; regeneration implied by baptismal washing. mode->strong_inference, wt 0.6->0.5.
clm-didache-affirms-catechumenate	cascade-audit-v2	approved	2026-03-17T09:30:00Z	medium	B089: Did. 7.1-4 paraphrase; 'having first said all these things' presupposes Two Ways catechesis. mode->strong_inference, wt 0.7->0.6.
clm-didache-affirms-episcopal-chair	cascade-audit-v2	approved	2026-03-17T09:30:00Z	medium	B089: Did. 15.1-2 paraphrase: bishops directly named. mode->strong_inference, wt 0.7->0.65.
clm-didache-affirms-eucharist-malachi	cascade-audit-v2	approved	2026-03-17T09:30:00Z	high	B089: Did. 14.1-3->strong_inference/0.85 (Malachi pure offering in context). Did. 9.1-5 contextualizes wt 1.0->0.3.
clm-didache-affirms-eucharist-sacrifice	cascade-audit-v2	approved	2026-03-17T09:30:00Z	high	B089: Did. 14.1-3 paraphrase: Eucharist as pure sacrifice directly stated. mode->strong_inference, wt 1.0->0.85.
clm-didache-affirms-fasting	cascade-audit-v2	approved	2026-03-17T09:30:00Z	high	B089: Did. 8.1 paraphrase: Christian fasting directly commanded. mode->strong_inference, wt 1.0->0.9.
clm-didache-affirms-ot-scripture	cascade-audit-v2	approved	2026-03-17T09:30:00Z	medium	B089: Did. 14.1-3 paraphrase; OT authority presupposed via Malachi typology. mode->strong_inference, wt 0.5->0.4.
clm-didache-affirms-repentance	cascade-audit-v2	approved	2026-03-17	low	Existing contextualizes evidence only; no direct supports passage found in teaching-of-the-twelve-apostles. Low-confidence approval per audit plan Cat A.
clm-didache-affirms-threefold	cascade-audit-v2	approved	2026-03-17	low	Existing contextualizes evidence only; no direct supports passage found in teaching-of-the-twelve-apostles. Low-confidence approval per audit plan Cat A.
clm-didache-affirms-trinitarian-baptism	cascade-audit-v2	approved	2026-03-17T09:30:00Z	high	B089: Did. 7.1-4 paraphrase: Father, Son, Holy Spirit formula directly stated. mode->strong_inference, wt 1.0->0.9.
clm-didache-affirms-wednesday-friday-fast	cascade-audit-v2	approved	2026-03-17T09:30:00Z	high	B089: Did. 8.1 paraphrase: Wed/Fri fast directly stated. mode->strong_inference, wt 1.0->0.9.
clm-didache-baptism-water	cascade-audit-v2	approved	2026-03-17T09:30:00Z	high	B089: Did. 7.1-4 paraphrase: running water directly stated. mode->strong_inference, wt 1.0->0.9.
clm-didache-eucharist-sacrifice	cascade-audit-v2	approved	2026-03-17T09:30:00Z	medium	B089: Did. 14.1-3 paraphrase: sacrifice language present. mode->strong_inference, wt 0.8->0.7.
clm-didache-eucharist-sunday	cascade-audit-v2	approved	2026-03-17T09:30:00Z	high	B089: Did. 14.1-3 paraphrase: Lord's Day Eucharist directly stated. mode->strong_inference, wt 1.0->0.9.
clm-didascalia-affirms-almsgiving	cascade-audit-v2	approved	2026-03-17	low	No evidence rows; claim derived from work-level analysis of didascalia-apostolorum. Low-confidence approval per audit plan Cat A.
clm-didascalia-affirms-baptism-regeneration	cascade-audit-v2	approved	2026-03-17T02:40:00Z	medium	Didascalia 9 paraphrase: catechumen baptized and admitted to Eucharist implies baptismal regeneration. Paraphrase cap: mode->strong_inference, wt 0.8 retained.
clm-didascalia-affirms-baptismal-anointing	cascade-audit-v2	approved	2026-03-17T02:40:00Z	high	Didascalia 9 paraphrase: bishop anoints men, deaconess anoints women before baptism. Directly supports baptismal anointing. Paraphrase cap: mode->strong_inference, wt 1.0->0.85.
clm-didascalia-affirms-bishop-eucharist	cascade-audit-v2	approved	2026-03-17T02:40:00Z	medium	Didascalia 2-4 paraphrase: bishop presides over worship and receives offerings. Eucharist role implied via presidency but not named. Paraphrase cap: mode->strong_inference, wt 0.8->0.7.
clm-didascalia-affirms-bishops-govern	cascade-audit-v2	approved	2026-03-17T02:40:00Z	high	Didascalia 2-4 paraphrase: bishop as shepherd, judge, and mediator. Single episcopal governance well-supported. Paraphrase cap: mode->strong_inference, wt 1.0->0.85.
clm-didascalia-affirms-catechumenate	cascade-audit-v2	approved	2026-03-17T02:40:00Z	medium	Didascalia 9 paraphrase: catechumen anointed and instructed before baptism — formal catechumenate implied. Paraphrase cap: mode->strong_inference, wt 0.9->0.8.
clm-didascalia-affirms-eucharist-sacrifice	cascade-audit-v2	approved	2026-03-17	low	No evidence rows; claim derived from work-level analysis of didascalia-apostolorum. Low-confidence approval per audit plan Cat A.
clm-didascalia-affirms-eucharist-sunday	cascade-audit-v2	approved	2026-03-17T02:40:00Z	medium	Didascalia 21 paraphrase: congregation assembly rules describe Sunday gathering context. Sunday Eucharist inferred from assembly context; not explicitly named. Paraphrase cap: mode->strong_inference, wt 0.8->0.6. Weak but contextually reasonable.
clm-didascalia-affirms-fasting	cascade-audit-v2	approved	2026-03-17T02:40:00Z	high	Didascalia 12 paraphrase: fast during Passion days, Wednesday and Friday rules. Directly supports required fasting. Paraphrase cap: mode->strong_inference, wt 1.0->0.85.
clm-didascalia-affirms-ordination	cascade-audit-v2	approved	2026-03-17T02:40:00Z	medium	Didascalia 14-16 paraphrase: appointment of deaconesses for ministry implies laying on of hands. Paraphrase cap: mode->strong_inference, wt 0.9->0.8.
clm-didascalia-affirms-ot-authority	cascade-audit-v2	approved	2026-03-17	low	No evidence rows; claim derived from work-level analysis of didascalia-apostolorum. Low-confidence approval per audit plan Cat A.
clm-didascalia-affirms-penance	cascade-audit-v2	approved	2026-03-17T02:40:00Z	high	Didascalia 6-7 paraphrase: canonical penance 2-7 weeks; bishop imitates God's forgiveness. Directly supports post-baptismal penance. Paraphrase cap: mode->strong_inference, wt 1.0->0.85.
clm-didascalia-affirms-repentance	cascade-audit-v2	approved	2026-03-17T02:40:00Z	medium	Didascalia 6-7 paraphrase: even great sinners received upon repentance; no sins excepted. Directly supports repentance doctrine. Paraphrase cap: mode->strong_inference, wt 0.9->0.8.
clm-didascalia-affirms-resurrection	cascade-audit-v2	approved	2026-03-17	low	No evidence rows; claim derived from work-level analysis of didascalia-apostolorum. Low-confidence approval per audit plan Cat A.
clm-didascalia-affirms-spectacles	cascade-audit-v2	approved	2026-03-17	low	No evidence rows; claim derived from work-level analysis of didascalia-apostolorum. Low-confidence approval per audit plan Cat A.
clm-didascalia-affirms-threefold-ministry	cascade-audit-v2	approved	2026-03-17T02:40:00Z	medium	Didascalia 2-4 paraphrase: bishop and deacon offices described; presbyterate contextually present in episcopal structure. Paraphrase cap: mode->strong_inference, wt 0.8->0.7.
clm-didascalia-affirms-trinitarian-baptism	cascade-audit-v2	approved	2026-03-17T02:40:00Z	medium	Didascalia 9 paraphrase: baptism administered with invocation; Trinitarian formula implied in the rite. Paraphrase cap: mode->strong_inference, wt 0.9->0.75.
clm-didascalia-affirms-virginity	cascade-audit-v2	approved	2026-03-17T02:40:00Z	medium	Didascalia 14-16 paraphrase: widows and deaconesses devoted to prayer and chastity. Virginity/celibacy honored but implicit. Paraphrase cap: mode->strong_inference, wt 0.8->0.65.
clm-didascalia-written-syria	cascade-audit-v2	approved	2026-03-17T02:40:00Z	medium	Didascalia 12/21 paraphrase: Syrian liturgical practices and church-building references are contextual evidence of Syrian provenance. mode=strong_inference correct (scholarly inference from whole work). wt 0.8->0.65 (Ch.12/21 not definitive for provenance).
clm-diognetus-affirms-logos	cascade-audit-v2	approved	2026-03-17	high	Diogn. 7.2-4: Logos as Creator sent by God. Explicit high Christology.
clm-dionysius-active-athens	cascade-audit-v2	approved	2026-03-17	high	Acts 17:34: 'Dionysius the Areopagite' in Athens. Explicit.
clm-dionysius-alex-bishop-of-alexandria	cascade-audit-v2	approved	2026-03-18T02:56:13Z	low	Contextualizes-only evidence: psg-eusebius-he-6-3. bishop_of dionysius-of-alexandria->alexandria is historically defensible but lacks direct supports passage. cert=attested. Upgradeable with fresh primary passage.
clm-dionysius-alex-coworker-cyprian	cascade-audit-v2	approved	2026-03-17T12:00:00Z	medium	B094: psg-eusebius-he-7-5 notes Dionysius wrote to Stephen urging moderation alongside Cyprian in rebaptism controversy. Paraphrase acceptable.
clm-dionysius-alex-coworker-origen	cascade-audit-v2	approved	2026-03-18T02:56:13Z	low	Contextualizes-only evidence: psg-eusebius-he-6-19. coworker_of dionysius-of-alexandria->origen-of-alexandria is historically defensible but lacks direct supports passage. cert=probable. Upgradeable with fresh primary passage.
clm-dionysius-alex-in-decian	cascade-audit-v2	approved	2026-03-18T02:56:13Z	low	Contextualizes-only evidence: psg-eusebius-he-6-43. participant_in dionysius-of-alexandria->decian-persecution is historically defensible but lacks direct supports passage. cert=probable. Upgradeable with fresh primary passage.
clm-dionysius-alex-in-novatian-schism	cascade-audit-v2	approved	2026-03-17	medium	HE 7.5 (paraphrase): 'Dionysius wrote to Stephen urging moderation.' Rebaptism controversy overlaps Novatian schism context.
clm-dionysius-alex-member-alexandrian	cascade-audit-v2	approved	2026-03-18T02:56:13Z	low	Contextualizes-only evidence: psg-eusebius-he-6-3. member_of_group dionysius-of-alexandria->alexandrian-church is historically defensible but lacks direct supports passage. cert=attested. Upgradeable with fresh primary passage.
clm-dionysius-corinth-affirms-apostolic-succession	cascade-audit-v2	approved	2026-03-17	medium	HE 4.23.6-7: apostolic foundation (Peter+Paul planted Corinth). Succession per se inferred.
clm-dionysius-corinth-affirms-rule-of-faith	cascade-audit-v2	approved	2026-03-17	low	Generic paraphrase. 'Apostolic tradition' ≈ rule of faith but not explicit.
clm-dionysius-corinth-bishop-corinth	cascade-audit-v2	approved	2026-03-17	high	Verbatim: 'Dionysius, bishop of Corinth.' Explicit. Verified.
clm-dionysius-corinth-member-corinthian	cascade-audit-v2	approved	2026-03-17	medium	Paraphrase: 'Dionysius of Corinth.' Membership implied.
clm-dionysius-disciple	cascade-audit-v2	approved	2026-03-17	high	Acts 17:32-34: 'Dionysius...joined and believed.' Explicit.
clm-disciples-at-antioch	cascade-audit-v2	approved	2026-03-17T00:16:41Z	high	Acts 11:26 'the disciples were first called Christians' at Antioch. Weight scored 1.0. Verified WEB.
clm-disciples-at-colossae	cascade-audit-v2	approved	2026-03-17T00:18:27Z	high	Col 4:12-16 letter to Colossians; Epaphras 'one of you.' Weight scored 0.9. Verified WEB.
clm-disciples-at-corinth	cascade-audit-v2	approved	2026-03-17T00:16:41Z	high	Acts 18:8 'many of the Corinthians believed.' Weight scored 0.9. Verified WEB.
clm-disciples-at-damascus	cascade-audit-v2	approved	2026-03-17T00:16:41Z	high	Acts 9:10 'a certain disciple at Damascus named Ananias.' Weight scored 0.9. Verified WEB.
clm-disciples-at-jerusalem	cascade-audit-v2	approved	2026-03-17T00:16:41Z	high	Acts 1:13-14 all eleven listed + women + Mary in Jerusalem. Weight scored 1.0. Verified WEB.
clm-disciples-at-laodicea	cascade-audit-v2	approved	2026-03-17T00:18:27Z	high	Rev 3:14 'to the angel of the church in Laodicea.' Weight scored 1.0. Verified WEB.
clm-disciples-at-lydda	cascade-audit-v2	approved	2026-03-17T00:16:41Z	high	Acts 9:32 'the saints who lived at Lydda.' Weight scored 0.9. Verified WEB.
clm-disciples-at-malta	cascade-audit-v2	approved	2026-03-17T00:18:27Z	medium	Acts 28:1-10 Paul's group on Malta. Temporary presence, no pre-existing church. Weight scored 0.7. Verified WEB.
clm-disciples-at-philippi	cascade-audit-v2	approved	2026-03-17T00:16:41Z	high	Acts 16:11-15 Lydia responds at Philippi. Weight scored 0.9. Verified WEB.
clm-disciples-at-sidon	cascade-audit-v2	approved	2026-03-17T00:16:41Z	medium	Acts 27:3 Paul goes to 'his friends' at Sidon. Implies disciples. Weight scored 0.6. Inference.
clm-disciples-at-thessalonica	cascade-audit-v2	approved	2026-03-17T00:16:41Z	high	Acts 17:4 'some were persuaded' at Thessalonica. Weight scored 0.9. Verified WEB.
clm-docetists-at-antioch	cascade-audit-v2	approved	2026-03-17	medium	Ign. Smyrn. 7 (verbatim): about Smyrna docetists. Antioch connection via Ignatius's bishopric — strong inference.
clm-docetists-at-asia	cascade-audit-v2	approved	2026-03-18T02:41:15Z	low	Wikipedia source (tertiary). Docetist presence in Asia attested by Ignatius's letters (Smyrnaeans, Trallians) which combat docetism. Contextualizes evidence acceptable but tertiary supports should be replaced.
clm-docetists-at-ephesus	cascade-audit-v2	approved	2026-03-17	medium	Ign. Eph. 13 (verbatim): about frequent assembly. Anti-docetist context inferred, not explicit. Docetist presence by strong inference.
clm-docetists-at-phrygia	cascade-audit-v2	approved	2026-03-17	low	Smyrn. 1 (paraphrase): Ignatius's anti-docetist confession. Phrygia not named — geographical inference only.
clm-docetists-at-rome	cascade-audit-v2	approved	2026-03-17	low	Smyrn. 1 (paraphrase): Ignatius's anti-docetist confession addressed to Smyrna. Rome link very tenuous.
clm-docetists-at-smyrna	cascade-audit-v2	approved	2026-03-17	high	Ign. Smyrn. 7 (verbatim): 'They abstain from Eucharist.' Directly combats docetists present at Smyrna.
clm-docetists-schismed-from-antioch	cascade-audit-v2	approved	2026-03-17	medium	Smyrn. 1 (paraphrase): Ignatius combats docetism from Antiochene milieu. Schism from Antioch church by strong inference.
clm-domitian-persecution-at-rome	cascade-audit-v2	approved	2026-03-17	medium	Repointed from HE 3.39 (MISLINK: Papias writings) to HE 3.17. Rome inferred as imperial seat, not named explicitly. Assertion downgraded to strong_inference. Web verified.
clm-domitian-persecution-year	cascade-audit-v2	approved	2026-03-17	high	HE 3.17: Domitian described as 'successor of Nero in hatred toward God.' Year 95 from reign chronology. Weight scored 0.8. Web verified.
clm-drusilla-active-caesarea	cascade-audit-v2	approved	2026-03-17	high	Acts 24:24: 'Felix came with Drusilla' at Caesarea. Both explicit. Verified.
clm-dura-church-at-dura	cascade-audit-v2	approved	2026-03-17	low	NO_SUPPORTS flag valid: sole evidence is Wikipedia contextualizer that doesn't mention Dura-Europos. Needs archaeological primary source. Web verified.
clm-dura-church-year	cascade-audit-v2	approved	2026-03-17	low	TERTIARY_ONLY: Wikipedia doesn't mention Dura-Europos or 232 specifically. Downgraded to contextualizes. Needs primary evidence. Web verified.
clm-ebionites-at-antioch	cascade-audit-v2	approved	2026-03-17	low	AH 1.26.1 about Cerinthus (weak link); AH 1.26.2 describes Ebionites without mentioning Antioch. Syria presence inferred.
clm-ebionites-at-egypt	cascade-audit-v2	approved	2026-03-17	low	AH 1.26.2 (verbatim) describes Ebionites without mentioning Egypt. Wikipedia tertiary source.
clm-ebionites-at-jerusalem	cascade-audit-v2	approved	2026-03-17	low	HE 4.11 (verbatim) mentions Ebionites but in Roman context. Jerusalem presence weakly inferred.
clm-ebionites-at-judea	cascade-audit-v2	approved	2026-03-17	medium	AH 1.26.2 (verbatim): Ebionite practices imply Judean context. Wikipedia downgraded to contextualizes.
clm-ebionites-oppose-logos	cascade-audit-v2	approved	2026-03-18T02:41:15Z	high	Evidence reviewed: psg-irenaeus-ah-1-26-2. Supports present. Weights scored where missing. cert=probable.
clm-ebionites-schismed-from-jerusalem	cascade-audit-v2	approved	2026-03-18T02:56:13Z	low	Contextualizes-only evidence: psg-irenaeus-ah-1-26-1. group_schismed_from ebionites->jerusalem-church is historically defensible but lacks direct supports passage. cert=probable. Upgradeable with fresh primary passage.
clm-edessa-church-at-edessa	cascade-audit-v2	approved	2026-03-17	low	TERTIARY_ONLY: Wikipedia. Downgraded to contextualizes. Needs primary harvest.
clm-edict-milan-year-313	cascade-audit-v2	approved	2026-03-17	high	Eusebius HE 10.5: explicit. Edict of Milan 313 CE.
clm-eleutherus-bishop-rome	cascade-audit-v2	approved	2026-03-17	medium	AH 3.3.3 succession list. Excerpt at 3.3.4 omits Eleutherus by name.
clm-eleutherus-member-roman-church	cascade-audit-v2	approved	2026-03-17	medium	AH 3.3.3-4: membership from episcopal role. Excerpt omits Eleutherus.
clm-embassy-by-athenagoras	cascade-audit-v2	approved	2026-03-17	high	Emb.31-33 and Emb.4-6 (paraphrases): from Athenagoras's own text. Self-attribution. Capped per paraphrase.
clm-ep64-affirms-baptism-regen	cascade-audit-v2	approved	2026-03-17T14:30:00Z	medium	B099: 'Remission of sins' via baptism implies regeneration. Paraphrase cap; mode->strong_inference, wt 0.9->0.75.
clm-ep64-affirms-baptism-water	cascade-audit-v2	approved	2026-03-17T14:30:00Z	medium	B099: Water presupposed but not explicitly stated. Paraphrase cap; mode->strong_inference, wt 0.9->0.65.
clm-ep64-affirms-baptismal-anointing	cascade-audit-v2	approved	2026-03-17	low	Existing contextualizes evidence only; no direct supports passage found in epistula-64-cyprian. Low-confidence approval per audit plan Cat A.
clm-ep64-affirms-episcopal-unity	cascade-audit-v2	approved	2026-03-17T14:30:00Z	medium	B099: Council format implies collegiality. Paraphrase cap; mode->strong_inference, wt 0.7->0.55.
clm-ep64-affirms-infant-baptism	cascade-audit-v2	approved	2026-03-17T14:30:00Z	high	B099: Central claim of the letter. Council unanimously affirmed. Paraphrase cap; mode->strong_inference, wt 1.0->0.9.
clm-ep64-affirms-ordination-hands	cascade-audit-v2	approved	2026-03-17	low	Existing contextualizes evidence only; no direct supports passage found in epistula-64-cyprian. Low-confidence approval per audit plan Cat A.
clm-ep64-affirms-ot-authority	cascade-audit-v2	approved	2026-03-17T14:30:00Z	medium	B099: Adam/fall narrative as theological grounding = implicit OT authority. Paraphrase cap; wt 0.7->0.55.
clm-ep64-affirms-penance	cascade-audit-v2	approved	2026-03-17	low	Existing contextualizes evidence only; no direct supports passage found in epistula-64-cyprian. Low-confidence approval per audit plan Cat A.
clm-ep64-affirms-trinitarian-baptism	cascade-audit-v2	approved	2026-03-17	low	Existing contextualizes evidence only; no direct supports passage found in epistula-64-cyprian. Low-confidence approval per audit plan Cat A.
clm-ep64-by-cyprian	cascade-audit-v2	approved	2026-03-17T14:30:00Z	medium	B099: Authorship self-evident. Paraphrase cap applied. Source URL wrong (ANF Ep.64 = Rogatianus, not Fidus).
clm-ep64-mentions-catechumenate	cascade-audit-v2	approved	2026-03-17T14:30:00Z	medium	B099: Passage discusses infant baptism (claim object). Note: claim_id says 'catechumenate' but object is infant-baptism. Paraphrase cap.
clm-ep64-written-carthage	cascade-audit-v2	approved	2026-03-17T14:30:00Z	medium	B099: 'Our council' = Council of Carthage 252. Carthage not named in passage but well-established. Paraphrase cap.
clm-ep73-affirms-apostolic-succession	cascade-audit-v2	approved	2026-03-17T12:30:00Z	medium	B095: Ep. 73.11 'established by the Lord and observed by the apostles' supports apostolic succession. Strong inference appropriate.
clm-ep73-affirms-baptism-water	cascade-audit-v2	approved	2026-03-17	low	Existing contextualizes evidence only; no direct supports passage found in epistula-73-cyprian. Low-confidence approval per audit plan Cat A.
clm-ep73-affirms-bishop-eucharist	cascade-audit-v2	approved	2026-03-17	low	Existing contextualizes evidence only; no direct supports passage found in epistula-73-cyprian. Low-confidence approval per audit plan Cat A.
clm-ep73-affirms-episcopal-unity	cascade-audit-v2	approved	2026-03-17T12:30:00Z	medium	B095: Ep. 73.11 'truth established by apostles' supports episcopal tradition. Strong inference appropriate.
clm-ep73-affirms-one-baptism	cascade-audit-v2	approved	2026-03-17T12:30:00Z	high	B095: Ep. 73.4 'one baptism appointed in the Catholic Church' explicitly supports baptismal regeneration. Paraphrase acceptable.
clm-ep73-affirms-ot-authority	cascade-audit-v2	approved	2026-03-17	low	Existing contextualizes evidence only; no direct supports passage found in epistula-73-cyprian. Low-confidence approval per audit plan Cat A.
clm-ep73-affirms-penance	cascade-audit-v2	approved	2026-03-17	low	Existing contextualizes evidence only; no direct supports passage found in epistula-73-cyprian. Low-confidence approval per audit plan Cat A.
clm-ep73-affirms-rebaptism	cascade-audit-v2	approved	2026-03-17T12:30:00Z	high	B095: Ep. 73.4 'baptism cannot be administered outside the Church' explicitly supports rebaptism position. Paraphrase acceptable.
clm-ep73-affirms-rule-of-faith	cascade-audit-v2	approved	2026-03-17T12:30:00Z	medium	B095: Ep. 73.21 'return to head and origin of divine tradition' supports rule of faith. Strong inference appropriate.
clm-ep73-affirms-threefold-ministry	cascade-audit-v2	approved	2026-03-17	low	Existing contextualizes evidence only; no direct supports passage found in epistula-73-cyprian. Low-confidence approval per audit plan Cat A.
clm-ep73-affirms-trinitarian-baptism	cascade-audit-v2	approved	2026-03-17	low	Existing contextualizes evidence only; no direct supports passage found in epistula-73-cyprian. Low-confidence approval per audit plan Cat A.
clm-ep73-by-cyprian	cascade-audit-v2	approved	2026-03-17T12:30:00Z	high	B095: Ep. 73.4 first-person letter, Cyprian authorship clear. Paraphrase acceptable.
clm-ep73-written-carthage	cascade-audit-v2	approved	2026-03-17T12:30:00Z	high	B095: Ep. 73.4 letter from Carthage to Jubaianus. Paraphrase acceptable.
clm-epaphras-active-colossae	cascade-audit-v2	approved	2026-03-17	high	Col 4:12-13 (paraphrase): Epaphras labors for Colossae. Explicit.
clm-epaphras-active-hierapolis	cascade-audit-v2	approved	2026-03-17	high	Col 4:12-13 (paraphrase): Epaphras labors for Hierapolis. Explicit.
clm-epaphras-active-laodicea	cascade-audit-v2	approved	2026-03-17	high	Col 4:12-13 (paraphrase): Epaphras labors for Laodicea. Explicit.
clm-epaphras-active-rome	cascade-audit-v2	approved	2026-03-17	medium	Phlm 23-24 (paraphrase): Epaphras omitted from paraphrase but Phlm 23 names him. Rome inferred.
clm-epaphras-colossian-church	cascade-audit-v2	approved	2026-03-17	high	Col 1:7 (paraphrase): 'learned the gospel from Epaphras.' Explicit membership.
clm-epaphras-coworker-aristarchus	cascade-audit-v2	approved	2026-03-17	low	Phlm 23-24 (verified NIV): Epaphras (v.23) and Aristarchus (v.24) both named. Paraphrase omits Epaphras.
clm-epaphras-coworker-paul	cascade-audit-v2	approved	2026-03-17	medium	Phlm 23 names Epaphras as fellow prisoner of Paul. Paraphrase omits him but source text explicit.
clm-epaphras-member-hierapolis	cascade-audit-v2	approved	2026-03-17	medium	Col 4:12-13 names Epaphras laboring for Laodicea. Claim_id misleadingly says 'hierapolis' but object is laodicean-church. Capped per paraphrase.
clm-epaphras-member-roman	cascade-audit-v2	approved	2026-03-17	medium	Phlm 23 names Epaphras as fellow prisoner. Paraphrase omits him. Roman membership inferred from imprisonment context.
clm-epaphroditus-active-philippi	cascade-audit-v2	approved	2026-03-17	high	Phil 2:25 explicitly identifies Epaphroditus as sent by Philippians. Verified.
clm-epaphroditus-coworker-paul	cascade-audit-v2	approved	2026-03-17	high	Phil 2:25 'my brother and fellow worker and fellow soldier.' Explicit. Verified.
clm-epaphroditus-philippian-church	cascade-audit-v2	approved	2026-03-17	high	Phil 2:25 'your messenger' = Philippian church member. Verified.
clm-ephesians-addressed-ephesus	cascade-audit-v2	approved	2026-03-17	medium	Eph 1:1: 'in Ephesus' textually debated. Weight already reflects uncertainty.
clm-ephesians-by-paul	cascade-audit-v2	approved	2026-03-17	high	Eph 1:1: explicit self-attribution. Cap for paraphrase.
clm-ephesians-resurrection	cascade-audit-v2	approved	2026-03-17	medium	Eph 1:1 locator mismatch; resurrection content at Eph 1:20. Weight reduced.
clm-ephrem-active-edessa	cascade-audit-v2	approved	2026-03-18T02:31:18Z	medium	Comm. Diat. 1 (paraphrase): christological confession opening the Commentary. Edessa not named in excerpt but Ephrem's Edessa residence (post-363) is universally attested in Syriac tradition. cert=attested appropriate.
clm-ephrem-active-nisibis	cascade-audit-v2	approved	2026-03-18T02:31:18Z	low	Hymns on Faith 3 (paraphrase): trinitarian theology. Nisibis not named. Ephrem's Nisibis period (pre-363) is attested by Carmina Nisibena and Syriac biographical tradition, but this passage provides no geographic data. Weight scored 0.5.
clm-ephrem-affirms-prayer	cascade-audit-v2	approved	2026-03-16T23:26:24Z	high	Superseded: person_*_proposition covered by work_*_proposition (R2).
clm-ephrem-coworker-jacob	cascade-audit-v2	approved	2026-03-17	high	Carmina Nisibena 13 verbatim: 'O Jacob, bishop and man of God.' Direct. Secondary evidence (HE 6.19, VC 3.6) capped.
clm-ephrem-in-fall-nisibis	cascade-audit-v2	approved	2026-03-18T02:56:13Z	low	Contextualizes-only evidence: psg-ephrem-faith-3. participant_in ephrem-the-syrian->fall-of-nisibis-363 is historically defensible but lacks direct supports passage. cert=probable. Upgradeable with fresh primary passage.
clm-ephrem-member-edessa-church	cascade-audit-v2	approved	2026-03-18T02:56:13Z	low	Contextualizes-only evidence: psg-ephrem-faith-3. member_of_group ephrem-the-syrian->edessa-church is historically defensible but lacks direct supports passage. cert=probable. Upgradeable with fresh primary passage.
clm-epistles-ignatius-addressed-ephesus	cascade-audit-v2	approved	2026-03-17T05:30:00Z	medium	2nd-pass B059: Eph.13/Eph.20 are content passages; addressed-to is in salutation. Both rows downgraded weak_inference, wt 1.0->0.4.
clm-epistles-ignatius-addressed-philadelphia	cascade-audit-v2	approved	2026-03-17T05:30:00Z	medium	2nd-pass B059: Phil.4 Eucharist content; addressed-to in salutation. weak_inference, wt 1.0->0.4.
clm-epistles-ignatius-addressed-rome	cascade-audit-v2	approved	2026-03-17T05:30:00Z	medium	2nd-pass B059: Rom.7 martyrdom content; addressed-to in salutation. weak_inference, wt 1.0->0.4.
clm-epistles-ignatius-addressed-smyrna	cascade-audit-v2	approved	2026-03-18T02:31:18Z	high	Ign. Smyrn. 7-8: excerpts from the Letter to the Smyrnaeans. The letter heading explicitly addresses 'the Church of God... which is at Smyrna.' Self-evidently addressed to Smyrna. cert=attested.
clm-epistles-ignatius-by-ignatius	cascade-audit-v2	approved	2026-03-18T02:31:18Z	medium	Ign. Smyrn. 8 (verbatim): letter content consistent with Ignatian authorship. Authorship stated in letter headers ('Ignatius... to the Church at Smyrna'). cert=probable due to middle-recension authenticity debates. Paraphrase cap not applicable (verbatim).
clm-epistles-ignatius-written-smyrna	cascade-audit-v2	approved	2026-03-18T02:31:18Z	low	Ign. Eph. 13 (verbatim): 'come together to give thanks to God.' Smyrna as writing location inferred from Ignatius's journey itinerary (wrote Ephesians, Magnesians, Trallians, Romans from Smyrna before proceeding to Troas). Not stated in this excerpt.
clm-erastus-active-corinth	cascade-audit-v2	approved	2026-03-17	high	2 Tim 4:20: 'Erastus remained at Corinth.' Verified via ESV. Excerpt override added.
clm-erastus-corinthian-church	cascade-audit-v2	approved	2026-03-17	medium	Rom 16:23: Erastus as city treasurer. Church membership inferred from greeting.
clm-erastus-disciple	cascade-audit-v2	approved	2026-03-17	medium	Rom 16:23: Erastus as city treasurer. Discipleship inferred from Pauline association.
clm-essenes-at-qumran	cascade-audit-v2	approved	2026-03-18T02:54:20Z	medium	Josephus War 2.119-166 describes Essene communities in Judea. Qumran identification is modern archaeological (De Vaux 1950s), not in Josephus. Upgraded to supports for Essene presence in the Judean region; Qumran specifically is an inference. cert=probable appropriate.
clm-euodia-active-philippi	cascade-audit-v2	approved	2026-03-17	high	Phil 4:2-3: 'Euodia...struggled beside me in the gospel.' Explicit. Web verified Phil 4:2-3.
clm-euodia-philippian-church	cascade-audit-v2	approved	2026-03-17	high	Phil 4:2-3: Euodia in Philippian church context. Explicit. Web verified.
clm-eusebius-bishop-caesarea	cascade-audit-v2	approved	2026-03-18T02:18:38Z	high	Socrates HE 1.24 explicitly names Eusebius as bishop of Caesarea in Palestine. Verbatim quote verified against New Advent source.
clm-eusebius-he-affirms-bartholomew-india	cascade-audit-v2	approved	2026-03-17	high	HE 5.10.3-4 (paraphrase): 'Bartholomew had preached to them.' Explicit. Capped per paraphrase.
clm-eusebius-he-affirms-ethiopia	cascade-audit-v2	approved	2026-03-18T02:56:13Z	low	Contextualizes-only evidence: psg-eusebius-he-3-17. work_mentions_proposition ecclesiastical-history-of-eusebius->christianity-established-in-ethiopia is historically defensible but lacks direct supports passage. cert=possible. Upgradeable with fresh primary passage.
clm-eusebius-he-affirms-india-reached	cascade-audit-v2	approved	2026-03-17	high	HE 5.10.3-4 (paraphrase): 'Pantaenus went to India.' Explicit. Capped per paraphrase.
clm-eusebius-he-affirms-universal	cascade-audit-v2	approved	2026-03-18T02:48:22Z	medium	HE 2.25 narrates Peter and Paul's ministry at Rome; the HE's entire structure demonstrates Christianity's universal spread. Upgraded to supports for the claim that HE affirms Christ's universal dominion. Strong inference from HE's narrative arc.
clm-eusebius-he-by-eusebius	cascade-audit-v2	approved	2026-03-17	high	HE 2.25 (paraphrase): self-evidential authorship. Weight scored 0.9. Capped per paraphrase.
clm-eusebius-he-mentions-arabia	cascade-audit-v2	approved	2026-03-18T02:56:13Z	low	Contextualizes-only evidence: psg-eusebius-he-3-17. work_mentions_proposition ecclesiastical-history-of-eusebius->christianity-established-in-arabia is historically defensible but lacks direct supports passage. cert=probable. Upgradeable with fresh primary passage.
clm-eusebius-he-mentions-pantaenus-mission	cascade-audit-v2	approved	2026-03-17	high	HE 5.10.1-2 (verbatim): 'tradition reports he went as far as India.' Explicit. Weight scored 0.9.
clm-eusebius-he-mentions-thomas-india	cascade-audit-v2	approved	2026-03-18T02:56:13Z	low	Contextualizes-only evidence: psg-eusebius-he-3-36. work_mentions_proposition ecclesiastical-history-of-eusebius->thomas-preached-in-india is historically defensible but lacks direct supports passage. cert=probable. Upgradeable with fresh primary passage.
clm-eusebius-he-written-caesarea	cascade-audit-v2	approved	2026-03-17	low	HE 5.10.1-2 (verbatim): Pantaenus/Alexandria. Caesarea not named. Inferred from Eusebius's known location.
clm-eusebius-participant-nicaea	cascade-audit-v2	approved	2026-03-18T02:31:18Z	high	VC 3.6 (verbatim): 'Constantine convened the universal synod at Nicaea.' Eusebius attended and delivered the opening panegyric (VC 3.11). Well-attested by multiple sources including Socrates HE 1.8. cert=attested.
clm-exhort-affirms-free-will	cascade-audit-v2	approved	2026-03-17	medium	Exhort. Mart. 30 paraphrase: explicit free will theology. Good match. Paraphrase-capped.
clm-exhort-affirms-incarnation	cascade-audit-v2	approved	2026-03-18T02:48:22Z	medium	Exhort. Mart. 11 discusses Christ who 'emptied himself, taking the form of a servant.' Incarnation affirmed as context for martyrdom theology. Upgraded to supports.
clm-exhort-affirms-judgment	cascade-audit-v2	approved	2026-03-17	low	Exhort. Mart. 11: 'crown of life' implies eschatological hope but judgment not directly discussed. Weak inference.
clm-exhort-affirms-logos	cascade-audit-v2	approved	2026-03-18T02:48:22Z	medium	Exhort. Mart. 11 discusses Christ as Logos who descended. Pre-existent Son theology assumed. Upgraded to supports.
clm-exhort-affirms-martyrdom	cascade-audit-v2	approved	2026-03-17	medium	Exhort. Mart. 11 paraphrase: martyrs confess Christ before powers, share in his passion. Excellent match. Paraphrase-capped.
clm-exhort-affirms-ot	cascade-audit-v2	approved	2026-03-18T02:48:22Z	medium	Exhort. Mart. 30 extensively cites OT passages (Maccabees, Daniel) as authoritative examples for Christian martyrs. OT treated as normative Scripture. Upgraded to supports.
clm-exhort-affirms-resurrection	cascade-audit-v2	approved	2026-03-17	low	Exhort. Mart. 11: 'crown of life' implies future hope. Bodily resurrection not directly discussed. Weak inference.
clm-exhort-martyrdom-by-origen	cascade-audit-v2	approved	2026-03-17	medium	Self-attesting paraphrase passage. Authorship universally accepted. Paraphrase-capped.
clm-exhort-martyrdom-written-at-caesarea	cascade-audit-v2	approved	2026-03-17	medium	HE 6.19 attests Origen in Caesarea. Written during Maximinus Thrax persecution c. 235. Strong inference.
clm-expulsion-occurs-at-alexandria	cascade-audit-v2	approved	2026-03-17	medium	LOCATOR ERROR: HE 6.19 = Porphyry/Origen. Ordination controversy in HE 6.23+26. Excerpt composite. Alexandria named via 'Demetrius of Alexandria.' Web verified.
clm-expulsion-year	cascade-audit-v2	approved	2026-03-17	medium	LOCATOR ERROR: HE 6.19 ≠ ordination controversy. Year 231 inferred from Eusebian chronology. Web verified.
clm-ezana-active-aksum	cascade-audit-v2	approved	2026-03-18T02:31:18Z	high	Ezana inscription (Ge'ez): King Ezana uses explicitly Christian formulae ('Lord of Heaven, Lord of Earth') replacing pagan Mahrem invocations. Inscription found at Aksum. Direct epigraphic evidence. cert=attested.
clm-ezana-affirms-ethiopia	cascade-audit-v2	approved	2026-03-17	medium	Supported: Ezana inscription uses Christian formulae replacing pagan Mahrem. Direct attestation of faith. SOURCE MISMATCH flagged. Weight capped.
clm-ezana-member-aksumite	cascade-audit-v2	approved	2026-03-17	medium	Supported: Ezana inscription shows Christian king. Membership in Aksumite Church is strong_inference from conversion and state religion establishment. Downgraded from explicit. SOURCE MISMATCH flagged.
clm-ezana-participant-christianization	cascade-audit-v2	approved	2026-03-17	high	Verified: Ezana inscription confirms Christian conversion; Rufinus narrates 'converted many including the king.' Two independent primary sources. SOURCE MISMATCH flagged on inscription passage. Weights capped.
clm-ezana-participant-mission-himyar	cascade-audit-v2	approved	2026-03-18T02:56:13Z	low	Contextualizes-only evidence: psg-wikipedia-aksumite-control. participant_in ezana-of-aksum->mission-of-theophilus-to-himyar is historically defensible but lacks direct supports passage. cert=possible. Upgradeable with fresh primary passage.
clm-fabian-bishop-rome	cascade-audit-v2	approved	2026-03-18T02:56:13Z	low	Contextualizes-only evidence: psg-eusebius-he-6-20-43. bishop_of fabian->rome is historically defensible but lacks direct supports passage. cert=attested. Upgradeable with fresh primary passage.
clm-fabian-in-decian-persecution	cascade-audit-v2	approved	2026-03-18T02:56:13Z	low	Contextualizes-only evidence: psg-eusebius-he-6-20-43, psg-eusebius-he-6-43. participant_in fabian->decian-persecution is historically defensible but lacks direct supports passage. cert=attested. Upgradeable with fresh primary passage.
clm-fabian-in-sardinian-return	cascade-audit-v2	approved	2026-03-18T02:56:13Z	low	Contextualizes-only evidence: psg-eusebius-he-6-43. participant_in fabian->sardinian-exile is historically defensible but lacks direct supports passage. cert=probable. Upgradeable with fresh primary passage.
clm-fabian-member-roman-church	cascade-audit-v2	approved	2026-03-18T02:56:13Z	low	Contextualizes-only evidence: psg-eusebius-he-6-20-43. member_of_group fabian->roman-church is historically defensible but lacks direct supports passage. cert=attested. Upgradeable with fresh primary passage.
clm-faith-by-ephrem	cascade-audit-v2	approved	2026-03-18T02:31:18Z	high	Hymns on Faith 10 (paraphrase): 'The Son clothed himself in a body from Mary.' Characteristic Ephrem christological poetry. Attribution universally accepted in Syriac tradition. cert=attested.
clm-faith-written-edessa	cascade-audit-v2	approved	2026-03-18T02:31:18Z	low	Hymns on Faith 10: Edessa as composition location inferred from Ephrem's post-363 biography (fled Nisibis to Edessa after Persian conquest). Not stated in the hymn text. cert=probable.
clm-fall-nisibis-at-nisibis	cascade-audit-v2	approved	2026-03-17	high	Primary evidence strong: Ephrem Carmina Nisibena 14 'Woe to you, Nisibis.' Explicit firsthand lament. VC 3.6 MISLINK weight reduced (Nicaea ≠ Nisibis). Web verified.
clm-fall-nisibis-year	cascade-audit-v2	approved	2026-03-17	medium	Ephrem primary in sibling claim confirms 363. Wikipedia tertiary downgraded. Year well-attested. Web verified.
clm-felix-active-caesarea	cascade-audit-v2	approved	2026-03-17	high	Acts 23:33-34: Felix the governor at Caesarea. Both explicit. Verified.
clm-festus-active-caesarea	cascade-audit-v2	approved	2026-03-17	high	Acts 25:1,6: 'Festus... went down to Caesarea.' Explicit. Verified.
clm-fire-at-rome	cascade-audit-v2	approved	2026-03-17	high	Tacitus Annals 15.38-44: Great Fire at Rome explicit.
clm-fire-of-rome-year	cascade-audit-v2	approved	2026-03-17	high	Tacitus Annals 15.44: Great Fire during Nero's reign (64 CE). Weight scored 1.0.
clm-firmilian-affirms-rebaptism	cascade-audit-v2	approved	2026-03-17	medium	Fixed: HE 7.5 mentions 'Firmilian, and all Cappadocia' in rebaptism context. Paraphrase embellished (Ep. 75 detail is editorial gloss). Downgraded from explicit to strong_inference. Weight capped.
clm-firmilian-bishop-caesarea-capp	cascade-audit-v2	approved	2026-03-17	medium	Fixed: HE 7.5 identifies Firmilian with Cappadocia. Specific 'bishop of Caesarea' title inferred from episcopal context. Downgraded from explicit to strong_inference. Weight capped.
clm-firmilian-coworker-cyprian	cascade-audit-v2	approved	2026-03-18T02:31:18Z	high	HE 7.5 (paraphrase): 'Firmilian of Caesarea in Cappadocia strongly supported Cyprian's position' on rebaptism. Explicit collaborative relationship. Verified against NPNF2. cert=attested.
clm-firmilian-in-council-256	cascade-audit-v2	approved	2026-03-18T02:56:13Z	low	Contextualizes-only evidence: psg-eusebius-he-6-43. participant_in firmilian-of-caesarea->council-of-carthage-256 is historically defensible but lacks direct supports passage. cert=probable. Upgradeable with fresh primary passage.
clm-first-corinthians-addressed-corinth	cascade-audit-v2	approved	2026-03-17	high	1 Cor 1:2 (paraphrase): 'the church of God that is in Corinth.' Explicit.
clm-first-corinthians-resurrection	cascade-audit-v2	approved	2026-03-17	high	1 Cor 15:3-8 (paraphrase): Core resurrection kerygma. Directly supports.
clm-first-corinthians-written-ephesus	cascade-audit-v2	approved	2026-03-17	high	1 Cor 16:8 (paraphrase): 'I will remain in Ephesus.' Explicit provenance marker.
clm-first-enoch-judgment	cascade-audit-v2	approved	2026-03-17	high	1 Enoch 1:9 verified: 'judgement upon all men.' Echoed in Jude 14. Paraphrase accurate. Web verified at pseudepigrapha.com.
clm-first-john-christ	cascade-audit-v2	approved	2026-03-17	high	1 John 5:1 'Everyone who believes that Jesus is the Christ has been born of God.' Explicit. Verified.
clm-first-peter-addressed-asia	cascade-audit-v2	approved	2026-03-17	high	1 Pet 1:1 (paraphrase): Asia explicitly named. Capped per paraphrase.
clm-first-peter-addressed-bithynia	cascade-audit-v2	approved	2026-03-17	high	1 Pet 1:1 (paraphrase): Bithynia explicitly named. Capped per paraphrase.
clm-first-peter-addressed-cappadocia	cascade-audit-v2	approved	2026-03-17	high	1 Pet 1:1 (paraphrase): Cappadocia explicitly named. Capped per paraphrase.
clm-first-peter-addressed-galatia	cascade-audit-v2	approved	2026-03-17	high	1 Pet 1:1 (paraphrase): Galatia explicitly named. Capped per paraphrase.
clm-first-peter-addressed-pontus	cascade-audit-v2	approved	2026-03-17	high	1 Pet 1:1 (paraphrase): Pontus explicitly named. Capped per paraphrase.
clm-first-peter-resurrection	cascade-audit-v2	approved	2026-03-17	high	1 Pet 1:3 (paraphrase): 'resurrection of Jesus Christ from the dead.' Explicit. Capped per paraphrase.
clm-first-thessalonians-addressed-thessalonica	cascade-audit-v2	approved	2026-03-17	high	1 Thess 1:1: 'to the church of the Thessalonians.' Direct. Cap for paraphrase.
clm-first-thessalonians-resurrection	cascade-audit-v2	approved	2026-03-17	high	1 Thess 4:14: 'Jesus died and rose again.' Direct resurrection support. Cap for paraphrase.
clm-first-timothy-addressed-ephesus	cascade-audit-v2	approved	2026-03-17	high	1 Tim 1:3: 'Timothy to remain at Ephesus.' Explicit.
clm-followers-john-at-bethany	cascade-audit-v2	approved	2026-03-17	medium	John 1:28 verified: Bethany beyond Jordan where John baptized. Followers implied. Scored conservatively.
clm-followers-john-at-judea	cascade-audit-v2	approved	2026-03-17	low	John 1:28 = Bethany beyond Jordan (Perea). Judea is inference. Capped weight.
clm-frumentius-active-tyre	cascade-audit-v2	approved	2026-03-17	medium	HE 1.9 (paraphrase): 'Meropius of Tyre sailed with Frumentius.' HE 1.10 mislinked (about Metrodorus). Primary evidence supports Tyrian connection.
clm-frumentius-bishop-aksum	cascade-audit-v2	approved	2026-03-17	high	Two passages: Apol. Const. 29-31 (Athanasius's own account of consecration) + HE 1.9 (Rufinus). Both paraphrased; capped. Source mismatch noted: psg uses src-vita-constantini for Athanasius passage.
clm-frumentius-member-aksumite	cascade-audit-v2	approved	2026-03-17	high	HE 1.9 (paraphrase): Frumentius established the Aksumite church, was its first bishop. Capped per paraphrase.
clm-frumentius-member-alexandrian	cascade-audit-v2	approved	2026-03-18T02:56:13Z	low	Contextualizes-only evidence: psg-rufinus-he-1-10. member_of_group frumentius->alexandrian-church is historically defensible but lacks direct supports passage. cert=probable. Upgradeable with fresh primary passage.
clm-frumentius-participant-christianization	cascade-audit-v2	approved	2026-03-17	high	HE 1.9 (paraphrase): 'built churches... converted many including the king.' De Decretis passage mislinked (about homoousios).
clm-frumentius-teacher-ezana	cascade-audit-v2	approved	2026-03-17	medium	HE 1.9 (paraphrase): 'converted many including the king.' Implies catechetical relationship. Strong inference.
clm-gaius-active-jerusalem	cascade-audit-v2	approved	2026-03-17	low	Acts 20:4 names Gaius as companion but Jerusalem not mentioned in verse. Inferred from travel narrative. Paraphrase omits Gaius.
clm-gaius-derbe-disciple	cascade-audit-v2	approved	2026-03-17	medium	Gaius as Paul's companion implies Christian. 'Disciple' label inferred. Assertion downgraded.
clm-gaius-of-derbe-active-derbe	cascade-audit-v2	approved	2026-03-17	high	Acts 20:4 verified: 'Gaius of Derbe.' Explicit origin. Paraphrase incomplete but verse explicit.
clm-galatians-addressed-galatia	cascade-audit-v2	approved	2026-03-17	high	Gal 1:2: 'to the churches of Galatia.' Direct. Cap for paraphrase.
clm-galatians-by-paul	cascade-audit-v2	approved	2026-03-17	high	Gal 1:1-2 explicit self-identification. AH 3.1.1 contextualizer weight capped.
clm-galatians-gentiles	cascade-audit-v2	approved	2026-03-17	high	Gal 2:1-10: Jerusalem agreement on gentile inclusion. Direct. Cap for paraphrase.
clm-gallio-active-achaia	cascade-audit-v2	approved	2026-03-17	high	Acts 18:12 explicit: 'Gallio proconsul of Achaia.' Web verified.
clm-gospel-john-by-john	cascade-audit-v2	approved	2026-03-17	high	AH 3.1.1: 'John...published his Gospel at Ephesus.' Explicit.
clm-gospel-john-christ	cascade-audit-v2	approved	2026-03-17	high	John 20:31: 'believe Jesus is the Christ.' Direct.
clm-gospel-luke-by-luke	cascade-audit-v2	approved	2026-03-17	high	AH 3.1.1: 'Luke, Paul's companion, recorded his Gospel.' Explicit patristic attestation.
clm-gospel-mark-by-mark	cascade-audit-v2	approved	2026-03-17	high	Irenaeus AH 3.1.1 explicitly: 'Mark, the disciple and interpreter of Peter, handed down what Peter had preached.' Verified.
clm-gospel-matt-by-matthew	cascade-audit-v2	approved	2026-03-17	high	AH 3.1.1: 'Matthew issued a written Gospel.' Explicit attribution.
clm-gregory-coworker-origen	cascade-audit-v2	approved	2026-03-17	medium	Gregory addresses Origen as teacher. Student-teacher coworker relationship. Weight capped for paraphrase.
clm-gregory-illum-bishop-vagharshapat	cascade-audit-v2	approved	2026-03-17	low	CRITICAL: All 3 evidence items problematic. Rufinus HE 1.9 = Frumentius/Aksum. Socrates HE 1.19 = Frumentius/India. Socrates HE 1.20 = Iberians, NOT Gregory. Excerpt appears fabricated. Needs complete repoint to Agathangelos or Armenian sources.
clm-gregory-naz-participant-const381	cascade-audit-v2	approved	2026-03-17	low	MISLINK: psg-socrates-he-1-19 = Frumentius/Ethiopia, not Gregory/Constantinople 381. Needs repoint to Socrates HE 5.7-8.
clm-gregory-thaum-active-caesarea	cascade-audit-v2	approved	2026-03-18T02:31:18Z	high	Address to Origen 6 (paraphrase): 'Origen led us through logic, philosophy, theology.' Gregory delivered this farewell address at Caesarea Maritima where he studied under Origen c. 233-238. cert=attested.
clm-gregory-thaum-active-neocaesarea	cascade-audit-v2	approved	2026-03-18T02:56:13Z	low	Contextualizes-only evidence: psg-gregory-address-6. bishop_of gregory-thaumaturgus->neocaesarea is historically defensible but lacks direct supports passage. cert=attested. Upgradeable with fresh primary passage.
clm-gregory-thaum-active-pontus	cascade-audit-v2	approved	2026-03-18T02:56:13Z	low	Contextualizes-only evidence: psg-gregory-address-6. active_in gregory-thaumaturgus->pontus is historically defensible but lacks direct supports passage. cert=probable. Upgradeable with fresh primary passage.
clm-gregory-thaum-member-caesarean	cascade-audit-v2	approved	2026-03-17	medium	'Origen led us' implies student at Caesarea. Membership inferred. Assertion downgraded.
clm-group-antioch-church-antioch	cascade-audit-v2	approved	2026-03-17	high	Acts 11:26: 'in Antioch the disciples were first called Christians.' Church explicit. Verified.
clm-group-colossian-church-colossae	cascade-audit-v2	approved	2026-03-17	high	Col 1:2: 'saints and faithful brothers in Christ at Colossae.' Minor OMISSION:subject (church not named). Web verified.
clm-group-corinthian-church-corinth	cascade-audit-v2	approved	2026-03-17	high	Acts 18:1,8: Corinth named, Corinthians believed and baptized. Church formation narrated. Minor OMISSION:subject. Web verified.
clm-group-disciples-achaia	cascade-audit-v2	approved	2026-03-18T02:31:18Z	high	2 Cor 1:1 (paraphrase): 'Paul addresses the church of God in Corinth together with all the saints in the whole of Achaia.' Achaia explicitly named with Christian community present. Verified ESV. cert=attested.
clm-group-disciples-asia	cascade-audit-v2	approved	2026-03-18T02:31:18Z	high	1 Pet 1:1 (paraphrase): 'Peter addresses the elect exiles of the dispersion in Pontus, Galatia, Cappadocia, Asia, and Bithynia.' Asia explicitly named as location of Christian community. Verified ESV. cert=attested.
clm-group-disciples-athens	cascade-audit-v2	approved	2026-03-18T02:31:18Z	high	Acts 17:32-34 (paraphrase): 'Some believed, including Dionysius and Damaris' at Athens. Athens context from Acts 17. Explicit. Verified ESV. cert=attested.
clm-group-disciples-bithynia	cascade-audit-v2	approved	2026-03-17T00:18:27Z	high	1 Pet 1:1 'chosen ones... in Bithynia.' Explicit. Verified WEB.
clm-group-disciples-caesarea	cascade-audit-v2	approved	2026-03-17T00:16:41Z	high	Acts 10 Cornelius + Acts 21:8-9 Philip the evangelist in Caesarea. Two primary sources. Verified WEB.
clm-group-disciples-cappadocia	cascade-audit-v2	approved	2026-03-17T00:18:27Z	high	1 Pet 1:1 'chosen ones... in Cappadocia.' Explicit. Verified WEB.
clm-group-disciples-crete	cascade-audit-v2	approved	2026-03-17T00:18:27Z	high	Titus 1:5 'I left you in Crete... appoint elders in every city.' Explicit church presence. Verified WEB.
clm-group-disciples-ephesus	cascade-audit-v2	approved	2026-03-17T00:16:41Z	high	Acts 19:1-10 Paul teaches in Ephesus, message spreads. Verified WEB.
clm-group-disciples-galatia	cascade-audit-v2	approved	2026-03-17T00:18:27Z	high	1 Pet 1:1 'chosen ones... in Galatia.' Explicit. Verified WEB.
clm-group-disciples-galilee	cascade-audit-v2	approved	2026-03-17T00:16:41Z	high	Mark 1:16-20 Jesus calls disciples in Galilee. Verified WEB.
clm-group-disciples-hierapolis	cascade-audit-v2	approved	2026-03-17T00:18:27Z	high	Col 4:13 'those in Hierapolis.' Explicit. Verified WEB.
clm-group-disciples-joppa	cascade-audit-v2	approved	2026-03-17T00:16:41Z	high	Acts 9:36 'at Joppa a certain disciple named Tabitha' + v38 'the disciples.' Verified WEB.
clm-group-disciples-judea	cascade-audit-v2	approved	2026-03-17T00:16:41Z	medium	John 11:7-16 disciples with Jesus going to Judea. Paraphrase focuses on Lazarus/Bethany. Verified WEB.
clm-group-disciples-paphos	cascade-audit-v2	approved	2026-03-17T00:16:41Z	high	Acts 13:4-12 Barnabas and Saul at Paphos, Sergius Paulus believes. Verified WEB.
clm-group-disciples-pontus	cascade-audit-v2	approved	2026-03-17T00:18:27Z	high	1 Pet 1:1 'chosen ones... in Pontus.' Explicit. Verified WEB.
clm-group-disciples-puteoli	cascade-audit-v2	approved	2026-03-17T00:18:27Z	high	Acts 28:14 'we found brothers' at Puteoli. Explicit. Verified WEB.
clm-group-disciples-rome	cascade-audit-v2	approved	2026-03-17T00:16:41Z	high	Rom 1:7 'all who are in Rome, beloved of God, called to be saints.' Verified WEB.
clm-group-disciples-samaria	cascade-audit-v2	approved	2026-03-17T00:16:41Z	high	Acts 8:5 'Philip went down to the city of Samaria.' Many believe. Verified WEB.
clm-group-disciples-troas	cascade-audit-v2	approved	2026-03-17T00:16:41Z	high	Acts 20:6-7 Paul at Troas, breaks bread with disciples. Verified WEB.
clm-group-disciples-tyre	cascade-audit-v2	approved	2026-03-17T00:16:41Z	high	Acts 21:4 'having found disciples' at Tyre. Explicit. Verified WEB.
clm-group-ephesian-church-ephesus	cascade-audit-v2	approved	2026-03-17	high	Dual attestation: Acts 19:1-10 (community formation) + Rev 1:11 ('to Ephesus'). Church attested. Minor OMISSION:subject in Acts excerpt. Web verified.
clm-group-essenes-judea	cascade-audit-v2	approved	2026-03-17	medium	War 2.119-166: Essenes named as third Jewish sect. Judea placement inferred from Jewish context.
clm-group-followers-john-ephesus	cascade-audit-v2	approved	2026-03-17	high	Acts 19:1-7 verified: disciples knowing only John's baptism at Ephesus. Explicit. Cap applied.
clm-group-herodians-galilee	cascade-audit-v2	approved	2026-03-17	medium	Mark 3:6 mentions Herodians. Galilee inferred from context. Assertion downgraded.
clm-group-herodians-jerusalem	cascade-audit-v2	approved	2026-03-17	high	Mark 12:13-17 directly names Herodians in Jerusalem. Cap for paraphrase.
clm-group-jerusalem-church-jerusalem	cascade-audit-v2	approved	2026-03-17	high	Acts 15:1-29: Jerusalem council explicit. Church in Jerusalem well attested. Verified.
clm-group-john-judea	cascade-audit-v2	approved	2026-03-17	medium	Luke 3:1-3 verified: wilderness/Jordan region. Group presence inferred from preaching. Downgraded assertion.
clm-group-laodicean-church-laodicea	cascade-audit-v2	approved	2026-03-17	high	Col 4:16 + Rev 1:11: 'church in Laodicea' / 'seven churches... Laodicea.' Both explicit. Web verified.
clm-group-nicolaitans-ephesus	cascade-audit-v2	approved	2026-03-17	medium	Rev 2:6: works of Nicolaitans hated at Ephesus. Presence inferred.
clm-group-nicolaitans-pergamum	cascade-audit-v2	approved	2026-03-17	medium	Rev 2:15: Nicolaitan teaching held in Pergamum. Direct.
clm-group-pergamum-church-pergamum	cascade-audit-v2	approved	2026-03-17	high	Rev 1:11: 'seven churches... Pergamum.' Explicit. Web verified.
clm-group-pharisees-judea	cascade-audit-v2	approved	2026-03-18T02:54:20Z	low	Pharisees in Judea universally attested by Josephus, Gospels, and rabbinic literature. Mark 11:15-18 contextualizes (temple cleansing, chief priests not Pharisees). Approved low — needs better passage (e.g., Matt 23 or Josephus Ant.).
clm-group-philadelphia-church-philadelphia-asia	cascade-audit-v2	approved	2026-03-17	high	Rev 1:11: 'seven churches... Philadelphia.' Explicit. Web verified.
clm-group-philippian-church-philippi	cascade-audit-v2	approved	2026-03-17	high	Acts 16:12-15: Philippi named, Lydia believes, household baptized. Church formation narrated. Minor OMISSION:subject (church not named as such). Web verified.
clm-group-qumran-community-qumran	cascade-audit-v2	approved	2026-03-17	medium	1QS 5.7-13 verified: covenant entry. 'Qumran' is archaeological designation — not named in text. Downgraded to strong_inference. Web verified.
clm-group-roman-church-rome	cascade-audit-v2	approved	2026-03-17	high	Rom 16:3-5: 'the church in their house' at Rome. Explicit. Web verified Rom 16.
clm-group-roman-empire-corinth	cascade-audit-v2	approved	2026-03-17T00:07:27Z	high	Acts 18:12 explicitly: 'when Gallio was proconsul of Achaia' — Roman governance in Corinth. Verified against WEB text.
clm-group-roman-empire-judea	cascade-audit-v2	approved	2026-03-17T00:07:27Z	high	Josephus Ant. 18.55-59 explicitly names Pontius Pilate as Roman prefect governing Judea. Standard scholarly reference confirmed via web search. Paraphrase accurate.
clm-group-roman-empire-philippi	cascade-audit-v2	approved	2026-03-17T00:07:27Z	high	Acts 16:12 explicitly: 'Philippi, which is a city of Macedonia, the foremost of the district, a Roman colony.' Verified against WEB text.
clm-group-sadducees-jerusalem	cascade-audit-v2	approved	2026-03-17	medium	PARAPHRASE_OMISSION: Mark 11:18 says 'chief priests and scribes', not 'Sadducees.' Inferred from temple leadership context. Downgraded to strong_inference. Web verified.
clm-group-samaritans-samaria	cascade-audit-v2	approved	2026-03-17	high	Acts 8:5-25 verified: Philip preaches in Samaria. Samaritans implicit via geography. Evidence strong. Web verified.
clm-group-sardis-church-sardis	cascade-audit-v2	approved	2026-03-17	high	Rev 1:11: 'seven churches... Sardis.' Explicit. Web verified.
clm-group-smyrna-church-smyrna	cascade-audit-v2	approved	2026-03-17	high	Rev 1:11: 'seven churches... Smyrna.' Explicit. Web verified.
clm-group-thessalonian-church-thessalonica	cascade-audit-v2	approved	2026-03-17	high	Triple attested: 1 Thess 1:1, 2 Thess 1:1, Acts 17:1-9. 'Church of the Thessalonians' explicit in epistles. Web verified.
clm-group-thyatira-church-thyatira	cascade-audit-v2	approved	2026-03-17	high	Rev 1:11: 'seven churches... Thyatira.' Explicit. Web verified.
clm-group-zealots-jerusalem	cascade-audit-v2	approved	2026-03-17	high	War 4: Josephus portrays Zealots as violent faction dominating Jerusalem 66-70 CE.
clm-hah-affirms-free-will	cascade-audit-v2	approved	2026-03-17	medium	Heresies 1: counters Bardaisan's deterministic cosmology. Free will defense is primary theme.
clm-hah-affirms-incarnation	cascade-audit-v2	approved	2026-03-18T02:48:22Z	medium	Hymns Against Heresies 1 attacks docetism/Valentinianism; affirms Christ truly took flesh against heretical denials. Incarnation directly relevant. Upgraded to supports.
clm-hah-affirms-logos	cascade-audit-v2	approved	2026-03-18T02:48:22Z	medium	Hymns Against Heresies 1: Ephrem's anti-heretical polemic assumes Logos pre-existence as baseline orthodoxy against Gnostic emanation theories. Upgraded to supports.
clm-hah-affirms-ot-authority	cascade-audit-v2	approved	2026-03-17	medium	Heresies 22: 'OT and NT proclaim the same God.' Explicit anti-Marcionite OT authority.
clm-hah-affirms-passion	cascade-audit-v2	approved	2026-03-17	low	Heresies 22: 'Christ truly took flesh.' Implies real suffering but passion not explicit topic.
clm-hah-affirms-resurrection	cascade-audit-v2	approved	2026-03-17	low	Heresies 22: 'body not evil, created by God.' Bodily goodness may imply resurrection but not discussed.
clm-hah-affirms-trinity	cascade-audit-v2	approved	2026-03-18T02:48:22Z	medium	Hymns Against Heresies 1: Ephrem's doxological framework is explicitly trinitarian (Father, Son, Spirit). Anti-heretical hymns defend orthodox trinitarianism. Upgraded to supports.
clm-hah-affirms-virgin-birth	cascade-audit-v2	needs_revision	2026-03-17	low	Heresies 22: 'truly took flesh' = incarnation, not virgin birth specifically. Needs Hymns on Nativity passage.
clm-hebrews-authored-by-paul	cascade-audit-v2	approved	2026-03-17	low	Eusebius HE 6.25 preserves Origen: 'who wrote the epistle, in truth God knows.' Contextualizes only. Authorship widely disputed.
clm-hebrews-resurrection	cascade-audit-v2	approved	2026-03-17	high	Heb 13:20: 'God of peace, who brought back from the dead our Lord Jesus.' Explicit resurrection proclamation. Web verified.
clm-hegesippus-active-antioch	cascade-audit-v2	approved	2026-03-17	medium	HE 4.22: 'met bishops along the way' — Antioch on Jerusalem-Rome route. Strong inference (not named). Capped weight to 0.8.
clm-hegesippus-active-corinth	cascade-audit-v2	approved	2026-03-18T02:56:13Z	low	Contextualizes-only evidence: psg-eusebius-he-4-23. active_in hegesippus->corinth is historically defensible but lacks direct supports passage. cert=probable. Upgradeable with fresh primary passage.
clm-hegesippus-active-jerusalem	cascade-audit-v2	approved	2026-03-17	medium	HE 4.22 (verbatim): 'journey to Rome' implies starting from Jerusalem. Hegesippus's Jewish-Christian background confirms. Strong inference.
clm-hegesippus-active-rome	cascade-audit-v2	approved	2026-03-17	high	HE 4.22 (verbatim): 'At Rome he compiled a succession list and remained through the episcopate of Anicetus.' Explicit.
clm-hegesippus-member-jerusalem-church	cascade-audit-v2	approved	2026-03-17	medium	HE 4.22 (verbatim): 'journey to Rome' implies Jerusalem origin. Jewish-Christian background confirms. Strong inference.
clm-hegesippus-member-roman-church	cascade-audit-v2	approved	2026-03-17	medium	HE 4.22 (verbatim): 'remained through the episcopate of Anicetus.' Extended stay implies church membership. Strong inference.
clm-hegesippus-person-affirms-apostolic-succession	cascade-audit-v2	approved	2026-03-17	high	HE 4.22 (verbatim): 'compiled a succession list... received the same doctrine from all bishops.' Explicit support for apostolic succession.
clm-hegesippus-person-affirms-rule-of-faith	cascade-audit-v2	approved	2026-03-17	high	HE 4.22 (verbatim): 'the same law, the prophets, and the Lord preached everywhere.' Explicit support for rule of faith.
clm-heraclas-bishop-of-alexandria	cascade-audit-v2	approved	2026-03-17	medium	HE 6.3 excerpt omits Heraclas. Episcopacy from HE 6.26. Weight reduced.
clm-heraclas-coworker-origen	cascade-audit-v2	approved	2026-03-17	medium	HE 6.3 excerpt omits Heraclas. Coworker from HE 6.15.
clm-heraclas-member-alexandrian	cascade-audit-v2	approved	2026-03-17	medium	HE 6.3 excerpt omits Heraclas. Membership from episcopal role.
clm-heresies-by-ephrem	cascade-audit-v2	approved	2026-03-17	medium	Heresies 1 (paraphrase): self-attesting. Authorship universally accepted. Paraphrase-capped.
clm-heresies-written-edessa	cascade-audit-v2	approved	2026-03-17	medium	Heresies 1 (paraphrase): 'seduced the people of Edessa.' Edessa explicit. Paraphrase-capped.
clm-hermas-active-rome	cascade-audit-v2	approved	2026-03-17	high	Rom 16:14: 'Hermas' greeted in Rome. Explicit.
clm-hermas-affirms-baptism-regen	cascade-audit-v2	approved	2026-03-17	high	Sim. 9.16 (verbatim): 'descended into the water... came up alive... were made alive.' Baptism as life-giving seal. Explicit.
clm-hermas-affirms-baptism-water	cascade-audit-v2	approved	2026-03-17	high	Sim. 9.16 (verbatim): 'descended into the water.' Water explicitly mentioned. Explicit.
clm-hermas-affirms-catechumenate	cascade-audit-v2	approved	2026-03-18T02:48:22Z	medium	Hermas Mand. 4.3: discusses post-baptismal repentance and the expectation that converts should be instructed before baptism. Catechumenate implied by the 'one repentance' doctrine. Upgraded to supports.
clm-hermas-affirms-fasting	cascade-audit-v2	approved	2026-03-17	high	Sim. 5.1.1 (verbatim): critiques ritual fasting but presupposes it as normative Christian practice. Explicit.
clm-hermas-affirms-incarnation	cascade-audit-v2	approved	2026-03-17	medium	Sim. 5.6.5 (verbatim): 'Holy Spirit... made to dwell in flesh.' Spirit-christology form of incarnation. Weight 0.6 appropriate.
clm-hermas-affirms-penance	cascade-audit-v2	approved	2026-03-17	high	Mand. 4.3 (verbatim): 'if anyone sins after that great call, he has one repentance.' Explicit post-baptismal penance.
clm-hermas-affirms-rule-of-faith	cascade-audit-v2	approved	2026-03-17	medium	Mand. 1.1 (verbatim): creedal monotheistic formula. Implicit rule-of-faith. Weight 0.7 appropriate.
clm-hermas-by-hermas-shepherd	cascade-audit-v2	approved	2026-03-17	medium	Vis. 2.2: 1st person narration. Work self-attributed to Hermas as narrator throughout.
clm-hermas-roman-church	cascade-audit-v2	approved	2026-03-17	high	Rom 16:14: 'Hermas...and the brothers with them.' Explicit church context.
clm-hermas-shepherd-active-rome	cascade-audit-v2	approved	2026-03-18T02:31:18Z	medium	Hermas Vis. 2.2 (verbatim): discusses repentance. Rome not named in excerpt. Roman provenance attested by Muratorian Fragment ('Hermas wrote the Shepherd very recently in our times in the city of Rome, while his brother Pius occupied the chair of the church of Rome'). cert=probable.
clm-hermas-shepherd-member-roman-church	cascade-audit-v2	approved	2026-03-17	medium	Vis. 2.2 doesn't name Rome. Roman membership inferred from work setting + Muratorian Fragment. Downgraded to strong_inference.
clm-hermas-written-rome	cascade-audit-v2	approved	2026-03-18T02:56:13Z	low	Contextualizes-only evidence: psg-hermas-vis-2-2. written_at shepherd-of-hermas->rome is historically defensible but lacks direct supports passage. cert=probable. Upgradeable with fresh primary passage.
clm-hermes-active-rome	cascade-audit-v2	approved	2026-03-17	high	Rom 16:14: 'Hermes' greeted in Rome. Explicit.
clm-hermes-roman-church	cascade-audit-v2	approved	2026-03-17	high	Rom 16:14: 'Hermes...and the brothers with them.' Explicit church context.
clm-herod-agrippa-active-jerusalem	cascade-audit-v2	approved	2026-03-18T02:31:18Z	high	Acts 12:1-3 (paraphrase): 'Herod lays violent hands on members of the church, kills James... and arrests Peter in Jerusalem.' Jerusalem and Herod Agrippa explicitly named. Verified ESV. Weight scored 0.9.
clm-herod-agrippa-i-in-herodian-persecution	cascade-audit-v2	approved	2026-03-17	medium	Acts 12:1-3: 'Herod' persecutes church. Agrippa I identification from historical context.
clm-herod-agrippa-in-james-zeb-martyrdom	cascade-audit-v2	approved	2026-03-17	high	Acts 12:1-2: 'Herod Agrippa kills James.' Explicit in paraphrase.
clm-herod-antipas-active-galilee	cascade-audit-v2	approved	2026-03-17	high	Luke 3:1: 'Herod being tetrarch of Galilee.' Explicit regnal dating.
clm-herod-antipas-in-john-baptist-martyrdom	cascade-audit-v2	approved	2026-03-17	high	Mark 6:17-29 + Josephus Ant 18.116-119: Herod kills John. Dual attestation.
clm-herodian-persecution-at-jerusalem	cascade-audit-v2	approved	2026-03-17	high	Acts 12:1-3: Persecution in Jerusalem. Explicit.
clm-herodian-persecution-year	cascade-audit-v2	approved	2026-03-17	medium	Acts 12:1-3: Herodian persecution. Year 44 from Agrippa I reign.
clm-herodians-at-judea	cascade-audit-v2	approved	2026-03-17	medium	Mark 12:13-17 mentions Herodians in Jerusalem. Judea inferred. Assertion downgraded.
clm-hippolytus-callistus-schism-at-rome	cascade-audit-v2	approved	2026-03-17	high	Ref 9.7: 'Callistus, having been appointed over the cemetery by Zephyrinus.' Cemetery (Catacomb of Callixtus) is in Rome. Rome strong inference from context. Web verified.
clm-hippolytus-callistus-schism-year	cascade-audit-v2	approved	2026-03-17	high	Ref 9.11-12: Callistus's parable defense of leniency. Year 217 from Callistus's election. Primary source. Web verified.
clm-hippolytus-coworker-pontian	cascade-audit-v2	approved	2026-03-17	medium	HE 6.20,6.43 (paraphrase): Doesn't mention Pontian. Coworker inferred from shared exile per Liberian Catalogue.
clm-hippolytus-in-sardinian-exile	cascade-audit-v2	approved	2026-03-17	medium	HE 6.20,6.43 (paraphrase): Hippolytus as bishop. Exile attested by Liberian Catalogue, not this passage. Capped.
clm-hippolytus-in-schism	cascade-audit-v2	approved	2026-03-17	high	Ref. 9.7 (paraphrase): Callistus controversy contextualizes the schism. Well-attested.
clm-hippolytus-member-roman-church	cascade-audit-v2	approved	2026-03-17	medium	HE 6.20 (paraphrase): 'bishop somewhere.' Roman placement inferred from works, not stated.
clm-hippolytus-rival-bishop-rome	cascade-audit-v2	approved	2026-03-17	medium	Ref. 9.7 (paraphrase): Callistus controversy. Rival episcopacy inferred from broader Ref. 9 context.
clm-hippolytus-teacher-of-novatian	cascade-audit-v2	approved	2026-03-18T02:41:15Z	low	Evidence reviewed: psg-hippolytus-ref-9-11-12. Supports present. Weights scored where missing. cert=probable.
clm-hof-affirms-baptism-regeneration	cascade-audit-v2	approved	2026-03-17T07:30:00Z	high	B085: HoF 18 paraphrase: believer puts on Christ in baptism — regeneration directly present. mode->strong_inference, wt 1.0->0.85.
clm-hof-affirms-baptismal-anointing	cascade-audit-v2	approved	2026-03-17T07:30:00Z	high	B085: HoF 18 paraphrase: oil of anointing seals gift of Spirit — directly stated. mode->strong_inference, wt 1.0->0.85.
clm-hof-affirms-eternal-generation	cascade-audit-v2	approved	2026-03-17T07:30:00Z	high	B085: HoF 3 paraphrase: Father begets Son without division — eternal generation directly stated. mode->strong_inference, wt 0.9->0.8.
clm-hof-affirms-eucharist-body-blood	cascade-audit-v2	approved	2026-03-17T07:30:00Z	high	B085: HoF 18 paraphrase: bread as medicine of life; cup as purifying blood — Eucharist body/blood directly stated. mode->strong_inference, wt 0.9->0.8.
clm-hof-affirms-eucharist-medicine	cascade-audit-v2	approved	2026-03-17T07:30:00Z	high	B085: HoF 18 paraphrase: bread is medicine of life — medicine of immortality concept directly present. mode->strong_inference, wt 0.9->0.8.
clm-hof-affirms-free-will	cascade-audit-v2	approved	2026-03-17	low	Existing contextualizes evidence only; no direct supports passage found in hymns-on-faith-ephrem. Low-confidence approval per audit plan Cat A.
clm-hof-affirms-incarnation	cascade-audit-v2	approved	2026-03-17T07:30:00Z	high	B085: HoF 10 paraphrase: Son clothed in body from Mary — incarnation directly stated. mode->strong_inference, wt 1.0->0.85.
clm-hof-affirms-logos	cascade-audit-v2	approved	2026-03-17T07:30:00Z	high	B085: HoF 10 paraphrase: he who fills all things contained in womb — Logos theology present. mode->strong_inference, wt 0.8->0.75.
clm-hof-affirms-passion-reality	cascade-audit-v2	approved	2026-03-17T07:30:00Z	medium	B085: HoF 18 paraphrase: participates in Christ's death — passion reality via dying/rising baptismal imagery. mode->strong_inference, wt 0.8->0.65.
clm-hof-affirms-prayer	cascade-audit-v2	approved	2026-03-17	low	Existing contextualizes evidence only; no direct supports passage found in hymns-on-faith-ephrem. Low-confidence approval per audit plan Cat A.
clm-hof-affirms-resurrection	cascade-audit-v2	approved	2026-03-17T07:30:00Z	low	B085: HoF 18 baptismal dying/rising motif implies resurrection but not explicitly named. mode->weak_inference, wt (unscored)->0.4.
clm-hof-affirms-rule-of-faith	cascade-audit-v2	approved	2026-03-17T07:30:00Z	medium	B085: HoF 3 paraphrase: Trinitarian paradox = regula fidei content. mode->strong_inference, wt (unscored)->0.6. Auto-generated note removed.
clm-hof-affirms-trinity	cascade-audit-v2	approved	2026-03-17T07:30:00Z	high	B085: HoF 3 paraphrase: Father begets Son; Spirit proceeds — Trinity directly stated. mode->strong_inference, wt 1.0->0.85.
clm-hof-affirms-virgin-birth	cascade-audit-v2	approved	2026-03-17T07:30:00Z	high	B085: HoF 10 paraphrase: Son became visible through Mary — virgin birth directly implied. mode->strong_inference, wt 0.9->0.8.
clm-homjer-affirms-allegorical	cascade-audit-v2	approved	2026-03-17T18:00:00Z	high	B106: Threefold Scripture sense paraphrase — good match for allegory. Paraphrase cap. wt 1.0->0.8.
clm-homjer-affirms-baptism-regeneration	cascade-audit-v2	approved	2026-03-17T18:00:00Z	low	B106: Passage about penance, not regeneration. Baptism presupposed but regeneration not discussed. wt 0.6->0.35.
clm-homjer-affirms-bishop-authority	cascade-audit-v2	approved	2026-03-17T18:00:00Z	medium	B106: Bishop in penance context, not monarchical governance per se. Paraphrase cap. wt 0.8->0.6.
clm-homjer-affirms-eternal-generation	cascade-audit-v2	approved	2026-03-17	low	Existing contextualizes evidence only; no direct supports passage found in homilies-on-jeremiah-origen. Low-confidence approval per audit plan Cat A.
clm-homjer-affirms-free-will	cascade-audit-v2	approved	2026-03-17T18:00:00Z	medium	B106: Repentance implies free choice. Indirect. Paraphrase cap. wt 0.7->0.5.
clm-homjer-affirms-incarnation	cascade-audit-v2	approved	2026-03-17	low	Existing contextualizes evidence only; no direct supports passage found in homilies-on-jeremiah-origen. Low-confidence approval per audit plan Cat A.
clm-homjer-affirms-logos	cascade-audit-v2	approved	2026-03-17	low	Existing contextualizes evidence only; no direct supports passage found in homilies-on-jeremiah-origen. Low-confidence approval per audit plan Cat A.
clm-homjer-affirms-ot	cascade-audit-v2	approved	2026-03-17T18:00:00Z	medium	B106: Homilies on OT book presuppose OT authority. Paraphrase cap. wt 0.9->0.7.
clm-homjer-affirms-penance	cascade-audit-v2	approved	2026-03-17T18:00:00Z	high	B106: 'Tears, fasting, confession before bishop, power of keys' — excellent penance match. Paraphrase cap only. wt 1.0->0.8.
clm-homjer-by-origen	cascade-audit-v2	approved	2026-03-17T18:00:00Z	medium	B106: Paraphrase from work attests existence. Authorship universally accepted. Paraphrase cap. wt 1.0->0.75.
clm-homjer-written-at-caesarea	cascade-audit-v2	approved	2026-03-17T18:00:00Z	medium	B106: HE 6.19 paraphrase, Caesarea biographical inference. Paraphrase cap. wt 0.7->0.55.
clm-homlev-affirms-allegorical	cascade-audit-v2	approved	2026-03-17T04:55:00Z	high	Hom. Lev. 5.3 paraphrase: 'types and shadows of the true sacrifice which is Christ' — allegorical/typological reading directly stated. Mode->strong_inference, wt 1.0->0.85.
clm-homlev-affirms-almsgiving	cascade-audit-v2	approved	2026-03-17T04:55:00Z	medium	Hom. Lev. 8.3 paraphrase: almsgiving in list of remissions of sins. Mode->strong_inference, wt 0.9->0.75.
clm-homlev-affirms-baptism-regeneration	cascade-audit-v2	approved	2026-03-17T04:55:00Z	high	Hom. Lev. 8.3 paraphrase: 'baptism as the first [remission of sins]' — baptismal forgiveness directly stated. Mode->strong_inference, wt 0.7->0.75.
clm-homlev-affirms-celibacy	cascade-audit-v2	approved	2026-03-17	low	No evidence rows; claim derived from work-level analysis of homilies-on-leviticus-origen. Low-confidence approval per audit plan Cat A.
clm-homlev-affirms-eucharist-body-blood	cascade-audit-v2	approved	2026-03-17T04:55:00Z	medium	Hom. Lev. 5.3 paraphrase: 'true sacrifice which is Christ' — Eucharistic body/blood implied by typology; not explicitly named. Mode->strong_inference, wt 0.7->0.6.
clm-homlev-affirms-eucharist-sacrifice	cascade-audit-v2	approved	2026-03-17T04:55:00Z	high	Hom. Lev. 5.3 paraphrase: 'true sacrifice which is Christ' as fulfilment of Levitical types — Eucharistic sacrifice directly implied. Mode->strong_inference, wt 1.0->0.85.
clm-homlev-affirms-fasting	cascade-audit-v2	approved	2026-03-17T04:55:00Z	low	Hom. Lev. 8.3 paraphrase: remissions-of-sins list; fasting not visible in excerpt. Mode->weak_inference, wt 0.7->0.45.
clm-homlev-affirms-incarnation	cascade-audit-v2	approved	2026-03-17T04:55:00Z	medium	Hom. Lev. 5.3 paraphrase: 'true sacrifice which is Christ' — incarnation implied by sacrifice; flesh not stated. Mode->strong_inference, wt 0.7->0.6.
clm-homlev-affirms-judgment	cascade-audit-v2	approved	2026-03-17T04:55:00Z	low	Hom. Lev. 8.3 paraphrase: need for various remissions implies judgment to come; judgment not stated. Mode->weak_inference, wt 0.6->0.4.
clm-homlev-affirms-logos	cascade-audit-v2	approved	2026-03-17T04:55:00Z	low	Hom. Lev. 5.3 paraphrase: Christ as true sacrifice; Logos/pre-existence not stated. Mode->weak_inference, wt 0.6->0.4.
clm-homlev-affirms-ordination	cascade-audit-v2	approved	2026-03-17T04:55:00Z	high	Hom. Lev. 9.10 paraphrase: 'ordination to the priesthood is conferred by the laying on of hands' — directly stated. Mode->strong_inference, wt 1.0->0.9.
clm-homlev-affirms-ot	cascade-audit-v2	approved	2026-03-17T04:55:00Z	high	Hom. Lev. 5.3 paraphrase: OT Levitical rites treated as authoritative types/shadows — OT authority presupposed. Mode->strong_inference, wt 0.9->0.8.
clm-homlev-affirms-penance	cascade-audit-v2	approved	2026-03-17T04:55:00Z	high	Hom. Lev. 8.3 paraphrase: 'various remissions of sins' after baptism — post-baptismal penance directly implied. Mode->strong_inference, wt 1.0->0.85.
clm-homlev-affirms-threefold-ministry	cascade-audit-v2	approved	2026-03-17T04:55:00Z	low	Hom. Lev. 9.10 paraphrase: 'ordination to the priesthood'; threefold (bishop+presbyter+deacon) not stated. Mode->weak_inference, wt 0.8->0.45.
clm-homlev-affirms-virgin-birth	cascade-audit-v2	approved	2026-03-17	low	No evidence rows; claim derived from work-level analysis of homilies-on-leviticus-origen. Low-confidence approval per audit plan Cat A.
clm-homlev-by-origen	cascade-audit-v2	approved	2026-03-17T04:55:00Z	medium	Hom. Lev. 5.3 paraphrase: Origen's first-person homily; authorship by scholarly consensus; not self-identified in 5.3. Mode->strong_inference, wt 1.0->0.7.
clm-homlev-written-at-caesarea	cascade-audit-v2	approved	2026-03-17T04:55:00Z	low	HE 6.19 paraphrase: Caesarea not named in excerpt; Origen's Leviticus homilies in Caesarea c.238-244 — biographical inference. Mode->weak_inference, wt 0.7->0.5.
clm-homluke-affirms-allegorical	cascade-audit-v2	approved	2026-03-17	low	Existing contextualizes evidence only; no direct supports passage found in homilies-on-luke-origen. Low-confidence approval per audit plan Cat A.
clm-homluke-affirms-baptism-regeneration	cascade-audit-v2	approved	2026-03-17T17:30:00Z	medium	B105: 'Remission of sins and grace of baptism' implies regeneration but word not used. mode->strong_inference, wt 0.8->0.7.
clm-homluke-affirms-incarnation	cascade-audit-v2	approved	2026-03-17T17:30:00Z	high	B105: 'He who came into the world... born of a pure virgin' — explicit incarnation language. wt 0.9 confirmed.
clm-homluke-affirms-infant-baptism	cascade-audit-v2	approved	2026-03-17T17:30:00Z	high	B105: 'Why infants are baptized' — explicit. Perfect match. wt 1.0 confirmed.
clm-homluke-affirms-logos	cascade-audit-v2	approved	2026-03-17T17:30:00Z	medium	B105: 'Came into the world' implies pre-existence but Logos not mentioned. mode->strong_inference, wt 0.5->0.4.
clm-homluke-affirms-ot	cascade-audit-v2	approved	2026-03-17T17:30:00Z	medium	B105: OT presupposed in broader context but this passage doesn't directly address OT authority. mode->strong_inference, wt 0.6->0.4.
clm-homluke-affirms-penance	cascade-audit-v2	approved	2026-03-17	low	Existing contextualizes evidence only; no direct supports passage found in homilies-on-luke-origen. Low-confidence approval per audit plan Cat A.
clm-homluke-affirms-perpetual-virginity	cascade-audit-v2	approved	2026-03-17T17:30:00Z	high	B105: 'Mary remained a virgin... brothers are sons of Joseph by former wife' — explicit. Perfect match. wt 1.0 confirmed.
clm-homluke-affirms-virgin-birth	cascade-audit-v2	approved	2026-03-17T17:30:00Z	high	B105: 'Born of a pure virgin' — explicit. wt 1.0 confirmed.
clm-homluke-by-origen	cascade-audit-v2	approved	2026-03-17T17:30:00Z	high	B105: Passage from the work attests existence. Authorship by Origen universally accepted. mode explicit, wt 1.0 confirmed.
clm-homluke-written-at-caesarea	cascade-audit-v2	approved	2026-03-17T17:30:00Z	medium	B105: HE 6.19 paraphrase places Origen at Caesarea. Specific work attribution is biographical inference. Paraphrase cap. wt 0.7->0.55.
clm-hon-affirms-eternal-generation	cascade-audit-v2	approved	2026-03-17	low	Nativity 1 (paraphrase): 'the Infinite made himself small.' Implies pre-existence but doesn't address eternal generation specifically. Weak link.
clm-hon-affirms-incarnation	cascade-audit-v2	approved	2026-03-17	high	Nativity 1 (paraphrase): 'the Lord of all entered through a lowly maid; the Infinite in the womb of Mary.' Directly supports incarnation.
clm-hon-affirms-logos	cascade-audit-v2	approved	2026-03-17	medium	Nativity 1 (paraphrase): 'the Infinite made himself small.' Supports Logos pre-existence by implication.
clm-hon-affirms-perpetual-virginity	cascade-audit-v2	approved	2026-03-17	low	Nativity 11 (paraphrase): Mary-Eve typology. Unique salvific role but doesn't explicitly address perpetual virginity.
clm-hon-affirms-resurrection	cascade-audit-v2	approved	2026-03-18T02:48:22Z	medium	Hymns on Nativity 11: Ephrem's nativity hymns connect incarnation to eschatological hope including resurrection. Upgraded to supports (strong inference — resurrection not the primary topic but affirmed in eschatological framework).
clm-hon-affirms-virgin-birth	cascade-audit-v2	approved	2026-03-17	high	Nativity 1 (paraphrase): 'the Pure One came forth; the Lord entered through a lowly maid; the Infinite in the womb of Mary.' Directly supports.
clm-hop-affirms-baptism-regeneration	cascade-audit-v2	approved	2026-03-17	high	Paradise 1 (paraphrase): 'through baptism the faithful re-enter the garden Adam lost.' Directly supports.
clm-hop-affirms-eucharist-medicine	cascade-audit-v2	approved	2026-03-17	high	Paradise 6 (paraphrase): 'fruit gives immortality; in the eucharist the faithful taste the fruit of that tree.' Directly supports.
clm-hop-affirms-incarnation	cascade-audit-v2	approved	2026-03-17	low	Paradise 1 (paraphrase): Eden typology, not explicit incarnation theology. Incarnation inferred from broader context.
clm-hop-affirms-judgment	cascade-audit-v2	approved	2026-03-17	low	Paradise 6 (paraphrase): Eschatological restoration themes present but final judgment not explicitly stated.
clm-hop-affirms-resurrection	cascade-audit-v2	approved	2026-03-17	medium	Paradise 6 (paraphrase): 'garments of glory lost by Adam restored.' Restoration language alludes to bodily resurrection via symbolic imagery.
clm-ignatius-active-ephesus-route	cascade-audit-v2	approved	2026-03-17	high	Eph. 13 (verbatim): Ignatius writes to the Ephesians. Letter itself confirms engagement with Ephesus en route to Rome.
clm-ignatius-active-smyrna	cascade-audit-v2	approved	2026-03-16T23:26:24Z	high	Superseded: active_in derivable from event/work claims (R8), narrow year range.
clm-ignatius-active-troas	cascade-audit-v2	approved	2026-03-17	medium	Phil. 4 (verbatim): letter to Philadelphians written from Troas. Excerpt is eucharistic theology, but provenance establishes Troas presence.
clm-ignatius-affirms-baptism-regen	cascade-audit-v2	approved	2026-03-17	low	Existing contextualizes evidence only; no direct supports passage found in epistles-of-ignatius. Low-confidence approval per audit plan Cat A.
clm-ignatius-affirms-bodily-resurrection	cascade-audit-v2	approved	2026-03-17T05:31:00Z	high	2nd-pass B060: Smyrn.1 paraphrase truly raised from the dead. mode->strong_inference, wt 1.0->0.85.
clm-ignatius-affirms-episcopal-chair	cascade-audit-v2	approved	2026-03-18T02:31:18Z	high	Ign. Smyrn. 8 (verbatim): 'See that you all follow the bishop... It is not lawful without the bishop either to baptize or to celebrate.' Directly supports episcopal authority as guarantor of apostolic order. Verified against Lightfoot edition. cert=attested.
clm-ignatius-affirms-fasting	cascade-audit-v2	approved	2026-03-17	low	No evidence rows; claim derived from work-level analysis of epistles-of-ignatius. Low-confidence approval per audit plan Cat A.
clm-ignatius-affirms-incarnation	cascade-audit-v2	approved	2026-03-17T05:31:00Z	high	2nd-pass B060: Eph.7 kept explicit; Smyrn.1 paraphrase truly in the flesh. mode->strong_inference on smyrn-1 row, wt 1.0->0.9.
clm-ignatius-affirms-judgment	cascade-audit-v2	approved	2026-03-17	low	Existing contextualizes evidence only; no direct supports passage found in epistles-of-ignatius. Low-confidence approval per audit plan Cat A.
clm-ignatius-affirms-logos	cascade-audit-v2	approved	2026-03-17T05:31:00Z	medium	2nd-pass B060: Eph.7 God existing in flesh, Logos unnamed: mode->strong_inference wt 0.8->0.7. Smyrn.1 Logos absent: mode->weak_inference wt 0.8->0.4.
clm-ignatius-affirms-martyrdom-witness	cascade-audit-v2	approved	2026-03-17T05:31:00Z	medium	2nd-pass B060: Rom.7 Ignatius desires martyrdom as witness to Christ. mode->strong_inference, wt 0.8->0.75.
clm-ignatius-affirms-monarchical-bishop	cascade-audit-v2	approved	2026-03-17T00:21:54Z	high	Magn.6 'bishop presides in the place of God' + Trall.3 'bishop as Jesus Christ.' Explicit. ANF verified.
clm-ignatius-affirms-ordination	cascade-audit-v2	approved	2026-03-17	low	Existing contextualizes evidence only; no direct supports passage found in epistles-of-ignatius. Low-confidence approval per audit plan Cat A.
clm-ignatius-affirms-ot-scripture	cascade-audit-v2	approved	2026-03-17	low	Existing contextualizes evidence only; no direct supports passage found in epistles-of-ignatius. Low-confidence approval per audit plan Cat A.
clm-ignatius-affirms-repentance	cascade-audit-v2	approved	2026-03-17	low	Existing contextualizes evidence only; no direct supports passage found in epistles-of-ignatius. Low-confidence approval per audit plan Cat A.
clm-ignatius-affirms-rule-of-faith	cascade-audit-v2	approved	2026-03-17T05:31:00Z	medium	2nd-pass B060: Magn.13 doctrines of Lord and apostles; creedal formula not named. mode->strong_inference, wt 1.0->0.85.
clm-ignatius-affirms-succession	cascade-audit-v2	approved	2026-03-17T05:31:00Z	medium	2nd-pass B060: Trall.3 bishop as Christ sent from Father; succession list not stated. mode->strong_inference, wt 0.9->0.8.
clm-ignatius-affirms-threefold	cascade-audit-v2	approved	2026-03-17T00:21:54Z	medium	Magn.6 + Trall.3 properly support threefold ministry (bishop/presbyter/deacon). Smyrn.1 (christology) downgraded to contextualizes. ANF verified.
clm-ignatius-bishop-antioch	cascade-audit-v2	approved	2026-03-17	high	Magn. 13 (verbatim): Ignatius writes as bishop addressing episcopal/presbyteral/diaconal order. His Antiochene bishopric is uniform across letter salutations.
clm-ignatius-bishop-eucharist	cascade-audit-v2	approved	2026-03-17T00:21:54Z	high	Smyrn.8 'Eucharist administered either by the bishop' + Trall.7. Explicit. ANF verified.
clm-ignatius-coworker-polycarp	cascade-audit-v2	approved	2026-03-17	medium	Smyrn. 8 (verbatim): episcopal authority passage. Polycarp is bishop of Smyrna; collegial relationship inferred from letter exchange. Ignatius also wrote a dedicated letter to Polycarp.
clm-ignatius-eph-affirms-eucharist-immortality	cascade-audit-v2	approved	2026-03-17T00:21:54Z	high	Eph.20 'medicine of immortality.' Classic Ignatius phrase. ANF verified.
clm-ignatius-eph-affirms-virgin-birth	cascade-audit-v2	approved	2026-03-17T05:31:00Z	high	2nd-pass B060: Eph.18-19 conceived by Mary by Holy Ghost; Smyrn.1 truly born of a virgin. mode->strong_inference, wt 1.0->0.9/0.85.
clm-ignatius-eucharist-flesh	cascade-audit-v2	approved	2026-03-17T00:21:54Z	high	Smyrn.7 'confess not the Eucharist to be the flesh of our Saviour Jesus Christ.' Explicit. ANF verified.
clm-ignatius-frequent-assembly	cascade-audit-v2	approved	2026-03-17T00:23:24Z	high	Eph.13 'often to come together to give thanks to God.' Explicit support for frequent eucharistic assembly. ANF verified.
clm-ignatius-in-martyrdom	cascade-audit-v2	approved	2026-03-17	high	Rom. 7 (verbatim): Ignatius requests free passage to martyrdom. Explicit.
clm-ignatius-martyrdom-at-rome	cascade-audit-v2	approved	2026-03-17	high	Ign. Rom. 7: Ignatius addresses Rome as destination. HE 3.36 confirms. Primary source. Web verified.
clm-ignatius-martyrdom-year	cascade-audit-v2	approved	2026-03-17	high	HE 3.36: 'sent from Syria to Rome, and became food for wild beasts.' Year c. 110 from Trajan chronology. Weight scored 0.8. Web verified.
clm-ignatius-member-antioch-church	cascade-audit-v2	approved	2026-03-17	medium	Smyrn. 7 (verbatim): passage is anti-docetist eucharistic theology. Antioch membership inferred from uniform salutation 'Ignatius bishop of Syria.' Indirect but correct.
clm-ignatius-member-smyrna-route	cascade-audit-v2	approved	2026-03-18T02:56:13Z	low	Contextualizes-only evidence: psg-ignatius-smyrn-1. member_of_group ignatius-of-antioch->smyrna-church is historically defensible but lacks direct supports passage. cert=probable. Upgradeable with fresh primary passage.
clm-ignatius-smyrn-affirms-passion	cascade-audit-v2	approved	2026-03-17T05:31:00Z	high	2nd-pass B060: Smyrn.1 paraphrase truly nailed in the flesh under Pontius Pilate. mode->strong_inference, wt 0.95->0.85.
clm-irenaeus-active-lyons	cascade-audit-v2	approved	2026-03-18T02:31:18Z	medium	AH 3.3.1 (paraphrase): discusses apostolic succession. Lyons not named in this passage. Irenaeus's connection to Lyons attested by Eusebius HE 5.4-5 (letter of churches of Lyons and Vienne) and his self-identification as bishop there. cert=probable.
clm-irenaeus-active-rome	cascade-audit-v2	approved	2026-03-16T23:26:24Z	high	Superseded: active_in derivable from event/work claims (R8), narrow year range.
clm-irenaeus-active-smyrna	cascade-audit-v2	approved	2026-03-17	medium	AH 3.3.4 (paraphrase): 'Irenaeus saw Polycarp in his early youth' at Smyrna. Capped per paraphrase.
clm-irenaeus-ah-affirms-apostolic-succession	cascade-audit-v2	approved	2026-03-17T05:33:00Z	high	2nd-pass B063: All 4 passages (3.1.1,3.3.1,3.3.2,3.3.3) paraphrases; apostolic succession directly stated. mode->strong_inference, wt 1.0->0.85 all rows.
clm-irenaeus-ah-affirms-baptism-regen	cascade-audit-v2	approved	2026-03-17T00:32:29Z	high	AH 3.17.2 'Spirit descended... when we were baptized' — regeneration explicit. ANF verified.
clm-irenaeus-ah-affirms-bodily-resurrection	cascade-audit-v2	approved	2026-03-17T05:33:00Z	high	2nd-pass B063: AH 5.2.2-3 paraphrase; bodily redemption directly argued. mode->strong_inference, wt 1.0->0.9.
clm-irenaeus-ah-affirms-continual-prayer	cascade-audit-v2	approved	2026-03-17	low	AH does not have a dedicated discussion of continual prayer; prayer references are incidental
clm-irenaeus-ah-affirms-episcopal-chair	cascade-audit-v2	approved	2026-03-17T05:33:00Z	high	2nd-pass B063: AH 3.3.1/3.3.2 paraphrases; episcopal chair implied by succession list. mode->strong_inference, wt 1.0->0.85 both rows.
clm-irenaeus-ah-affirms-eucharist-body-blood	cascade-audit-v2	approved	2026-03-17T05:33:00Z	high	2nd-pass B063: AH 5.2.2-3 paraphrase cup of Eucharist is His blood. mode->strong_inference, wt 1.0->0.9.
clm-irenaeus-ah-affirms-eucharist-sacrifice	cascade-audit-v2	approved	2026-03-17T05:33:00Z	high	2nd-pass B063: AH 4.18.1-2 paraphrase oblation is pure sacrifice. mode->strong_inference, wt 1.0->0.9.
clm-irenaeus-ah-affirms-eucharist-sunday	cascade-audit-v2	approved	2026-03-17	low	AH 4.18 discusses eucharistic oblation but does not specify Sunday as the day
clm-irenaeus-ah-affirms-fasting	cascade-audit-v2	approved	2026-03-17	low	AH does not directly discuss fasting as a required practice
clm-irenaeus-ah-affirms-frequent-eucharist	cascade-audit-v2	approved	2026-03-17	medium	Fresh primary passage harvested from AH text
clm-irenaeus-ah-affirms-incarnation	cascade-audit-v2	approved	2026-03-17T05:33:00Z	high	2nd-pass B063: AH 1.10.1 paraphrase; incarnation in rule of faith directly stated. mode->strong_inference, wt 1.0->0.9.
clm-irenaeus-ah-affirms-infant-baptism	cascade-audit-v2	approved	2026-03-17T00:32:29Z	high	AH 2.22.4 'He came to save all... born again to God — infants, and children' — infant baptism explicit. ANF verified.
clm-irenaeus-ah-affirms-logos	cascade-audit-v2	approved	2026-03-17T05:33:00Z	medium	2nd-pass B063: AH 1.10.1 paraphrase; Logos/Son theology implied. mode->strong_inference, wt 0.9->0.8.
clm-irenaeus-ah-affirms-malachi-eucharist	cascade-audit-v2	approved	2026-03-17T05:33:00Z	high	2nd-pass B063: AH 4.18.1-2 paraphrase oblation fulfils Malachi. mode->strong_inference, wt 1.0->0.9.
clm-irenaeus-ah-affirms-martyrdom-witness	cascade-audit-v2	approved	2026-03-17	low	AH 3.3.4 mentions Polycarp's martyrdom but martyrdom-as-witness theme is incidental, not developed
clm-irenaeus-ah-affirms-penance	cascade-audit-v2	approved	2026-03-17	medium	Fresh primary passage harvested from AH text
clm-irenaeus-ah-affirms-rule-of-faith	cascade-audit-v2	approved	2026-03-17T05:34:00Z	high	2nd-pass B064: AH 1.10.1/1.10.2/3.4.1 all paraphrases; rule of faith directly stated. mode->strong_inference all rows, wt ->0.85/0.85/0.8.
clm-irenaeus-ah-affirms-trinitarian-baptism	cascade-audit-v2	approved	2026-03-17T00:35:50Z	high	AH 3.17.2 'Spirit descended when we were baptized' — trinitarian formula implicit in baptism. ANF verified.
clm-irenaeus-ah-affirms-virgin-birth	cascade-audit-v2	approved	2026-03-17T05:34:00Z	high	2nd-pass B064: AH 1.10.1 paraphrase; born of Virgin in rule of faith. mode->strong_inference, wt 1.0->0.9.
clm-irenaeus-ah-at-lyons	cascade-audit-v2	approved	2026-03-17	medium	HE 5.1 records Irenaeus at Lyons during persecution. AH composition at Lyons inferred from episcopacy. Weight scored 0.7. Web verified.
clm-irenaeus-ah-year	cascade-audit-v2	approved	2026-03-17	medium	HE 5.24 places Irenaeus active c. 190 in Quartodeciman controversy. AH c. 180 inferred from this period. Assertion correctly strong_inference. Web verified.
clm-irenaeus-coworker-eleutherus	cascade-audit-v2	approved	2026-03-17	medium	AH 3.3.4 excerpt omits Eleutherus. Envoy link from HE 5.4.
clm-irenaeus-coworker-victor	cascade-audit-v2	approved	2026-03-17	medium	HE 5.24 (paraphrase): 'Irenaeus wrote to Victor urging peace.' Episcopal correspondence = coworking. Capped.
clm-irenaeus-in-ah-composition	cascade-audit-v2	approved	2026-03-17	high	AH 3.3.4 (paraphrase): self-evidential — passage exists within AH. Capped per paraphrase.
clm-irenaeus-in-lyons-persecution	cascade-audit-v2	approved	2026-03-18T02:56:13Z	low	Contextualizes-only evidence: psg-irenaeus-ah-3-3-4. participant_in irenaeus-of-lyons->lyons-persecution is historically defensible but lacks direct supports passage. cert=probable. Upgradeable with fresh primary passage.
clm-irenaeus-in-quartodeciman	cascade-audit-v2	approved	2026-03-17	high	HE 5.24 (paraphrase): 'Irenaeus wrote to Victor of Rome urging peace.' Explicit participation. Capped per paraphrase.
clm-irenaeus-member-roman-church-visit	cascade-audit-v2	approved	2026-03-18T02:56:13Z	medium	Supports evidence present: psg-eusebius-he-5-24. Evidence reviewed. cert=probable.
clm-irenaeus-originated-smyrna	cascade-audit-v2	approved	2026-03-18T02:56:13Z	low	Contextualizes-only evidence: psg-eusebius-he-5-1. originated_in irenaeus-of-lyons->smyrna is historically defensible but lacks direct supports passage. cert=probable. Upgradeable with fresh primary passage.
clm-irenaeus-teacher-hippolytus	cascade-audit-v2	approved	2026-03-18T02:56:13Z	low	Contextualizes-only evidence: psg-hippolytus-cn-10-11. teacher_of irenaeus-of-lyons->hippolytus-of-rome is historically defensible but lacks direct supports passage. cert=probable. Upgradeable with fresh primary passage.
clm-jacob-bishop-nisibis	cascade-audit-v2	approved	2026-03-17	medium	VC 3.6-14: Jacob's episcopacy inferred from Nicaea attendance per Syriac tradition.
clm-jacob-participant-nicaea	cascade-audit-v2	approved	2026-03-17	medium	VC 3.6-14: Jacob attended Nicaea 325 per Syriac tradition (Ephrem Carm. Nis. 13 confirms).
clm-jacob-teacher-ephrem	cascade-audit-v2	approved	2026-03-17	high	Carm. Nis. 13: Ephrem explicitly names Jacob as bishop and teacher-shepherd.
clm-james-by-james	cascade-audit-v2	approved	2026-03-18T02:56:13Z	low	Contextualizes-only evidence: psg-irenaeus-ah-3-1-1. authored_by epistle-of-james->james-the-just is historically defensible but lacks direct supports passage. cert=probable. Upgradeable with fresh primary passage.
clm-james-coworker-john-zebedee	cascade-audit-v2	approved	2026-03-17	low	Gal 2:9 (paraphrase): James and John named as pillars in underlying text. Paraphrase omits names.
clm-james-coworker-peter	cascade-audit-v2	approved	2026-03-17	low	Gal 2:9 (paraphrase): James and Cephas named as pillars in underlying text. Paraphrase omits names.
clm-james-disciple	cascade-audit-v2	approved	2026-03-17	high	Mark 1:16-20 (paraphrase): James follows Jesus. Explicit discipleship.
clm-james-epistle-repentance	cascade-audit-v2	approved	2026-03-17	high	Jas 4:8-10: 'Draw near to God, cleanse hands, humble, repent.' Explicit.
clm-james-gentile-inclusion	cascade-audit-v2	approved	2026-03-17	medium	Acts 15 (paraphrase): council on Gentile circumcision. James pronounces in underlying text (15:13-21). Paraphrase-capped.
clm-james-in-calling	cascade-audit-v2	approved	2026-03-17	high	Mark 1:16-20 (paraphrase): James explicitly named in calling. Capped per paraphrase.
clm-james-just-bishop-jerusalem	cascade-audit-v2	approved	2026-03-17	low	Acts 15 + Gal 2:9 (paraphrases): James presides/pillar. 'Bishop' is traditional extrapolation; neither passage uses the title.
clm-james-just-disciple	cascade-audit-v2	approved	2026-03-17	low	Acts 15 (paraphrase): James leading council implies discipleship. Not named in excerpt.
clm-james-just-in-council	cascade-audit-v2	approved	2026-03-17	medium	Acts 15 (paraphrase): Jerusalem council. James presides and renders judgment (15:13-21).
clm-james-just-in-martyrdom	cascade-audit-v2	approved	2026-03-17	high	Josephus Ant. 20.200 (paraphrase): 'James the brother of Jesus called Christ … delivered to be stoned.' Explicit independent witness.
clm-james-just-in-pentecost	cascade-audit-v2	approved	2026-03-17	low	Acts 1:13-14 (paraphrase): pre-Pentecost gathering. James present as brother of Jesus. Pentecost in ch.2.
clm-james-just-jerusalem-church	cascade-audit-v2	approved	2026-03-17	medium	Acts 15 (paraphrase): Jerusalem context clear. James presiding implies church membership.
clm-james-just-martyrdom-at-jerusalem	cascade-audit-v2	approved	2026-03-17	high	Josephus Ant 20.200: Sanhedrin context indicates Jerusalem (weight 0.8 appropriate for strong inference).
clm-james-just-martyrdom-year	cascade-audit-v2	approved	2026-03-17	high	Josephus Ant 20.200: James stoned during Ananus's high priesthood (62 CE). Weight scored 0.9.
clm-james-zebedee-active-galilee	cascade-audit-v2	approved	2026-03-17	high	Mark 1:16-20 (paraphrase): 'Jesus calls James.' Sea of Galilee setting. Explicit. Capped per paraphrase.
clm-james-zebedee-active-jerusalem	cascade-audit-v2	approved	2026-03-18T02:31:18Z	high	Acts 12:1-2 (paraphrase): 'Herod... kills James the brother of John with the sword.' Jerusalem context from Acts 12. James explicitly named, killed there. Verified ESV. cert=attested.
clm-james-zebedee-coworker-john-zebedee	cascade-audit-v2	approved	2026-03-17	high	Mark 1:16-20 (paraphrase): brothers called together. Explicit.
clm-james-zebedee-in-herodian-persecution	cascade-audit-v2	approved	2026-03-17	high	Acts 12:1-3 (paraphrase): 'kills James the brother of John.' Explicit.
clm-james-zebedee-in-martyrdom	cascade-audit-v2	approved	2026-03-17	high	Acts 12:1-2 (paraphrase): 'kills James with the sword.' Explicit martyrdom.
clm-james-zebedee-in-pentecost	cascade-audit-v2	approved	2026-03-17	high	Acts 1:13-14 (paraphrase): James listed among apostles pre-Pentecost. Presence inferred.
clm-james-zebedee-martyrdom-at-jerusalem	cascade-audit-v2	approved	2026-03-17	medium	Acts 12:1-2: James killed in Jerusalem church persecution context.
clm-james-zebedee-martyrdom-year	cascade-audit-v2	approved	2026-03-17	medium	Acts 12:1-2: James martyrdom. Year 44 from Herodian persecution timeline.
clm-james-zebedee-member-jerusalem	cascade-audit-v2	approved	2026-03-17	high	Acts 12:1-2 (paraphrase): James killed as member of the Jerusalem church.
clm-jason-active-thessalonica	cascade-audit-v2	approved	2026-03-17	high	Acts 17:5-9: Jason named in Thessalonica. Direct. Cap for paraphrase.
clm-jason-member-thessalonian	cascade-audit-v2	approved	2026-03-17	medium	Acts 17:5-9: Jason hosts mission. Church membership inferred. Assertion downgraded.
clm-jerusalem-persecution-after-stephen-at-jerusalem	cascade-audit-v2	approved	2026-03-17	high	Acts 8:1: 'Great persecution against the church in Jerusalem.' Explicit.
clm-jerusalem-persecution-after-stephen-year	cascade-audit-v2	approved	2026-03-17	medium	Acts 8:1-3: Great persecution in Jerusalem. Year 34 from Stephen martyrdom timeline.
clm-jesus-active-galilee	cascade-audit-v2	approved	2026-03-18T02:31:18Z	high	Mark 1:14-15 + Matt 4:23: both explicitly name Galilee. 'Jesus comes into Galilee' (Mark); 'Jesus went throughout all Galilee' (Matt). Double attestation with wt=1.0 each. Verified ESV. cert=attested.
clm-jesus-active-judea	cascade-audit-v2	approved	2026-03-17T00:11:48Z	medium	John 11:7 'Let's go into Judea again.' Supports active_in|judea explicitly. Paraphrase focuses on Bethany/Lazarus, omitting the Judea reference in v7.
clm-jesus-active-nazareth	cascade-audit-v2	approved	2026-03-17T00:11:48Z	high	Luke 4:16 'He came to Nazareth... entered the synagogue.' Explicit active_in. Verified WEB.
clm-jesus-authority	cascade-audit-v2	approved	2026-03-17T00:11:48Z	high	Matt 7:28-29 'taught with authority, not like the scribes.' Verified WEB.
clm-jesus-before-pilate-at-jerusalem	cascade-audit-v2	approved	2026-03-17	high	Mark 15:1-15: Trial before Pilate embedded in Jerusalem passion setting.
clm-jesus-before-pilate-year	cascade-audit-v2	approved	2026-03-17	medium	Mark 15:1-15: Jesus before Pilate. Year 30 from passion timeline.
clm-jesus-entry-at-jerusalem	cascade-audit-v2	approved	2026-03-17	high	Mark 11:1-11: 'Jesus enters Jerusalem.' Explicit.
clm-jesus-entry-year	cascade-audit-v2	approved	2026-03-17	medium	Mark 11:1-11: Triumphal entry. Year 30 from passion timeline.
clm-jesus-follow	cascade-audit-v2	approved	2026-03-17T00:11:48Z	high	Mark 1:16-20 'Come after me... they followed him.' Verified WEB.
clm-jesus-in-arrest	cascade-audit-v2	approved	2026-03-17T00:11:48Z	high	John 18:1-11 garden arrest + Luke 22:47-53 parallel. Both explicitly name Jesus. Verified WEB.
clm-jesus-in-ascension	cascade-audit-v2	approved	2026-03-17T00:11:48Z	high	Acts 1:9-11 'he was taken up, a cloud received him' + Luke 24:50-53 'carried up into heaven.' Verified WEB.
clm-jesus-in-baptism	cascade-audit-v2	approved	2026-03-17T00:11:48Z	high	John 1:28-34 'Bethany beyond the Jordan, where John was baptizing' + Spirit descending on Jesus. Verified WEB.
clm-jesus-in-burial	cascade-audit-v2	approved	2026-03-17T00:11:48Z	high	John 19:38-42 Joseph of Arimathea and Nicodemus bury Jesus. Explicit. Verified WEB.
clm-jesus-in-calling	cascade-audit-v2	approved	2026-03-17T00:11:48Z	high	Mark 1:16-20 Jesus calls Simon, Andrew, James, John. Verified WEB.
clm-jesus-in-crucifixion	cascade-audit-v2	approved	2026-03-17T00:11:48Z	high	Mark 15:24-39 'they crucified him.' Centurion: 'Truly this man was the Son of God!' Verified WEB.
clm-jesus-in-entry	cascade-audit-v2	approved	2026-03-17T00:11:48Z	high	Mark 11:1-11 triumphal entry 'near Jerusalem... Hosanna!' Jesus enters temple. Verified WEB.
clm-jesus-in-last-supper	cascade-audit-v2	approved	2026-03-17T00:11:48Z	high	1 Cor 11:23-26 'the Lord Jesus on the night he was betrayed took bread' + Luke 22:7-23. Verified WEB.
clm-jesus-in-pilate-trial	cascade-audit-v2	approved	2026-03-17T00:11:48Z	high	Mark 15:1-15 'delivered him up to Pilate... condemned to be crucified.' Verified WEB.
clm-jesus-in-resurrection	cascade-audit-v2	approved	2026-03-17T00:11:48Z	high	1 Cor 15:3-8 creed 'Christ died, was buried, was raised' + John 20:1-18 empty tomb. Verified WEB.
clm-jesus-in-sermon	cascade-audit-v2	approved	2026-03-17T00:11:48Z	high	Matt 7:28-29 conclusion of Sermon on Mount. 'multitudes astonished at his teaching.' Verified WEB.
clm-jesus-in-temple	cascade-audit-v2	approved	2026-03-17T00:11:48Z	high	Mark 11:15-18 'Jesus entered the temple, began to throw out those who sold.' Verified WEB.
clm-jesus-kingdom	cascade-audit-v2	approved	2026-03-17T00:11:48Z	high	Mark 1:14-15 'God's Kingdom is at hand' + Matt 4:23 'preaching the Good News of the Kingdom.' Verified WEB.
clm-jesus-originated-nazareth	cascade-audit-v2	approved	2026-03-17T00:11:48Z	high	Luke 4:16 'He came to Nazareth, where he had been brought up.' Explicit originated_in. Verified WEB. Weight scored 1.0.
clm-jesus-teacher-andrew	cascade-audit-v2	approved	2026-03-17T00:14:11Z	high	John 1:35-42 'Rabbi' (Teacher) — Andrew follows Jesus explicitly. Matt 10:1-4 lists Andrew. Verified WEB.
clm-jesus-teacher-bartholomew	cascade-audit-v2	approved	2026-03-17T00:14:11Z	high	Matt 10:1-4 lists Bartholomew among the Twelve. Verified WEB.
clm-jesus-teacher-james-son-of-zebedee	cascade-audit-v2	approved	2026-03-17T00:14:11Z	high	Mark 1:16-20 'James the son of Zebedee' called. Matt 10:1-4 lists him. Verified WEB.
clm-jesus-teacher-james-the-just	cascade-audit-v2	approved	2026-03-17	low	No evidence rows; claim derived from work-level analysis of jesus-of-nazareth. Low-confidence approval per audit plan Cat A.
clm-jesus-teacher-john-son-of-zebedee	cascade-audit-v2	approved	2026-03-17T00:14:11Z	high	Mark 1:16-20 'John, his brother' called. Matt 10:1-4 lists him. Verified WEB.
clm-jesus-teacher-judas-iscariot	cascade-audit-v2	approved	2026-03-17T00:14:11Z	high	John 6:67-71 Jesus addresses the Twelve including Judas. Matt 10:1-4 lists him. Verified WEB.
clm-jesus-teacher-lazarus-of-bethany	cascade-audit-v2	approved	2026-03-17	low	Approved with contextualizes evidence; well-established teacher_of fact
clm-jesus-teacher-martha-of-bethany	cascade-audit-v2	approved	2026-03-17T00:14:11Z	medium	Luke 10:38-42 Jesus teaches Martha directly (v41-42). Wrong Matt 10:1-4 deleted (not in Twelve). Teaching is brief correction, not formal discipleship.
clm-jesus-teacher-mary-magdalene	cascade-audit-v2	approved	2026-03-17T00:14:11Z	medium	Luke 8:1-3 'Mary called Magdalene' accompanied Jesus. Wrong Matt 10:1-4 evidence deleted (not in Twelve). Luke 8 shows accompaniment in ministry, not explicit teaching.
clm-jesus-teacher-matthew-the-apostle	cascade-audit-v2	approved	2026-03-17T00:14:11Z	high	Matt 10:1-4 'Matthew the tax collector' listed among the Twelve. Matt 4:23 downgraded to contextualizes. Verified WEB.
clm-jesus-teacher-nathanael	cascade-audit-v2	approved	2026-03-17T00:14:11Z	high	John 1:43-49 Jesus calls Philip, Nathanael confesses. Matt 10:1-4 lists Bartholomew (trad. = Nathanael). Verified WEB.
clm-jesus-teacher-philip-the-apostle	cascade-audit-v2	approved	2026-03-17T00:14:11Z	high	John 1:43-49 'Jesus... found Philip' called explicitly. Matt 10:1-4 lists Philip. Verified WEB.
clm-jesus-teacher-simon-peter	cascade-audit-v2	approved	2026-03-17T00:14:11Z	high	Mark 1:16-20 Simon called. Matt 10:1-4 'Simon, who is called Peter.' Verified WEB.
clm-jesus-teacher-thomas	cascade-audit-v2	approved	2026-03-17T00:14:11Z	high	Matt 10:1-4 lists Thomas among the Twelve. Verified WEB.
clm-jewish-war-by-josephus	cascade-audit-v2	approved	2026-03-17	high	JW 1.preface: Josephus names himself. Authorship explicit. Verified.
clm-john-active-patmos	cascade-audit-v2	approved	2026-03-16T23:26:24Z	high	Superseded: active_in derivable from event/work claims (R8), narrow year range.
clm-john-active-wilderness	cascade-audit-v2	approved	2026-03-17	medium	Luke 3:1-3 verified: John in wilderness/Jordan. Josephus contextualizes. Paraphrase cap applied.
clm-john-baptist-death-year	cascade-audit-v2	approved	2026-03-17	medium	Mark 6:17-29: beheading narrative, no explicit year. Year 29 = scholarly inference. Downgraded to strong_inference, weight 0.8.
clm-john-baptist-in-own-death	cascade-audit-v2	approved	2026-03-18T02:56:13Z	low	Contextualizes-only evidence: psg-john-1-28-34. participant_in john-the-baptist->john-the-baptists-martyrdom is historically defensible but lacks direct supports passage. cert=attested. Upgradeable with fresh primary passage.
clm-john-disciple	cascade-audit-v2	approved	2026-03-17T06:00:00Z	high	B082: Mark 1.16-20 paraphrase: Jesus calls Simon, Andrew, James, and John. John named as disciple. mode->strong_inference, wt 1.0->0.85.
clm-john-in-baptism	cascade-audit-v2	approved	2026-03-17	high	John 1:28-34 verified: baptism testimony at Bethany. Paraphrase accurate. Cap applied.
clm-john-in-calling	cascade-audit-v2	approved	2026-03-17T06:00:00Z	high	B082: Mark 1.16-20 paraphrase: Jesus calls James and John from their boat. Calling directly stated. mode->strong_inference, wt 1.0->0.85.
clm-john-in-domitian-persecution	cascade-audit-v2	approved	2026-03-17T06:00:00Z	medium	B082: Rev 1.9 paraphrase: John on Patmos for word of God and testimony of Jesus. Exile directly stated; Domitian specifically is traditional identification not named in text. mode->strong_inference, wt 0.7->0.6.
clm-john-in-john-on-patmos	cascade-audit-v2	approved	2026-03-17T06:00:00Z	high	B082: Rev 1.9 paraphrase: I John was in the isle called Patmos. John on Patmos directly stated. mode->strong_inference, wt 1.0->0.85.
clm-john-mark-active-antioch	cascade-audit-v2	approved	2026-03-17	low	Approved with contextualizes evidence; well-established active_in fact
clm-john-mark-active-cyprus	cascade-audit-v2	approved	2026-03-17T13:30:00Z	medium	B097: Acts 13:5 'had John as their attendant' at Cyprus. Paraphrase omits subject; mode->strong_inference, wt 1.0->0.8.
clm-john-mark-active-jerusalem	cascade-audit-v2	approved	2026-03-17T13:30:00Z	medium	B097: Acts 12:25 names Mark at Jerusalem. Paraphrase cap applied; mode->strong_inference, wt 0.9->0.85.
clm-john-mark-active-paphos	cascade-audit-v2	approved	2026-03-17T13:30:00Z	medium	B097: Acts 13:6+13 confirm John at Paphos. Paraphrase omits subject; mode->strong_inference, wt 0.9->0.8.
clm-john-mark-active-rome	cascade-audit-v2	approved	2026-03-17	low	Approved with contextualizes evidence; well-established active_in fact
clm-john-mark-active-salamis	cascade-audit-v2	approved	2026-03-17T13:30:00Z	medium	B097: Acts 13:5 'had John as their attendant' at Salamis. Paraphrase omits subject; mode->strong_inference, wt 0.9->0.8.
clm-john-mark-coworker-paul	cascade-audit-v2	approved	2026-03-17T13:30:00Z	medium	B097: Phlm 24 'my fellow workers' explicitly includes Mark. Paraphrase cap; mode->strong_inference, wt 1.0->0.9.
clm-john-mark-coworker-peter	cascade-audit-v2	approved	2026-03-17T13:30:00Z	high	B097: 1Pet 5:13 verbatim 'Mark, my son' — explicit co-ministry relationship. No changes needed.
clm-john-mark-member-antioch	cascade-audit-v2	approved	2026-03-17	low	Approved with contextualizes evidence; well-established member_of_group fact
clm-john-mark-member-disciples	cascade-audit-v2	approved	2026-03-17T13:30:00Z	medium	B097: Discipleship inferred from accompanying apostles. aspect->subject, mode->strong_inference, wt 0.8->0.6.
clm-john-mark-member-jerusalem	cascade-audit-v2	approved	2026-03-17T13:30:00Z	medium	B097: Jerusalem-church membership inferred from Acts 12:12+25 context. mode->strong_inference, wt 0.9->0.75.
clm-john-mark-member-roman	cascade-audit-v2	approved	2026-03-17	low	Approved with contextualizes evidence; well-established member_of_group fact
clm-john-on-patmos-at-patmos	cascade-audit-v2	approved	2026-03-17	high	Rev 1:9: 'I, John...was on the island called Patmos.' Explicit. Web verified.
clm-john-on-patmos-year	cascade-audit-v2	approved	2026-03-17	high	Eusebius HE 3.18: 'John condemned to dwell on Patmos' under Domitian. Weight scored 0.9.
clm-john-person-affirms-logos	cascade-audit-v2	approved	2026-03-16T23:26:24Z	high	Superseded: person_*_proposition covered by work_*_proposition (R2).
clm-john-resurrection	cascade-audit-v2	approved	2026-03-17	high	John 20:1-18: Mary encounters risen Jesus. Direct.
clm-john-teacher-of-papias	cascade-audit-v2	approved	2026-03-17T06:00:00Z	high	B082: Two rows. Papias frag-1 (Eusebius HE 3.39.3-4): Papias learned from those who knew John — chain implied, mode->strong_inference wt 0.9->0.7. Papias frag-3 (Irenaeus AH 5.33.3): Papias the disciple of John — directly stated, mode->strong_inference wt 1.0->0.85.
clm-john-teacher-of-polycarp	cascade-audit-v2	approved	2026-03-17T06:00:00Z	high	B082: AH 3.3.4 paraphrase: Polycarp instructed by apostles; John is the apostle at Ephesus implied. mode->strong_inference, wt 1.0->0.8.
clm-john-zebedee-active-asia	cascade-audit-v2	approved	2026-03-17T06:00:00Z	high	B082: AH 3.3.4 paraphrase: Church in Ephesus having John remaining permanently. John active in Asia directly stated. mode->strong_inference, wt 0.9->0.75.
clm-john-zebedee-active-galilee	cascade-audit-v2	approved	2026-03-17T06:00:00Z	high	B082: Mark 1.16-20 paraphrase: Jesus calls James and John from their boat at the Sea of Galilee. John active in Galilee directly stated. mode->strong_inference, wt 1.0->0.85.
clm-john-zebedee-active-jerusalem	cascade-audit-v2	approved	2026-03-18T02:31:18Z	high	Acts 1:13-14 (paraphrase): lists John among apostles gathered in Jerusalem upper room. Jerusalem and John explicitly named. Verified ESV. cert=attested.
clm-john-zebedee-bishop-ephesus	cascade-audit-v2	approved	2026-03-17T06:00:00Z	low	B082: HE 5.24.3 (Polycrates) + AH 3.3.4 both state John remaining/residing at Ephesus; bishop title absent in both texts. Both rows mode->weak_inference, wt->0.5.
clm-john-zebedee-in-arrest	cascade-audit-v2	approved	2026-03-17T06:00:00Z	low	B082: John 18.1-11 describes arrest; John not named until 18.15. Row downgraded to contextualizes, wt 0.6->0.2. Claim probable but needs better passage (John 18.15-16).
clm-john-zebedee-in-crucifixion	cascade-audit-v2	approved	2026-03-17	low	No evidence rows; claim derived from work-level analysis of john-son-of-zebedee. Low-confidence approval per audit plan Cat A.
clm-john-zebedee-in-last-supper	cascade-audit-v2	approved	2026-03-17T06:00:00Z	high	B082: Luke 22.8 within locator 22.7-23 names John explicitly ('he sent Peter and John'). Paraphrase excerpt omits John's name. mode->strong_inference, wt 0.9->0.85.
clm-john-zebedee-in-pentecost	cascade-audit-v2	approved	2026-03-17T06:00:00Z	high	B082: Acts 1.13 lists John by name among apostles in Jerusalem upper room. Paraphrase excerpt omits him. mode->strong_inference, wt 0.9->0.85.
clm-john-zebedee-member-ephesian	cascade-audit-v2	approved	2026-03-17T06:00:00Z	high	B082: AH 3.3.4 paraphrase: John remaining permanently at Ephesus. Ephesian membership implied. mode->strong_inference, wt 0.9->0.75.
clm-john-zebedee-member-jerusalem	cascade-audit-v2	approved	2026-03-17T06:00:00Z	high	B082: Acts 1.13 paraphrase: apostles in Jerusalem upper room; John listed by name in passage. mode->strong_inference, wt 1.0->0.85.
clm-johnb-group	cascade-audit-v2	approved	2026-03-17	medium	Luke 3:1-3 verified. John as group leader implied but not explicit. Josephus contextualizes. Downgraded assertion.
clm-joseph-arimathea-active-jerusalem	cascade-audit-v2	approved	2026-03-16T23:26:24Z	high	Superseded: active_in derivable from event/work claims (R8), narrow year range.
clm-joseph-arimathea-disciple	cascade-audit-v2	approved	2026-03-17	high	John 19:38 calls Joseph 'disciple of Jesus.' Direct. Cap for paraphrase.
clm-joseph-arimathea-disciple-area	cascade-audit-v2	approved	2026-03-17	medium	John 19:38-42 names Joseph. Judea inferred from Jerusalem context. Assertion downgraded.
clm-joseph-arimathea-in-burial	cascade-audit-v2	approved	2026-03-17	high	John 19:38-42: Joseph buries Jesus. Direct. Cap for paraphrase.
clm-jubilees-judgment	cascade-audit-v2	approved	2026-03-17	high	Jubilees 23:29-31 verified: eschatological judgment and restoration. Paraphrase accurate. Web verified at pseudepigrapha.com.
clm-judas-damascus-householder-active-damascus	cascade-audit-v2	approved	2026-03-17	high	Acts 9:11 explicit: 'house of Judas on Straight Street' in Damascus. Verified.
clm-judas-in-last-supper	cascade-audit-v2	approved	2026-03-17	high	John 13:2 names Judas. Luke 22:21 references betrayer without name in cited range. Both valid.
clm-judas-iscariot-active-galilee	cascade-audit-v2	approved	2026-03-17	low	Matt 10:1-4 names Judas but Galilee not in passage text. Inferred from narrative context. Downgraded.
clm-judas-iscariot-active-jerusalem	cascade-audit-v2	approved	2026-03-16T23:26:24Z	high	Superseded: active_in derivable from event/work claims (R8), narrow year range.
clm-judas-iscariot-disciple	cascade-audit-v2	approved	2026-03-17	high	Matt 10:1-4 lists Judas Iscariot among the Twelve. Explicit. Paraphrase cap applied.
clm-judas-iscariot-in-arrest	cascade-audit-v2	approved	2026-03-17	high	John 18:2-3 and Luke 22:47 both name Judas explicitly at arrest. Paraphrase cap applied.
clm-jude-by-jude	cascade-audit-v2	approved	2026-03-17	low	Jude 1:1 self-identifies as 'brother of James.' Psg-irenaeus-ah-3-1-1 contextualizes only (Gospels only, no Jude mention). Authorship widely disputed as pseudonymous.
clm-jude-judgment	cascade-audit-v2	approved	2026-03-17	high	Jude 14-15: 'the Lord comes...to execute judgment.' Explicit affirmation of coming judgment.
clm-julia-of-rome-active-rome	cascade-audit-v2	approved	2026-03-17	high	Rom 16:15: 'Julia' greeted in Rome. Explicit.
clm-julia-of-rome-roman-church	cascade-audit-v2	approved	2026-03-17	high	Rom 16:15: 'Julia...and all the saints with them.' Explicit church context.
clm-julius-active-caesarea	cascade-audit-v2	approved	2026-03-17	medium	Acts 27:1-3: Julius escorts Paul. Caesarea inferred as departure point.
clm-julius-active-rome	cascade-audit-v2	approved	2026-03-18T02:56:13Z	low	Contextualizes-only evidence: psg-acts-28-16-31. active_in julius->rome is historically defensible but lacks direct supports passage. cert=probable. Upgradeable with fresh primary passage.
clm-julius-active-sidon	cascade-audit-v2	approved	2026-03-17	high	Acts 27:3: 'we put in at Sidon. Julius treated Paul kindly.' Explicit.
clm-julius-africanus-active-alexandria	cascade-audit-v2	approved	2026-03-18T02:56:13Z	low	Contextualizes-only evidence: psg-eusebius-he-6-19. active_in julius-africanus->alexandria is historically defensible but lacks direct supports passage. cert=probable. Upgradeable with fresh primary passage.
clm-julius-africanus-active-emmaus	cascade-audit-v2	approved	2026-03-17	medium	HE 6.31 excerpt says Rome, not Emmaus. Emmaus known from other sources. Contextualizer only.
clm-julius-africanus-active-rome	cascade-audit-v2	approved	2026-03-17	high	HE 6.31: 'built a library at the Pantheon at Rome.' Verbatim, direct.
clm-junia-active-rome	cascade-audit-v2	approved	2026-03-17	high	Rom 16:7: 'Junia' greeted in Rome. Explicit.
clm-junia-roman-church	cascade-audit-v2	approved	2026-03-17	high	Rom 16:7: 'Junia...in Christ before [Paul].' Explicit church membership.
clm-justin-active-ephesus	cascade-audit-v2	approved	2026-03-17	high	Dial. 117 (verbatim): Justin explicitly set in Ephesus. HE 4.23 tangentially contextualizes.
clm-justin-active-rome	cascade-audit-v2	approved	2026-03-18T02:31:18Z	medium	1 Apol. 65-66 (verbatim): describes Roman liturgical practice. Rome not named in this excerpt but stated in the Apology's opening address ('Justin... residing at Rome'). cert=probable.
clm-justin-affirms-baptism-regen	cascade-audit-v2	approved	2026-03-17T03:55:00Z	high	1 Apol. 13 row deleted (wrong passage). 1 Apol. 61 row fixed: 'brought where there is water and regenerated' — baptismal regeneration direct. Role contextualizes->supports, mode->explicit, wt=1.0 retained.
clm-justin-affirms-fasting	cascade-audit-v2	approved	2026-03-16T23:26:24Z	high	Superseded: person_*_proposition covered by work_*_proposition (R2).
clm-justin-apol-affirms-apostolic-succession	cascade-audit-v2	approved	2026-03-17	low	No evidence rows; claim derived from work-level analysis of first-apology-of-justin. Low-confidence approval per audit plan Cat A.
clm-justin-apol-affirms-baptismal-anointing	cascade-audit-v2	approved	2026-03-17	low	No evidence rows; claim derived from work-level analysis of first-apology-of-justin. Low-confidence approval per audit plan Cat A.
clm-justin-apol-affirms-bodily-resurrection	cascade-audit-v2	approved	2026-03-17T03:55:00Z	medium	1 Apol. 13 paraphrase: 'existing again in incorruption through faith' implies bodily resurrection. Mode->strong_inference, wt 0.9->0.7.
clm-justin-apol-affirms-catechumenate	cascade-audit-v2	approved	2026-03-17	low	No evidence rows; claim derived from work-level analysis of first-apology-of-justin. Low-confidence approval per audit plan Cat A.
clm-justin-apol-affirms-episcopal-chair	cascade-audit-v2	approved	2026-03-17	low	Existing contextualizes evidence only; no direct supports passage found in first-apology-of-justin. Low-confidence approval per audit plan Cat A.
clm-justin-apol-affirms-eucharist-malachi	cascade-audit-v2	approved	2026-03-17T03:55:00Z	medium	1 Apol. 65-66: sacrifice/offering language for Eucharist implies Malachi's pure offering (Malachi explicitly cited in Dial.41, not 1 Apol.). Mode->strong_inference, wt 0.9->0.75.
clm-justin-apol-affirms-eucharist-sacrifice	cascade-audit-v2	approved	2026-03-17T03:55:00Z	high	1 Apol. 65-66: Eucharistic sacrifice language strongly implied. Mode->strong_inference, wt 0.9->0.8.
clm-justin-apol-affirms-incarnation	cascade-audit-v2	approved	2026-03-17T03:55:00Z	high	1 Apol. 21 paraphrase: 'the Word produced without sexual union became' flesh — incarnation directly implied. Mode->strong_inference, wt 0.9->0.8.
clm-justin-apol-affirms-logos	cascade-audit-v2	approved	2026-03-17T03:55:00Z	high	Three paraphrase evidence rows: 1 Apol. 21 (0.85), 46 (0.8), 5-6 (0.85). All three directly imply Logos as pre-existent divine reason/Son. Mode->strong_inference all three rows.
clm-justin-apol-affirms-rule-of-faith	cascade-audit-v2	approved	2026-03-17T03:55:00Z	low	1 Apol. 13 paraphrase: 'our Teacher is Jesus Christ' — rule of faith distantly inferred. Mode->weak_inference, wt 0.8->0.55.
clm-justin-apol-affirms-trinitarian-baptism	cascade-audit-v2	approved	2026-03-17T03:55:00Z	high	1 Apol. 61: Trinitarian baptismal formula (Father, Son, Holy Spirit) stated in full chapter; direct quote passage. mode=explicit, wt=1.0 correct.
clm-justin-apol-affirms-virgin-birth	cascade-audit-v2	approved	2026-03-17T03:55:00Z	high	1 Apol. 33 paraphrase: Isaiah/virgin birth foretold; Mary the virgin. Mode->strong_inference, wt 1.0->0.85.
clm-justin-baptism-water	cascade-audit-v2	approved	2026-03-17T03:55:00Z	high	1 Apol. 61: 'brought where there is water' — water baptism directly stated. Direct quote, mode=explicit, wt=1.0 correct.
clm-justin-eucharist-flesh	cascade-audit-v2	approved	2026-03-17T03:55:00Z	high	1 Apol. 65-66: 'food is the flesh and blood of Jesus' explicitly stated. Direct quote, mode=explicit, wt=1.0 correct.
clm-justin-eucharist-sunday	cascade-audit-v2	approved	2026-03-17T03:55:00Z	high	1 Apol. 67: 'On the day called Sunday all gather' — Sunday Eucharist directly stated. Direct quote, mode=explicit, wt=1.0 correct.
clm-justin-first-apology-written-rome	cascade-audit-v2	approved	2026-03-17T03:55:00Z	medium	1 Apol. 13 paraphrase: Rome not in ch.13; Rome established by opening address in ch.1. Mode->strong_inference, wt 0.8->0.6.
clm-justin-in-martyrdom	cascade-audit-v2	approved	2026-03-18T02:56:13Z	low	Contextualizes-only evidence: psg-justin-apol-13. participant_in justin-martyr->justin-martyrdom is historically defensible but lacks direct supports passage. cert=probable. Upgradeable with fresh primary passage.
clm-justin-martyrdom-at-rome	cascade-audit-v2	approved	2026-03-17	high	Repointed from 1 Apol 13 (MISLINK: doctrine) to HE 4.16 which records Justin's martyrdom in Rome. Tatian: 'Crescens who made his nest in the great city.' Web verified.
clm-justin-martyrdom-year	cascade-audit-v2	approved	2026-03-17	high	HE 4.16: 'Justin suffered martyrdom.' Weight scored 0.9. Primary Eusebian witness. Web verified.
clm-justin-member-roman-church	cascade-audit-v2	approved	2026-03-18T02:56:13Z	medium	Supports evidence present: psg-eusebius-he-4-23. Evidence reviewed. cert=probable.
clm-justin-teacher-of-tatian	cascade-audit-v2	approved	2026-03-18T02:56:13Z	low	Contextualizes-only evidence: psg-tatian-oration-4. teacher_of justin-martyr->tatian-the-assyrian is historically defensible but lacks direct supports passage. cert=probable. Upgradeable with fresh primary passage.
clm-last-supper-at-jerusalem	cascade-audit-v2	approved	2026-03-17	high	Luke 22:7-23: Last Supper in Jerusalem passion setting.
clm-last-supper-year	cascade-audit-v2	approved	2026-03-17	medium	Luke 22:7-23: Passover meal. Year 30 from passion timeline.
clm-laws-countries-affirms-free-will	cascade-audit-v2	approved	2026-03-17	high	Two passages directly argue for free will against astral determinism.
clm-laws-countries-by-bardaisan	cascade-audit-v2	approved	2026-03-17	high	From the work itself. Authorship attested by tradition.
clm-laws-countries-written-edessa	cascade-audit-v2	approved	2026-03-17	medium	Edessa inferred from Bardaisan's known base. Already strong_inference.
clm-lazarus-active-bethany	cascade-audit-v2	approved	2026-03-17	high	John 11:1: 'Lazarus of Bethany.' Explicit.
clm-lucius-cyrene-coworker-paul	cascade-audit-v2	approved	2026-03-17	medium	Acts 13:1 lists Lucius and Saul together. Coworker inferred. Assertion downgraded.
clm-lucius-i-bishop-rome	cascade-audit-v2	approved	2026-03-17	medium	LOCATOR ERROR: HE 7.3 = rebaptism. Lucius named in HE 7.2: 'Cornelius...was succeeded by Lucius.' Web verified against newadvent.org.
clm-lucius-i-coworker-cyprian	cascade-audit-v2	approved	2026-03-17	low	Approved with contextualizes evidence; well-established coworker_of fact
clm-lucius-i-member-roman-church	cascade-audit-v2	approved	2026-03-17	medium	HE 7.2 confirms Lucius as Roman bishop. Membership implied. Same locator issue. Web verified.
clm-lucius-of-cyrene-active-antioch	cascade-audit-v2	approved	2026-03-17	high	Acts 13:1 directly names Lucius at Antioch. Cap for paraphrase.
clm-lucius-of-cyrene-antioch-church	cascade-audit-v2	approved	2026-03-17	high	Acts 13:1 directly names Lucius in the Antioch church. Cap for paraphrase.
clm-luke-active-antioch	cascade-audit-v2	approved	2026-03-17	low	Approved with contextualizes evidence; well-established active_in fact
clm-luke-active-caesarea	cascade-audit-v2	approved	2026-03-17T15:30:00Z	medium	B101: 'We came to Caesarea' (Acts 21:8). Caesarea omitted from paraphrase. mode->strong_inference, wt 0.7->0.6.
clm-luke-active-philippi	cascade-audit-v2	approved	2026-03-17T15:30:00Z	medium	B101: We-passage 'We sailed from Philippi' (Acts 20:6). Luke inferred from 'we'. mode->strong_inference, wt 0.8->0.7.
clm-luke-active-rome	cascade-audit-v2	approved	2026-03-17T15:30:00Z	medium	B101: 'Only Luke is with me' (2Tim 4:11). Luke named. Rome inferred from imprisonment. mode->strong_inference, wt 1.0->0.75.
clm-luke-active-troas	cascade-audit-v2	approved	2026-03-17T15:30:00Z	medium	B101: 'Waiting for us at Troas' (Acts 20:5). Luke inferred from 'us'. Troas omitted from paraphrase. wt->0.6.
clm-luke-coworker-paul	cascade-audit-v2	approved	2026-03-17T15:30:00Z	high	B101: Phlm 24 'Luke, my fellow workers' — explicit. Near-verbatim paraphrase cap only. mode->strong_inference, wt 1.0->0.85.
clm-luke-coworker-silas	cascade-audit-v2	approved	2026-03-17T15:30:00Z	medium	B101: We-passage places Luke and Silas in same mission party. mode->strong_inference, wt 0.5->0.45.
clm-luke-coworker-timothy	cascade-audit-v2	approved	2026-03-17T15:30:00Z	medium	B101: Paul writes to Timothy about Luke. Indirect link. mode->strong_inference, wt 0.7->0.55.
clm-luke-member-antioch-church	cascade-audit-v2	approved	2026-03-17	low	Approved with contextualizes evidence; well-established member_of_group fact
clm-luke-member-disciples	cascade-audit-v2	approved	2026-03-17T15:30:00Z	medium	B101: Luke with Paul implies disciple/follower. mode->strong_inference, wt 0.8->0.65.
clm-luke-member-roman-church	cascade-audit-v2	approved	2026-03-17T15:30:00Z	medium	B101: Presence with Paul in Rome inferred. 'Member of Roman church' further inference. mode->strong_inference, wt 0.8->0.5.
clm-luke-repentance	cascade-audit-v2	approved	2026-03-17	high	Luke 24:46-47: risen Christ proclaims repentance. Direct support.
clm-luke-resurrection	cascade-audit-v2	approved	2026-03-17	high	Luke 24:5-7: 'on the third day rise.' Direct resurrection.
clm-lydia-active-philippi	cascade-audit-v2	approved	2026-03-17	high	Acts 16:11-15: Lydia named at Philippi. Direct. Cap for paraphrase.
clm-lydia-disciple	cascade-audit-v2	approved	2026-03-17	medium	Acts 16:11-15: Lydia baptized. Discipleship inferred. Assertion downgraded.
clm-lydia-philippian-church	cascade-audit-v2	approved	2026-03-17	medium	Acts 16:11-15: Lydia baptized at Philippi. Church membership inferred. Assertion downgraded.
clm-lyons-persecution-at-lyons	cascade-audit-v2	approved	2026-03-17	high	Repointed from AH 3.3.1 (MISLINK: apostolic succession) to HE 5.1 which explicitly names 'Vienne and Lyons, in Gaul.' Web verified.
clm-lyons-persecution-year	cascade-audit-v2	approved	2026-03-17	high	HE 5.1: 'servants of Christ residing at Vienne and Lyons, in Gaul.' Year 177 from Marcus Aurelius chronology. Weight scored 0.9. Web verified.
clm-manaen-active-antioch	cascade-audit-v2	approved	2026-03-17	high	Acts 13:1 directly names Manaen at Antioch. Cap for paraphrase.
clm-manaen-antioch-church	cascade-audit-v2	approved	2026-03-17	high	Acts 13:1 directly names Manaen in the Antioch church. Cap for paraphrase.
clm-manaen-coworker-paul	cascade-audit-v2	approved	2026-03-17	medium	Acts 13:1 lists Manaen and Saul together. Coworker inferred. Assertion downgraded.
clm-marcion-active-pontus	cascade-audit-v2	approved	2026-03-17	medium	AH 1.27.1-2 (verbatim): 'Marcion of Pontus.' Origin designation. Activity inferred from origin.
clm-marcion-active-rome	cascade-audit-v2	approved	2026-03-18T02:31:18Z	high	HE 4.11 (verbatim): 'Under Hyginus, bishop of Rome, Cerdo arrived.' Marcion follows Cerdo to Rome (HE 4.11.2). Eusebius explicitly places the events in Rome. Verified NPNF2. cert=probable could be upgraded.
clm-marcion-antitheses-by-marcion	cascade-audit-v2	approved	2026-03-17	high	AH 1.27.1-2: Marcion's system described. Authorship explicit in patristic witness.
clm-marcion-antitheses-opposes-ot-scripture	cascade-audit-v2	approved	2026-03-17	high	AH 1.27: 'blaspheming Him proclaimed as God by law and prophets.' Direct.
clm-marcion-antitheses-written-rome	cascade-audit-v2	approved	2026-03-17	medium	AH 1.27: Marcion succeeded Cerdo in Rome. Location inferred from succession context.
clm-marcion-excommunication-at-rome	cascade-audit-v2	approved	2026-03-17	high	HE 4.11: 'Marcion of Pontus came to Rome and advanced Cerdo's school.' Explicit. Web verified.
clm-marcion-excommunication-year	cascade-audit-v2	approved	2026-03-17	medium	Repointed from tertiary Wikipedia to HE 4.11. Year 144 inferred from Hyginus episcopate chronology. Web verified.
clm-marcion-gospel-by-marcion	cascade-audit-v2	approved	2026-03-17	high	AH 1.27.1-2: 'He mutilated the Gospel according to Luke.' Verbatim. Explicit. Web verified.
clm-marcion-gospel-opposes-incarnation	cascade-audit-v2	approved	2026-03-17	high	AH 1.27.2: 'not truly taking flesh.' Explicit docetism. Verbatim. Web verified.
clm-marcion-in-excommunication	cascade-audit-v2	approved	2026-03-18T02:56:13Z	low	Contextualizes-only evidence: psg-eusebius-he-4-11. participant_in marcion-of-sinope->marcion-excommunication is historically defensible but lacks direct supports passage. cert=probable. Upgradeable with fresh primary passage.
clm-marcion-member-roman-church	cascade-audit-v2	approved	2026-03-17	low	HE 4.11: 'came to Rome.' Membership inferred from presence + later excommunication implies prior membership.
clm-marcion-opposes-apostolic-succession	cascade-audit-v2	approved	2026-03-17	medium	AH 1.27.1-2 (verbatim): 'mutilated the Gospel' + 'abolished prophets and the law.' Succession inferred, not stated.
clm-marcion-opposes-passion	cascade-audit-v2	approved	2026-03-17	high	AH 1.27.1-2 (verbatim): 'not truly taking flesh.' Docetism = no real passion. Explicit.
clm-marcion-opposes-resurrection	cascade-audit-v2	approved	2026-03-17	medium	AH 1.27.1-2 (verbatim): 'not truly taking flesh' → no real death/resurrection. strong_inference from docetism.
clm-marcion-opposes-rule-of-faith	cascade-audit-v2	approved	2026-03-17	medium	AH 1.27.1-2 (verbatim): 'mutilated the Gospel according to Luke.' Strong rejection of received teaching.
clm-marcion-opposes-virgin-birth	cascade-audit-v2	approved	2026-03-17	high	AH 1.27.1-2 (verbatim): 'removing all... respecting the generation of the Lord' + 'not truly taking flesh.' Explicit.
clm-marcionites-at-alexandria	cascade-audit-v2	approved	2026-03-17	low	Approved with contextualizes evidence; well-established group_present_at fact
clm-marcionites-at-antioch	cascade-audit-v2	approved	2026-03-17	low	Approved with contextualizes evidence; well-established group_present_at fact
clm-marcionites-at-asia	cascade-audit-v2	approved	2026-03-17T16:30:00Z	low	B103: Wikipedia tertiary 'Asia Minor'. Verbatim. TERTIARY_ONLY_SUPPORT. wt->0.3.
clm-marcionites-at-carthage	cascade-audit-v2	approved	2026-03-17	low	Approved with contextualizes evidence; well-established group_present_at fact
clm-marcionites-at-egypt	cascade-audit-v2	approved	2026-03-17T16:30:00Z	low	B103: Wikipedia tertiary 'Egypt'. Verbatim. TERTIARY_ONLY_SUPPORT. wt->0.3.
clm-marcionites-at-ephesus	cascade-audit-v2	approved	2026-03-17	low	Approved with contextualizes evidence; well-established group_present_at fact
clm-marcionites-at-galatia	cascade-audit-v2	approved	2026-03-17	low	Approved with contextualizes evidence; well-established group_present_at fact
clm-marcionites-at-pontus	cascade-audit-v2	approved	2026-03-17T16:30:00Z	medium	B103: HE 4.11 'Marcion of Pontus' — origin attested, group presence inferred. mode->strong_inference, wt 0.7->0.5.
clm-marcionites-at-smyrna	cascade-audit-v2	approved	2026-03-17	low	Approved with contextualizes evidence; well-established group_present_at fact
clm-marcionites-present-rome	cascade-audit-v2	approved	2026-03-17T16:30:00Z	medium	B103: AH 3.4.3 'Marcion flourished under Anicetus' at Rome. Paraphrase cap. mode->strong_inference, wt 1.0->0.75.
clm-marcionites-schismed-from-roman	cascade-audit-v2	approved	2026-03-17T16:30:00Z	medium	B103: AH 1.27 doctrinal basis + AH 3.3.4 Roman context. Both paraphrase-capped. Combined evidence supports schism.
clm-mark-kingdom	cascade-audit-v2	approved	2026-03-17	high	Mark 1:15 'the kingdom of God is at hand.' Explicit. Verified.
clm-mark-repentance	cascade-audit-v2	approved	2026-03-17	high	Mark 1:15 'repent and believe in the gospel.' Explicit. Verified.
clm-mark-resurrection	cascade-audit-v2	approved	2026-03-17	high	Mark 16:6 'He has risen; he is not here.' Explicit. Verified.
clm-martha-active-bethany	cascade-audit-v2	approved	2026-03-17	high	John 11:1: 'Lazarus of Bethany, the village of Mary and her sister Martha.' Explicit.
clm-martha-active-jerusalem	cascade-audit-v2	approved	2026-03-17	medium	John 11:18: Bethany near Jerusalem (~2 miles). Jerusalem activity inferred from proximity.
clm-martha-coworker-mary-bethany	cascade-audit-v2	approved	2026-03-17	high	John 11:1: Martha and Mary named as Lazarus's sisters. Household coworkers.
clm-martyrdom-alban-at-britannia	cascade-audit-v2	approved	2026-03-17	medium	SOURCE MISLINK: Gildas De Excidio 10 assigned to src-rufinus-he. Gildas places martyrdom in Britain. Excerpt about Christianity reaching Britain, not Alban specifically. Web verified.
clm-martyrdom-alban-year	cascade-audit-v2	approved	2026-03-17	medium	SOURCE MISLINK (Gildas→Rufinus). Year 305 scholarly inference — Gildas gives no date. Certainty 'possible' appropriate. Web verified.
clm-martyrdom-polycarp-affirms-martyrdom-witness	cascade-audit-v2	approved	2026-03-17	high	Fixed: MartPol 9 ('How can I blaspheme my King') was wrongly contextualizes - this IS direct witness before authorities. Changed to supports. Duplicate passages flagged.
clm-martyrdom-polycarp-affirms-relic-honor	cascade-audit-v2	approved	2026-03-17	high	Verified: 'bones more precious than precious stones' directly supports relic honor. Duplicate passages flagged. Weights capped.
clm-martyrdom-polycarp-affirms-sacrifice	cascade-audit-v2	approved	2026-03-17	medium	Semantic stretch: 'cup of your Christ' + 'High Priest' is martyrdom-as-sacrifice language, not eucharistic sacrifice per se. Downgraded to strong_inference.
clm-martyrdom-polycarp-by-smyrna	cascade-audit-v2	approved	2026-03-17	high	Fixed: AH 3.1.1 was COMPLETE MISLINK (about Gospel authorship). Added fresh evidence from MartPol preamble which self-identifies the church of Smyrna as author.
clm-martyrdom-polycarp-written-smyrna	cascade-audit-v2	approved	2026-03-17	high	Fixed: MartPol 14 (prayer) downgraded to contextualizes for written-at claim. Added MartPol preamble as primary evidence.
clm-mary-magdalene-active-galilee	cascade-audit-v2	approved	2026-03-17	medium	Luke 8:1-3 verified: women inc. Mary Magdalene with Jesus. Galilee inferred from narrative context.
clm-mary-magdalene-active-jerusalem	cascade-audit-v2	approved	2026-03-16T23:26:24Z	high	Superseded: active_in derivable from event/work claims (R8), narrow year range.
clm-mary-magdalene-disciple	cascade-audit-v2	approved	2026-03-17	medium	Luke 8:1-3 describes women following Jesus. 'Disciple' inferred from traveling with him.
clm-mary-magdalene-in-crucifixion	cascade-audit-v2	approved	2026-03-17	medium	Mark 15:40-41 verbatim names Mary Magdalene at the cross. John 19:38-42 MISLINKED (burial). Mark passage is solid.
clm-mary-magdalene-in-resurrection	cascade-audit-v2	approved	2026-03-17	high	John 20:1-18 verified: Mary Magdalene at tomb, encounters risen Jesus. Paraphrase accurate.
clm-mary-mother-active-jerusalem	cascade-audit-v2	approved	2026-03-16T23:26:24Z	high	Superseded: active_in derivable from event/work claims (R8), narrow year range.
clm-mary-mother-disciple	cascade-audit-v2	approved	2026-03-17	medium	Acts 1:14 names Mary with the community. 'Member of disciples' is inference from association.
clm-mary-mother-in-crucifixion	cascade-audit-v2	approved	2026-03-18T02:56:13Z	low	Contextualizes-only evidence: psg-john-19-38-42. participant_in mary-mother-of-jesus->crucifixion-of-jesus is historically defensible but lacks direct supports passage. cert=probable. Upgradeable with fresh primary passage.
clm-mary-mother-in-pentecost	cascade-audit-v2	approved	2026-03-17	medium	Acts 1:13-14 = pre-Pentecost gathering. Mary named but not in Acts 2 itself. Strong inference for Pentecost presence.
clm-mary-of-rome-active-rome	cascade-audit-v2	approved	2026-03-17	high	Rom 16:6: 'Mary' who worked hard among Roman believers. Explicit.
clm-mary-of-rome-roman-church	cascade-audit-v2	approved	2026-03-17	high	Rom 16:6: 'Mary...worked very hard among...believers.' Explicit church membership.
clm-matthew-active-galilee	cascade-audit-v2	approved	2026-03-17	medium	Matt 10:2-4 names Matthew. Galilee inferred from narrative context. Assertion downgraded.
clm-matthew-active-jerusalem	cascade-audit-v2	approved	2026-03-16T23:26:24Z	high	Superseded: active_in derivable from event/work claims (R8), narrow year range.
clm-matthew-disciple	cascade-audit-v2	approved	2026-03-17	high	Matt 10:2-4 names Matthew among the Twelve. Direct. Cap for paraphrase.
clm-matthew-in-pentecost	cascade-audit-v2	approved	2026-03-17	medium	Acts 1:13-14 paraphrase general. Matthew inferred as one of the Twelve. Cap for omission.
clm-matthew-repentance	cascade-audit-v2	approved	2026-03-17	high	Matt 4:17: 'Repent, for the kingdom of heaven.' Direct.
clm-matthew-resurrection	cascade-audit-v2	approved	2026-03-17	high	Matt 28:5-7 is direct resurrection. Matt 28:19-20 demoted to contextualizes.
clm-maximilla-active-phrygia	cascade-audit-v2	approved	2026-03-17	medium	Phrygia is broader HE 5.16 context but not in excerpt. Assertion downgraded.
clm-maximilla-affirms-continuing-prophecy	cascade-audit-v2	approved	2026-03-17	high	Verbatim: 'I am word, spirit, and power.' Direct prophetic claim. Verified.
clm-maximilla-coworker-montanus	cascade-audit-v2	approved	2026-03-18T02:56:13Z	low	Contextualizes-only evidence: psg-eusebius-he-5-14-1-2. coworker_of maximilla->montanus is historically defensible but lacks direct supports passage. cert=attested. Upgradeable with fresh primary passage.
clm-maximilla-member-montanists	cascade-audit-v2	approved	2026-03-17	high	Verbatim excerpt pairs Maximilla with Montanus in prophetic movement. Verified.
clm-melito-affirms-ot-scripture	cascade-audit-v2	approved	2026-03-16T23:26:24Z	high	Superseded: person_*_proposition covered by work_*_proposition (R2).
clm-melito-affirms-passion	cascade-audit-v2	approved	2026-03-16T23:26:24Z	high	Superseded: person_*_proposition covered by work_*_proposition (R2).
clm-melito-bishop-sardis	cascade-audit-v2	approved	2026-03-17	low	MISLINK: Peri Pascha 96 is theological, not episcopal. HE 4.26 is correct source ('Melito, bishop of the parish in Sardis') but passage not in data. Evidence downgraded to contextualizes. Web verified.
clm-melito-member-sardis-church	cascade-audit-v2	approved	2026-03-17	low	MISLINK: HE 4.23 discusses Dionysius of Corinth, not Melito. HE 4.26 is correct. Evidence downgraded to contextualizes. Web verified.
clm-melito-pascha-affirms-eucharist	cascade-audit-v2	approved	2026-03-17	low	Existing contextualizes evidence only; no direct supports passage found in homily-on-the-passover. Low-confidence approval per audit plan Cat A.
clm-melito-pascha-affirms-incarnation	cascade-audit-v2	approved	2026-03-17T19:00:00Z	high	B108: 'He who formed man was born of a virgin.' Good incarnation match. Paraphrase cap. wt 1.0->0.85.
clm-melito-pascha-affirms-logos	cascade-audit-v2	approved	2026-03-17T19:00:00Z	high	B108: Pre-existent creator became incarnate. Pre-existence strongly implied. Paraphrase cap. wt 1.0->0.8.
clm-melito-pascha-affirms-martyrdom-witness	cascade-audit-v2	approved	2026-03-17	low	Existing contextualizes evidence only; no direct supports passage found in homily-on-the-passover. Low-confidence approval per audit plan Cat A.
clm-melito-pascha-affirms-ot-scripture	cascade-audit-v2	approved	2026-03-17T19:00:00Z	high	B108: Extensive OT typology (Abel/Isaac/Jacob/Joseph) presupposes OT authority. Good match. wt->0.7.
clm-melito-pascha-affirms-passion	cascade-audit-v2	approved	2026-03-17T19:00:00Z	high	B108: 'Crucified, hanged on tree, buried.' Passion directly stated. Good match. wt->0.8.
clm-melito-pascha-affirms-resurrection	cascade-audit-v2	approved	2026-03-17T19:00:00Z	medium	B108: 'Rose from the dead' = Christ's own resurrection. Claim is about general bodily resurrection at last day — inference only. wt->0.45.
clm-melito-pascha-affirms-virgin-birth	cascade-audit-v2	approved	2026-03-17	low	Existing contextualizes evidence only; no direct supports passage found in homily-on-the-passover. Low-confidence approval per audit plan Cat A.
clm-melito-pascha-written-sardis	cascade-audit-v2	approved	2026-03-17T19:00:00Z	medium	B108: Sardis not mentioned in passage. Location inferred from Melito's bishopric. wt 0.8->0.5.
clm-mnason-active-cyprus	cascade-audit-v2	approved	2026-03-17	high	Acts 21:16: 'Mnason of Cyprus.' Explicit.
clm-mnason-disciple	cascade-audit-v2	approved	2026-03-17	high	Acts 21:16: 'Mnason...an early disciple.' Explicit.
clm-montanists-at-antioch	cascade-audit-v2	approved	2026-03-17	low	HE 5.16 (paraphrase): Montanist spread noted but Antioch not named. Weak geographic link — strong inference only.
clm-montanists-at-asia	cascade-audit-v2	approved	2026-03-17	medium	HE 5.16 (paraphrase): 'prophesying in Phrygia.' Phrygia within Asia province. Strong inference for broader region.
clm-montanists-at-carthage	cascade-audit-v2	approved	2026-03-18T02:54:20Z	low	Tertullian's Montanist phase (c. 207+) attests Montanist presence at Carthage. Mislinked to AH 3.3.4 (Polycarp/Marcion). Approved low — needs Tertullian Montanist-period passage.
clm-montanists-at-phrygia	cascade-audit-v2	approved	2026-03-18T02:54:20Z	high	HE 5.16 (Montanus section): Eusebius records Montanus and the New Prophecy originating in Phrygia. Primary patristic attestation of Montanist Phrygian origin. Upgraded to supports.
clm-montanists-at-rome	cascade-audit-v2	approved	2026-03-18T02:54:20Z	medium	Hippolytus Ref. 9.11-12 discusses Montanist/Praxean influence at Rome under Zephyrinus and Callistus. Montanist presence in Rome attested. Upgraded to supports.
clm-montanists-schismed-from-ephesian	cascade-audit-v2	approved	2026-03-17	medium	HE 5.16 (paraphrase): Montanist prophesying in Phrygia. Schism from the broader Asian church establishment inferred, not explicit.
clm-montanus-active-phrygia	cascade-audit-v2	approved	2026-03-17	high	Verified: 'At this time in Phrygia, Montanus...' Explicit.
clm-montanus-affirms-continuing-prophecy	cascade-audit-v2	approved	2026-03-17	high	Verified: HE 5.14.1-2 explicitly describes Montanus's Paraclete claims and ecstatic prophecy.
clm-montanus-coworker-priscilla-montanist	cascade-audit-v2	approved	2026-03-17	medium	HE 5.16 excerpt doesn't include Priscilla mention (comes later in chapter). Passage notes confirm. Wikipedia evidence useless. Excerpt update recommended.
clm-montanus-member-montanists	cascade-audit-v2	approved	2026-03-17	high	Verified: Montanus as founder of the movement named after him. Explicit from context.
clm-montanus-opposes-apostolic-succession	cascade-audit-v2	approved	2026-03-17	high	Verified: 'prophesying contrary to the established custom of the Church' = opposing institutional authority. assertion_mode strong_inference is correct.
clm-nathanael-active-cana	cascade-audit-v2	approved	2026-03-17	medium	John 1:43-49 names Nathanael. Cana is from John 21:2, not this excerpt. Assertion downgraded.
clm-nathanael-disciple	cascade-audit-v2	approved	2026-03-17	high	John 1:43-49: Nathanael confesses Jesus. Direct discipleship. Cap for paraphrase.
clm-nativity-by-ephrem	cascade-audit-v2	approved	2026-03-17	high	Nativity 1 (paraphrase): self-attestation from the work. Capped per paraphrase.
clm-nativity-written-edessa	cascade-audit-v2	approved	2026-03-18T02:56:13Z	low	Contextualizes-only evidence: psg-ephrem-nativity-1. written_at hymns-on-nativity-ephrem->edessa is historically defensible but lacks direct supports passage. cert=probable. Upgradeable with fresh primary passage.
clm-nereus-of-rome-active-rome	cascade-audit-v2	approved	2026-03-17	high	Rom 16:15: 'Nereus' greeted in Rome. Explicit.
clm-nereus-of-rome-roman-church	cascade-audit-v2	approved	2026-03-17	high	Rom 16:15: 'Nereus...and all the saints with them.' Explicit church context.
clm-nero-active-rome	cascade-audit-v2	approved	2026-03-18T02:31:18Z	high	Tacitus Ann. 15.38-44 (paraphrase): Great Fire of Rome and Nero's persecution of Christians. Rome explicitly named. Nero as emperor in Rome is universally attested. Verified Annals text. cert=probable.
clm-nero-in-neronian-persecution	cascade-audit-v2	approved	2026-03-17	high	Tacitus Annals 15.44: Nero punished Christians. Explicit. 'Neronian persecution' is modern label. Verified.
clm-neronian-persecution-at-rome	cascade-audit-v2	approved	2026-03-17	high	Tacitus Annals 15.38-44: 'Nero substituted as culprits...whom the crowd styled Christians.' Explicit. Web verified.
clm-neronian-persecution-year	cascade-audit-v2	approved	2026-03-17	high	Repointed from Wikipedia to Tacitus Annals 15.38-44. Tacitus explicitly records Nero's persecution after the Great Fire (64 CE). Web verified.
clm-nicaea-occurs-at-nicaea	cascade-audit-v2	approved	2026-03-17	high	VC 3.6: 'Constantine convened the universal synod at Nicaea in Bithynia.' Explicit. Web verified.
clm-nicaea-year-325	cascade-audit-v2	approved	2026-03-17	high	VC 3.6: Year 325 well-attested and explicit. Web verified.
clm-nicodemus-active-jerusalem	cascade-audit-v2	approved	2026-03-16T23:26:24Z	high	Superseded: active_in derivable from event/work claims (R8), narrow year range.
clm-nicodemus-active-judea	cascade-audit-v2	approved	2026-03-17	medium	John 19:38-42 names Nicodemus in Jerusalem context. Judea inferred. Assertion downgraded.
clm-nicodemus-disciple	cascade-audit-v2	approved	2026-03-18T02:56:13Z	low	Contextualizes-only evidence: psg-john-18-1-11. member_of_group nicodemus->disciples-of-jesus is historically defensible but lacks direct supports passage. cert=probable. Upgradeable with fresh primary passage.
clm-nicodemus-in-burial	cascade-audit-v2	approved	2026-03-17	high	John 19:38-42: Nicodemus brings spices. Direct. Cap for paraphrase.
clm-nicolaitans-schismed-from-ephesian	cascade-audit-v2	approved	2026-03-17	low	Rev 2:6: 'hate the works.' Schism inferred from opposition; no formal split described.
clm-novatian-active-rome	cascade-audit-v2	approved	2026-03-18T02:31:18Z	high	HE 6.43 (paraphrase): Eusebius discusses Novatian's Roman schism and Cornelius's letter about him. Rome explicitly the setting. Verified NPNF2. cert=attested.
clm-novatian-in-decian	cascade-audit-v2	approved	2026-03-17	medium	Fixed: HE 6.43 excerpt describes ordination scandal, not the Decian persecution directly. HE 6.43.16 mentions Novatian's cowardice 'in the time of persecution' but this is not in the excerpt. Downgraded from explicit to strong_inference.
clm-novatian-in-novatian-schism	cascade-audit-v2	approved	2026-03-17	high	Verified: HE 6.20-43 paraphrase explicitly describes 'Novatian's ordination as rival bishop and condemnation by a Roman synod of sixty bishops.' Textbook schism evidence. Capped for paraphrase.
clm-novatian-member-novatianists	cascade-audit-v2	approved	2026-03-17	high	Verified: HE 6.43 describes Novatian as 'leader of the heresy of those who call themselves Cathari.' Founding member of the Novatianist movement. Explicit. Capped for paraphrase.
clm-novatian-member-roman-church	cascade-audit-v2	approved	2026-03-17	high	Verified: HE 6.43.1 identifies Novatian as 'a presbyter of the church at Rome.' Explicit group membership. Capped for paraphrase.
clm-novatian-person-opposes-penance	cascade-audit-v2	approved	2026-03-17	medium	Verified: HE 6.43.1 says Novatian held 'there was no longer for them a hope of salvation.' Paraphrase captures this as 'rigorist position.' strong_inference is correct. Weight capped for paraphrase.
clm-novatian-schism-at-rome	cascade-audit-v2	approved	2026-03-17	high	HE 6.43: 'Cornelius of Rome...Roman synod of sixty bishops.' Rome explicit. Web verified.
clm-novatian-schism-year	cascade-audit-v2	approved	2026-03-17	high	HE 6.43: Cornelius's letter on Novatian's ordination as rival bishop. Year 251 from Decian context. Web verified.
clm-novatianists-at-alexandria	cascade-audit-v2	approved	2026-03-18T02:54:20Z	low	Novatianist presence in Alexandria attested by Socrates HE and correspondence of Dionysius of Alexandria. HE 6.43 is about Rome not Alexandria. Approved low — needs Socrates HE passage.
clm-novatianists-at-antioch	cascade-audit-v2	approved	2026-03-17	low	HE 6.20/6.43 describes Rome events. No Antioch mention. Historically attested but not by this passage.
clm-novatianists-at-asia	cascade-audit-v2	approved	2026-03-17	low	Wikipedia tertiary: 'Asia Minor' explicit. Needs primary source upgrade (Socrates HE or Council of Nicaea canon 8).
clm-novatianists-at-carthage	cascade-audit-v2	approved	2026-03-17	low	HE 6.20/6.43 describes Rome schism, no Carthage mention. Historically attested via Cyprian's letters. Low confidence.
clm-novatianists-at-ephesus	cascade-audit-v2	approved	2026-03-17	low	Wikipedia tertiary: 'Ephesus' explicit. Needs primary source upgrade.
clm-novatianists-at-galatia	cascade-audit-v2	approved	2026-03-17	low	Wikipedia tertiary: 'Galatia' explicit. Needs primary source upgrade.
clm-novatianists-at-pontus	cascade-audit-v2	approved	2026-03-17	low	Wikipedia tertiary: 'Pontus' explicit. Needs primary source upgrade.
clm-novatianists-at-rome	cascade-audit-v2	approved	2026-03-17	medium	HE 6.20/6.43: 'Roman synod of sixty bishops' — Rome explicit. Paraphrase-capped.
clm-novatianists-schismed-from-carthage-church	cascade-audit-v2	approved	2026-03-17	low	HE 6.43 describes Roman schism; De Unit. 6 contextualizes. Carthage schism inferred, not directly attested by these passages.
clm-novatianists-schismed-from-roman-church	cascade-audit-v2	approved	2026-03-17	medium	HE 6.43: Cornelius describes Novatian's irregular ordination and seizure of Roman bishopric. Direct schism evidence. Paraphrase-capped.
clm-nympha-active-laodicea	cascade-audit-v2	approved	2026-03-17	high	Col 4:15: 'brothers at Laodicea, and to Nympha.' Explicit.
clm-nympha-laodicean-church	cascade-audit-v2	approved	2026-03-17	high	Col 4:15: 'Nympha and the church in her house.' Explicit Laodicean membership.
clm-nympha-member-colossian	cascade-audit-v2	approved	2026-03-17	low	Col 4:15 places Nympha in Laodicea. Colossian membership is weak inference; separate community.
clm-olympas-active-rome	cascade-audit-v2	approved	2026-03-17	high	Rom 16:15: 'Olympas' greeted in Rome. Explicit. Web verified.
clm-olympas-roman-church	cascade-audit-v2	approved	2026-03-17	high	Rom 16:15: 'Olympas...and all the saints with them.' Explicit church context. Web verified.
clm-onesimus-active-colossae	cascade-audit-v2	approved	2026-03-17	high	Col 4:9 'who is one of you.' Explicit Colossae. Verified.
clm-onesimus-colossian-church	cascade-audit-v2	approved	2026-03-17	high	Col 4:9 'one of you' = Colossian church member. Verified.
clm-onesimus-coworker-tychicus	cascade-audit-v2	approved	2026-03-17	medium	Col 4:7-9 sends Tychicus with Onesimus. Coworker inferred from co-travel.
clm-onesimus-disciple	cascade-audit-v2	approved	2026-03-17	medium	Col 4:9 'faithful and beloved brother' = Christian. 'Disciple' label inferred.
clm-onesiphorus-active-ephesus	cascade-audit-v2	approved	2026-03-17	high	Fixed: Added fresh evidence from 2 Tim 1:18 which explicitly names Ephesus. Old evidence (2 Tim 4:19) downgraded - no Ephesus in that verse.
clm-onesiphorus-active-rome	cascade-audit-v2	approved	2026-03-17	high	Verified: 2 Tim 1:17 explicitly states Onesiphorus arrived in Rome. Passage excerpt updated to include Ephesus from v18.
clm-onesiphorus-member-ephesian	cascade-audit-v2	approved	2026-03-17	medium	Fixed: Added fresh evidence from 2 Tim 1:18 (Ephesus). Membership inferred from service at Ephesus.
clm-onesiphorus-member-roman	cascade-audit-v2	approved	2026-03-17	low	Weak: Visiting Paul in Roman prison does not establish Roman church membership. assertion_mode fixed to weak_inference.
clm-onprayer-affirms-allegorical	cascade-audit-v2	approved	2026-03-17T14:00:00Z	medium	B098: Daily-bread-as-Word exegesis IS allegorical. Locator mismatch (Ch.27=forgiveness, content from ~Ch.25-26). mode->strong_inference, wt 0.8->0.6.
clm-onprayer-affirms-eternal-generation	cascade-audit-v2	approved	2026-03-17	low	Existing contextualizes evidence only; no direct supports passage found in on-prayer-origen. Low-confidence approval per audit plan Cat A.
clm-onprayer-affirms-free-will	cascade-audit-v2	approved	2026-03-17T14:00:00Z	medium	B098: De Orat. 3-6 extensively treats free will. Paraphrase mislocated (Trinitarian not free-will) but locator in right neighborhood. mode->strong_inference, wt 0.8->0.6.
clm-onprayer-affirms-incarnation	cascade-audit-v2	approved	2026-03-17	low	Existing contextualizes evidence only; no direct supports passage found in on-prayer-origen. Low-confidence approval per audit plan Cat A.
clm-onprayer-affirms-judgment	cascade-audit-v2	approved	2026-03-17	low	Existing contextualizes evidence only; no direct supports passage found in on-prayer-origen. Low-confidence approval per audit plan Cat A.
clm-onprayer-affirms-logos	cascade-audit-v2	approved	2026-03-17	low	Existing contextualizes evidence only; no direct supports passage found in on-prayer-origen. Low-confidence approval per audit plan Cat A.
clm-onprayer-affirms-ot	cascade-audit-v2	approved	2026-03-17	low	Existing contextualizes evidence only; no direct supports passage found in on-prayer-origen. Low-confidence approval per audit plan Cat A.
clm-onprayer-affirms-prayer	cascade-audit-v2	approved	2026-03-17T14:00:00Z	medium	B098: Continual prayer IS in the work. Both evidence rows have mislocated paraphrases but Ch.5 actual content IS about prayer. Weights downgraded.
clm-onprayer-affirms-rule-of-faith	cascade-audit-v2	approved	2026-03-17	low	Existing contextualizes evidence only; no direct supports passage found in on-prayer-origen. Low-confidence approval per audit plan Cat A.
clm-onprayer-affirms-trinity	cascade-audit-v2	approved	2026-03-17T14:00:00Z	medium	B098: Trinitarian prayer IS central theme (~Ch.15-16). Paraphrase mislocated from De Orat. 5. mode->strong_inference, wt 1.0->0.6.
clm-onprayer-by-origen	cascade-audit-v2	approved	2026-03-17T14:00:00Z	medium	B098: Authorship self-evident from work itself. Paraphrase cap applied; mode->strong_inference, wt 1.0->0.9.
clm-onprayer-written-at-caesarea	cascade-audit-v2	approved	2026-03-17T14:00:00Z	medium	B098: HE 6.19 establishes Caesarean period but doesn't name On Prayer specifically. mode->strong_inference, wt 0.7->0.6.
clm-oration-greeks-affirms-bodily-resurrection	cascade-audit-v2	approved	2026-03-17	high	Oration 15 (verbatim): 'the body will rise again.' Explicit bodily resurrection defense.
clm-oration-greeks-affirms-incarnation	cascade-audit-v2	approved	2026-03-17	high	Oration 4 (verbatim): 'God was born in the form of man.' Explicit incarnation defense.
clm-oration-greeks-affirms-logos	cascade-audit-v2	approved	2026-03-17	medium	Oration 6 (verbatim): God as Spirit/Creator. Logos theology background, but Logos not explicitly named in excerpt.
clm-oration-greeks-affirms-ot-scripture	cascade-audit-v2	approved	2026-03-18T02:48:22Z	medium	Oration 6: Tatian affirms God as Spirit/Creator using OT-derived theology. OT authority assumed throughout the Oration. Upgraded to supports (OT treated as authoritative).
clm-oration-greeks-by-tatian	cascade-audit-v2	approved	2026-03-17	high	Oration 4 (verbatim): Tatian's voice ('men of Greece'). Universally attributed.
clm-oration-greeks-written-rome	cascade-audit-v2	approved	2026-03-18T02:56:13Z	low	Contextualizes-only evidence: psg-tatian-oration-6. written_at oration-to-the-greeks->rome is historically defensible but lacks direct supports passage. cert=probable. Upgradeable with fresh primary passage.
clm-origen-active-alexandria	cascade-audit-v2	approved	2026-03-18T02:31:18Z	medium	HE 5.10.1-2 (verbatim): 'Pantaenus was put in charge of the catechetical school at Alexandria.' Passage is about Pantaenus's Alexandrian school; Origen's succession there (HE 6.3) is the actual link. Evidence is indirect but Origen's Alexandria period is universally attested. cert=attested.
clm-origen-active-antioch	cascade-audit-v2	approved	2026-03-17T10:00:00Z	medium	B090: HE 6.19 paraphrase; Julia Mamaea visit to Antioch. mode->strong_inference, wt 0.5->0.45. Garbage note replaced.
clm-origen-active-caesarea	cascade-audit-v2	approved	2026-03-18T02:39:00Z	high	Mislink fixed: psg-eusebius-he-6-6 → psg-eusebius-he-6-26-27. New passage explicitly supports claim. Web-verified.
clm-origen-active-tyre	cascade-audit-v2	approved	2026-03-17T10:00:00Z	medium	B090: HE 6.19 paraphrase; Origen died at Tyre. mode->strong_inference, wt 0.5->0.45. Garbage note replaced.
clm-origen-coworker-ambrose	cascade-audit-v2	approved	2026-03-18T02:56:13Z	low	Contextualizes-only evidence: psg-eusebius-he-6-19. coworker_of ambrose-of-alexandria->origen-of-alexandria is historically defensible but lacks direct supports passage. cert=attested. Upgradeable with fresh primary passage.
clm-origen-coworker-firmilian	cascade-audit-v2	approved	2026-03-18T02:56:13Z	low	Contextualizes-only evidence: psg-eusebius-he-6-19. coworker_of firmilian-of-caesarea->origen-of-alexandria is historically defensible but lacks direct supports passage. cert=probable. Upgradeable with fresh primary passage.
clm-origen-develops-allegorical	cascade-audit-v2	approved	2026-03-17T10:00:00Z	medium	B090: De Princ. Preface; allegorical method applied throughout work but not named in excerpt. mode->strong_inference, wt->0.75.
clm-origen-member-alexandrian-church	cascade-audit-v2	approved	2026-03-17T10:00:00Z	high	B090: HE 5.10.1-2 direct quote establishing Alexandrian school succession. Kept explicit/0.8.
clm-origen-member-caesarean	cascade-audit-v2	approved	2026-03-17T10:00:00Z	high	B090: HE 6.19 paraphrase; relocation and ordination in Caesarea. mode->strong_inference, wt 0.9->0.8.
clm-origen-mentions-britannia	cascade-audit-v2	approved	2026-03-17T08:30:00Z	medium	B087: Hom. Ezek. 4.1 paraphrase: Britons named — Britannia directly referenced. mode->strong_inference, wt 0.7->0.6.
clm-origen-originated-alexandria	cascade-audit-v2	approved	2026-03-17T10:00:00Z	medium	B090: De Princ. Preface; already strong_inference. wt (unscored)->0.5.
clm-origen-participant-expulsion	cascade-audit-v2	approved	2026-03-17T10:00:00Z	high	B090: HE 6.19 paraphrase; Demetrius's jealousy and expulsion. mode->strong_inference, wt 0.9->0.8.
clm-origen-participant-synod-bostra	cascade-audit-v2	approved	2026-03-17T10:00:00Z	high	B090: HE 6.19 paraphrase; Origen invited to Bostra to correct Beryllus. mode->strong_inference, wt 0.9->0.8.
clm-origen-participant-torture-decius	cascade-audit-v2	approved	2026-03-17T10:00:00Z	medium	B090: HE 6.19 paraphrase; suffering under Decius. mode->strong_inference, wt 0.6->0.55.
clm-origen-teacher-of-dionysius	cascade-audit-v2	approved	2026-03-17T10:00:00Z	medium	B090: HE 6.3 paraphrase; Dionysius as student. mode->strong_inference, wt 0.7->0.65.
clm-origen-teacher-of-firmilian	cascade-audit-v2	approved	2026-03-17T10:00:00Z	medium	B090: HE 6.19 paraphrase; Firmilian traveled to Origen. mode->strong_inference, wt 0.7->0.6.
clm-origen-teacher-of-gregory	cascade-audit-v2	approved	2026-03-17T10:00:00Z	high	B090: Address 6 paraphrase; Gregory describes Origen's teaching directly. mode->strong_inference, wt 1.0->0.9.
clm-origen-teacher-of-heraclas	cascade-audit-v2	approved	2026-03-17T10:00:00Z	high	B090: HE 6.3 paraphrase; Heraclas as student and assistant. mode->strong_inference, wt 0.9->0.8.
clm-origen-teacher-of-julius-africanus	cascade-audit-v2	approved	2026-03-17T10:00:00Z	medium	B090: HE 6.19 paraphrase; Julius Africanus sought Origen. mode->strong_inference, wt 0.5->0.45. Garbage note replaced.
clm-paed-affirms-anointing	cascade-audit-v2	approved	2026-03-17	low	Existing contextualizes evidence only; no direct supports passage found in paedagogus. Low-confidence approval per audit plan Cat A.
clm-paed-affirms-baptism-illumination	cascade-audit-v2	approved	2026-03-17T17:00:00Z	high	B104: 'Being baptized, we are illuminated' — explicit verbatim. Perfect match. wt 1.0 confirmed.
clm-paed-affirms-baptism-regeneration	cascade-audit-v2	approved	2026-03-17T17:00:00Z	high	B104: 'we become sons; being made sons, we are perfected' — explicit verbatim. Sonship = regeneration. wt 1.0 confirmed.
clm-paed-affirms-catechumenate	cascade-audit-v2	approved	2026-03-17	low	Existing contextualizes evidence only; no direct supports passage found in paedagogus. Low-confidence approval per audit plan Cat A.
clm-paed-affirms-eucharist-body-blood	cascade-audit-v2	approved	2026-03-17T17:00:00Z	medium	B104: Clement's eucharistic language is allegorical/spiritual. 'Mixture of water and Word' ≠ strong realism. mode->strong_inference, wt 0.8->0.65.
clm-paed-affirms-fasting-required	cascade-audit-v2	approved	2026-03-17T17:00:00Z	medium	B104: PARAPHRASE says 'voluntary fasting' — tension with 'required'. Clement moderate. Paraphrase cap + semantic tension. wt 1.0->0.65.
clm-paed-affirms-incarnation	cascade-audit-v2	approved	2026-03-17	low	Existing contextualizes evidence only; no direct supports passage found in paedagogus. Low-confidence approval per audit plan Cat A.
clm-paed-affirms-spectacles-avoided	cascade-audit-v2	approved	2026-03-17T17:00:00Z	high	B104: 'Let spectacles and plays be fled from' — explicit verbatim. Perfect match. wt 1.0 confirmed.
clm-paed-affirms-virginity-honored	cascade-audit-v2	approved	2026-03-17T17:00:00Z	medium	B104: PARAPHRASE. 'Continence as higher calling' supports claim. Paraphrase cap. wt 1.0->0.75.
clm-paedagogus-by-clement	cascade-audit-v2	approved	2026-03-17T17:00:00Z	high	B104: Authorship universally accepted. Passage attests work's existence. mode strong_inference (no self-ID). wt->0.85.
clm-paedagogus-written-at-alexandria	cascade-audit-v2	approved	2026-03-17T17:00:00Z	medium	B104: Alexandria inferred from Clement's Catechetical School association. Passage doesn't name location. wt->0.6.
clm-pantaenus-active-alexandria	cascade-audit-v2	approved	2026-03-17	high	HE 5.10.1-2 (verbatim): 'put in charge of the catechetical school at Alexandria.' Explicit.
clm-pantaenus-active-india	cascade-audit-v2	approved	2026-03-18T02:31:18Z	medium	HE 5.10.3-4 (paraphrase): 'Pantaenus is said to have gone to India where he found persons who knew of Christ.' Eusebius uses hedging language ('is said to have'). cert=possible appropriate for tradition-based claim.
clm-pantaenus-member-alexandria-church	cascade-audit-v2	approved	2026-03-17	high	HE 5.10.1-2 (verbatim): Pantaenus at Alexandrian school. Mislinked HE 3.36 downgraded.
clm-pantaenus-mission-at-india	cascade-audit-v2	approved	2026-03-17	high	HE 5.10.3-4 verified: Pantaenus 'said to have gone to India' with Bartholomew tradition. Paraphrase accurate. Certainty 'possible' appropriate (identity of 'India' debated). Web verified.
clm-pantaenus-mission-year	cascade-audit-v2	approved	2026-03-17	high	HE 5.10.1-2 verified: verbatim excerpt accurate. Year c. 180 from Commodus context. Web verified.
clm-pantaenus-participant-india-mission	cascade-audit-v2	approved	2026-03-17	medium	HE 5.10.3-4 (paraphrase): 'Pantaenus is said to have gone to India.' Capped for certainty tension.
clm-pantaenus-teacher-of-clement	cascade-audit-v2	approved	2026-03-17	high	HE 5.10.1-2 (verbatim): 'Clement names him as his instructor.' Explicit.
clm-papias-bishop-hierapolis	cascade-audit-v2	approved	2026-03-17	high	HE 3.39: 'Papias, an ancient man who was a hearer of John and a companion of Polycarp.' Irenaeus also confirms. Also HE 3.36: 'Papias, bishop of the parish of Hierapolis.' Web verified.
clm-papias-coworker-polycarp	cascade-audit-v2	approved	2026-03-17	high	HE 3.39 via Irenaeus: 'companion of Polycarp.' Explicit. Web verified.
clm-papias-fragments-by-papias	cascade-audit-v2	approved	2026-03-17	high	Verified: HE 3.39.3-4 preserves Papias's own words. Attribution explicit from Eusebian context.
clm-papias-fragments-written-hierapolis	cascade-audit-v2	approved	2026-03-17	high	Fixed: Old evidence (papias-frag-1 HE 3.39.3-4) doesn't mention Hierapolis. Added fresh evidence from psg-eusebius-he-3-39-1-4 which explicitly identifies Papias as bishop of Hierapolis.
clm-papias-frags-affirms-apostolic-succession	cascade-audit-v2	approved	2026-03-17	medium	Papias values elder tradition chain (supports succession concept) but formal apostolic succession is inference. Frag-2 (Matthew logia) downgraded to contextualizes - about authorship not succession.
clm-papias-frags-affirms-bodily-resurrection	cascade-audit-v2	approved	2026-03-17	medium	AH 5.33.3-4 cites Papias for millenarian vision (abundant vines). Implies bodily kingdom = bodily resurrection. Indirect testimonium.
clm-papias-frags-affirms-rule-of-faith	cascade-audit-v2	approved	2026-03-17	high	Verified: HE 3.39.3-4 Papias explicitly values received oral tradition from apostolic elders = rule of faith concept.
clm-paradise-by-ephrem	cascade-audit-v2	approved	2026-03-17	high	Paradise 1 (paraphrase): Authorship self-evident from source.
clm-paradise-written-edessa	cascade-audit-v2	approved	2026-03-17	medium	Paradise 1 (paraphrase): Edessa not named. Location inferred from Ephrem's known activity post-363.
clm-patrobas-active-rome	cascade-audit-v2	approved	2026-03-17	high	Rom 16:14: 'Patrobas' greeted in Rome. Explicit. Web verified.
clm-patrobas-roman-church	cascade-audit-v2	approved	2026-03-17	high	Rom 16:14: 'Patrobas...and the brothers with them.' Explicit church context. Web verified.
clm-paul-active-antioch	cascade-audit-v2	approved	2026-03-16T23:34:49Z	high	Acts 11:25-26 explicitly places Saul/Paul in Antioch for a whole year. Paraphrase verified against WEB text.
clm-paul-active-appii-forum	cascade-audit-v2	approved	2026-03-16T23:42:56Z	high	Acts 28:15 explicitly: 'came to meet us as far as The Market of Appius.' Paul named. Verified.
clm-paul-active-assos	cascade-audit-v2	approved	2026-03-16T23:34:49Z	medium	Acts 20:13-14 explicitly: Paul met them at Assos. Brief transit stop. Paraphrase verified.
clm-paul-active-athens	cascade-audit-v2	approved	2026-03-16T23:34:49Z	high	Acts 17:16 explicitly places Paul in Athens. Paraphrase verified.
clm-paul-active-berea	cascade-audit-v2	approved	2026-03-16T23:34:49Z	high	Acts 17:10 explicitly places Paul in Berea. Paraphrase verified.
clm-paul-active-chios	cascade-audit-v2	approved	2026-03-16T23:34:49Z	medium	Acts 20:15 says 'opposite Chios' — sailing past, not stopping. Downgraded to context/weak_inference. wt=0.4.
clm-paul-active-corinth	cascade-audit-v2	approved	2026-03-16T23:34:49Z	high	Acts 18:1 explicitly places Paul in Corinth. Paraphrase verified.
clm-paul-active-crete	cascade-audit-v2	approved	2026-03-16T23:42:56Z	medium	Titus 1:5 'I left you in Crete.' Depends on Pauline authorship of Titus (disputed); cert=probable appropriate.
clm-paul-active-cyprus	cascade-audit-v2	approved	2026-03-16T23:34:49Z	high	Acts 13:4 explicitly: 'they sailed to Cyprus.' Paraphrase verified.
clm-paul-active-damascus	cascade-audit-v2	approved	2026-03-16T23:26:24Z	high	Superseded: active_in derivable from event/work claims (R8), narrow year range.
clm-paul-active-derbe	cascade-audit-v2	approved	2026-03-16T23:34:49Z	high	Acts 16:1 explicitly: 'He came to Derbe and Lystra.' Paraphrase omitted Derbe; excerpt_override added.
clm-paul-active-ephesus	cascade-audit-v2	approved	2026-03-18T02:31:18Z	high	Acts 19:1-10 (paraphrase): 'Paul teaches in Ephesus.' Ephesus explicitly named, Paul's extended ministry there. Verified ESV. cert=attested.
clm-paul-active-fair-havens	cascade-audit-v2	approved	2026-03-16T23:42:56Z	high	Acts 27:8 explicitly: 'came to Fair Havens.' Paul named in v3. Verified.
clm-paul-active-galatia	cascade-audit-v2	approved	2026-03-16T23:34:49Z	high	Gal 1:2 directly addresses 'the churches of Galatia.' Removed irrelevant Acts 9:26-28 contextualizes.
clm-paul-active-galilee-area	cascade-audit-v2	approved	2026-03-16T23:34:49Z	high	Rejected: sole evidence Acts 9:26-28 is about Jerusalem, not Galilee. No legitimate evidence for Paul in Galilee.
clm-paul-active-jerusalem	cascade-audit-v2	approved	2026-03-18T02:31:18Z	high	Acts 15:1-29 (wt=0.9) + Acts 9:26-28 (wt=0.8): Paul at Jerusalem council and Barnabas bringing Saul to apostles in Jerusalem. Both passages explicitly name Jerusalem. Double attestation. Verified ESV. cert=attested.
clm-paul-active-judea	cascade-audit-v2	approved	2026-03-16T23:34:49Z	medium	Acts 21:16 places Paul traveling through Judea. support_aspect=place is appropriate.
clm-paul-active-lystra	cascade-audit-v2	approved	2026-03-16T23:34:49Z	high	Acts 16:1-3 explicitly: 'He came to Derbe and Lystra.' Paraphrase verified.
clm-paul-active-malta	cascade-audit-v2	approved	2026-03-16T23:42:56Z	high	Acts 28:1-3 explicitly: Malta named, Paul named. Three-month stay. Verified.
clm-paul-active-miletus	cascade-audit-v2	approved	2026-03-16T23:34:49Z	high	Acts 20:15-17 explicitly: 'came to Miletus' where Paul summoned Ephesian elders. Paraphrase verified.
clm-paul-active-mitylene	cascade-audit-v2	approved	2026-03-16T23:34:49Z	medium	Acts 20:14 explicitly: 'came to Mitylene.' Brief transit stop. Paraphrase verified.
clm-paul-active-myra	cascade-audit-v2	approved	2026-03-16T23:42:56Z	high	Acts 27:5 explicitly: 'we came to Myra, a city of Lycia.' Verified.
clm-paul-active-nicopolis	cascade-audit-v2	approved	2026-03-16T23:42:56Z	medium	Titus 3:12 'come to me at Nicopolis.' Depends on Pauline authorship of Titus; cert=probable appropriate.
clm-paul-active-paphos	cascade-audit-v2	approved	2026-03-16T23:34:49Z	high	Acts 13:6 explicitly: 'gone through the island to Paphos.' Paraphrase verified.
clm-paul-active-philippi	cascade-audit-v2	approved	2026-03-16T23:34:49Z	high	Acts 16:12 explicitly: 'from there to Philippi.' Paul named in v14. Paraphrase verified.
clm-paul-active-puteoli	cascade-audit-v2	approved	2026-03-16T23:42:56Z	high	Acts 28:13 explicitly: 'we came to Puteoli.' Verified.
clm-paul-active-rhegium	cascade-audit-v2	approved	2026-03-16T23:42:56Z	high	Acts 28:13 explicitly: 'arrived at Rhegium.' Verified.
clm-paul-active-rome	cascade-audit-v2	approved	2026-03-16T23:26:24Z	high	Superseded: active_in derivable from event/work claims (R8), narrow year range.
clm-paul-active-salamis	cascade-audit-v2	approved	2026-03-16T23:34:49Z	high	Acts 13:5 explicitly: 'When they were at Salamis.' Paraphrase verified.
clm-paul-active-samos	cascade-audit-v2	approved	2026-03-16T23:34:49Z	medium	Acts 20:15 explicitly: 'touched at Samos.' Brief transit stop. Paraphrase verified.
clm-paul-active-sidon	cascade-audit-v2	approved	2026-03-16T23:42:56Z	high	Acts 27:3 explicitly: 'we touched at Sidon. Julius treated Paul kindly.' Verified.
clm-paul-active-syracuse	cascade-audit-v2	approved	2026-03-16T23:42:56Z	high	Acts 28:12 explicitly: 'Touching at Syracuse, we stayed there three days.' Verified.
clm-paul-active-thessalonica	cascade-audit-v2	approved	2026-03-16T23:34:49Z	high	Acts 17:1 explicitly places Paul in Thessalonica. Paraphrase verified.
clm-paul-active-three-taverns	cascade-audit-v2	approved	2026-03-16T23:42:56Z	high	Acts 28:15 explicitly: 'The Three Taverns.' Paul named. Verified.
clm-paul-active-troas	cascade-audit-v2	approved	2026-03-16T23:34:49Z	high	Acts 20:6 explicitly: Paul stays in Troas for seven days. Paraphrase verified.
clm-paul-active-tyre	cascade-audit-v2	approved	2026-03-16T23:42:56Z	high	Acts 21:3-8 explicitly places Paul at Tyre. Paraphrase verified.
clm-paul-coworker-barnabas-jerusalem	cascade-audit-v2	approved	2026-03-17	medium	Acts 11:25-26 shows Barnabas and Saul teaching together in Antioch; genuine coworker evidence
clm-paul-coworker-carpus	cascade-audit-v2	approved	2026-03-17	medium	2 Tim 4:13: custodial association. Coworker inferred.
clm-paul-coworker-crescens	cascade-audit-v2	approved	2026-03-17	medium	2 Tim 4:10: dispatched by Paul. Coworker inferred.
clm-paul-coworker-gaius	cascade-audit-v2	approved	2026-03-17	medium	Acts 20:4 lists Gaius as companion. Coworker reasonable. Paraphrase omits Gaius.
clm-paul-coworker-jason	cascade-audit-v2	approved	2026-03-17	medium	Acts 17:5-9: Jason hosts Paul's mission. Coworker inferred from context. Assertion downgraded.
clm-paul-coworker-onesiphorus	cascade-audit-v2	approved	2026-03-17	medium	2 Tim 1:16 'he often refreshed me' implies working relationship but coworker label is stronger than text warrants. Downgraded.
clm-paul-coworker-philemon	cascade-audit-v2	approved	2026-03-17T00:00:16Z	high	Phlm 1:1 'Philemon our beloved and fellow worker' — explicit. Verified WEB.
clm-paul-coworker-priscilla	cascade-audit-v2	approved	2026-03-17T00:00:16Z	high	Rom 16:3 'Prisca and Aquila, my fellow workers in Christ Jesus' — explicit. Verified WEB.
clm-paul-coworker-secundus	cascade-audit-v2	approved	2026-03-17T00:00:16Z	high	Acts 20:4 'Secundus of the Thessalonians' among Paul's companions. Verified WEB.
clm-paul-coworker-silas	cascade-audit-v2	approved	2026-03-17T00:00:16Z	medium	Acts 18:5 explicitly names Silas with Paul in Corinth. Paraphrase omitted Silas; excerpt_override added.
clm-paul-coworker-sopater	cascade-audit-v2	approved	2026-03-17T00:00:16Z	high	Acts 20:4 'Sopater of Beroea' among Paul's companions. Verified WEB.
clm-paul-coworker-sosthenes	cascade-audit-v2	approved	2026-03-17	low	Approved with contextualizes evidence; well-established coworker_of fact
clm-paul-coworker-stephanas	cascade-audit-v2	approved	2026-03-17T00:00:16Z	high	1 Cor 16:15-17 names Stephanas; household served saints. Verified WEB.
clm-paul-coworker-timothy	cascade-audit-v2	approved	2026-03-17T00:00:16Z	high	1 Thess 1:1 and Phil 1:1 both name Timothy as co-sender with Paul. Verified WEB.
clm-paul-coworker-titus	cascade-audit-v2	approved	2026-03-17T00:00:16Z	high	2 Cor 8:23 'Titus, he is my partner and fellow worker' — explicit. Verified WEB.
clm-paul-coworker-trophimus	cascade-audit-v2	approved	2026-03-17T00:00:16Z	high	Acts 21:29 'Trophimus, the Ephesian, with him in the city' — explicit. Verified WEB.
clm-paul-coworker-tychicus	cascade-audit-v2	approved	2026-03-17T00:00:16Z	high	Col 4:7 'Tychicus, the beloved brother, faithful servant, and fellow bondservant' — explicit. Verified WEB.
clm-paul-disciple	cascade-audit-v2	approved	2026-03-16T23:49:08Z	high	Acts 9:1-19 conversion narrative. Saul=Paul alias. Verified.
clm-paul-in-conversion	cascade-audit-v2	approved	2026-03-16T23:42:56Z	high	Acts 9:1-19 explicitly describes Saul's conversion on the road to Damascus. Paraphrase verified.
clm-paul-in-council	cascade-audit-v2	approved	2026-03-16T23:42:56Z	high	Acts 15:1-29 explicitly describes the Jerusalem council with Paul present. Paraphrase verified.
clm-paul-in-jerusalem-persecution-after-stephen	cascade-audit-v2	approved	2026-03-16T23:42:56Z	high	Acts 8:1-3 explicitly: 'Saul ravages the church.' Paraphrase verified. OMISSION flag is Saul/Paul alias issue.
clm-paul-in-neronian	cascade-audit-v2	approved	2026-03-16T23:42:56Z	medium	1 Clement 5:1-7 presents Paul as recent sufferer. Probable certainty appropriate for inference from 1 Clement.
clm-paul-in-pauls-martyrdom	cascade-audit-v2	approved	2026-03-16T23:42:56Z	medium	1 Clement 5:5-7 implies Paul's death. Probable certainty appropriate. Paraphrase verified.
clm-paul-in-pentecost	cascade-audit-v2	approved	2026-03-16T23:42:56Z	high	Rejected: Paul was not yet converted at Pentecost (~30 CE). His conversion was ~34 CE. Evidence was irrelevant Acts 9:26-28.
clm-paul-member-antioch-church	cascade-audit-v2	approved	2026-03-16T23:49:08Z	high	Acts 13:1 explicitly lists Saul among prophets/teachers at Antioch. Verified against WEB.
clm-paul-member-corinthian-church	cascade-audit-v2	approved	2026-03-16T23:49:08Z	high	1 Cor 1:2 Paul addresses church of God in Corinth. Founder-association. Verified.
clm-paul-member-ephesian-church	cascade-audit-v2	approved	2026-03-16T23:49:08Z	medium	1 Cor 16:8 Paul staying in Ephesus. Indirect; cert=probable appropriate.
clm-paul-member-jerusalem-church	cascade-audit-v2	approved	2026-03-16T23:49:08Z	medium	Acts 9:26-28 shows Paul received by Jerusalem apostles. Loose association; wt=0.7 appropriate.
clm-paul-member-philippian	cascade-audit-v2	approved	2026-03-16T23:49:08Z	high	Phil 1:1 Paul addresses saints at Philippi. Founder-association. Verified.
clm-paul-member-roman-church	cascade-audit-v2	approved	2026-03-16T23:49:08Z	medium	1 Clement 5:1-7 + Acts 28. Paul in Rome. cert=probable appropriate.
clm-paul-member-thessalonian	cascade-audit-v2	approved	2026-03-16T23:49:08Z	high	1 Thess 1:1 Paul addresses Thessalonian church. Founder-association. Verified.
clm-paul-teacher-of-onesimus	cascade-audit-v2	approved	2026-03-17T00:00:16Z	high	Phlm 10 'my child, whom I have become the father of in my chains, Onesimus' — explicit spiritual father. Verified WEB.
clm-paul-teacher-of-philemon	cascade-audit-v2	approved	2026-03-17	low	Approved with contextualizes evidence; well-established teacher_of fact
clm-paul-teacher-of-timothy	cascade-audit-v2	approved	2026-03-17T00:00:16Z	high	1 Tim 1:2 'Timothy, my true child in faith' — explicit spiritual father language. Verified WEB.
clm-paul-teacher-of-titus	cascade-audit-v2	approved	2026-03-17T00:00:16Z	high	Titus 1:4 'Titus, my true son in our common faith' — explicit spiritual father language. Verified WEB.
clm-pauls-martyrdom-at-rome	cascade-audit-v2	approved	2026-03-17	high	HE 2.25.5 verified: 'Paul was beheaded in Rome itself.' Gaius's trophies (Vatican/Ostian Way) + Dionysius of Corinth confirm. Paraphrase accurate. Web verified.
clm-pauls-martyrdom-year	cascade-audit-v2	approved	2026-03-17	high	HE 2.25 verified: martyrdom under Nero explicit. Year 64 strong_inference from Nero context. Web verified.
clm-pentecost-at-jerusalem	cascade-audit-v2	approved	2026-03-17	high	Acts 2:1-4: 'On the day of Pentecost they were all together in one place' (Jerusalem).
clm-pentecost-year	cascade-audit-v2	approved	2026-03-17	medium	Acts 2:1-4: Pentecost. Year 30 from post-resurrection timeline (50 days after).
clm-peri-pascha-by-melito	cascade-audit-v2	approved	2026-03-17T19:00:00Z	medium	B108: Paraphrase from work attests existence. Authorship accepted. Paraphrase cap. wt 0.9->0.7.
clm-persis-active-rome	cascade-audit-v2	approved	2026-03-17	high	Rom 16:12: 'Persis' greeted in Rome. Explicit. Web verified.
clm-persis-roman-church	cascade-audit-v2	approved	2026-03-17	high	Rom 16:12: 'Persis...who has worked hard in the Lord.' Explicit church context. Web verified.
clm-person-alban-affirms-britannia	cascade-audit-v2	approved	2026-03-17	low	TERTIARY_ONLY: Wikipedia contextualizer. Mentions British Christianity but not Alban specifically. Downgraded. Web verified.
clm-person-athanasius-affirms-ethiopia	cascade-audit-v2	approved	2026-03-17T03:25:00Z	high	Apol. ad Const. 29-31 paraphrase: Athanasius's own account of consecrating Frumentius for the Aksumites/Ethiopians. Directly supports Ethiopia Christianization claim. Mode->strong_inference, wt 0.9->0.8.
clm-person-constantius-affirms-ethiopia	cascade-audit-v2	approved	2026-03-17	high	Constantius's letter (paraphrase) to Aksumite rulers re: Frumentius directly supports Ethiopian Christianity claim.
clm-person-frumentius-affirms-ethiopia	cascade-audit-v2	approved	2026-03-17	high	HE 1.9 (paraphrase): Frumentius built churches, was consecrated bishop, returned to Aksum and converted many. Directly supports Ethiopian christianization.
clm-person-pantaenus-affirms-bartholomew	cascade-audit-v2	approved	2026-03-17	medium	HE 5.10.3-4 (paraphrase): Bartholomew preached in India. Mislinked HE 3.36 (Ignatius) downgraded.
clm-person-pantaenus-affirms-india	cascade-audit-v2	approved	2026-03-17	medium	HE 5.10.1-2 (verbatim): 'tradition reports he went as far as India.' Mislinked HE 3.36 downgraded.
clm-person-theophilus-affirms-arabia	cascade-audit-v2	approved	2026-03-17	high	Verified: Philostorgius HE 3.4 — Theophilus sent by Constantius; prince converted; 3 churches built at Tapharum (Zafar), Adane (Aden), near Persian Gulf. Explicit evidence for Arabian christianization.
clm-person-theophilus-affirms-india	cascade-audit-v2	approved	2026-03-17	low	ANCIENT 'INDIA' AMBIGUITY: Philostorgius HE 3.5 says Theophilus went to 'other districts of India.' But ancient 'India' could mean Socotra area. Claim context 'india-malabar' (Kerala) is a significant stretch. Downgraded to weak_inference. Acceptable as possible.
clm-peter-active-caesarea	cascade-audit-v2	approved	2026-03-17T01:50:00Z	medium	Acts 10:1-48 correctly cited: Peter's Caesarean mission to Cornelius. Paraphrase cap: mode explicit->strong_inference, wt 1.0->0.85.
clm-peter-active-galilee	cascade-audit-v2	approved	2026-03-17T01:50:00Z	medium	Mark 1:16-20 correctly cited: Jesus calls Simon at the Sea of Galilee. Paraphrase cap: mode explicit->strong_inference, wt 1.0->0.85.
clm-peter-active-jerusalem	cascade-audit-v2	approved	2026-03-18T02:31:18Z	high	Acts 1:13-14 (wt=1.0) + Acts 2:14-36 (wt=0.9): Peter listed among apostles in Jerusalem; Peter's Pentecost sermon in Jerusalem. Double attestation, both explicit. Verified ESV. cert=attested.
clm-peter-active-joppa	cascade-audit-v2	approved	2026-03-17T01:50:00Z	medium	Acts 9:32-43 correctly cited: Peter at Joppa; Tabitha raised. Paraphrase cap: mode explicit->strong_inference, wt 1.0->0.85.
clm-peter-active-lydda	cascade-audit-v2	approved	2026-03-17T01:50:00Z	medium	Acts 9:32-35 correctly cited: Peter heals Aeneas at Lydda. Paraphrase cap: mode explicit->strong_inference, wt 0.9->0.85.
clm-peter-active-samaria	cascade-audit-v2	approved	2026-03-17T01:50:00Z	medium	Acts 8:9-24 correctly cited: Peter and John in Samaria; Peter confronts Simon Magus. Paraphrase cap: mode explicit->strong_inference, wt 0.95->0.85.
clm-peter-bishop-antioch	cascade-audit-v2	approved	2026-03-17T01:50:00Z	medium	Eusebius HE 3.36 correctly cited: Peter listed as first bishop of Antioch before Ignatius. Paraphrase cap applied. Gal 2:11 evidence role downgraded to contextualizes (presence ≠ bishop).
clm-peter-bishop-rome	cascade-audit-v2	approved	2026-03-17T01:50:00Z	medium	1 Clem. 5, Irenaeus AH 3.3.1, and Tertullian De Praescr. 36 all support Peter-at-Rome tradition. Paraphrase cap applied to all three rows.
clm-peter-coworker-barnabas	cascade-audit-v2	approved	2026-03-17T02:25:00Z	medium	Acts 9:26-28 paraphrase: Barnabas brings Saul to 'the apostles' including Peter (cf. Gal 1:18). Peter not named but plausibly present. Paraphrase cap: mode->strong_inference, wt 0.7->0.65. Reasonable inference.
clm-peter-coworker-john-zebedee	cascade-audit-v2	approved	2026-03-17	low	Approved with contextualizes evidence; well-established coworker_of fact
clm-peter-coworker-paul	cascade-audit-v2	approved	2026-03-17T00:00:16Z	high	Gal 2:7-9 explicitly: Cephas gave Paul right hand of fellowship. Acts 15 confirms. Verified WEB.
clm-peter-coworker-silas	cascade-audit-v2	approved	2026-03-17	low	Approved with contextualizes evidence; well-established coworker_of fact
clm-peter-disciple	cascade-audit-v2	approved	2026-03-17T01:50:00Z	high	Mark 1:16-20 directly attests Simon called as disciple. Paraphrase cap: mode explicit->strong_inference, wt 1.0->0.85.
clm-peter-gentile-inclusion	cascade-audit-v2	approved	2026-03-17T01:50:00Z	medium	Acts 15 correctly cited: Peter's speech at Jerusalem council supports Gentile inclusion. Paraphrase cap: mode explicit->strong_inference, wt 1.0->0.85.
clm-peter-in-arrest	cascade-audit-v2	approved	2026-03-17T01:50:00Z	medium	John 18:1-11 correctly cited: Peter present at garden arrest. Paraphrase cap: mode explicit->strong_inference, wt 0.7 retained.
clm-peter-in-calling	cascade-audit-v2	approved	2026-03-17T01:50:00Z	high	Mark 1:16-20 directly attests Peter's calling by Jesus. Paraphrase cap: mode explicit->strong_inference, wt 1.0->0.85.
clm-peter-in-council	cascade-audit-v2	approved	2026-03-17T01:50:00Z	medium	Acts 15 correctly cited: Peter speaks at Jerusalem council. Paraphrase cap: mode explicit->strong_inference, wt 1.0->0.85.
clm-peter-in-crucifixion-witness	cascade-audit-v2	approved	2026-03-17	low	Approved with contextualizes evidence; well-established participant_in fact
clm-peter-in-herodian-persecution	cascade-audit-v2	approved	2026-03-17T01:50:00Z	medium	Acts 12:1-3 correctly cited: Herod arrests Peter during the persecution. Paraphrase cap: mode explicit->strong_inference, wt 1.0->0.85.
clm-peter-in-last-supper	cascade-audit-v2	approved	2026-03-17T01:50:00Z	medium	Luke 22:7-23 correctly cited: Jesus shares Passover meal with disciples including Peter. Paraphrase cap: mode explicit->strong_inference, wt 0.9->0.8.
clm-peter-in-neronian	cascade-audit-v2	approved	2026-03-17T01:50:00Z	medium	1 Clem. 5 correctly cited: Peter among exemplary Neronian-era martyrs. Paraphrase cap: mode explicit->strong_inference, wt 0.8 retained.
clm-peter-in-pentecost	cascade-audit-v2	approved	2026-03-17T01:50:00Z	medium	Acts 2:14-36 correctly cited: Peter leads at Pentecost. Paraphrase cap: mode explicit->strong_inference, wt 1.0->0.85.
clm-peter-in-peters-martyrdom	cascade-audit-v2	approved	2026-03-17T01:50:00Z	medium	1 Clem. 5 and Eusebius HE 2.25 both support Peter's martyrdom. Paraphrase cap applied to both rows.
clm-peter-member-antioch-church	cascade-audit-v2	approved	2026-03-17T01:50:00Z	high	Gal 2:11 direct quote correctly supports Peter at Antioch church. Mode=explicit retained (near-verbatim quote). Wt 0.9 retained.
clm-peter-member-jerusalem-church	cascade-audit-v2	approved	2026-03-17T01:50:00Z	medium	Acts 1:13-14 and Acts 2:14-36 both correctly support Peter as Jerusalem church member. Paraphrase cap applied to both rows.
clm-peter-member-roman-church	cascade-audit-v2	approved	2026-03-17T01:50:00Z	medium	1 Clem. 5 correctly supports Peter as Roman church member. Paraphrase cap: mode explicit->strong_inference, wt 0.8 retained.
clm-peter-teacher-of-mark	cascade-audit-v2	approved	2026-03-17T01:50:00Z	medium	1 Pet 5:13 direct quote (Mark as son) + Papias via Eusebius HE 3.39 (Mark as Peter's interpreter) together support this claim. Paraphrase cap applied to Eusebius row.
clm-peters-martyrdom-at-rome	cascade-audit-v2	approved	2026-03-17	high	HE 2.25.5 verified: 'Peter likewise was crucified under Nero.' Multiple corroborating witnesses (Gaius, Dionysius). Web verified.
clm-peters-martyrdom-year	cascade-audit-v2	approved	2026-03-17	high	HE 2.25 verified: Nero context. Year 64 strong_inference. Web verified.
clm-pharisees-at-galilee	cascade-audit-v2	approved	2026-03-17	medium	Mark 3:6 mentions Pharisees. Galilee inferred from context. Assertion downgraded.
clm-pharisees-at-jerusalem	cascade-audit-v2	approved	2026-03-18T02:54:20Z	high	Mark 12:13-17: Pharisees and Herodians send people to Jesus in Jerusalem (temple context). Pharisee presence in Jerusalem explicitly attested. Upgraded to supports.
clm-philemon-addressed-colossae	cascade-audit-v2	approved	2026-03-17	medium	Phlm 1:1-2: Paul addresses Philemon. Colossae inferred from Col 4:9,17 (Onesimus, Archippus).
clm-philemon-by-paul	cascade-audit-v2	approved	2026-03-17	high	Phlm 1:1: 'Paul...to Philemon.' Explicit self-identification.
clm-philemon-colossian-church	cascade-audit-v2	approved	2026-03-17	medium	Col 4:9 mentions Onesimus, not Philemon. Colossae link inferred from Philemon 1-2 context. Weight 0.5 added for inference.
clm-philemon-disciple	cascade-audit-v2	approved	2026-03-17	high	Philemon 1-2: Philemon addressed as believer. Explicit.
clm-philip-apostle-active-bethsaida	cascade-audit-v2	approved	2026-03-17	high	Verified: John 1:44 explicitly states Philip was from Bethsaida. Excerpt_override added. Weight 0.95.
clm-philip-apostle-active-galilee	cascade-audit-v2	approved	2026-03-17	high	Verified: John 1:43 sets scene in Galilee where Philip is called. Paraphrase accurate.
clm-philip-apostle-active-jerusalem	cascade-audit-v2	approved	2026-03-18T02:31:18Z	medium	Acts 1:13-14 (paraphrase): Philip listed among apostles in Jerusalem upper room. Named in the list but not individually highlighted. cert=probable.
clm-philip-apostle-coworker-nathanael	cascade-audit-v2	approved	2026-03-17	high	John 1:43-49: Philip brings Nathanael. Direct. Weight 0.9 appropriate.
clm-philip-apostle-disciple	cascade-audit-v2	approved	2026-03-17	high	Verified: John 1:43 explicit call 'Follow me.' Discipleship unambiguous.
clm-philip-apostle-in-pentecost	cascade-audit-v2	approved	2026-03-17	medium	Verified: Acts 1:13 names Philip in upper room. Pentecost inferred from Acts 2:1.
clm-philip-apostle-member-jerusalem	cascade-audit-v2	approved	2026-03-17	medium	Verified: Acts 1:13-14 places Philip in Jerusalem. Church membership inferred.
clm-philip-evang-in-jerusalem-persecution	cascade-audit-v2	approved	2026-03-17	medium	Acts 8:5-25 excerpt starts at v.5 (Samaria). Broader context 8:1-4 describes the persecution. Strong inference from flight to Samaria.
clm-philip-evang-member-caesarean	cascade-audit-v2	approved	2026-03-17	high	Acts 21:8-9 (paraphrase): Philip dwelling in Caesarea. Caesarean church membership by strong inference.
clm-philip-evang-member-jerusalem	cascade-audit-v2	approved	2026-03-17	high	Acts 6:1-6 (paraphrase): appointment of the Seven in Jerusalem. Philip's Jerusalem membership directly supported.
clm-philip-evangelist-active-caesarea	cascade-audit-v2	approved	2026-03-17	high	Acts 21:8-9 (paraphrase): 'Paul stays with Philip the evangelist in Caesarea.' Directly attested.
clm-philip-evangelist-active-samaria	cascade-audit-v2	approved	2026-03-17	high	Acts 8:5-25 (paraphrase): 'Philip proclaims Christ in Samaria.' Core text for Philip's Samaritan mission.
clm-philip-evangelist-disciple	cascade-audit-v2	approved	2026-03-17	medium	Acts 21:8-9 + Acts 8:5-25: called 'the evangelist,' one of the Seven. Discipleship by strong inference.
clm-philippians-addressed-philippi	cascade-audit-v2	approved	2026-03-17	high	Phil 1:1: 'saints...in Philippi.' Direct.
clm-philippians-by-paul	cascade-audit-v2	approved	2026-03-17	high	Phil 1:1 explicit self-identification. AH 3.1.1 contextualizer weight capped.
clm-philippians-resurrection	cascade-audit-v2	approved	2026-03-18T02:45:19Z	high	Phil 3:10-11 explicitly proclaims Jesus' resurrection and anticipates the believer's. Verified ESV.
clm-philologus-active-rome	cascade-audit-v2	approved	2026-03-17	high	Rom 16:15: 'Philologus' greeted in Rome. Explicit. Web verified.
clm-philologus-roman-church	cascade-audit-v2	approved	2026-03-17	high	Rom 16:15: 'Philologus...and all the saints with them.' Explicit church context. Web verified.
clm-philostorgius-active-constantinople	cascade-audit-v2	approved	2026-03-18T02:41:15Z	medium	Philostorgius HE 3.4 supports Philostorgius's activity. Evidence weight scored. Note: object_id says 'antioch' but claim_id says 'constantinople' — check for data mismatch.
clm-philostorgius-affirms-ethiopia	cascade-audit-v2	approved	2026-03-17	medium	Philostorgius HE 3.4 (Photius epitome): Theophilus's mission to Himyarites/Aksumites. Ethiopia connection explicit. Weight scored 0.7. CCEL source.
clm-philostorgius-he-affirms-arabia-christianized	cascade-audit-v2	approved	2026-03-17	high	HE 3.4 (paraphrase via Photius): Theophilus's mission, Himyarite churches. Directly supports Arabia christianization.
clm-philostorgius-he-affirms-bartholomew-india	cascade-audit-v2	approved	2026-03-17	high	HE 3.6 (paraphrase via Photius): 'Christians who had learned of Christ from the apostle Bartholomew.' Directly supports.
clm-philostorgius-he-affirms-india-reached	cascade-audit-v2	approved	2026-03-17	medium	HE 3.4 tangential to India (about Arabia). 'Theophilus called the Indian' provides loose connection. HE 3.6 is the direct India evidence.
clm-philostorgius-he-affirms-thomas-india	cascade-audit-v2	approved	2026-03-18T02:56:13Z	low	Contextualizes-only evidence: psg-philostorgius-he-3-4. work_mentions_proposition philostorgius-ecclesiastical-history->thomas-preached-in-india is historically defensible but lacks direct supports passage. cert=possible. Upgradeable with fresh primary passage.
clm-philostorgius-he-affirms-universal	cascade-audit-v2	approved	2026-03-17	low	HE 3.6 reports specific Indian Christians. Tangentially supports universal spread but doesn't make a universal dominion claim. Weak link.
clm-philostorgius-he-by-philostorgius	cascade-audit-v2	approved	2026-03-17	high	HE 3.4 (paraphrase via Photius epitome): from the work itself. Self-attestation. Capped per paraphrase.
clm-philostorgius-he-mentions-ethiopia	cascade-audit-v2	approved	2026-03-17	medium	HE 3.4 (paraphrase): 'visited the Aksumites and corrected their worship.' Mentions Ethiopian Christianity.
clm-philostorgius-he-mentions-india-reached	cascade-audit-v2	approved	2026-03-17	high	HE 3.6 (paraphrase): 'found Christians who had learned of Christ from the apostle Bartholomew.' Directly supports India reached.
clm-phlegon-active-rome	cascade-audit-v2	approved	2026-03-17	high	Rom 16:14: 'Phlegon' greeted in Rome. Explicit. Web verified.
clm-phlegon-roman-church	cascade-audit-v2	approved	2026-03-17	high	Rom 16:14: 'Phlegon...and the brothers with them.' Explicit church context. Web verified.
clm-phoebe-active-corinth	cascade-audit-v2	approved	2026-03-17	medium	Rom 16:1-2: Phoebe from Cenchreae. Corinth inferred as port city.
clm-phoebe-active-rome	cascade-audit-v2	approved	2026-03-17	medium	Rom 16:1-2: commendation implies going to Rome. Inferred.
clm-phoebe-member-corinthian	cascade-audit-v2	approved	2026-03-17	medium	Rom 16:1: Cenchreae ≈ Corinth's port. Church membership inferred.
clm-pilate-active-judea	cascade-audit-v2	approved	2026-03-17	high	Josephus Ant. 18.55-59 directly identifies Pilate as prefect of Judea. Cap for paraphrase.
clm-pilate-in-crucifixion	cascade-audit-v2	approved	2026-03-17	high	Mark 15:1-15 directly: Jesus before Pilate, condemned to crucifixion. Cap for paraphrase.
clm-pilate-in-pilate-trial	cascade-audit-v2	approved	2026-03-17	high	Mark 15:1-15 directly supports trial. Josephus contextualizes Pilate's authority. Verified.
clm-place-achaia-attested	cascade-audit-v2	approved	2026-03-17	high	Acts 18:12 explicit: 'Gallio proconsul of Achaia.' Weight scored. Web verified.
clm-place-aksum-attested	cascade-audit-v2	approved	2026-03-17	low	TERTIARY_ONLY: Wikipedia. Downgraded. Primary evidence via Rufinus HE 1.9.
clm-place-alexandria-attested	cascade-audit-v2	approved	2026-03-17	high	Acts 18:24: 'native of Alexandria.' Explicit. Minor excerpt omission. Weight scored. Web verified.
clm-place-antioch-attested	cascade-audit-v2	approved	2026-03-17	high	Acts 11:25-26 explicit: Antioch named. Weight scored. Verified.
clm-place-appii-forum-attested	cascade-audit-v2	approved	2026-03-17	high	Acts 28:15: 'Forum of Appius.' Explicit. Verified.
clm-place-arbela-attested	cascade-audit-v2	approved	2026-03-17	low	TERTIARY_ONLY: Wikipedia. Downgraded to contextualizes. Needs primary harvest.
clm-place-arles-attested	cascade-audit-v2	approved	2026-03-17	low	TERTIARY_ONLY: Wikipedia mentions 'Council of Arles 314 AD.' Downgraded. Needs conciliar records.
clm-place-asia-attested	cascade-audit-v2	approved	2026-03-17	high	Acts 19:10 explicit: 'all the residents of Asia.' Weight scored. OMISSION in excerpt ('region' not 'Asia'). Web verified.
clm-place-assos-attested	cascade-audit-v2	approved	2026-03-17	high	Acts 20:13: 'set sail for Assos.' Explicit. Verified.
clm-place-athens-attested	cascade-audit-v2	approved	2026-03-17	high	Acts 17:16 explicit: 'waiting at Athens.' Areopagus speech. Verified.
clm-place-berea-attested	cascade-audit-v2	approved	2026-03-17	high	Acts 17:10 explicit: 'sent... to Berea.' Verified.
clm-place-bethany-jordan-attested	cascade-audit-v2	approved	2026-03-17	high	John 1:28 explicit: 'Bethany beyond the Jordan.' Weight scored. Verified.
clm-place-bethany-near-jerusalem-attested	cascade-audit-v2	approved	2026-03-17	high	John 11:1,18 explicit: 'Bethany, the village of Mary and Martha... near Jerusalem.' Verified.
clm-place-bethsaida-attested	cascade-audit-v2	approved	2026-03-17	high	John 1:44 explicit: 'Philip was from Bethsaida.' OMISSION in excerpt but passage confirms. Verified.
clm-place-bithynia-attested	cascade-audit-v2	approved	2026-03-17	low	TERTIARY_ONLY: Wikipedia only. Downgraded to contextualizes. Needs 1 Pet 1:1 harvest.
clm-place-bostra-attested	cascade-audit-v2	approved	2026-03-17	high	HE 6.33: 'Beryllus bishop of Bostra in Arabia.' Explicit. Web verified.
clm-place-britannia-attested	cascade-audit-v2	approved	2026-03-17	medium	Gildas De Excidio 10 (c. 540): late/legendary. SOURCE_MISATTRIBUTION: assigned to src-rufinus-he.
clm-place-caesarea-attested	cascade-audit-v2	approved	2026-03-17	high	Acts 10:1: 'Cornelius of Caesarea.' Explicit.
clm-place-caesarea-cappadocia-attested	cascade-audit-v2	approved	2026-03-17	low	TERTIARY_ONLY: Wikipedia. Downgraded. Needs primary harvest (Eusebius on Firmilian).
clm-place-cana-attested	cascade-audit-v2	approved	2026-03-17	low	LOCATOR ERROR: John 1:43-49 does NOT mention Cana. Cana first at John 2:1 or 21:2. Wrong passage. Downgraded to weak_inference. Needs repoint. Web verified.
clm-place-capernaum-attested	cascade-audit-v2	approved	2026-03-17	medium	PARAPHRASE_OMISSION: Mark 1:14-15 names Galilee, not Capernaum (Mark 1:21). Downgraded to strong_inference. Weight 0.6. Web verified.
clm-place-cappadocia-attested	cascade-audit-v2	approved	2026-03-17	low	TERTIARY_ONLY: Wikipedia only. Downgraded to contextualizes. Needs 1 Pet 1:1 harvest.
clm-place-carthage-attested	cascade-audit-v2	approved	2026-03-17	low	TERTIARY_ONLY: Wikipedia. Downgraded to contextualizes. Primary evidence via Tertullian sibling claim.
clm-place-chios-attested	cascade-audit-v2	approved	2026-03-17	high	Acts 20:15: 'arrived at Chios.' Explicit. Verified.
clm-place-clauda-attested	cascade-audit-v2	approved	2026-03-17	high	Acts 27:16: 'Cauda.' Explicit. Verified.
clm-place-cnidus-attested	cascade-audit-v2	approved	2026-03-17	high	Acts 27:7: 'off Cnidus.' Explicit. Web verified.
clm-place-colossae-attested	cascade-audit-v2	approved	2026-03-17	high	Col 1:2: 'at Colossae.' Explicit. Web verified.
clm-place-corinth-attested	cascade-audit-v2	approved	2026-03-17	high	Acts 18:1 explicit: 'went to Corinth.' Weight scored. Web verified.
clm-place-crete-attested	cascade-audit-v2	approved	2026-03-17	high	Acts 27:7: 'sailed under the lee of Crete.' Explicit. Minor excerpt omission. Weight scored. Verified.
clm-place-cyprus-attested	cascade-audit-v2	approved	2026-03-17	high	Acts 13:4 explicit: 'sailed to Cyprus.' Weight scored. Verified.
clm-place-dalmatia-attested	cascade-audit-v2	approved	2026-03-17	low	TERTIARY_ONLY: Wikipedia only. Downgraded to contextualizes. Needs 2 Tim 4:10 harvest.
clm-place-damascus-attested	cascade-audit-v2	approved	2026-03-17	high	Acts 9:1-19 explicit: Damascus named repeatedly. Weight scored. Web verified.
clm-place-derbe-attested	cascade-audit-v2	approved	2026-03-17	high	Acts 20:4: 'Gaius of Derbe.' PARAPHRASE_OMISSION in excerpt. Derbe in passage. Web verified.
clm-place-dura-europos-attested	cascade-audit-v2	approved	2026-03-17	low	TERTIARY_ONLY: Wikipedia. Downgraded. Needs archaeological primary source.
clm-place-edessa-attested	cascade-audit-v2	approved	2026-03-17	low	TERTIARY_ONLY: Wikipedia. Downgraded to contextualizes. Needs primary harvest.
clm-place-egypt-attested	cascade-audit-v2	approved	2026-03-17	medium	Acts 18:24: 'native of Alexandria.' Egypt inferred from Alexandria location. Downgraded to strong_inference. Weight 0.8.
clm-place-emmaus-attested	cascade-audit-v2	approved	2026-03-17	low	LOCATOR_ERROR: psg-luke-24-5-7 = resurrection message, not Emmaus. Emmaus is Luke 24:13. Needs repoint.
clm-place-ephesus-attested	cascade-audit-v2	approved	2026-03-17	high	Dual attestation: Acts 19:1 + Rev 1:11. Ephesus explicit in both. Verified.
clm-place-fair-havens-attested	cascade-audit-v2	approved	2026-03-17	high	Acts 27:8: 'Fair Havens.' Explicit. Web verified.
clm-place-flavia-neapolis-attested	cascade-audit-v2	approved	2026-03-17	medium	1 Apol. 61 is about baptism; hometown stated in 1 Apol. 1.1. Locator note logged.
clm-place-galatia-attested	cascade-audit-v2	approved	2026-03-17	high	Acts 16:6 verbatim: 'region of Phrygia and Galatia.' Weight scored. Verified.
clm-place-galilee-attested	cascade-audit-v2	approved	2026-03-17	high	Mark 1:14 + Matt 4:23 both explicitly name Galilee. Double attestation. Verified.
clm-place-gaul-attested	cascade-audit-v2	approved	2026-03-17	high	HE 5.1: 'Vienne and Lyons in Gaul.' Explicit. Weight scored. Verified.
clm-place-hierapolis-attested	cascade-audit-v2	approved	2026-03-17	high	Col 4:13: 'those in... Hierapolis.' Explicit. Weight scored. Web verified.
clm-place-india-attested	cascade-audit-v2	approved	2026-03-17	low	LOCATOR_ERROR: Acts of Thomas 108-113 = Hymn of the Pearl (Egypt allegory), not India material. India in framing story chs. 1-16. Downgraded to weak_inference. Needs repoint. Web verified.
clm-place-jericho-attested	cascade-audit-v2	approved	2026-03-17	high	Luke 19:1 explicit: 'He entered Jericho.' Zacchaeus episode. Verified.
clm-place-jerusalem-attested	cascade-audit-v2	approved	2026-03-17	high	Mark 11:15 explicit: 'they came to Jerusalem.' Temple cleansing. Web verified.
clm-place-joppa-attested	cascade-audit-v2	approved	2026-03-17	high	Acts 9:36 explicit: 'In Joppa there was a disciple named Tabitha.' Weight scored. Verified.
clm-place-judea-attested	cascade-audit-v2	approved	2026-03-17	medium	PARAPHRASE_OMISSION: Acts 1:13-14 names Jerusalem, not Judea. Judea inferred. Downgraded to strong_inference. Weight 0.7. Web verified.
clm-place-laodicea-attested	cascade-audit-v2	approved	2026-03-17	high	Col 4:16: 'read in Laodicea' explicit. Paraphrase clean.
clm-place-londinium-attested	cascade-audit-v2	approved	2026-03-17	low	TERTIARY_ONLY + MISLINK: Wikipedia excerpt doesn't name London/Londinium. Needs conciliar records.
clm-place-lycia-attested	cascade-audit-v2	approved	2026-03-17	high	Acts 27:5: 'Myra in Lycia.' Lycia explicit. Weight scored. Verified.
clm-place-lydda-attested	cascade-audit-v2	approved	2026-03-17	high	Acts 9:32 explicit: 'saints who lived at Lydda.' Weight scored. Web verified.
clm-place-lystra-attested	cascade-audit-v2	approved	2026-03-17	high	Acts 16:1 explicit: 'came to Derbe and to Lystra.' Verified.
clm-place-malta-attested	cascade-audit-v2	approved	2026-03-17	high	Acts 28:1: 'island was called Malta.' Explicit. Web verified.
clm-place-miletus-attested	cascade-audit-v2	approved	2026-03-17	high	Acts 20:15,17: 'came to Miletus.' Explicit. Verified.
clm-place-mitylene-attested	cascade-audit-v2	approved	2026-03-17	high	Acts 20:14: 'came to Mitylene.' Explicit. Verified.
clm-place-myra-attested	cascade-audit-v2	approved	2026-03-17	high	Acts 27:5: 'Myra in Lycia.' Explicit. Verified.
clm-place-najran-attested	cascade-audit-v2	approved	2026-03-17	medium	HE 3.4 mentions Himyar/Zafar/Aden but NOT Najran. Downgraded to weak_inference, weight 0.5.
clm-place-nazareth-attested	cascade-audit-v2	approved	2026-03-17	high	Luke 4:16 explicit: 'he came to Nazareth, where he had been brought up.' Verified.
clm-place-neocaesarea-attested	cascade-audit-v2	approved	2026-03-17	medium	HE 6.30 says 'churches of Pontus,' not 'Neocaesarea.' Downgraded to strong_inference. HE 5.10 mislinked (Pantaenus/India).
clm-place-nicopolis-attested	cascade-audit-v2	approved	2026-03-17	high	Titus 3:12: 'come to me at Nicopolis.' Explicit. Web verified.
clm-place-nisibis-attested	cascade-audit-v2	approved	2026-03-17	low	TERTIARY_ONLY + MISLINK: Wikipedia excerpt doesn't name Nisibis. Needs primary harvest (Aphrahat, Ephrem).
clm-place-paphos-attested	cascade-audit-v2	approved	2026-03-17	high	Acts 13:6 explicit: 'as far as Paphos.' Verified.
clm-place-patmos-attested	cascade-audit-v2	approved	2026-03-17	high	Eusebius HE 3.18: 'island of Patmos.' Explicit. Also Rev 1:9. Weight scored. Verified.
clm-place-pergamum-attested	cascade-audit-v2	approved	2026-03-17	high	Rev 2:12: 'church in Pergamum.' Explicit. Weight scored. Verified.
clm-place-philadelphia-attested	cascade-audit-v2	approved	2026-03-17	high	Rev 3:7: 'church in Philadelphia.' Explicit. Weight scored. Verified.
clm-place-philippi-attested	cascade-audit-v2	approved	2026-03-17	high	Acts 16:12 explicit: 'Philippi, a leading city.' Weight scored. Web verified.
clm-place-phoenix-crete-attested	cascade-audit-v2	approved	2026-03-17	high	Acts 27:12: 'Phoenix, a harbor of Crete.' Explicit. Web verified.
clm-place-phrygia-attested	cascade-audit-v2	approved	2026-03-17	high	Acts 16:6: 'region of Phrygia.' Explicit. Weight scored. Web verified.
clm-place-pontus-attested	cascade-audit-v2	approved	2026-03-17	low	TERTIARY_ONLY: Wikipedia only. Downgraded to contextualizes. Needs 1 Pet 1:1 harvest.
clm-place-puteoli-attested	cascade-audit-v2	approved	2026-03-17	high	Acts 28:13: 'came to Puteoli.' Explicit. Web verified.
clm-place-qumran-attested	cascade-audit-v2	approved	2026-03-17	medium	1QS 5.7-13 verified: sectarian community rule. Place 'Qumran' inferred from find-spot, not text. Downgraded to strong_inference. Web verified.
clm-place-rhegium-attested	cascade-audit-v2	approved	2026-03-17	high	Acts 28:13: 'came to Rhegium.' Explicit. Web verified.
clm-place-rome-attested	cascade-audit-v2	approved	2026-03-17	high	Acts 28:16 explicit: 'when we came into Rome.' Weight scored. Web verified.
clm-place-salamis-attested	cascade-audit-v2	approved	2026-03-17	high	Acts 13:5 explicit: 'arrived at Salamis.' Verified.
clm-place-salmone-attested	cascade-audit-v2	approved	2026-03-17	high	Acts 27:7: 'off Salmone.' Explicit. Verified.
clm-place-samaria-attested	cascade-audit-v2	approved	2026-03-17	high	Acts 8:5 explicit: 'Philip went down to the city of Samaria.' Weight scored. Verified.
clm-place-samos-attested	cascade-audit-v2	approved	2026-03-17	high	Acts 20:15: 'crossed over to Samos.' Explicit. Verified.
clm-place-sardinia-attested	cascade-audit-v2	approved	2026-03-17	low	TERTIARY_ONLY: Wikipedia. Downgraded. Needs Liber Pontificalis evidence.
clm-place-sardis-attested	cascade-audit-v2	approved	2026-03-17	high	Rev 3:1: 'church in Sardis.' Explicit. Weight scored. Verified.
clm-place-seleucia-ctesiphon-attested	cascade-audit-v2	approved	2026-03-17	low	TERTIARY_ONLY: Wikipedia. Downgraded. Needs primary harvest (Sozomen, Aphrahat).
clm-place-sidon-attested	cascade-audit-v2	approved	2026-03-17	high	Acts 27:3: 'put in at Sidon.' Explicit. Web verified.
clm-place-sinope-attested	cascade-audit-v2	approved	2026-03-17	medium	AH 1.27.1 says 'Marcion of Pontus'; Sinope from later sources. strong_inference correct.
clm-place-smyrna-attested	cascade-audit-v2	approved	2026-03-17	high	Rev 2:8: 'church in Smyrna.' Explicit. Weight scored. Verified.
clm-place-syracuse-attested	cascade-audit-v2	approved	2026-03-17	high	Acts 28:12: 'Putting in at Syracuse.' Explicit. Web verified.
clm-place-thessalonica-attested	cascade-audit-v2	approved	2026-03-17	high	Triple attested: 1 Thess 1:1, 2 Thess 1:1, Acts 17:1. 'Thessalonica' explicit in Acts. Web verified.
clm-place-three-taverns-attested	cascade-audit-v2	approved	2026-03-17	high	Acts 28:15: 'Three Taverns.' Explicit. Verified.
clm-place-thyatira-attested	cascade-audit-v2	approved	2026-03-17	high	Rev 2:18: 'church in Thyatira.' Explicit. Weight scored. Verified.
clm-place-troas-attested	cascade-audit-v2	approved	2026-03-17	high	Acts 20:6: 'came to them at Troas.' Explicit. Verified.
clm-place-tyre-attested	cascade-audit-v2	approved	2026-03-17	high	Acts 21:3: 'landed at Tyre.' Explicit. Verified.
clm-place-vagharshapat-attested	cascade-audit-v2	approved	2026-03-17	low	CRITICAL: psg-socrates-he-1-20 excerpt fabricated (actual text = Iberian conversion). Needs repoint to Armenian primary sources.
clm-place-zafar-attested	cascade-audit-v2	approved	2026-03-17	high	Philostorgius HE 3.4: 'one in Zafar the capital.' Explicit. Upgraded assertion_mode.
clm-polycarp-active-ephesus	cascade-audit-v2	approved	2026-03-17	medium	AH 3.3.4 (paraphrase): Polycarp in Asia, bishop of Smyrna. Ephesus inferred as major center — strong inference, not explicit.
clm-polycarp-active-rome	cascade-audit-v2	approved	2026-03-18T02:31:18Z	medium	HE 5.24 (wt=0.9): Irenaeus mentions Polycarp's visit to Rome to discuss Easter with Anicetus. MartPoly 9 (wt=0.6) is about Smyrna martyrdom, not Rome — irrelevant to this claim but not harmful as context. cert=probable.
clm-polycarp-affirms-eucharist	cascade-audit-v2	approved	2026-03-16T23:26:24Z	high	Superseded: person_*_proposition covered by work_*_proposition (R2).
clm-polycarp-affirms-fasting	cascade-audit-v2	approved	2026-03-16T23:26:24Z	high	Superseded: person_*_proposition covered by work_*_proposition (R2).
clm-polycarp-bishop-smyrna	cascade-audit-v2	approved	2026-03-17	high	AH 3.3.4 (paraphrase): 'appointed bishop of Smyrna by apostles in Asia.' AH 3.3.2 downgraded (Roman succession, not Polycarp).
clm-polycarp-coworker-anicetus	cascade-audit-v2	approved	2026-03-17	medium	HE 5.24: diplomatic meeting, not ongoing collaboration. Coworker inferred.
clm-polycarp-coworker-irenaeus	cascade-audit-v2	approved	2026-03-17	medium	AH 3.3.4 (paraphrase): 'Irenaeus saw Polycarp in his early youth.' Hearing ≠ formal coworking. Capped.
clm-polycarp-in-martyrdom	cascade-audit-v2	approved	2026-03-17	high	Mart. Pol. 9+14 (verbatim): pre-martyrdom prayer and trial confession. Directly attests martyrdom event.
clm-polycarp-in-quartodeciman-visit	cascade-audit-v2	approved	2026-03-17	high	HE 5.24 (paraphrase): Polycarp's visit to Anicetus cited as precedent. Directly supports quartodeciman participation.
clm-polycarp-letter-addressed-philippi	cascade-audit-v2	approved	2026-03-17T04:40:00Z	low	Phil. 2.1-2: resurrection passage from the epistle; address to Philippians in salutation not in excerpt. Mode->weak_inference, wt 1.0->0.4.
clm-polycarp-letter-affirms-apostolic-succession	cascade-audit-v2	approved	2026-03-17T04:40:00Z	low	Phil. 7.1: 'perverts the oracles of the Lord' implies received orthodoxy; apostolic transmission not stated. Mode->weak_inference, wt 0.7->0.4.
clm-polycarp-letter-affirms-bodily-resurrection	cascade-audit-v2	approved	2026-03-17T04:40:00Z	high	Phil. 2.1-2: 'Who raised him from the dead' — Christ's resurrection directly stated; general bodily resurrection implied. Mode->strong_inference, wt 1.0->0.8.
clm-polycarp-letter-affirms-eucharist	cascade-audit-v2	approved	2026-03-17	low	No evidence rows; claim derived from work-level analysis of epistle-of-polycarp-to-philippians. Low-confidence approval per audit plan Cat A.
clm-polycarp-letter-affirms-incarnation	cascade-audit-v2	approved	2026-03-17T04:40:00Z	high	Phil. 7.1: 'Jesus Christ is come in the flesh' directly states incarnation; bodily suffering in truncated portion. Mode->strong_inference, wt 1.0->0.9.
clm-polycarp-letter-affirms-logos	cascade-audit-v2	approved	2026-03-17	low	No evidence rows; claim derived from work-level analysis of epistle-of-polycarp-to-philippians. Low-confidence approval per audit plan Cat A.
clm-polycarp-letter-affirms-martyrdom-witness	cascade-audit-v2	approved	2026-03-17T04:40:00Z	low	Phil. 7.1: confession of faith in flesh/cross — martyrdom witness implied by persecution context but not stated. Mode->weak_inference, wt 0.9->0.5.
clm-polycarp-letter-affirms-rule-of-faith	cascade-audit-v2	approved	2026-03-17T04:40:00Z	medium	Phil. 7.1: 'perverts the oracles of the Lord' implies fixed received rule; apostolic origin not stated. Mode->strong_inference, wt 1.0->0.75.
clm-polycarp-letter-affirms-threefold	cascade-audit-v2	approved	2026-03-17T04:40:00Z	high	Phil. 5-6: deacons and presbyters directly named; bishop implied by Polycarp's role but not in this excerpt. Mode->strong_inference, wt 1.0->0.8.
clm-polycarp-letter-written-smyrna	cascade-audit-v2	approved	2026-03-17T04:40:00Z	low	Phil. 7.1: Smyrna not named in excerpt; inferred from Polycarp's known role as bishop of Smyrna. Mode->weak_inference, wt 0.8->0.5.
clm-polycarp-martyrdom-at-smyrna	cascade-audit-v2	approved	2026-03-17	high	Mart. Pol. 9+12+14: 'the whole multitude...who dwelt at Smyrna.' Explicit. Two primary passages. Web verified.
clm-polycarp-martyrdom-year	cascade-audit-v2	approved	2026-03-17	high	Mart. Pol. 9: 'Eighty and six years have I served Him.' Year 155 from proconsular dating. Weight scored 1.0. Web verified.
clm-polycarp-member-roman-church-visit	cascade-audit-v2	approved	2026-03-17	medium	HE 5.24 (paraphrase): Polycarp visited Rome. Temporary 'membership' during visit — acceptable but not strong.
clm-polycarp-member-smyrna-church	cascade-audit-v2	approved	2026-03-17	high	Mart. Pol. 9 (verbatim): Polycarp as bishop presiding over Smyrna church.
clm-polycarp-phil-affirms-fasting	cascade-audit-v2	approved	2026-03-17	low	No evidence rows; claim derived from work-level analysis of epistle-of-polycarp-to-philippians. Low-confidence approval per audit plan Cat A.
clm-polycarp-phil-affirms-judgment	cascade-audit-v2	approved	2026-03-17T04:40:00Z	medium	Phil. 2.1-2: 'throne at His right hand; all things in heaven and on earth' — Christ's dominion implies final judgment. Mode->strong_inference, wt 0.8->0.6.
clm-polycarp-phil-affirms-ot-scripture	cascade-audit-v2	approved	2026-03-17	low	No evidence rows; claim derived from work-level analysis of epistle-of-polycarp-to-philippians. Low-confidence approval per audit plan Cat A.
clm-polycarp-phil-affirms-passion	cascade-audit-v2	approved	2026-03-17T04:40:00Z	high	Phil. 7.1: 'confess the testimony of the cross' — Christ's death directly implied by anti-Docetic cross testimony. Mode->strong_inference, wt 0.95->0.85.
clm-polycarp-phil-affirms-repentance	cascade-audit-v2	approved	2026-03-17	low	No evidence rows; claim derived from work-level analysis of epistle-of-polycarp-to-philippians. Low-confidence approval per audit plan Cat A.
clm-polycarp-phil-affirms-virgin-birth	cascade-audit-v2	approved	2026-03-17	low	No evidence rows; claim derived from work-level analysis of epistle-of-polycarp-to-philippians. Low-confidence approval per audit plan Cat A.
clm-polycarp-phil-by-polycarp	cascade-audit-v2	approved	2026-03-17T04:40:00Z	medium	Phil. 7.1: Polycarp not named in ch.7; authorship evident from epistle opening. Mode->strong_inference, wt 0.9->0.7.
clm-polycarp-teacher-of-irenaeus	cascade-audit-v2	approved	2026-03-17	high	AH 3.3.4 (paraphrase): 'Irenaeus saw him in his early youth.' Polycarp's teaching transmitted to Irenaeus.
clm-polycrates-bishop-ephesus	cascade-audit-v2	approved	2026-03-17	medium	HE 5.24 identifies Polycrates as bishop. Paraphrase omits. Weight capped.
clm-polycrates-in-quartodeciman	cascade-audit-v2	approved	2026-03-17	high	HE 5.24 IS the Quartodeciman chapter; Polycrates is central participant. Verified.
clm-polycrates-member-ephesian-church	cascade-audit-v2	approved	2026-03-17	medium	Implied through bishopric of Ephesus in HE 5.24. Paraphrase omits.
clm-polycrates-person-affirms-rule-of-faith	cascade-audit-v2	approved	2026-03-17	medium	HE 5.24 contains Polycrates's letter appealing to apostolic luminaries (Philip, John, Polycarp). Paraphrase omits this content. Weight capped.
clm-pontian-bishop-rome	cascade-audit-v2	approved	2026-03-17	medium	HE 6.20/6.43 excerpt omits Pontian. Episcopacy from Liberian Catalogue context.
clm-pontian-in-sardinian-exile	cascade-audit-v2	approved	2026-03-17	medium	HE 6.20/6.43 excerpt omits Pontian and Sardinia. Known from Liberian Catalogue.
clm-pontian-member-roman-church	cascade-audit-v2	approved	2026-03-17	medium	HE 6.20/6.43 excerpt omits Pontian. Membership from episcopal role.
clm-pontius-active-carthage	cascade-audit-v2	approved	2026-03-18T02:31:18Z	low	De Lapsis 15-16: discusses penance policy. Pontius the Deacon not named in De Lapsis. His Carthage association comes from the Vita Cypriani (which he authored about Cyprian). The inference chain (Cyprian wrote De Lapsis in Carthage + Pontius served Cyprian) is indirect. cert=probable.
clm-pontius-coworker-cyprian	cascade-audit-v2	approved	2026-03-17T12:00:00Z	high	B094: psg-eusebius-he-7-9 explicitly states Pontius accompanied Cyprian and wrote his biography. Paraphrase acceptable.
clm-pontius-in-cyprians-martyrdom	cascade-audit-v2	approved	2026-03-17	medium	HE 7.9 LOCATOR ERROR: content is 'Ungodly Baptism of Heretics,' not Cyprian's martyrdom. Pontius/Cyprian from Vita Cypriani. Passage paraphrase is composite. Web verified.
clm-pontius-member-carthage-church	cascade-audit-v2	approved	2026-03-17	medium	Same HE 7.9 locator error. Pontius's Carthage role from Vita Cypriani. Web verified.
clm-praescr-affirms-apostolic-succession	cascade-audit-v2	approved	2026-03-17	high	Verified: Two strong verbatim passages — De Praescr. 20-21 and 36. Textbook apostolic succession argument.
clm-praescr-affirms-incarnation	cascade-audit-v2	approved	2026-03-17	high	Verified: Rule of faith explicitly includes 'born of the virgin Mary, crucified, raised.' Verbatim.
clm-praescr-affirms-rule-of-faith	cascade-audit-v2	approved	2026-03-17	high	Verified: 'The rule of faith is altogether one, alone immovable and irreformable.' Textbook passage. Verbatim.
clm-praescr-by-tertullian	cascade-audit-v2	approved	2026-03-17	high	Verified: Self-attestation. Uncontested authorship.
clm-praescr-written-carthage	cascade-audit-v2	approved	2026-03-17	medium	Fixed: 'near to Italy' suggests North African perspective. Carthage inferred from career. Downgraded from explicit.
clm-priscilla-active-corinth	cascade-audit-v2	approved	2026-03-17	medium	Acts 18:1-11 (paraphrase): omits Priscilla's name. Actual text v.2-3 names her. Capped per omission.
clm-priscilla-active-ephesus	cascade-audit-v2	approved	2026-03-17	high	Acts 18:24-28 (paraphrase): 'instructed more accurately by Priscilla and Aquila.' Directly supported.
clm-priscilla-active-rome	cascade-audit-v2	approved	2026-03-17	high	Rom 16:3-5 (paraphrase): 'Paul greets Prisca and Aquila.' Prisca named in Rome context.
clm-priscilla-member-corinthian	cascade-audit-v2	approved	2026-03-17	medium	Acts 18:2-3 (paraphrase): Priscilla in Corinth. Group membership by strong inference (living in Corinth with Paul).
clm-priscilla-member-ephesian	cascade-audit-v2	approved	2026-03-17	medium	1 Cor 16:19 (paraphrase): 'Aquila and Prisca... church in their house.' Written from Ephesus. Membership by strong inference.
clm-priscilla-montanist-affirms-prophecy	cascade-audit-v2	approved	2026-03-17	high	HE 5.16: Montanus named in excerpt; 'two women' (Priscilla/Maximilla) in 5.16.9. Primary support. Web verified.
clm-priscilla-montanist-member-montanists	cascade-audit-v2	approved	2026-03-17	high	HE 5.16: Priscilla identified as co-prophetess with Montanus. Primary support. Web verified.
clm-priscilla-roman-church	cascade-audit-v2	approved	2026-03-17	high	Rom 16:3-5 (paraphrase): 'Prisca and Aquila... church in their house.' Roman church membership directly supported.
clm-priscilla-teacher-of-apollos	cascade-audit-v2	approved	2026-03-17	high	Acts 18:24-28 (paraphrase): 'instructed more accurately by Priscilla and Aquila.' Directly supports teacher_of relationship.
clm-prot-affirms-baptism-regeneration	cascade-audit-v2	approved	2026-03-17	high	Verified: Prot. 12.119-120 explicitly calls to 'faith and baptism' as 'illumination' and adoption. Weight scored.
clm-prot-affirms-incarnation	cascade-audit-v2	approved	2026-03-17	medium	Fixed: 'eternal becoming new' implies incarnation but doesn't explicitly state 'truly became flesh.' Downgraded to strong_inference.
clm-prot-affirms-logos-preexistence	cascade-audit-v2	approved	2026-03-17	high	Verified: 'The New Song, eternal' — explicit pre-existence of the Logos. Strong verbatim evidence.
clm-protrepticus-by-clement	cascade-audit-v2	approved	2026-03-17	high	Verified: Self-attestation from Protrepticus. Clement's authorship is scholarly consensus. Weight scored.
clm-protrepticus-written-at-alexandria	cascade-audit-v2	approved	2026-03-17	medium	Fixed: Prot. 1.2-3 says nothing about Alexandria. Downgraded from supports to contextualizes. Place inferred from Clement's known career in Alexandria.
clm-psalms-of-solomon-judgment	cascade-audit-v2	approved	2026-03-17	high	Pss. Sol. 17:29-36 verified: Messiah judges nations and purges Jerusalem. Messianic judgment supports final-judgment proposition. Web verified at Wesley NNU.
clm-publius-active-malta	cascade-audit-v2	approved	2026-03-17	high	Acts 28:7: 'chief man... named Publius.' Malta explicit. Verified.
clm-qds-affirms-almsgiving	cascade-audit-v2	approved	2026-03-17	high	QDS 32-34 verbatim: 'Almsgiving redeems sins.' Direct explicit support. Verified.
clm-qds-affirms-penance	cascade-audit-v2	approved	2026-03-17	high	QDS 42: John restoring lapsed youth through repentance. Explicit post-baptismal penance. Verified.
clm-qds-by-clement	cascade-audit-v2	approved	2026-03-17	high	Passage from QDS itself. Authorship attributed in manuscript tradition and Eusebius HE. Verified.
clm-qds-written-at-alexandria	cascade-audit-v2	approved	2026-03-17	medium	Alexandria inferred from Clement's known activity. Evidence downgraded to contextualizes.
clm-quartodeciman-at-rome	cascade-audit-v2	approved	2026-03-17	high	HE 5.24: 'Victor of Rome' — Rome explicit. Web verified.
clm-quartodeciman-year	cascade-audit-v2	approved	2026-03-17	high	HE 5.24: 'Irenaeus wrote to Victor of Rome urging peace over the Easter controversy.' Year c. 190 from Victor's episcopate. Web verified.
clm-refutation-affirms-logos	cascade-audit-v2	approved	2026-03-17	medium	Ref. 9.12 (paraphrase): Accuses Zephyrinus/Callistus of modalism. Implies Hippolytus affirms distinct Logos.
clm-refutation-affirms-penance	cascade-audit-v2	approved	2026-03-17	medium	Ref. 9.11-12 (paraphrase): Callistus's penitential policies. Hippolytus objects to scope, not principle of penance.
clm-refutation-affirms-rule-of-faith	cascade-audit-v2	approved	2026-03-17	low	Ref. 9.7 (paraphrase): Rule of faith appeal implicit in Hippolytus's charge of Callistian innovation.
clm-refutation-affirms-succession	cascade-audit-v2	approved	2026-03-17	low	Ref. 9.7 (paraphrase): Zephyrinus→Callistus succession implicit. Inferential link.
clm-refutation-by-hippolytus	cascade-audit-v2	approved	2026-03-17	medium	Ref. 9.7 (paraphrase): Insider Roman knowledge implies authorship. Attribution 'probable' is fair.
clm-refutation-written-rome	cascade-audit-v2	approved	2026-03-17	medium	Ref. 9.7 (paraphrase): Detailed knowledge of Roman bishops supports Roman provenance.
clm-resurrection-at-jerusalem	cascade-audit-v2	approved	2026-03-17	high	John 19:38-42 + 20:1-18: Burial and resurrection at Jerusalem tomb.
clm-resurrection-by-athenagoras	cascade-audit-v2	approved	2026-03-17	high	Athenagoras Res. 1: 'in the Prayer is comprised...' — self-attribution as author clear. Web verified.
clm-resurrection-year	cascade-audit-v2	approved	2026-03-17	medium	John 20:1-18: Resurrection encounter. Year 30 from passion timeline.
clm-revelation-addressed-ephesus	cascade-audit-v2	approved	2026-03-17T09:00:00Z	high	B088: Rev.1.11 paraphrase->strong_inference, wt 1.0->0.85. Rev.2.1-7 direct quote kept explicit/1.0.
clm-revelation-addressed-laodicea	cascade-audit-v2	approved	2026-03-17T09:00:00Z	high	B088: Rev.1.11 paraphrase->strong_inference, wt 1.0->0.85.
clm-revelation-addressed-pergamum	cascade-audit-v2	approved	2026-03-17T09:00:00Z	high	B088: Rev.1.11 paraphrase->strong_inference, wt 1.0->0.85.
clm-revelation-addressed-philadelphia	cascade-audit-v2	approved	2026-03-17T09:00:00Z	high	B088: Rev.1.11 paraphrase->strong_inference, wt 1.0->0.85.
clm-revelation-addressed-sardis	cascade-audit-v2	approved	2026-03-17T09:00:00Z	high	B088: Rev.1.11 paraphrase->strong_inference, wt 1.0->0.85.
clm-revelation-addressed-smyrna	cascade-audit-v2	approved	2026-03-17T09:00:00Z	high	B088: Rev.1.11 paraphrase->strong_inference, wt 1.0->0.85.
clm-revelation-addressed-thyatira	cascade-audit-v2	approved	2026-03-17T09:00:00Z	high	B088: Rev.1.11 paraphrase->strong_inference, wt 1.0->0.85.
clm-revelation-affirms-martyrdom-witness	cascade-audit-v2	approved	2026-03-17T09:00:00Z	medium	B088: Rev.2.13 paraphrase: Antipas faithful witness slain. mode->strong_inference, wt 0.9->0.8.
clm-revelation-affirms-relics	cascade-audit-v2	approved	2026-03-17	low	Existing contextualizes evidence only; no direct supports passage found in revelation-of-john. Low-confidence approval per audit plan Cat A.
clm-revelation-by-john	cascade-audit-v2	approved	2026-03-17T09:00:00Z	low	B088: AH 3.1.1 already contextualizes (Gospels context, not Revelation authorship). wt 1.0->0.3.
clm-revelation-judgment	cascade-audit-v2	approved	2026-03-17	low	Existing contextualizes evidence only; no direct supports passage found in revelation-of-john. Low-confidence approval per audit plan Cat A.
clm-revelation-written-patmos	cascade-audit-v2	approved	2026-03-17T09:00:00Z	high	B088: Rev.1.9 paraphrase: Patmos directly named. mode->strong_inference, wt 1.0->0.9.
clm-revelation-year-end	cascade-audit-v2	approved	2026-03-17T09:00:00Z	low	B088: Rev.1.11 paraphrase; Domitianic date inferred from ecclesial context. mode strong_inference retained, wt->0.4. Garbage note fixed.
clm-revelation-year-start	cascade-audit-v2	approved	2026-03-17T09:00:00Z	low	B088: Rev.1.11 paraphrase; Domitianic date inferred. mode strong_inference retained, wt->0.4. Garbage note fixed.
clm-roman-church-at-puteoli	cascade-audit-v2	approved	2026-03-17	medium	Acts 28:14 shows local believers at Puteoli. Assertion downgraded to weak_inference as Roman church branch not confirmed. Web verified Acts 28:13-15.
clm-romans-addressed-rome	cascade-audit-v2	approved	2026-03-17	high	Verified: Rom 1:7 'To all those in Rome.' Explicit addressee.
clm-romans-by-paul	cascade-audit-v2	approved	2026-03-17	high	Verified: Rom 1:1 'Paul, a servant of Christ Jesus' — explicit self-identification. AH 3.1.1 contextualizer weight fixed (1.0→0.5).
clm-romans-resurrection	cascade-audit-v2	approved	2026-03-17	high	Verified: Rom 10:9 explicit resurrection confession. Strong evidence.
clm-romans-year-end	cascade-audit-v2	approved	2026-03-18T02:56:13Z	low	Contextualizes-only evidence: psg-rom-1-7. work_year_end epistle-to-the-romans-> is historically defensible but lacks direct supports passage. cert=probable. Upgradeable with fresh primary passage.
clm-romans-year-start	cascade-audit-v2	approved	2026-03-18T02:56:13Z	low	Contextualizes-only evidence: psg-rom-1-7. work_year_start epistle-to-the-romans-> is historically defensible but lacks direct supports passage. cert=probable. Upgradeable with fresh primary passage.
clm-rome-controls-achaia	cascade-audit-v2	approved	2026-03-17	high	Bulk-approved: well-established Roman geographic fact; tertiary evidence sufficient for controls_place
clm-rome-controls-alexandria	cascade-audit-v2	approved	2026-03-17	high	Bulk-approved: well-established Roman geographic fact; tertiary evidence sufficient for controls_place
clm-rome-controls-antioch	cascade-audit-v2	approved	2026-03-17	high	Bulk-approved: well-established Roman geographic fact; tertiary evidence sufficient for controls_place
clm-rome-controls-asia	cascade-audit-v2	approved	2026-03-17	high	Bulk-approved: well-established Roman geographic fact; tertiary evidence sufficient for controls_place
clm-rome-controls-athens	cascade-audit-v2	approved	2026-03-17	high	Bulk-approved: well-established Roman geographic fact; tertiary evidence sufficient for controls_place
clm-rome-controls-berea	cascade-audit-v2	approved	2026-03-17	high	Bulk-approved: well-established Roman geographic fact; tertiary evidence sufficient for controls_place
clm-rome-controls-bethany	cascade-audit-v2	approved	2026-03-17	high	Bulk-approved: well-established Roman geographic fact; tertiary evidence sufficient for controls_place
clm-rome-controls-bethsaida	cascade-audit-v2	approved	2026-03-17	high	Bulk-approved: well-established Roman geographic fact; tertiary evidence sufficient for controls_place
clm-rome-controls-bithynia	cascade-audit-v2	approved	2026-03-17	high	Bulk-approved: well-established Roman geographic fact; tertiary evidence sufficient for controls_place
clm-rome-controls-bostra	cascade-audit-v2	approved	2026-03-17	high	Bulk-approved: well-established Roman geographic fact; tertiary evidence sufficient for controls_place
clm-rome-controls-britannia	cascade-audit-v2	approved	2026-03-17	high	Bulk-approved: well-established Roman geographic fact; tertiary evidence sufficient for controls_place
clm-rome-controls-caesarea	cascade-audit-v2	approved	2026-03-17	high	Bulk-approved: well-established Roman geographic fact; tertiary evidence sufficient for controls_place
clm-rome-controls-caesarea-cappadocia	cascade-audit-v2	approved	2026-03-17	high	Bulk-approved: well-established Roman geographic fact; tertiary evidence sufficient for controls_place
clm-rome-controls-capernaum	cascade-audit-v2	approved	2026-03-17	high	Bulk-approved: well-established Roman geographic fact; tertiary evidence sufficient for controls_place
clm-rome-controls-cappadocia	cascade-audit-v2	approved	2026-03-17	high	Bulk-approved: well-established Roman geographic fact; tertiary evidence sufficient for controls_place
clm-rome-controls-carthage	cascade-audit-v2	approved	2026-03-17	high	Bulk-approved: well-established Roman geographic fact; tertiary evidence sufficient for controls_place
clm-rome-controls-colossae	cascade-audit-v2	approved	2026-03-17	high	Bulk-approved: well-established Roman geographic fact; tertiary evidence sufficient for controls_place
clm-rome-controls-crete	cascade-audit-v2	approved	2026-03-17	high	Bulk-approved: well-established Roman geographic fact; tertiary evidence sufficient for controls_place
clm-rome-controls-cyprus	cascade-audit-v2	approved	2026-03-17	high	Bulk-approved: well-established Roman geographic fact; tertiary evidence sufficient for controls_place
clm-rome-controls-damascus	cascade-audit-v2	approved	2026-03-17	high	Bulk-approved: well-established Roman geographic fact; tertiary evidence sufficient for controls_place
clm-rome-controls-derbe	cascade-audit-v2	approved	2026-03-17	high	Bulk-approved: well-established Roman geographic fact; tertiary evidence sufficient for controls_place
clm-rome-controls-edessa	cascade-audit-v2	approved	2026-03-17	high	Bulk-approved: well-established Roman geographic fact; tertiary evidence sufficient for controls_place
clm-rome-controls-egypt	cascade-audit-v2	approved	2026-03-17	high	Bulk-approved: well-established Roman geographic fact; tertiary evidence sufficient for controls_place
clm-rome-controls-ephesus	cascade-audit-v2	approved	2026-03-17	high	Bulk-approved: well-established Roman geographic fact; tertiary evidence sufficient for controls_place
clm-rome-controls-galatia	cascade-audit-v2	approved	2026-03-17	high	Bulk-approved: well-established Roman geographic fact; tertiary evidence sufficient for controls_place
clm-rome-controls-galilee	cascade-audit-v2	approved	2026-03-17	high	Bulk-approved: well-established Roman geographic fact; tertiary evidence sufficient for controls_place
clm-rome-controls-gaul	cascade-audit-v2	approved	2026-03-17	high	Bulk-approved: well-established Roman geographic fact; tertiary evidence sufficient for controls_place
clm-rome-controls-hierapolis	cascade-audit-v2	approved	2026-03-17	high	Bulk-approved: well-established Roman geographic fact; tertiary evidence sufficient for controls_place
clm-rome-controls-jericho	cascade-audit-v2	approved	2026-03-17	high	Bulk-approved: well-established Roman geographic fact; tertiary evidence sufficient for controls_place
clm-rome-controls-jerusalem	cascade-audit-v2	approved	2026-03-17	high	Bulk-approved: well-established Roman geographic fact; tertiary evidence sufficient for controls_place
clm-rome-controls-joppa	cascade-audit-v2	approved	2026-03-17	high	Bulk-approved: well-established Roman geographic fact; tertiary evidence sufficient for controls_place
clm-rome-controls-laodicea	cascade-audit-v2	approved	2026-03-17	high	Bulk-approved: well-established Roman geographic fact; tertiary evidence sufficient for controls_place
clm-rome-controls-lydda	cascade-audit-v2	approved	2026-03-17	high	Bulk-approved: well-established Roman geographic fact; tertiary evidence sufficient for controls_place
clm-rome-controls-lyons	cascade-audit-v2	approved	2026-03-17	high	Bulk-approved: well-established Roman geographic fact; tertiary evidence sufficient for controls_place
clm-rome-controls-lystra	cascade-audit-v2	approved	2026-03-17	high	Bulk-approved: well-established Roman geographic fact; tertiary evidence sufficient for controls_place
clm-rome-controls-malta	cascade-audit-v2	approved	2026-03-17	high	Bulk-approved: well-established Roman geographic fact; tertiary evidence sufficient for controls_place
clm-rome-controls-miletus	cascade-audit-v2	approved	2026-03-17	high	Bulk-approved: well-established Roman geographic fact; tertiary evidence sufficient for controls_place
clm-rome-controls-nazareth	cascade-audit-v2	approved	2026-03-17	high	Bulk-approved: well-established Roman geographic fact; tertiary evidence sufficient for controls_place
clm-rome-controls-neocaesarea	cascade-audit-v2	approved	2026-03-17	high	Bulk-approved: well-established Roman geographic fact; tertiary evidence sufficient for controls_place
clm-rome-controls-nicopolis	cascade-audit-v2	approved	2026-03-17	high	Bulk-approved: well-established Roman geographic fact; tertiary evidence sufficient for controls_place
clm-rome-controls-patmos	cascade-audit-v2	approved	2026-03-17	high	Bulk-approved: well-established Roman geographic fact; tertiary evidence sufficient for controls_place
clm-rome-controls-pergamum	cascade-audit-v2	approved	2026-03-17	high	Bulk-approved: well-established Roman geographic fact; tertiary evidence sufficient for controls_place
clm-rome-controls-philadelphia	cascade-audit-v2	approved	2026-03-17	high	Bulk-approved: well-established Roman geographic fact; tertiary evidence sufficient for controls_place
clm-rome-controls-phrygia	cascade-audit-v2	approved	2026-03-17	high	Bulk-approved: well-established Roman geographic fact; tertiary evidence sufficient for controls_place
clm-rome-controls-pontus	cascade-audit-v2	approved	2026-03-17	high	Bulk-approved: well-established Roman geographic fact; tertiary evidence sufficient for controls_place
clm-rome-controls-rome-city	cascade-audit-v2	approved	2026-03-17	high	Bulk-approved: well-established Roman geographic fact; tertiary evidence sufficient for controls_place
clm-rome-controls-samaria	cascade-audit-v2	approved	2026-03-17	high	Bulk-approved: well-established Roman geographic fact; tertiary evidence sufficient for controls_place
clm-rome-controls-sardinia	cascade-audit-v2	approved	2026-03-17	high	Bulk-approved: well-established Roman geographic fact; tertiary evidence sufficient for controls_place
clm-rome-controls-sardis	cascade-audit-v2	approved	2026-03-17	high	Bulk-approved: well-established Roman geographic fact; tertiary evidence sufficient for controls_place
clm-rome-controls-sidon	cascade-audit-v2	approved	2026-03-17	high	Bulk-approved: well-established Roman geographic fact; tertiary evidence sufficient for controls_place
clm-rome-controls-smyrna	cascade-audit-v2	approved	2026-03-17	high	Bulk-approved: well-established Roman geographic fact; tertiary evidence sufficient for controls_place
clm-rome-controls-thessalonica	cascade-audit-v2	approved	2026-03-17	high	Bulk-approved: well-established Roman geographic fact; tertiary evidence sufficient for controls_place
clm-rome-controls-thyatira	cascade-audit-v2	approved	2026-03-17	high	Bulk-approved: well-established Roman geographic fact; tertiary evidence sufficient for controls_place
clm-rome-controls-troas	cascade-audit-v2	approved	2026-03-17	high	Bulk-approved: well-established Roman geographic fact; tertiary evidence sufficient for controls_place
clm-rome-controls-tyre	cascade-audit-v2	approved	2026-03-17	high	Bulk-approved: well-established Roman geographic fact; tertiary evidence sufficient for controls_place
clm-rufinus-active-alexandria	cascade-audit-v2	approved	2026-03-17	medium	Alexandria mentioned in excerpt but for Frumentius. Rufinus's own Alexandrian sojourn known from other sources. Weak inference.
clm-rufinus-active-jerusalem	cascade-audit-v2	approved	2026-03-17	medium	Jerusalem not in excerpt. Rufinus's Jerusalem years known from Jerome. Evidence downgraded.
clm-rufinus-active-rome	cascade-audit-v2	approved	2026-03-17	medium	Rome not in excerpt. Rufinus's Roman activity known from other sources. Evidence downgraded.
clm-rufinus-he-affirms-bartholomew-india	cascade-audit-v2	approved	2026-03-18T02:48:22Z	medium	Rufinus HE 1.9: Frumentius narrative mentions 'Bartholomew, one of the apostles' preached in India and left a copy of Matthew's Gospel. Explicitly names Bartholomew and India. Upgraded to supports.
clm-rufinus-he-affirms-ethiopia-christianized	cascade-audit-v2	approved	2026-03-17	high	Rufinus HE 1.9 (paraphrase): Frumentius/Aksum primary account. Explicit. Capped per paraphrase.
clm-rufinus-he-affirms-india	cascade-audit-v2	approved	2026-03-17	low	Rufinus HE 1.9 (paraphrase): 'sailed to India' but narrative is about Aksum. Loose ancient 'India' usage. Weak inference.
clm-rufinus-he-affirms-universal	cascade-audit-v2	approved	2026-03-17	medium	Rufinus HE 1.10 (paraphrase): 'gospel reached these parts.' Indirect for universal dominion. Capped.
clm-rufinus-he-by-rufinus	cascade-audit-v2	approved	2026-03-17	high	Rufinus HE 1.9 (paraphrase): self-evidential authorship. Capped per paraphrase.
clm-rufinus-he-mentions-bartholomew-india	cascade-audit-v2	approved	2026-03-18T02:56:13Z	low	Contextualizes-only evidence: psg-rufinus-he-1-9. work_mentions_proposition rufinus-ecclesiastical-history->bartholomew-preached-in-india is historically defensible but lacks direct supports passage. cert=probable. Upgradeable with fresh primary passage.
clm-rufinus-he-mentions-frumentius-bishop	cascade-audit-v2	approved	2026-03-18T02:56:13Z	low	Contextualizes-only evidence: psg-rufinus-he-1-10. work_mentions_proposition rufinus-ecclesiastical-history->christianity-established-in-ethiopia is historically defensible but lacks direct supports passage. cert=attested. Upgradeable with fresh primary passage.
clm-rufinus-he-mentions-india-reached	cascade-audit-v2	approved	2026-03-17	medium	Rufinus HE 1.10 (paraphrase): 'gospel reached these parts through apostolic mission.' Explicit India. Capped.
clm-rufinus-he-mentions-thomas-india	cascade-audit-v2	approved	2026-03-18T02:56:13Z	low	Contextualizes-only evidence: psg-rufinus-he-1-9. work_mentions_proposition rufinus-ecclesiastical-history->thomas-preached-in-india is historically defensible but lacks direct supports passage. cert=possible. Upgradeable with fresh primary passage.
clm-rufus-of-rome-active-rome	cascade-audit-v2	approved	2026-03-17	high	Rom 16:13: 'Rufus, chosen in the Lord' greeted in Rome. Explicit. Web verified.
clm-rufus-of-rome-roman-church	cascade-audit-v2	approved	2026-03-17	high	Rom 16:13: 'Rufus, chosen in the Lord.' Explicit church context. Web verified.
clm-sack-at-jerusalem	cascade-audit-v2	approved	2026-03-17	high	Josephus War 6.249-266: destruction of Jerusalem explicit. Primary source.
clm-sack-of-jerusalem-year	cascade-audit-v2	approved	2026-03-17	high	Repointed from Wikipedia to Josephus War 6.249-266. Josephus narrates temple destruction (70 CE). Primary source.
clm-sardinian-exile-at-sardinia	cascade-audit-v2	approved	2026-03-17	low	Passage excerpt does not mention Sardinia. Detail from Catalogus Liberianus. Evidence downgraded to contextualizes. Web verified.
clm-sardinian-exile-year	cascade-audit-v2	approved	2026-03-17	low	Passage excerpt (HE 6.20/6.43) does not mention Sardinia or exile. Year 235 from Catalogus Liberianus. Evidence downgraded to contextualizes. Web verified.
clm-saturninus-active-antioch	cascade-audit-v2	approved	2026-03-17	high	Dual evidence: HE 4.7.1-3 ('Saturninus came from Antioch') + AH 1.28.1 ('who flourished at Antioch'). Both verbatim, explicit.
clm-saturninus-member-docetists	cascade-audit-v2	approved	2026-03-18T02:56:13Z	low	Contextualizes-only evidence: psg-irenaeus-ah-1-24-1-2. member_of_group saturninus->docetists is historically defensible but lacks direct supports passage. cert=probable. Upgradeable with fresh primary passage.
clm-saturninus-opposes-incarnation	cascade-audit-v2	approved	2026-03-17	high	AH 1.28.1 (verbatim): 'The Saviour was unborn, incorporeal, without form, only appeared to be a man.' Explicit denial of incarnation.
clm-saturninus-opposes-ot-scripture	cascade-audit-v2	approved	2026-03-17	high	AH 1.28.1 (verbatim): 'The God of the Jews was one of the angels.' Strong inference that OT authority is denied.
clm-saturninus-opposes-passion	cascade-audit-v2	approved	2026-03-17	high	AH 1.28.1 (verbatim): 'unborn, incorporeal, without form, only appeared to be a man.' Strong inference: incorporeal saviour cannot truly suffer.
clm-saturninus-opposes-resurrection	cascade-audit-v2	approved	2026-03-17	high	AH 1.28.1 (verbatim): Gnostic anthropology (angel-made sparks) entails no bodily resurrection. Strong inference.
clm-second-corinthians-addressed-achaia	cascade-audit-v2	approved	2026-03-17	high	2 Cor 1:1 explicitly addresses 'all the saints in the whole of Achaia.' Verified.
clm-second-corinthians-addressed-corinth	cascade-audit-v2	approved	2026-03-17	high	2 Cor 1:1 explicitly addresses 'the church of God that is at Corinth.' Verified.
clm-second-corinthians-resurrection	cascade-audit-v2	approved	2026-03-17	high	2 Cor 4:14 explicit: 'he who raised the Lord Jesus will raise us also.' Verified.
clm-second-john-christ	cascade-audit-v2	approved	2026-03-17	high	2 John 1:7: 'those who do not confess that Jesus Christ has come in the flesh.' Explicit Christological affirmation. Web verified.
clm-second-peter-judgment	cascade-audit-v2	approved	2026-03-17	high	2 Pet 3:7: 'reserved for fire...day of judgment.' Explicit affirmation of coming judgment.
clm-second-thessalonians-addressed-thessalonica	cascade-audit-v2	approved	2026-03-17	high	2 Thess 1:1: 'to the church of the Thessalonians.' Direct. Cap for paraphrase.
clm-second-thessalonians-judgment	cascade-audit-v2	approved	2026-03-18T02:45:19Z	high	2 Thess 1:7-9 explicitly describes final judgment at Christ's return. Verified ESV.
clm-second-timothy-resurrection	cascade-audit-v2	approved	2026-03-17	high	2 Tim 2:8: 'Jesus Christ, risen from the dead.' Explicit resurrection proclamation.
clm-secundus-active-jerusalem	cascade-audit-v2	approved	2026-03-17	low	Acts 20:4 names Secundus but Jerusalem not in verse. Inferred from travel narrative.
clm-secundus-active-thessalonica	cascade-audit-v2	approved	2026-03-17	high	Acts 20:4 verified: 'Secundus of the Thessalonians.' Explicit.
clm-secundus-disciple	cascade-audit-v2	approved	2026-03-17	medium	Companion of Paul implies Christian. 'Disciple' label inferred. Assertion downgraded.
clm-secundus-member-thessalonian	cascade-audit-v2	approved	2026-03-17	medium	'Of the Thessalonians' indicates origin; church membership inferred from Christian travel context.
clm-sent-affirms-apostolic-succession	cascade-audit-v2	approved	2026-03-17T15:00:00Z	medium	B100: Episcopal collegiality presupposes apostolic authority. wt 0.8->0.6.
clm-sent-affirms-baptism-regen	cascade-audit-v2	approved	2026-03-17T15:00:00Z	medium	B100: 'True hope and certain faith' implies salvific efficacy but doesn't name regeneration. mode->strong_inference, wt 0.8->0.6.
clm-sent-affirms-baptism-water	cascade-audit-v2	approved	2026-03-17T15:00:00Z	medium	B100: Water not mentioned in Sent. 1; presupposed. Other sententiae cite John 3:5. mode->strong_inference, wt 0.8->0.6.
clm-sent-affirms-episcopal-unity	cascade-audit-v2	approved	2026-03-17T15:00:00Z	high	B100: 'No bishop of bishops' = strong episcopal unity doctrine. Near-verbatim paraphrase. mode->strong_inference, wt 1.0->0.85.
clm-sent-affirms-ot-authority	cascade-audit-v2	approved	2026-03-17	low	Existing contextualizes evidence only; no direct supports passage found in sententiae-episcoporum. Low-confidence approval per audit plan Cat A.
clm-sent-affirms-rebaptism	cascade-audit-v2	approved	2026-03-17T15:00:00Z	high	B100: Both verbatim passages explicitly support rebaptism. Sent. 1 + Sent. 87 confirmed against source. No changes needed.
clm-sent-affirms-rule-of-faith	cascade-audit-v2	approved	2026-03-17T15:00:00Z	medium	B100: 'Evangelical and apostolic testimony' = reference to received apostolic standard. Already strong_inference 0.8. No changes.
clm-sent-affirms-threefold-ministry	cascade-audit-v2	approved	2026-03-17	low	Existing contextualizes evidence only; no direct supports passage found in sententiae-episcoporum. Low-confidence approval per audit plan Cat A.
clm-sent-affirms-trinitarian-baptism	cascade-audit-v2	approved	2026-03-17	low	Existing contextualizes evidence only; no direct supports passage found in sententiae-episcoporum. Low-confidence approval per audit plan Cat A.
clm-sent-mentions-penance	cascade-audit-v2	approved	2026-03-17	low	Existing contextualizes evidence only; no direct supports passage found in sententiae-episcoporum. Low-confidence approval per audit plan Cat A.
clm-sententiae-by-cyprian	cascade-audit-v2	approved	2026-03-17T15:00:00Z	medium	B100: Cyprian presides as council president. Near-verbatim paraphrase cap. mode->strong_inference, wt 1.0->0.85.
clm-sententiae-written-carthage	cascade-audit-v2	approved	2026-03-17T15:00:00Z	medium	B100: Carthage named in full proem but omitted from paraphrase. PARAPHRASE_OMISSION. mode->strong_inference, wt 1.0->0.8.
clm-sergius-paulus-active-paphos	cascade-audit-v2	approved	2026-03-17	high	Acts 13:4-12: 'Sergius Paulus' at Paphos. Explicit.
clm-sergius-paulus-disciple	cascade-audit-v2	approved	2026-03-17	high	Acts 13:4-12: 'Sergius Paulus believes.' Explicit.
clm-sermon-at-galilee	cascade-audit-v2	approved	2026-03-17	high	Matt 5-7: Sermon on Mount set in Galilee. Matt 4:23-5:1 explicit.
clm-sermon-year	cascade-audit-v2	approved	2026-03-17	medium	Matt 7:28-29: Sermon on Mount conclusion. Year 28 from Galilean ministry timeline.
clm-shapur-active-seleucia	cascade-audit-v2	approved	2026-03-18T02:31:18Z	medium	Aphrahat Dem. 21 (paraphrase): discusses Shapur II's persecution of Christians. Seleucia-Ctesiphon not named in excerpt but was the Sasanian winter capital where Shapur held court. The passage attests Shapur's anti-Christian activity in the region. cert=attested.
clm-shapur-in-persecution	cascade-audit-v2	approved	2026-03-17	high	Sozomen HE 2.9: 'Shapur...oppressed the Christians.' Explicit. Verified.
clm-shapur-persecution-at-seleucia	cascade-audit-v2	approved	2026-03-17	low	TERTIARY_ONLY: Wikipedia excerpt doesn't mention Shapur II's persecution. Only contextualizes Seleucia-Ctesiphon as Church of the East center. Needs primary evidence (Aphrahat, Acts of Martyrs). Downgraded. Web verified.
clm-shapur-persecution-year	cascade-audit-v2	approved	2026-03-17	low	TERTIARY_ONLY: Wikipedia excerpt doesn't mention year 340 or Shapur II. Downgraded to contextualizes. Needs primary evidence. Web verified.
clm-silas-active-antioch	cascade-audit-v2	approved	2026-03-17T11:00:00Z	medium	B092: Acts 15:40 paraphrase; Silas named. mode->strong_inference, wt 0.8->0.7.
clm-silas-active-berea	cascade-audit-v2	approved	2026-03-17T11:00:00Z	medium	B092: Acts 17:10-15 paraphrase; companions, Silas not named. mode->strong_inference, wt 1.0->0.65.
clm-silas-active-corinth	cascade-audit-v2	approved	2026-03-17T11:00:00Z	medium	B092: Acts 18:1-11 paraphrase; companions, Silas not named in excerpt. mode->strong_inference, wt 1.0->0.65.
clm-silas-active-jerusalem	cascade-audit-v2	approved	2026-03-18T02:31:18Z	high	Acts 15:1-29 (paraphrase): Silas chosen at Jerusalem council as envoy to Antioch. Jerusalem explicitly named, Silas explicitly named. Verified ESV: 'Judas called Barsabbas, and Silas' (Acts 15:22). cert=attested.
clm-silas-active-lystra	cascade-audit-v2	approved	2026-03-17T11:00:00Z	medium	B092: Acts 16:1-3 paraphrase; excerpt focuses on Timothy; Silas implied. mode->strong_inference, wt (unscored)->0.45. Garbage note replaced.
clm-silas-active-philippi	cascade-audit-v2	approved	2026-03-17T11:00:00Z	medium	B092: Acts 16:11-15 paraphrase; mission at Philippi; Silas not named. mode->strong_inference, wt 0.8->0.55.
clm-silas-active-thessalonica	cascade-audit-v2	approved	2026-03-17T11:00:00Z	high	B092: Acts 17:1-9 paraphrase; Silas directly named. mode->strong_inference, wt 1.0->0.9.
clm-silas-coworker-timothy	cascade-audit-v2	approved	2026-03-17T11:00:00Z	high	B092: 1Thess 1:1 paraphrase; Silvanus and Timothy directly named. mode->strong_inference, wt 1.0->0.9.
clm-silas-in-council-jerusalem	cascade-audit-v2	approved	2026-03-17T11:00:00Z	high	B092: Acts 15:1-29 paraphrase wt 0.9->0.7 (Silas not named); Acts 15:22-29 paraphrase wt 1.0->0.9 (Silas named). mode->strong_inference both.
clm-silas-member-antioch-church	cascade-audit-v2	approved	2026-03-17T11:00:00Z	medium	B092: Acts 15:40 paraphrase; membership implied. mode->strong_inference, wt 0.7->0.6.
clm-silas-member-disciples	cascade-audit-v2	approved	2026-03-17	low	Approved with contextualizes evidence; well-established member_of_group fact
clm-silas-member-jerusalem-church	cascade-audit-v2	approved	2026-03-17T11:00:00Z	high	B092: Acts 15:1-29 wt 0.8->0.55 (Silas not named); Acts 15:22-29 wt 0.9->0.8 (Silas named). mode->strong_inference both.
clm-silas-member-philippian	cascade-audit-v2	approved	2026-03-17T11:00:00Z	medium	B092: Acts 16:11-15 paraphrase; Silas implied but not named. mode->strong_inference, wt 0.7->0.5.
clm-simeon-called-niger-active-antioch	cascade-audit-v2	approved	2026-03-17	high	Acts 13:1: 'Simeon called Niger' in Antioch church. Explicit.
clm-simeon-called-niger-antioch-church	cascade-audit-v2	approved	2026-03-17	high	Acts 13:1: 'In the church at Antioch...Simeon called Niger.' Explicit.
clm-simeon-niger-coworker-paul	cascade-audit-v2	approved	2026-03-17T00:00:16Z	high	Acts 13:1 explicitly lists Simeon Niger and Saul together as prophets/teachers at Antioch. Verified WEB.
clm-simon-magus-active-samaria	cascade-audit-v2	approved	2026-03-17	high	Acts 8:9 (verbatim): 'practised sorcery in the city and amazed all the people of Samaria.' Explicit.
clm-simon-magus-member-samaritans	cascade-audit-v2	approved	2026-03-17	medium	Acts 8:9 (verbatim): Simon in Samaria. Irenaeus calls him 'the Samaritan.' Strong inference for group membership.
clm-simon-magus-opposes-apostolic-succession	cascade-audit-v2	approved	2026-03-17	medium	AH 1.23.1 (verbatim): Simon claimed supreme divine Power — implicitly rivals apostolic authority. Strong inference is correct.
clm-simon-magus-opposes-ot-scripture	cascade-audit-v2	approved	2026-03-17	medium	AH 1.23.1 (verbatim): Simon's supreme Power system implicitly opposes OT God. Strong inference correct.
clm-simon-tanner-member-disciples	cascade-audit-v2	approved	2026-03-17	medium	Acts 9:43: Peter stays with Simon. Disciple status inferred from context.
clm-simon-the-tanner-active-joppa	cascade-audit-v2	approved	2026-03-17	high	Acts 9:43: 'Peter stayed in Joppa with Simon the tanner.' Explicit.
clm-sirach-authored-by-ben-sira	cascade-audit-v2	approved	2026-03-17	high	Sirach Prologue: Translator explicitly names 'my grandfather Jesus' as the author.
clm-sirach-repentance	cascade-audit-v2	approved	2026-03-17	high	Sir 5:7 explicitly exhorts repentance: 'Do not delay turning to the Lord.'
clm-socrates-he-affirms-ethiopia	cascade-audit-v2	approved	2026-03-17	high	HE 1.19: 'Frumentius, shipwrecked in Ethiopia...consecrated bishop by Athanasius.' Explicit Aksum/Ethiopia account. Web verified.
clm-socrates-he-by-socrates	cascade-audit-v2	approved	2026-03-17	high	Socrates HE 1.19 verified: detailed Frumentius/Aksum account. Self-attribution confirmed (names himself HE 5.24). Web verified against newadvent.org.
clm-sopater-active-berea	cascade-audit-v2	approved	2026-03-17	high	Acts 20:4: 'Sopater of Berea.' Directly names origin.
clm-sopater-active-jerusalem	cascade-audit-v2	approved	2026-03-17	medium	Acts 20:4: companion listed. Jerusalem inferred from travel narrative context.
clm-sopater-disciple	cascade-audit-v2	approved	2026-03-17	medium	Acts 20:4: companion of Paul. Discipleship inferred.
clm-sosthenes-active-corinth	cascade-audit-v2	approved	2026-03-17	high	Acts 18:12-17: 'Sosthenes' beaten before tribunal in Corinth. Explicit.
clm-sosthenes-member-corinthian	cascade-audit-v2	approved	2026-03-17	medium	Acts 18:17: Sosthenes synagogue ruler. Church membership inferred from 1 Cor 1:1 co-sender.
clm-stachys-active-rome	cascade-audit-v2	approved	2026-03-17	high	Rom 16:9: 'Stachys' greeted in Rome. Explicit. Web verified.
clm-stachys-roman-church	cascade-audit-v2	approved	2026-03-17	high	Rom 16:9: 'Stachys...fellow worker in Christ.' Explicit church context. Web verified.
clm-stephanas-active-corinth	cascade-audit-v2	approved	2026-03-17	medium	1 Cor 16:15-18: 'first converts in Achaia.' Corinth inferred as Achaian capital.
clm-stephanas-active-ephesus	cascade-audit-v2	approved	2026-03-18T02:56:13Z	low	Contextualizes-only evidence: psg-acts-19-1-10. active_in stephanas->ephesus is historically defensible but lacks direct supports passage. cert=probable. Upgradeable with fresh primary passage.
clm-stephanas-member-corinthian	cascade-audit-v2	approved	2026-03-17	medium	1 Cor 16:15-18: Corinthian church membership inferred from first converts in Achaia.
clm-stephen-active-jerusalem	cascade-audit-v2	approved	2026-03-16T23:26:24Z	high	Superseded: active_in derivable from event/work claims (R8), narrow year range.
clm-stephen-i-affirms-apostolic-succession	cascade-audit-v2	approved	2026-03-17	medium	Fixed: HE 7.3 says Stephen invoked 'tradition' but does not use the term 'apostolic succession.' Claim object is strong_inference from Stephen's appeal to tradition. Paraphrase telescopes HE 7.2-7.5. Capped.
clm-stephen-i-bishop-rome	cascade-audit-v2	approved	2026-03-17	high	Verified: HE 7.2 — 'Lucius... transmitted his office to Stephen.' Explicit episcopal succession identifying Stephen as bishop of Rome. Capped for paraphrase.
clm-stephen-i-member-roman-church	cascade-audit-v2	approved	2026-03-17	high	Verified: HE 7.2 identifies Stephen as bishop of Rome. Membership in Roman church is strong_inference from episcopal role. Downgraded from explicit; capped.
clm-stephen-i-opposes-rebaptism	cascade-audit-v2	approved	2026-03-17	high	Verified: HE 7.3 — 'Stephen considering it unnecessary to add any innovation contrary to the tradition... was very indignant.' Explicit opposition to rebaptism. Paraphrase embellished (communion threat from HE 7.5). Capped.
clm-stephen-in-jerusalem-persecution	cascade-audit-v2	approved	2026-03-17	high	Acts 8:1-3: persecution follows Stephen's death. Stephen is trigger. Cap for subject omission.
clm-stephen-in-martyrdom	cascade-audit-v2	approved	2026-03-17	high	Acts 7:54-60: Stephen stoned. Direct. Cap for paraphrase.
clm-stephen-jerusalem-church	cascade-audit-v2	approved	2026-03-17	medium	Acts 7:54-60 describes martyrdom. Church membership from Acts 6:5. Assertion downgraded.
clm-stephens-martyrdom-at-jerusalem	cascade-audit-v2	approved	2026-03-17	high	Acts 7:54-60: 'Stephen stoned outside Jerusalem.' Explicit.
clm-stephens-martyrdom-year	cascade-audit-v2	approved	2026-03-17	medium	Acts 7:54-60: Stephen stoned. Year 34 from early persecution timeline.
clm-strom-affirms-apostolic-succession	cascade-audit-v2	approved	2026-03-17	high	Strom. 7.17.105-108 explicitly names apostolic tradition from Peter, James, John, Paul. Excellent evidence.
clm-strom-affirms-continual-prayer	cascade-audit-v2	approved	2026-03-17	high	Strom. 7.7.43-45 explicitly describes unceasing prayer in every place and time. Excellent evidence.
clm-strom-affirms-fasting	cascade-audit-v2	approved	2026-03-18T02:48:22Z	medium	Strom. 3.18.109: Clement discusses ascetic discipline including fasting in context of encratite controversy. Fasting affirmed as legitimate practice while rejecting extreme asceticism. Upgraded to supports.
clm-strom-affirms-incarnation	cascade-audit-v2	approved	2026-03-18T02:48:22Z	medium	Strom. 7.7.43-45: Clement discusses the Logos who 'assumed flesh' for human salvation. Incarnation explicitly affirmed in gnostic-apologetic context. Upgraded to supports.
clm-strom-affirms-logos	cascade-audit-v2	approved	2026-03-18T02:48:22Z	medium	Strom. 1.5.28: Clement discusses the Logos as divine teacher and revealer, pre-existent Son through whom all things were made. Upgraded to supports.
clm-strom-affirms-philosophy-schoolmaster	cascade-audit-v2	approved	2026-03-17	high	Strom. 1.5.28 explicitly: philosophy as schoolmaster for the Hellenic mind to Christ. Perfect passage-claim match.
clm-strom-affirms-rule-of-faith	cascade-audit-v2	approved	2026-03-17	high	Strom. 7.17.105-108: 'apostolic and ecclesiastical standard of doctrine'. Explicit rule of faith.
clm-strom-affirms-virginity-honored	cascade-audit-v2	approved	2026-03-17	medium	Strom. 3.18.109 paraphrase: virginity praised as nobler vocation. Good match but paraphrase-capped at medium confidence.
clm-stromata-by-clement	cascade-audit-v2	approved	2026-03-17	high	Self-attesting passage from Stromateis. Authorship by Clement universally accepted.
clm-stromateis-written-at-alexandria	cascade-audit-v2	approved	2026-03-17	low	Only contextualizes evidence; passage doesn't mention Alexandria. Location inferred from Clement's biography.
clm-synod-bostra-occurs-at-bostra	cascade-audit-v2	approved	2026-03-17	medium	LOCATOR ERROR: HE 6.19 = Porphyry, not Synod of Bostra (HE 6.33). Excerpt mentions 'Beryllus of Bostra' — Bostra location inferred but synod details absent. Downgraded to weak_inference. Web verified.
clm-synod-bostra-year	cascade-audit-v2	approved	2026-03-17	medium	LOCATOR ERROR: HE 6.19 ≠ Synod (HE 6.33). Year 244 not in this passage. Downgraded to weak_inference. Web verified.
clm-syntyche-active-philippi	cascade-audit-v2	approved	2026-03-17	high	Phil 4:2-3: 'Syntyche...struggled beside me in the gospel.' Explicit. Web verified.
clm-syntyche-philippian-church	cascade-audit-v2	approved	2026-03-17	high	Phil 4:2-3: Syntyche in Philippian church context. Explicit. Web verified.
clm-tabitha-active-joppa	cascade-audit-v2	approved	2026-03-17	high	Acts 9:36: 'In Joppa, the disciple Tabitha.' Explicit.
clm-tabitha-member-disciples	cascade-audit-v2	approved	2026-03-17	high	Acts 9:36: 'The disciple Tabitha.' Explicit.
clm-tatian-active-antioch	cascade-audit-v2	approved	2026-03-18T02:56:13Z	low	Contextualizes-only evidence: psg-tatian-oration-6. active_in tatian-the-assyrian->antioch is historically defensible but lacks direct supports passage. cert=probable. Upgradeable with fresh primary passage.
clm-tatian-active-rome	cascade-audit-v2	approved	2026-03-18T02:31:18Z	medium	Oration to the Greeks 4 (verbatim): 'We are not fools, men of Greece.' Rome not named in excerpt. Tatian's Rome association from Irenaeus AH 1.28.1 and Eusebius HE 4.29. cert=probable.
clm-tatian-affirms-gospel-harmony	cascade-audit-v2	approved	2026-03-16T23:26:24Z	high	Superseded: person_*_proposition covered by work_*_proposition (R2).
clm-tatian-coworker-justin	cascade-audit-v2	approved	2026-03-18T02:56:13Z	low	Contextualizes-only evidence: psg-tatian-oration-4. coworker_of justin-martyr->tatian-the-assyrian is historically defensible but lacks direct supports passage. cert=probable. Upgradeable with fresh primary passage.
clm-tatian-member-roman-church	cascade-audit-v2	approved	2026-03-17	medium	Oration 4: Christian apologist in Rome under Justin. Church membership inferred.
clm-temple-at-jerusalem	cascade-audit-v2	approved	2026-03-17	high	Mark 11:15: 'Jesus entered the temple in Jerusalem.' Explicit.
clm-temple-year	cascade-audit-v2	approved	2026-03-17	medium	Mark 11:15-18: Temple cleansing. Year 30 from passion timeline.
clm-tertullian-active-carthage	cascade-audit-v2	approved	2026-03-18T02:31:18Z	medium	Apol. 39 (verbatim): 'We are a body knit together by a common religious profession.' Carthage not named in this excerpt but the Apologeticum is universally attributed to Carthage. Jerome De Viris 53 explicitly names Carthage. cert=attested.
clm-tertullian-active-rome	cascade-audit-v2	needs_revision	2026-03-17	low	No direct evidence Tertullian was active in Rome. De Praescr. 36 shows familiarity but not presence. HE 6.19 evidence deleted (about Origen). Needs Jerome or other evidence.
clm-tertullian-affirms-catechumenate	cascade-audit-v2	approved	2026-03-16T23:26:24Z	high	Superseded: person_*_proposition covered by work_*_proposition (R2).
clm-tertullian-affirms-eucharist-sacrifice	cascade-audit-v2	approved	2026-03-17	medium	Adv. Marc. 4.40 discusses eucharistic body/figure; sacrificial reading inferred. Mode capped at strong_inference.
clm-tertullian-affirms-fasting	cascade-audit-v2	approved	2026-03-17	medium	De Ieiunio 10 explicitly defends Montanist fasting. Source_id fixed from de-oratione to de-ieiunio.
clm-tertullian-affirms-succession	cascade-audit-v2	approved	2026-03-17	high	De Praescr. 36 explicitly names apostolic succession chains (Clement from Peter, Polycarp from John).
clm-tertullian-develops-trinitarian-formula	cascade-audit-v2	approved	2026-03-17	high	Adv. Prax. 2 and 9: explicit trinitarian formula with tres personae una substantia vocabulary. Excellent evidence.
clm-tertullian-member-carthage	cascade-audit-v2	approved	2026-03-17	high	Apol. 39 uses explicit we membership language for Carthaginian Christian community.
clm-tertullian-member-montanists	cascade-audit-v2	approved	2026-03-18T02:56:13Z	low	Contextualizes-only evidence: psg-tertullian-adv-prax-2, psg-tertullian-de-carne-5. member_of_group tertullian->montanists is historically defensible but lacks direct supports passage. cert=probable. Upgradeable with fresh primary passage.
clm-tertullian-originated-carthage	cascade-audit-v2	approved	2026-03-17	low	Weak inferential evidence only (De Praescr. 36 implies African location). Carthaginian origin widely accepted but direct textual evidence is limited.
clm-tertullian-teacher-cyprian	cascade-audit-v2	approved	2026-03-18T02:56:13Z	low	Contextualizes-only evidence: psg-eusebius-he-6-20-43. teacher_of tertullian->cyprian-of-carthage is historically defensible but lacks direct supports passage. cert=probable. Upgradeable with fresh primary passage.
clm-tertullus-active-caesarea	cascade-audit-v2	approved	2026-03-17	high	Acts 24:1: 'Tertullus' presents case at Caesarea. Both explicit. Web verified.
clm-theophilus-active-zafar	cascade-audit-v2	approved	2026-03-16T23:26:24Z	high	Superseded: active_in derivable from event/work claims (R8), narrow year range.
clm-theophilus-bishop-antioch	cascade-audit-v2	approved	2026-03-17	medium	Autol. 2.10 = Logos theology, not bishopric. Downgraded to strong_inference. Bishopric from Eusebius HE 4.20.
clm-theophilus-member-arabian	cascade-audit-v2	approved	2026-03-17	low	WEAK: Theophilus was from Divus (Socotra), sent TO Arabia as ambassador. He was an external missionary who built churches, not a local member of the Arabian Christians. Downgraded from explicit to weak_inference. Acceptable as possible inference.
clm-theophilus-mission-at-zafar	cascade-audit-v2	approved	2026-03-17	high	Philostorgius HE 3.4-6 verified via Photius epitome: Theophilus sent to Homeritae, Zafar named as capital. Lost work exception. Web verified at CCEL.
clm-theophilus-mission-year	cascade-audit-v2	approved	2026-03-17	high	Philostorgius HE 3.4-6 verified: Constantius embassy c. 354. Lost work exception. Web verified.
clm-theophilus-participant-himyar-mission	cascade-audit-v2	approved	2026-03-17	high	Verified: Philostorgius HE 3.4 — 'At the head of this embassy was placed Theophilus the Indian.' Explicit participant. Capped for paraphrase.
clm-thomas-active-galilee	cascade-audit-v2	approved	2026-03-17	medium	Verified: Matt 10:2-4 lists Thomas among Twelve. Galilee inferred from ministry setting.
clm-thomas-active-india	cascade-audit-v2	approved	2026-03-17	medium	Acts of Thomas 27 set in India (narrative frame). Philostorgius HE 3.6 mentions Bartholomew not Thomas — downgraded to 0.3. Claimed_tradition certainty appropriate.
clm-thomas-active-jerusalem	cascade-audit-v2	approved	2026-03-16T23:26:24Z	high	Superseded: active_in derivable from event/work claims (R8), narrow year range.
clm-thomas-affirms-thomas-india	cascade-audit-v2	approved	2026-03-17	medium	Fixed: Old evidence (Hymn of Pearl = allegory, MISLINK) replaced by Acts of Thomas 1-2 (India allotted to Thomas by lot). Fresh passage created.
clm-thomas-disciple	cascade-audit-v2	approved	2026-03-17	high	Verified: Matt 10:2-4 lists Thomas among the Twelve. Explicit.
clm-thomas-in-pentecost	cascade-audit-v2	approved	2026-03-17	medium	Verified: Acts 1:13 names Thomas in upper room. Pentecost inferred.
clm-timothy-active-antioch	cascade-audit-v2	approved	2026-03-17	low	Approved with contextualizes evidence; well-established active_in fact
clm-timothy-active-berea	cascade-audit-v2	approved	2026-03-17T16:00:00Z	medium	B102: Acts 17:14 names Timothy at Berea. Paraphrase says 'companions'. mode->strong_inference, wt 1.0->0.8.
clm-timothy-active-corinth	cascade-audit-v2	approved	2026-03-17T16:00:00Z	medium	B102: 1Thess 1:1 names Timothy. Corinth inferred from writing context. mode->strong_inference, wt 0.7->0.5.
clm-timothy-active-lystra	cascade-audit-v2	approved	2026-03-17T16:00:00Z	high	B102: Acts 16:1 explicitly names Timothy at Lystra. Paraphrase cap only. mode->strong_inference, wt 1.0->0.85.
clm-timothy-active-philippi	cascade-audit-v2	approved	2026-03-17	low	Approved with contextualizes evidence; well-established active_in fact
clm-timothy-active-rome	cascade-audit-v2	approved	2026-03-17T16:00:00Z	medium	B102: Phil 1:1 names Timothy. Rome inferred from imprisonment. mode->strong_inference, wt 0.7->0.5.
clm-timothy-active-thessalonica	cascade-audit-v2	approved	2026-03-17T16:00:00Z	medium	B102: Acts 17:1-9 names only Paul/Silas. Timothy traveling with them but not named in passage. mode->strong_inference, wt 0.7->0.5.
clm-timothy-bishop-ephesus	cascade-audit-v2	approved	2026-03-17T16:00:00Z	medium	B102: 1Tim 1:3 'stay at Ephesus'. Timothy+Ephesus named. 'Bishop' inferred from oversight charge. mode->strong_inference, wt 0.9->0.7.
clm-timothy-coworker-epaphroditus	cascade-audit-v2	needs_revision	2026-03-17	medium	MISLINK: Phil 2:25-30 names Epaphroditus as Paul's coworker. Timothy NOT mentioned in this passage. Need Phil 1:1 for Timothy connection.
clm-timothy-disciple	cascade-audit-v2	approved	2026-03-17T16:00:00Z	high	B102: Acts 16:1 'A disciple was there, named Timothy' — explicit. Paraphrase cap only. mode->strong_inference, wt 1.0->0.85.
clm-timothy-member-ephesian-church	cascade-audit-v2	approved	2026-03-17T16:00:00Z	medium	B102: 1Tim 1:3 stations Timothy at Ephesus. 'Member' inferred from leadership. mode->strong_inference, wt 0.8->0.65.
clm-timothy-member-philippian	cascade-audit-v2	approved	2026-03-17T16:00:00Z	medium	B102: Phil 1:1 co-addresses Philippians. 'Member' inferred from co-sender. mode->strong_inference, wt 0.7->0.5.
clm-titius-justus-active-corinth	cascade-audit-v2	approved	2026-03-17	high	Acts 18:7: 'Titius Justus' in Corinth. Explicit.
clm-titius-justus-member-corinthian	cascade-audit-v2	approved	2026-03-17	medium	Acts 18:7: Paul stays with Justus. Church membership inferred from context.
clm-titus-active-corinth	cascade-audit-v2	approved	2026-03-17	medium	2 Cor 8:23 (paraphrase): Titus as partner, sent to Corinth.
clm-titus-active-dalmatia	cascade-audit-v2	approved	2026-03-17	high	2 Tim 4:10 (paraphrase): 'Titus to Dalmatia.' Explicit naming.
clm-titus-active-jerusalem	cascade-audit-v2	approved	2026-03-17	medium	Gal 2:1-10 (paraphrase): Titus taken to Jerusalem by Paul. Weight 0.8 fair for paraphrase omission.
clm-titus-addressed-crete	cascade-audit-v2	approved	2026-03-17	high	Titus 1:5: 'I left Titus in Crete.' Explicit.
clm-titus-bishop-crete	cascade-audit-v2	approved	2026-03-17	medium	Titus 1:5 (paraphrase): 'appoint elders in every town.' Traditional bishopric interpretation.
clm-titus-by-paul	cascade-audit-v2	approved	2026-03-18T02:56:13Z	low	Contextualizes-only evidence: psg-irenaeus-ah-3-1-1. authored_by epistle-to-titus->paul is historically defensible but lacks direct supports passage. cert=probable. Upgradeable with fresh primary passage.
clm-titus-member-corinthian	cascade-audit-v2	approved	2026-03-17	medium	2 Cor 8:23 (paraphrase): Titus as Paul's delegate to Corinth. Membership inferred from co-worker role.
clm-titus-member-disciples	cascade-audit-v2	approved	2026-03-17	high	Titus 1:4 (verbatim): 'my true son in our common faith.' Explicit. Mislinked Acts 16:3 about Timothy downgraded.
clm-torture-decius-occurs-at-caesarea	cascade-audit-v2	approved	2026-03-17	medium	LOCATOR ERROR: HE 6.19 = Porphyry, not Origen's torture (HE 6.39). Excerpt mentions Caesarea for ordination, not torture. Downgraded to weak_inference. Web verified.
clm-torture-decius-year	cascade-audit-v2	approved	2026-03-17	medium	LOCATOR ERROR: HE 6.19 ≠ torture. Year 250 not in HE 6.19. Downgraded to weak_inference. Web verified.
clm-trophimus-active-asia	cascade-audit-v2	approved	2026-03-17	high	Acts 20:4 verified: 'the Asians, Tychicus and Trophimus.' Explicit. Paraphrase incomplete.
clm-trophimus-active-jerusalem	cascade-audit-v2	approved	2026-03-17	high	Acts 21:29 verified: Trophimus the Ephesian seen with Paul in Jerusalem. Explicit.
clm-trophimus-active-miletus	cascade-audit-v2	approved	2026-03-17	high	2 Tim 4:20 verified: 'Trophimus I left ill at Miletus.' Explicit.
clm-trophimus-disciple	cascade-audit-v2	approved	2026-03-17	medium	Companion of Paul implies Christian. 'Disciple' label inferred.
clm-tryphaena-active-rome	cascade-audit-v2	approved	2026-03-17	high	Rom 16:12: 'Tryphaena' greeted in Rome. Explicit. Web verified.
clm-tryphaena-roman-church	cascade-audit-v2	approved	2026-03-17	high	Rom 16:12: 'Tryphaena...workers in the Lord.' Explicit church context. Web verified.
clm-tryphosa-active-rome	cascade-audit-v2	approved	2026-03-17	high	Rom 16:12: 'Tryphosa' greeted in Rome. Explicit. Web verified.
clm-tryphosa-roman-church	cascade-audit-v2	approved	2026-03-17	high	Rom 16:12: 'Tryphosa...workers in the Lord.' Explicit church context. Web verified.
clm-tychicus-active-asia	cascade-audit-v2	approved	2026-03-17	high	Acts 20:4 verified: 'the Asians, Tychicus and Trophimus.' Explicit. Paraphrase incomplete.
clm-tychicus-active-ephesus	cascade-audit-v2	approved	2026-03-17	high	2 Tim 4:12 verified: 'Tychicus I have sent to Ephesus.' Explicit.
clm-tychicus-active-jerusalem	cascade-audit-v2	approved	2026-03-17	low	Acts 20:4 names Tychicus but Jerusalem not in verse. Inferred from travel narrative. Paraphrase omits Tychicus.
clm-tychicus-disciple	cascade-audit-v2	approved	2026-03-17	medium	Companion of Paul implies Christian. 'Disciple' label inferred.
clm-tyrannus-active-ephesus	cascade-audit-v2	approved	2026-03-17	high	Acts 19:9: 'hall of Tyrannus.' Ephesus context. Verified.
clm-urban-i-bishop-rome	cascade-audit-v2	approved	2026-03-17	medium	HE 6.21: 'Callistus...was succeeded by Urbanus.' Excerpt omits Urban I but composite passage covers it. Web verified.
clm-urban-i-member-roman-church	cascade-audit-v2	approved	2026-03-17	medium	HE 6.21 confirms Urbanus as Roman bishop. Membership implied by episcopate. Web verified.
clm-urbanus-active-rome	cascade-audit-v2	approved	2026-03-17	high	Rom 16:9: 'Urbanus' greeted in Rome. Explicit. Web verified.
clm-urbanus-roman-church	cascade-audit-v2	approved	2026-03-17	high	Rom 16:9: 'Urbanus, our coworker in Christ.' Explicit church context. Web verified.
clm-valentinians-at-alexandria	cascade-audit-v2	approved	2026-03-18T02:54:20Z	low	Valentinus taught in Alexandria before Rome (Irenaeus AH 3.4.3, Epiphanius). AH 1.10.1 contextualizes (rule of faith, not Valentinian geography). Approved low — needs AH 3.4.3 or Clement Strom. reference.
clm-valentinians-at-antioch	cascade-audit-v2	approved	2026-03-18T02:54:20Z	low	Valentinian presence at Antioch less well-attested. AH 1.11.1 discusses Valentinian doctrine, not geography. Approved low — needs primary geographic attestation.
clm-valentinians-at-carthage	cascade-audit-v2	approved	2026-03-18T02:54:20Z	low	Valentinian presence at Carthage attested by Tertullian's anti-Valentinian writings (Adv. Val.). AH 1.11.1 contextualizes doctrine. Approved low — needs Tertullian Adv. Val. passage.
clm-valentinians-at-egypt	cascade-audit-v2	approved	2026-03-17	low	AH 1.11.1 names Valentinus's school but doesn't mention Egypt. Valentinus's Alexandrian education inferred from other sources. Weak but tolerable at low weight.
clm-valentinians-at-ephesus	cascade-audit-v2	approved	2026-03-18T02:54:20Z	low	Valentinian presence at Ephesus plausible (Asia Minor was a Gnostic stronghold). AH 1.11.1 + Wikipedia contextualizes. Approved low — needs specific Ephesus attestation.
clm-valentinians-at-gaul	cascade-audit-v2	approved	2026-03-18T02:54:20Z	low	Irenaeus wrote AH in Gaul specifically to combat Valentinian influence there. HE 5.1 (Lyons persecution letter) contextualizes. Approved low — the strongest case of all these, but needs AH preface passage.
clm-valentinians-present-rome	cascade-audit-v2	approved	2026-03-17	high	AH 3.4.3 (paraphrase): 'Valentinus came to Rome in the time of Hyginus.' Explicit. Capped per paraphrase.
clm-valentinians-schismed-from-roman	cascade-audit-v2	approved	2026-03-18T02:56:13Z	low	Contextualizes-only evidence: psg-irenaeus-ah-1-11-1. group_schismed_from valentinians->roman-church is historically defensible but lacks direct supports passage. cert=probable. Upgradeable with fresh primary passage.
clm-valentinus-active-alexandria	cascade-audit-v2	approved	2026-03-18T02:56:13Z	low	Contextualizes-only evidence: psg-eusebius-he-4-11-1-4. active_in valentinus->alexandria is historically defensible but lacks direct supports passage. cert=probable. Upgradeable with fresh primary passage.
clm-valentinus-active-rome	cascade-audit-v2	approved	2026-03-17	high	HE 4.11.1-4 (verbatim): 'Valentinus came to Rome under Hyginus, flourished under Pius, remained until Anicetus.' Explicit.
clm-valentinus-member-valentinians	cascade-audit-v2	approved	2026-03-17	high	HE 4.11.1-4 (verbatim): 'each founding a distinct school.' Valentinus founded Valentinianism. Explicit.
clm-victor-affirms-succession	cascade-audit-v2	approved	2026-03-17	medium	HE 5.24 reports Irenaeus's mediation, not Victor's own succession theology. Victor's authority exercise implies succession claims. Downgraded to strong_inference.
clm-victor-bishop-rome	cascade-audit-v2	approved	2026-03-17	high	Verified: HE 5.24 names Victor as bishop of Rome. Explicit.
clm-victor-in-quartodeciman	cascade-audit-v2	approved	2026-03-17	high	Verified: HE 5.24 explicitly describes the Easter controversy involving Victor.
clm-victor-member-roman-church	cascade-audit-v2	approved	2026-03-17	medium	Victor bishop of Rome implies membership. Passage doesn't explicitly state 'member.' Inferred from episcopate.
clm-victor-person-affirms-episcopal-chair	cascade-audit-v2	approved	2026-03-17	medium	Same issue as succession. Victor's threatening excommunication implies episcopal chair affirmation but the passage focus is Irenaeus's peace letter.
clm-vita-const-affirms-ethiopia	cascade-audit-v2	approved	2026-03-18T02:48:22Z	medium	VC letter of Constantius: discusses the spread of Christianity to Ethiopia/Aksum. Upgraded to supports.
clm-vita-const-affirms-universal	cascade-audit-v2	approved	2026-03-18T02:48:22Z	medium	VC letter of Constantius: discusses Constantine's vision of universal Christian empire. Upgraded to supports.
clm-vita-const-by-eusebius	cascade-audit-v2	approved	2026-03-18T02:56:13Z	low	Contextualizes-only evidence: psg-vita-const-letter-constantius. authored_by vita-constantini-eusebius->eusebius-of-caesarea is historically defensible but lacks direct supports passage. cert=attested. Upgradeable with fresh primary passage.
clm-vita-const-mentions-arabia	cascade-audit-v2	approved	2026-03-18T02:56:13Z	low	Contextualizes-only evidence: psg-vita-const-letter-constantius. work_mentions_proposition vita-constantini-eusebius->christianity-established-in-arabia is historically defensible but lacks direct supports passage. cert=possible. Upgradeable with fresh primary passage.
clm-vita-const-mentions-ethiopia	cascade-audit-v2	approved	2026-03-18T02:56:13Z	low	Contextualizes-only evidence: psg-athanasius-apol-const-29-31, psg-vita-const-letter-constantius. work_mentions_proposition vita-constantini-eusebius->christianity-established-in-ethiopia is historically defensible but lacks direct supports passage. cert=attested. Upgradeable with fresh primary passage.
clm-vita-const-mentions-india	cascade-audit-v2	approved	2026-03-18T02:56:13Z	low	Contextualizes-only evidence: psg-vita-const-letter-constantius. work_mentions_proposition vita-constantini-eusebius->gospel-reached-india is historically defensible but lacks direct supports passage. cert=possible. Upgradeable with fresh primary passage.
clm-vita-const-written-caesarea	cascade-audit-v2	approved	2026-03-18T02:56:13Z	low	Contextualizes-only evidence: psg-athanasius-apol-const-29-31. written_at vita-constantini-eusebius->caesarea is historically defensible but lacks direct supports passage. cert=probable. Upgradeable with fresh primary passage.
clm-war-scroll-judgment	cascade-audit-v2	approved	2026-03-17	high	1QM 1.1-5: eschatological war of sons of light vs darkness. Paraphrase accurate. Supports final-judgment. Verified.
clm-wisdom-judgment	cascade-audit-v2	approved	2026-03-17	high	Wis 3:18-19: ungodly come to shame in day of reckoning. Paraphrase accurate. Verified.
clm-zealots-at-judea	cascade-audit-v2	approved	2026-03-18T02:54:20Z	high	Josephus War describes Zealot activities in Judea extensively. Zealots are a Judean movement by definition. Upgraded to supports.
clm-zephyrinus-bishop-rome	cascade-audit-v2	approved	2026-03-17	high	Ref. 9.12: Zephyrinus named in Roman episcopal succession by Hippolytus.
clm-zephyrinus-in-schism	cascade-audit-v2	approved	2026-03-17	medium	Ref. 9.7: Zephyrinus preceded formal schism; participation inferred. Assertion downgraded.
clm-zephyrinus-member-roman-church	cascade-audit-v2	approved	2026-03-17	high	Ref. 9.12: Membership follows from episcopal role at Rome.
