claim_id	passage_id	evidence_role	support_aspect	assertion_mode	excerpt_override	evidence_weight	notes
clm-1apology-by-justin	psg-justin-apol-13	supports	attribution	explicit		0.8	
clm-1clement-addressed-corinth	psg-1clement-addressed-corinth	supports	whole_claim	explicit		1.0	Explicit salutation from Rome to Corinth
clm-1clement-affirms-bodily-resurrection	psg-1clement-24-26	supports	predicate	explicit		1.0	
clm-1clement-affirms-episcopal-chair	psg-1clement-42	supports	predicate	explicit		1.0	
clm-1clement-affirms-episcopal-chair	psg-1clement-44	contextualizes				1.0	
clm-1clement-affirms-fasting	psg-1clement-24-26	supports	predicate	explicit			first-epistle-of-clement is a primary text directly relevant to fasting-is-required.
clm-1clement-affirms-frequent-eucharist	psg-1clement-40-41	supports	predicate	explicit		0.9	
clm-1clement-affirms-incarnation	psg-1clement-24-26	supports	predicate	explicit			first-epistle-of-clement is a primary text directly relevant to christ-truly-became-flesh.
clm-1clement-affirms-logos	psg-1clement-42	supports	predicate	explicit		0.7	
clm-1clement-affirms-martyrdom-witness	psg-1clement-5-1-7	supports	predicate	explicit		1.0	
clm-1clement-affirms-ordination	psg-1clement-24-26	supports	predicate	explicit			first-epistle-of-clement is a primary text directly relevant to ordination-conferred-by-laying-on-of-hands.
clm-1clement-affirms-ot-scripture	psg-1clement-24-26	supports	predicate	explicit			first-epistle-of-clement is a primary text directly relevant to old-testament-is-authoritative-scripture.
clm-1clement-affirms-repentance	psg-1clement-24-26	supports	predicate	explicit			first-epistle-of-clement is a primary text directly relevant to repentance-is-required.
clm-1clement-affirms-rule-of-faith	psg-1clement-44	supports	predicate	explicit		1.0	
clm-1clement-affirms-succession	psg-1clement-42	supports	predicate	explicit		1.0	Apostles appointed bishops from first converts
clm-1clement-affirms-succession	psg-1clement-44	contextualizes				1.0	Apostles gave instruction for succession of approved men
clm-1clement-affirms-threefold	psg-1clement-42	supports	predicate	explicit		0.9	Apostles appointed bishops and deacons; presbytery implied
clm-1clement-by-clement	psg-1clement-addressed-corinth	supports	attribution	explicit		0.8	
clm-1clement-written-rome	psg-1clement-addressed-corinth	supports	whole_claim	explicit		1.0	Salutation establishes Rome as origin church
clm-1clement-year-end	psg-1clement-24-26	supports	whole_claim	strong_inference			Passage contextualizes the dating of first-epistle-of-clement.
clm-1clement-year-start	psg-1clement-24-26	supports	whole_claim	strong_inference			Passage contextualizes the dating of first-epistle-of-clement.
clm-1cor-year-end	psg-1cor-1-2	supports	whole_claim	strong_inference			Passage from 1 Corinthians contextualizes its dating.
clm-1cor-year-start	psg-1cor-1-2	supports	whole_claim	strong_inference			Passage from 1 Corinthians contextualizes its dating.
clm-1corinthians-by-paul	psg-1cor-1-2	supports	whole_claim	explicit		1.0	1 Cor 1:1 — Paul explicitly identifies himself as author called as apostle.
clm-1corinthians-by-paul	psg-irenaeus-ah-3-1-1	contextualizes				1.0	1 Cor 1:1 explicit self-identification; universally accepted as authentic.
clm-1john-affirms-incarnation	psg-ignatius-smyrn-1	supports	predicate	explicit		0.5	Upgraded from contextualizes: passage explicitly mentions first-epistle-of-john or christ-truly-became-flesh.
clm-1john-affirms-logos	psg-john-20-31	supports	predicate	explicit		0.6	Upgraded from contextualizes: passage explicitly mentions first-epistle-of-john or logos-is-pre-existent-son-of-god.
clm-1john-by-john	psg-irenaeus-ah-3-1-1	contextualizes				1.0	Traditional attribution to John the Apostle; shared vocabulary with Fourth Gospel supports Johannine school.
clm-1pet-affirms-baptism-regen	psg-1clement-40-41	contextualizes				0.5	
clm-1pet-affirms-baptism-regen	psg-1pet-3-21	supports	predicate	explicit		1.0	1 Pet 3:21 explicitly connects baptism and salvation: 'baptism...now saves you.'
clm-1peter-by-peter	psg-irenaeus-ah-3-1-1	contextualizes				1.0	Traditional attribution to Simon Peter (1 Pet 1:1); disputed on stylistic and historical grounds.
clm-1thess-by-paul	psg-1thess-1-1	supports	whole_claim	explicit		1.0	1 Thess 1:1 Paul and Silvanus and Timothy opening — explicit Pauline self-identification.
clm-1thess-by-paul	psg-irenaeus-ah-3-1-1	contextualizes				1.0	1 Thess 1:1 explicit Paul authorship; earliest of Paul's surviving letters; universally accepted.
clm-1timothy-by-paul	psg-irenaeus-ah-3-1-1	contextualizes				1.0	Traditional Pauline attribution (1 Tim 1:1); classified as Pastoral Epistle; widely regarded as deuteropauline (c. 90-110 CE).
clm-2corinthians-by-paul	psg-2cor-1-1	supports	whole_claim	explicit		1.0	2 Cor 1:1 explicit Paul+Timothy authorship; universally accepted as authentic.
clm-2corinthians-by-paul	psg-irenaeus-ah-3-1-1	contextualizes				1.0	2 Cor 1:1 explicit Paul+Timothy authorship; universally accepted as authentic.
clm-2john-by-john	psg-irenaeus-ah-3-1-1	contextualizes				1.0	2 Jn 1:1 'the Elder'; traditionally attributed to John the Apostle but the Papias distinction between the Apostle and Elder John creates genuine uncertainty.
clm-2peter-by-peter	psg-irenaeus-ah-3-1-1	contextualizes				1.0	2 Pet 1:1 claims Peter authorship; widely regarded as the latest NT writing (c. 100-150 CE) and pseudonymous; dependent on Jude; not attested before Origen.
clm-2thessalonians-by-paul	psg-irenaeus-ah-3-1-1	contextualizes				1.0	Traditional Pauline attribution (2 Thess 1:1); widely regarded as deuteropauline.
clm-2timothy-by-paul	psg-irenaeus-ah-3-1-1	contextualizes				1.0	Traditional Pauline attribution (2 Tim 1:1); Pastoral Epistle; fragment theory proposes authentic personal notes embedded in pseudonymous frame (2 Tim 4:9-21).
clm-3john-authored-by-john-son-of-zebedee	psg-3john-1	supports	predicate	strong_inference		1.0	3 John 1:1 self-identifies as from 'the elder'; traditional attribution to John the Apostle.
clm-abgar-in-conversion-edessa	psg-eusebius-he-1-13	supports	whole_claim	explicit		0.7	King Abgar writes to Jesus and receives healing.
clm-abgar-member-edessa-church	psg-wikipedia-early-church-geography	supports	whole_claim	explicit			Passage contextualizes abgar-viii-of-edessa's membership in edessa-church.
clm-abgar-viii-active-edessa	psg-wikipedia-early-church-geography	supports	whole_claim	explicit			Passage attests abgar-viii-of-edessa's activity in or near edessa.
clm-acts-affirms-baptism-regen	psg-acts-1-21-26	contextualizes				1.0	Acts 1:21-26 Matthias election provides apostolic context for Acts' broader theology.
clm-acts-affirms-baptism-regen	psg-acts-2-1-4	supports	predicate	explicit		0.9	
clm-acts-affirms-baptism-water	psg-acts-2-1-4	supports	predicate	explicit		0.9	
clm-acts-affirms-eucharist-sunday	psg-acts-20-6-17	supports	predicate	explicit		0.7	
clm-acts-by-luke	psg-irenaeus-ah-3-1-1	supports	whole_claim	explicit		1.0	AH 3.1.1: Luke the companion of Paul wrote down the Gospel preached by Paul.
clm-acts-repentance	psg-luke-24-46-47	supports	predicate	strong_inference		0.9	
clm-acts-resurrection	psg-acts-2-32	supports	predicate	explicit		1.0	
clm-acts-thomas-affirms-ascetic-covenant	psg-acts-thomas-27	supports	predicate	explicit		0.7	Oil called seal of the covenant; renunciation context.
clm-acts-thomas-affirms-baptism-regeneration	psg-acts-thomas-27	supports	predicate	explicit		0.8	Anointing and water baptism initiate the convert.
clm-acts-thomas-affirms-baptism-water	psg-acts-thomas-27	supports	predicate	explicit		0.9	Water baptism follows the anointing.
clm-acts-thomas-affirms-baptismal-anointing	psg-acts-thomas-27	supports	predicate	explicit		1.0	Thomas anoints with oil before water baptism; oil is seal of the covenant.
clm-acts-thomas-affirms-encratism	psg-acts-thomas-49-50	supports	predicate	explicit		1.0	Continence and renunciation required of communicants.
clm-acts-thomas-affirms-fasting	psg-acts-thomas-49-50	supports	predicate	explicit		0.7	Renunciation of the world includes fasting discipline.
clm-acts-thomas-affirms-prayer	psg-acts-thomas-108-113	supports	predicate	explicit			acts-of-thomas is a primary text directly relevant to prayer-is-offered-without-ceasing.
clm-acts-thomas-affirms-repentance	psg-acts-thomas-108-113	supports	predicate	explicit			acts-of-thomas is a primary text directly relevant to repentance-is-required.
clm-acts-thomas-affirms-second-marriage-forbidden	psg-acts-thomas-49-50	supports	predicate	explicit		0.8	Continence required; encratite stance on marriage.
clm-acts-thomas-affirms-thomas-india	psg-eusebius-he-5-10-3-4	supports	predicate	explicit		0.5	Eusebius's Indian context supports the tradition background.
clm-acts-thomas-affirms-virginity	psg-acts-thomas-108-113	supports	predicate	explicit			acts-of-thomas is a primary text directly relevant to virginity-is-honored-calling.
clm-acts-thomas-mentions-baptismal-anointing	psg-acts-thomas-49-50	supports	predicate	strong_inference			
clm-acts-thomas-mentions-eucharist	psg-acts-thomas-49-50	supports	predicate	explicit		1.0	Thomas breaks bread and gives thanks; bread and water (not wine) in Syriac recension.
clm-acts-thomas-mentions-incarnation	psg-acts-thomas-108-113	supports	predicate	explicit		0.7	Hymn of the Pearl as allegory of soul's descent and return; christological reading debated.
clm-acts-thomas-mentions-india-reached	psg-acts-thomas-108-113	supports	predicate	explicit			
clm-acts-thomas-written-edessa	psg-acts-thomas-108-113	supports	whole_claim	strong_inference			Passage from acts-of-thomas contextualizes its composition at edessa.
clm-ad-autolycum-affirms-bodily-resurrection	psg-theophilus-autol-1-13	supports	predicate	explicit		1.0	
clm-ad-autolycum-affirms-incarnation	psg-theophilus-autol-1-13	supports	predicate	explicit			ad-autolycum is a primary text directly relevant to christ-truly-became-flesh.
clm-ad-autolycum-affirms-logos	psg-theophilus-autol-2-10	supports	predicate	explicit		1.0	
clm-ad-autolycum-affirms-logos	psg-theophilus-autol-2-15	supports	predicate	explicit		1.0	
clm-ad-autolycum-affirms-trinity	psg-theophilus-autol-1-13	supports	predicate	explicit			ad-autolycum is a primary text directly relevant to trinity-is-three-persons-one-substance.
clm-ad-autolycum-by-theophilus	psg-ad-autolycum-1-1	supports	whole_claim	explicit		1.0	Ad Autolycum 1.1 opens with Theophilus addressing Autolycus — direct authorship evidence.
clm-ad-autolycum-by-theophilus	psg-theophilus-autol-2-10	supports	attribution	explicit		0.8	
clm-ad-autolycum-written-antioch	psg-theophilus-autol-2-10	supports	place	explicit		0.8	
clm-ad-donatum-affirms-baptism-illumin	psg-cyprian-ad-donatum-3-4	supports	predicate	explicit		0.9	Light from above poured upon the heart after baptism — illumination language.
clm-ad-donatum-affirms-baptism-regen	psg-cyprian-ad-donatum-3-4	supports	predicate	explicit		1.0	Cyprian describes baptismal regeneration: stain washed away by water of new birth, light poured upon cleansed heart.
clm-ad-donatum-affirms-baptism-water	psg-cyprian-ad-donatum-3-4	supports	predicate	explicit		1.0	Stain washed away by the water of new birth — explicit water baptism.
clm-ad-donatum-affirms-penance	psg-cyprian-ad-donatum-3-4	supports	predicate	explicit		0.5	Conversion from errors of previous life implies penitential framework.
clm-ad-donatum-affirms-spectacles	psg-cyprian-ad-donatum-3-4	supports	predicate	explicit		0.4	Conversion from worldly life implies leaving spectacles behind.
clm-ad-donatum-affirms-trinitarian-baptism	psg-cyprian-ad-donatum-3-4	supports	predicate	explicit		0.6	Spirit breathed from heaven in the context of baptismal new birth implies trinitarian baptism.
clm-ad-donatum-by-cyprian	psg-cyprian-ad-donatum-3-4	supports	whole_claim	explicit		1.0	Cyprian is explicitly the author and narrator of Ad Donatum.
clm-ad-donatum-mentions-catechumenate	psg-cyprian-ad-donatum-3-4	supports	predicate	explicit		0.5	Cyprian's conversion narrative presupposes a process of formation before baptism.
clm-ad-donatum-written-carthage	psg-cyprian-ad-donatum-3-4	supports	place	explicit		0.7	Cyprian was bishop of Carthage; the work's setting is his conversion there.
clm-addai-active-edessa	psg-eusebius-he-1-13	supports	whole_claim	explicit		0.8	Eusebius: Thomas sends Thaddaeus (Addai) who evangelizes Edessa.
clm-addai-coworker-thomas	psg-eusebius-he-1-13	supports	whole_claim	explicit		0.7	Thomas sends Addai as his delegate to Edessa.
clm-addai-in-conversion-edessa	psg-eusebius-he-1-13	supports	whole_claim	explicit		0.8	Addai heals Abgar and converts the city.
clm-addai-member-edessa-church	psg-eusebius-he-1-13	supports	whole_claim	explicit		0.7	Addai founds the church in Edessa per the tradition.
clm-address-origen-affirms-allegorical	psg-gregory-address-6	supports	predicate	explicit		0.8	Gregory describes Origen teaching Scripture with spiritual method.
clm-address-origen-affirms-free-will	psg-gregory-address-6	supports	predicate	explicit		0.5	Origen's moral formation implies free will pedagogy.
clm-address-origen-affirms-logos	psg-gregory-address-6	supports	predicate	explicit		0.5	Theological curriculum centered on the Logos.
clm-address-origen-affirms-ot	psg-gregory-address-6	supports	predicate	explicit		0.7	Scripture study as the crown of the curriculum.
clm-address-origen-affirms-philosophy	psg-gregory-address-6	supports	predicate	explicit		1.0	Gregory explicitly describes Origen's use of philosophy as preparation.
clm-address-origen-by-gregory	psg-gregory-address-6	supports	whole_claim	explicit		1.0	Address of Thanksgiving explicitly by Gregory.
clm-address-origen-written-at-caesarea	psg-gregory-address-6	supports	whole_claim	explicit		1.0	Gregory delivered this in Caesarea upon departing Origen's school.
clm-adv-jud-affirms-britannia-reached	psg-tertullian-adv-jud-7	supports	predicate	explicit		0.7	Tertullian lists Britannia among places reached by Christ.
clm-adv-jud-affirms-universal-dominion	psg-tertullian-adv-jud-7	supports	predicate	explicit		1.0	Tertullian's universal dominion rhetoric.
clm-adv-jud-by-tertullian	psg-tertullian-adv-jud-7	supports	whole_claim	explicit		1.0	The passage is from Adversus Judaeos itself.
clm-adv-jud-mentions-arabia	psg-tertullian-adv-jud-7	supports	predicate	explicit			
clm-adv-jud-mentions-ethiopia	psg-tertullian-adv-jud-7	supports	predicate	explicit			
clm-adv-jud-mentions-india	psg-tertullian-adv-jud-7	supports	predicate	explicit			
clm-adv-jud-mentions-universal	psg-tertullian-adv-jud-7	supports	predicate	explicit			
clm-adv-jud-written-carthage	psg-tertullian-adv-jud-7	supports	whole_claim	strong_inference			Passage from adversus-judaeos-tertullian contextualizes its composition at carthage.
clm-adv-marc-affirms-eucharist	psg-tertullian-adv-marc-4-40	supports	predicate	explicit		0.7	Figure-of-my-body language presupposes real body; debated realist vs figurative reading
clm-adv-marc-affirms-incarnation	psg-tertullian-adv-marc-3-8	supports	predicate	explicit		0.95	Christ took real flesh from the virgin
clm-adv-marc-affirms-ot	psg-tertullian-adv-marc-1-2	supports	predicate	explicit		0.95	Defends identity of Creator with God of the gospel and OT authority
clm-adv-marc-affirms-passion	psg-tertullian-adv-marc-3-8	supports	predicate	explicit		0.85	Christ truly suffered in real flesh
clm-adv-marc-affirms-resurrection	psg-tertullian-adv-marc-5-10	supports	predicate	explicit		0.95	Bodily resurrection defended from 1 Cor 15
clm-adv-marc-affirms-virgin-birth	psg-tertullian-adv-marc-3-8	supports	predicate	explicit		0.9	OT prophecy fulfilled in virgin birth
clm-adv-marc-by-tertullian	psg-tertullian-adv-marc-1-2	supports	whole_claim	explicit		0.9	
clm-adv-marc-written-carthage	psg-tertullian-adv-marc-1-2	supports	whole_claim	strong_inference			Passage from adversus-marcionem contextualizes its composition at carthage.
clm-adv-prax-affirms-logos	psg-tertullian-adv-prax-2	supports	predicate	explicit		0.85	Son as Word who proceeded from the Father; sent into the virgin
clm-adv-prax-affirms-logos	psg-tertullian-adv-prax-9	supports	predicate	explicit		0.8	
clm-adv-prax-affirms-rule-of-faith	psg-tertullian-adv-prax-2	supports	predicate	explicit		0.95	Full credal rule stated at opening of treatise
clm-adv-prax-affirms-trinity	psg-tertullian-adv-prax-2	supports	predicate	explicit		0.85	Rule of faith stated in full trinitarian form
clm-adv-prax-affirms-trinity	psg-tertullian-adv-prax-25	supports	predicate	explicit		0.95	Tres personae una substantia — the classic Latin trinitarian formula
clm-adv-prax-affirms-trinity	psg-tertullian-adv-prax-9	supports	predicate	explicit		0.9	Distinct persons but inseparable; anti-modalist trinitarian distinctions
clm-adv-prax-by-tertullian	psg-tertullian-adv-prax-2	supports	whole_claim	explicit		0.9	
clm-adv-prax-written-carthage	psg-tertullian-adv-prax-2	supports	whole_claim	strong_inference			Passage from adversus-praxean contextualizes its composition at carthage.
clm-aeneas-active-lydda	psg-acts-9-32-35	supports	whole_claim	explicit		1.0	
clm-agabus-active-antioch	psg-acts-11-25-26	supports	whole_claim	explicit			Passage attests agabus's activity in or near antioch.
clm-agabus-active-judea	psg-acts-21-10-11	supports	whole_claim	explicit		1.0	
clm-agabus-member-antioch-church	psg-acts-13-1	supports	whole_claim	explicit		0.5	Upgraded from contextualizes: passage explicitly mentions agabus or antioch-church.
clm-agabus-member-caesarean	psg-acts-21-10-11	supports	whole_claim	explicit		0.7	
clm-agabus-member-disciples	psg-acts-11-25-26	supports	whole_claim	strong_inference			Passage contextualizes agabus's membership in disciples-of-jesus.
clm-against-heresies-by-irenaeus	psg-irenaeus-ah-3-3-4	supports	attribution	explicit		0.9	
clm-against-heresies-written-lyons	psg-irenaeus-ah-3-3-1	supports	place	explicit		0.7	
clm-agrippa-ii-active-caesarea	psg-acts-25-13-23	supports	whole_claim	explicit		1.0	
clm-ah-affirms-baptismal-anointing	psg-irenaeus-ah-3-17-2	supports	predicate	explicit			
clm-ah-affirms-catechumenate	psg-irenaeus-ah-1-10-1	supports	predicate	explicit			
clm-ah-affirms-military-refusal	psg-irenaeus-ah-3-4-1	supports	predicate	explicit			
clm-ah-affirms-ordination	psg-irenaeus-ah-3-3-1	supports	predicate	explicit			
clm-ah-affirms-ot-scripture	psg-irenaeus-ah-3-2-1	supports	predicate	explicit		0.9	Irenaeus argues from OT as Christian scripture against those who separate the two Testaments.
clm-ah-affirms-passion	psg-irenaeus-ah-5-2-2	supports	predicate	explicit		0.9	Irenaeus AH 5.2.2-3 argues Christ's true bodily flesh was given for us, refuting docetic denials.
clm-aksumite-church-at-aksum	psg-rufinus-he-1-9	supports	whole_claim	explicit		1.0	Rufinus describes the church Frumentius established at Aksum.
clm-aksumite-church-at-alexandria	psg-wikipedia-aksumite-control	supports	whole_claim	explicit			The Aksumite church had connections with Alexandria.
clm-aksumite-church-at-egypt	psg-wikipedia-aksumite-control	supports	whole_claim	explicit			The Aksumite church had connections with Egypt.
clm-aksumite-church-controls-aksum	psg-ezana-inscription-ge-ez	supports	whole_claim	explicit		0.9	Ezana's inscriptions show state Christianity.
clm-aksumite-church-controls-aksum	psg-rufinus-he-1-9	supports	whole_claim	explicit		0.8	Rufinus describes Frumentius establishing the church with royal support.
clm-aksumite-church-controls-tyre	psg-wikipedia-aksumite-control	supports	whole_claim	explicit			Aksumite territorial control is documented in standard historical references.
clm-aksumite-church-group-schism-alexandrian	psg-rufinus-he-1-9	supports	whole_claim	explicit		0.7	
clm-alban-active-britannia	psg-gildas-de-excidio-10	supports	place	explicit		0.6	Gildas De Excidio 10 explicitly places Alban's martyrdom in Verulamium, Britannia.
clm-alban-participant-martyrdom	psg-gildas-de-excidio-10	supports	predicate	explicit		0.6	Gildas De Excidio 10 explicitly describes Alban's martyrdom — primary source.
clm-alexander-ephesus-riot-active-ephesus	psg-acts-19-33-34	supports	whole_claim	explicit		1.0	
clm-alexander-jerusalem-active-caesarea	psg-eusebius-he-6-19	supports	whole_claim	explicit		0.8	
clm-alexander-jerusalem-bishop-of	psg-eusebius-he-6-19	supports	whole_claim	explicit		0.9	Eusebius records Alexander as bishop of Jerusalem who supported Origen.
clm-alexander-jerusalem-member-alexandrian	psg-eusebius-he-6-19	supports	whole_claim	explicit		0.7	Eusebius links Alexander to the Caesarean church network.
clm-alexander-jerusalem-participant-decian	psg-eusebius-he-6-19	supports	whole_claim	explicit		0.6	Eusebius records Alexander's death during persecution.
clm-alexander-jerusalem-teacher-of-origen	psg-eusebius-he-6-19	supports	whole_claim	explicit		0.8	Eusebius records Alexander's collaboration with Origen.
clm-alexandrian-church-at-egypt	psg-acts-18-24-28	supports	place	explicit			Acts 18:24 identifies Apollos as 'a native of Alexandria' who knew Christian teaching, directly attesting an Alexandrian Christian community.
clm-alexandrian-church-present	psg-acts-18-24-28	supports	whole_claim	explicit			Acts 18:24 attests Apollos as an Alexandrian, evidencing the Alexandrian church.
clm-ambrose-alex-active-alexandria	psg-eusebius-he-6-19	supports	whole_claim	explicit		0.6	Eusebius mentions Origen's patron network.
clm-ambrose-alex-active-rome	psg-eusebius-he-6-19	supports	whole_claim	explicit		0.5	Upgraded from contextualizes: passage explicitly mentions ambrose-of-alexandria or rome.
clm-ambrose-alex-member-alexandrian	psg-eusebius-he-6-3	supports	whole_claim	explicit		0.5	Eusebius describes the Alexandrian Christian milieu.
clm-ananias-high-priest-active-caesarea	psg-acts-24-1-9	supports	whole_claim	explicit		1.0	
clm-ananias-of-damascus-active-damascus	psg-acts-9-10-19	supports	whole_claim	explicit		1.0	
clm-ananias-of-damascus-disciple	psg-acts-9-10-19	supports	whole_claim	explicit		1.0	
clm-ananus-ii-in-james-just-martyrdom	psg-josephus-ant-20-200	supports	whole_claim	explicit		0.8	Josephus explicitly names Ananus, while the ordinal identification Ananus II is the standard historical contextualization.
clm-andrew-active-galilee	psg-mark-1-16-20	supports	whole_claim	explicit		1.0	
clm-andrew-active-jerusalem	psg-acts-1-13-14	supports	whole_claim	explicit		0.8	
clm-andrew-coworker-peter	psg-john-1-35-42	supports	whole_claim	explicit		0.9	Andrew brings Peter to Jesus.
clm-andrew-coworker-peter	psg-mark-1-16-20	supports	whole_claim	explicit		1.0	Brothers called together.
clm-andrew-disciple	psg-mark-1-16-20	supports	whole_claim	explicit		1.0	
clm-andrew-in-calling	psg-mark-1-16-20	supports	whole_claim	explicit		1.0	
clm-andrew-in-pentecost	psg-acts-1-13-14	supports	whole_claim	explicit		0.8	
clm-andrew-member-jerusalem	psg-acts-1-13-14	supports	whole_claim	explicit		0.8	
clm-andronicus-active-rome	psg-rom-16-7	supports	whole_claim	explicit		1.0	
clm-andronicus-roman-church	psg-rom-16-7	supports	whole_claim	explicit		1.0	
clm-anicetus-bishop-rome	psg-eusebius-he-5-24	supports	whole_claim	explicit		0.8	
clm-anicetus-bishop-rome	psg-irenaeus-ah-3-3-4	supports	whole_claim	explicit		0.9	Irenaeus lists Anicetus in Roman succession.
clm-anicetus-member-roman-church	psg-irenaeus-ah-3-3-4	supports	whole_claim	explicit		0.8	
clm-annals-by-tacitus	psg-tacitus-ann-15-44	supports	whole_claim	explicit		1.0	Tacitus names himself implicitly through his distinctive authorial voice; style universally identified as Tacitean.
clm-antipas-active-pergamum	psg-rev-2-13	supports	whole_claim	explicit		1.0	
clm-antipas-in-martyrdom	psg-rev-2-13	supports	whole_claim	explicit		1.0	
clm-antipas-martyrdom-at-pergamum	psg-rev-2-13	supports	whole_claim	explicit		1.0	
clm-antipas-martyrdom-year	psg-mark-6-17-29	supports	date	explicit			Year derived from associated narrative account.
clm-antipas-pergamum-church	psg-rev-2-13	supports	whole_claim	explicit		1.0	
clm-antiquities-by-josephus	psg-josephus-ant-20-200	supports	whole_claim	explicit		1.0	Ant. 20.200 contains Josephus's self-identifying narration; preface explicitly names him as author.
clm-antiquities-repentance	psg-josephus-ant-18-116-119	supports	predicate	explicit		1.0	
clm-aphrahat-active-seleucia	psg-aphrahat-dem-1	supports	place	strong_inference			Aphrahat's Demonstrations were composed at the Persian church center of Seleucia-Ctesiphon.
clm-aphrahat-affirms-almsgiving	psg-aphrahat-dem-3	supports	predicate	explicit		0.7	Fast that God desires involves feeding the hungry.
clm-aphrahat-affirms-ascetic-covenant	psg-aphrahat-dem-6	supports	predicate	explicit		1.0	Bnay qyama: baptized Christians take ascetic consecration.
clm-aphrahat-affirms-baptism-regeneration	psg-aphrahat-dem-1	supports	predicate	explicit		0.9	Faith watered by baptism; the faithful must believe in baptism.
clm-aphrahat-affirms-baptism-water	psg-aphrahat-dem-1	supports	predicate	explicit		0.8	Baptism described as foundation of faith.
clm-aphrahat-affirms-baptismal-anointing	psg-aphrahat-dem-1	supports	predicate	explicit			demonstrations-of-aphrahat is a primary text directly relevant to baptismal-anointing-with-oil.
clm-aphrahat-affirms-bishops-govern	psg-aphrahat-dem-1	supports	predicate	explicit			demonstrations-of-aphrahat is a primary text directly relevant to bishops-govern-local-church.
clm-aphrahat-affirms-catechumenate	psg-aphrahat-dem-1	supports	predicate	explicit			demonstrations-of-aphrahat is a primary text directly relevant to catechumenate-precedes-baptism.
clm-aphrahat-affirms-fasting	psg-aphrahat-dem-3	supports	predicate	explicit		1.0	True fasting is from sin; bodily fasting disciplines the flesh.
clm-aphrahat-affirms-free-will	psg-aphrahat-dem-1	supports	predicate	explicit			demonstrations-of-aphrahat is a primary text directly relevant to free-will-grounds-moral-responsibility.
clm-aphrahat-affirms-gentile-inclusion	psg-aphrahat-dem-1	supports	predicate	explicit			demonstrations-of-aphrahat is a primary text directly relevant to gentile-believers-need-not-be-circumcised.
clm-aphrahat-affirms-gospel-harmony	psg-aphrahat-dem-1	supports	predicate	explicit			demonstrations-of-aphrahat is a primary text directly relevant to gospel-harmony-is-authoritative.
clm-aphrahat-affirms-incarnation	psg-aphrahat-dem-17	supports	predicate	explicit		0.9	Messiah suffered, died, and rose again per Scripture.
clm-aphrahat-affirms-jesus-is-christ	psg-aphrahat-dem-17	supports	predicate	explicit		1.0	Jesus is the promised Messiah of the prophets.
clm-aphrahat-affirms-jesus-raised	psg-aphrahat-dem-17	supports	predicate	explicit		0.9	The Messiah was to rise again.
clm-aphrahat-affirms-judgment	psg-aphrahat-dem-1	supports	predicate	explicit			demonstrations-of-aphrahat is a primary text directly relevant to final-judgment-is-coming.
clm-aphrahat-affirms-martyrdom	psg-aphrahat-dem-21	supports	predicate	explicit		1.0	Persecution purifies; martyrs receive a crown.
clm-aphrahat-affirms-ot-authority	psg-aphrahat-dem-1	supports	predicate	explicit			demonstrations-of-aphrahat is a primary text directly relevant to old-testament-is-authoritative-scripture.
clm-aphrahat-affirms-passion-reality	psg-aphrahat-dem-17	supports	predicate	explicit		0.9	The Messiah was to suffer and die.
clm-aphrahat-affirms-penance	psg-aphrahat-dem-7	supports	predicate	explicit		1.0	Sinners after baptism may return through repentance.
clm-aphrahat-affirms-prayer	psg-aphrahat-dem-4	supports	predicate	explicit		1.0	Prayer unceasing; pure heart required; communion with God.
clm-aphrahat-affirms-repentance	psg-aphrahat-dem-7	supports	predicate	explicit		1.0	Confess with broken heart; God receives the penitent.
clm-aphrahat-affirms-resurrection	psg-aphrahat-dem-1	contextualizes				0.8	The faithful must believe in resurrection and eternal life.
clm-aphrahat-affirms-resurrection	psg-aphrahat-dem-8	supports	predicate	explicit		1.0	Seed analogy for resurrection; Christ's resurrection as firstfruits.
clm-aphrahat-affirms-rule-of-faith	psg-aphrahat-dem-1	supports	predicate	explicit		0.7	Faith rests on the rock of Christ; creedal elements enumerated.
clm-aphrahat-affirms-trinitarian-baptism	psg-aphrahat-dem-1	supports	predicate	explicit			demonstrations-of-aphrahat is a primary text directly relevant to baptism-administered-in-trinitarian-name.
clm-aphrahat-affirms-virginity	psg-aphrahat-dem-18	supports	predicate	explicit		1.0	Virginity makes one a temple of the Holy Spirit.
clm-aphrahat-affirms-virginity	psg-aphrahat-dem-6	supports	predicate	explicit		0.9	Celibacy and renunciation; covenant life is higher calling.
clm-aphrahat-in-persecution	psg-aphrahat-dem-21	supports	whole_claim	explicit		0.8	Aphrahat addresses Christians under Shapur II's persecution.
clm-aphrahat-member-church-east	psg-aphrahat-dem-1	supports	subject	strong_inference			Aphrahat's Demonstrations were written in Syriac from within the Persian church context.
clm-aphrahat-mentions-eucharist	psg-aphrahat-dem-4	supports	predicate	explicit			
clm-apol-affirms-martyrdom	psg-tertullian-apol-50	supports	predicate	explicit		0.95	Semen est sanguis Christianorum — martyrdom as witness and engine of church growth
clm-apol-aristides-by-aristides	psg-aristides-apol-1-2	supports	attribution	explicit		0.9	
clm-apol-aristides-by-aristides	psg-aristides-apol-15	supports	whole_claim	explicit		1.0	Apol.15 is within Aristides's own text — direct authorship evidence.
clm-apollos-active-achaia	psg-acts-18-24-28	supports	whole_claim	explicit		1.0	
clm-apollos-active-corinth	psg-1cor-3-5-6	supports	whole_claim	explicit		0.9	
clm-apollos-active-ephesus	psg-acts-18-24-28	supports	whole_claim	explicit		1.0	
clm-apollos-coworker-aquila	psg-acts-18-26	supports	whole_claim	explicit		0.9	
clm-apollos-coworker-paul	psg-1cor-3-5-6	supports	whole_claim	explicit		0.95	Paul explicitly names Apollos as his fellow-worker in the Corinthian mission.
clm-apollos-coworker-priscilla	psg-acts-18-26	supports	whole_claim	explicit		0.9	
clm-apollos-member-alexandrian	psg-acts-18-24-28	supports	whole_claim	explicit		0.8	Acts 18:24 identifies Apollos as an Alexandrian.
clm-apollos-member-corinthian	psg-1cor-3-5-6	supports	whole_claim	explicit		0.8	
clm-apollos-member-ephesian	psg-acts-18-24-28	supports	whole_claim	explicit		0.8	
clm-apologeticum-by-tertullian	psg-tertullian-apol-50	supports	whole_claim	explicit		0.9	
clm-apologeticum-written-carthage	psg-tertullian-apol-39	supports	place	explicit		0.7	Addressed to Roman governors of Carthage province; describes local community
clm-apphia-colossian-church	psg-philemon-1-2	supports	whole_claim	explicit		0.7	Apphia is part of the house-church circle in Philemon; the Colossae localization is a probable contextual inference.
clm-apphia-disciple	psg-philemon-1-2	supports	whole_claim	explicit		1.0	
clm-aquila-active-corinth	psg-acts-18-1-11	supports	whole_claim	explicit		1.0	
clm-aquila-active-ephesus	psg-acts-18-24-28	supports	whole_claim	explicit		1.0	
clm-aquila-coworker-paul	psg-rom-16-3-4	supports	whole_claim	explicit		1.0	
clm-aquila-coworker-priscilla	psg-acts-18-26	supports	whole_claim	explicit		1.0	
clm-aquila-ephesian-church	psg-1cor-16-19	supports	whole_claim	explicit		0.7	The house church is located in the Asia/Ephesus context of 1 Corinthians 16, so the Ephesian membership link is kept probable.
clm-aquila-member-corinthian	psg-acts-18-2-3	supports	whole_claim	explicit		0.8	
clm-aquila-roman-church	psg-rom-16-3-5	supports	whole_claim	explicit		1.0	
clm-aquila-teacher-of-apollos	psg-acts-18-24-28	supports	whole_claim	explicit		0.95	Acts 18:26: both Priscilla and Aquila instructed Apollos.
clm-arabian-christians-at-bostra	psg-eusebius-he-5-10-1-2	contextualizes				0.6	Eusebius mentions Arabian Christians in the context of eastern mission.
clm-arabian-christians-at-zafar	psg-philostorgius-he-3-4	supports	whole_claim	explicit		0.9	Philostorgius reports church built in Zafar.
clm-arabian-christians-controls-bostra	psg-wikipedia-arab-christian-presence	supports	whole_claim	explicit			Arabian Christian communities exercised local influence in these territories.
clm-arabian-christians-controls-najran	psg-wikipedia-arab-christian-presence	supports	whole_claim	explicit			Arabian Christian communities exercised local influence in these territories.
clm-arabian-christians-controls-zafar	psg-wikipedia-arab-christian-presence	supports	whole_claim	explicit			Arabian Christian communities exercised local influence in these territories.
clm-archippus-active-colossae	psg-col-4-17	supports	whole_claim	explicit		0.7	Archippus is addressed inside the Colossian letter context, so the Colossae location is kept probable.
clm-archippus-colossian-church	psg-col-4-17	supports	whole_claim	explicit		0.7	Archippus is singled out in the Colossian closing instructions, supporting a probable Colossian church affiliation.
clm-archippus-colossian-church	psg-philemon-1-2	supports	whole_claim	explicit		0.7	Philemon names Archippus within the house-church circle, while Colossians places him in the Colossian setting.
clm-archippus-disciple	psg-philemon-1-2	supports	whole_claim	explicit		1.0	
clm-aristarchus-active-ephesus	psg-acts-19-29	supports	whole_claim	explicit		1.0	
clm-aristarchus-active-jerusalem	psg-acts-20-4	supports	whole_claim	explicit		0.8	
clm-aristarchus-active-rome	psg-phlm-23-24	supports	whole_claim	explicit		0.8	Philemon 23-24 names Aristarchus as fellow prisoner with Paul.
clm-aristarchus-active-thessalonica	psg-acts-20-4	supports	whole_claim	explicit		1.0	
clm-aristarchus-coworker-paul	psg-phlm-23-24	supports	whole_claim	explicit		1.0	
clm-aristarchus-coworker-tychicus	psg-col-4-7-9	supports	whole_claim	explicit		0.7	
clm-aristarchus-member-roman-church	psg-phlm-23-24	supports	whole_claim	explicit		0.7	
clm-aristarchus-member-thessalonian	psg-acts-20-4	supports	whole_claim	explicit		0.8	
clm-aristides-active-athens	psg-aristides-apol-1-2	supports	whole_claim	explicit		0.7	
clm-aristides-active-rome	psg-aristides-apol-1-2	supports	whole_claim	explicit		0.6	Apology addressed to emperor in Rome.
clm-aristides-apol-addressed-rome	psg-aristides-apol-16	supports	place	explicit		0.9	
clm-aristides-apol-affirms-logos	psg-aristides-apol-1-2	supports	predicate	explicit		0.9	
clm-aristides-apol-affirms-logos	psg-aristides-apol-15	contextualizes				1.0	Aristides Apol.15 ethical teaching contextualizes the Logos theology of the work.
clm-aristides-apol-affirms-virgin-birth	psg-aristides-apol-1-2	supports	predicate	explicit		1.0	
clm-arius-active-alexandria	psg-eusebius-he-6-19	supports	whole_claim	explicit		0.4	Upgraded from contextualizes: passage explicitly mentions arius or alexandria.
clm-arius-member-alexandrian	psg-eusebius-he-6-19	contextualizes				0.4	
clm-arius-member-alexandrian	psg-eusebius-vita-const-3-6	supports	predicate	strong_inference		1.0	Arius was a priest of Alexandria who clashed with Bishop Alexander c. 318; Vita Const. 3 covers this.
clm-arius-opposes-eternal-generation	psg-eusebius-he-6-43	supports	predicate	explicit		0.7	
clm-arius-opposes-incarnation-real	psg-athanasius-de-decretis-1-3	supports	predicate	explicit		1.0	Athanasius De Decretis describes Arius's denial of the full reality of the incarnation.
clm-arius-opposes-incarnation-real	psg-eusebius-he-6-43	contextualizes				0.7	
clm-arius-opposes-logos	psg-eusebius-he-6-43	supports	predicate	explicit		0.7	
clm-arius-opposes-trinity	psg-eusebius-he-6-43	supports	predicate	explicit		0.7	
clm-arrest-at-jerusalem	psg-luke-22-47-53	supports	place	explicit		0.8	Luke places the arrest scene inside the Jerusalem passion setting even though the immediate locale is the night arrest scene outside the city center.
clm-arrest-year	psg-john-18-1-11	supports	date	explicit			Year derived from associated narrative account.
clm-ascension-at-bethany	psg-luke-24-50-53	supports	place	explicit		0.8	Luke places the ascension movement toward Bethany, which anchors the location claim.
clm-ascension-year	psg-acts-1-9-11	supports	date	explicit			Year derived from associated narrative account.
clm-asyncritus-active-rome	psg-rom-16-14	supports	whole_claim	explicit		1.0	
clm-asyncritus-roman-church	psg-rom-16-14	supports	whole_claim	explicit		1.0	
clm-at-affirms-baptism-regeneration	psg-hippolytus-at-20	supports	predicate	explicit		0.8	The baptismal rite effects new birth through immersion and confession.
clm-at-affirms-baptism-water	psg-hippolytus-at-20	supports	predicate	explicit		1.0	AT 20 prescribes immersion in water.
clm-at-affirms-baptismal-anointing	psg-hippolytus-at-21	supports	predicate	explicit		1.0	AT 21 prescribes post-baptismal anointing with oil of thanksgiving and episcopal chrismation.
clm-at-affirms-bishop-eucharist	psg-hippolytus-at-4	supports	predicate	explicit		1.0	AT 4 prescribes the bishop as the one who gives thanks over the bread and cup.
clm-at-affirms-bishops-govern	psg-hippolytus-at-2-3	supports	predicate	explicit		0.9	The bishop is chosen by all the people and ordained to govern the church.
clm-at-affirms-catechumenate	psg-hippolytus-at-15-19	supports	predicate	explicit		1.0	AT 15-19 prescribes a three-year catechumenate with moral examination.
clm-at-affirms-continual-prayer	psg-hippolytus-at-25-26	supports	predicate	explicit		1.0	AT 25-26 prescribes prayer at six fixed hours throughout the day plus morning prayers.
clm-at-affirms-eucharist-body-blood	psg-hippolytus-at-4	supports	predicate	explicit		0.8	The eucharistic prayer identifies the bread and cup with Christ's body and blood.
clm-at-affirms-eucharist-sacrifice	psg-hippolytus-at-4	supports	predicate	explicit		0.9	The eucharistic prayer is framed as an offering/oblation.
clm-at-affirms-fasting	psg-hippolytus-at-25-26	supports	predicate	explicit		0.7	AT prescribes fasting and prayer discipline.
clm-at-affirms-frequent-eucharist	psg-hippolytus-at-41	supports	predicate	explicit		0.7	AT 41 urges faithful to receive the eucharist regularly before other food.
clm-at-affirms-incarnation	psg-hippolytus-at-4	supports	predicate	explicit		0.6	The eucharistic prayer recites the narrative of incarnation, passion, and resurrection.
clm-at-affirms-infant-baptism	psg-hippolytus-at-20	supports	predicate	explicit		0.6	AT mentions baptizing little children first, then adults.
clm-at-affirms-military-refusal	psg-hippolytus-at-15-19	supports	predicate	explicit		0.7	AT 16 lists occupations incompatible with the catechumenate including soldiers who kill.
clm-at-affirms-ordination	psg-hippolytus-at-2-3	supports	predicate	explicit		1.0	AT 2-3 prescribes episcopal ordination by laying on of hands by bishops.
clm-at-affirms-ordination	psg-hippolytus-at-7-8	supports	predicate	explicit		0.9	AT 7-8 prescribes ordination of presbyters and deacons by laying on of hands.
clm-at-affirms-rule-of-faith	psg-hippolytus-at-20	supports	predicate	explicit		0.6	The interrogatory creed at baptism functions as a rule of faith.
clm-at-affirms-succession	psg-hippolytus-at-2-3	supports	predicate	explicit		0.6	Episcopal ordination by existing bishops presupposes apostolic succession.
clm-at-affirms-sunday-eucharist	psg-hippolytus-at-2-3	supports	predicate	explicit		0.7	AT 2 specifies that ordination assembly occurs on the Lord's Day.
clm-at-affirms-threefold-ministry	psg-hippolytus-at-2-3	supports	predicate	explicit		0.9	AT distinguishes bishop, presbyter, and deacon as the threefold order.
clm-at-affirms-threefold-ministry	psg-hippolytus-at-7-8	supports	predicate	explicit		1.0	AT 7-8 details distinct ordination rites for presbyters and deacons.
clm-at-affirms-trinitarian-baptism	psg-hippolytus-at-20	supports	predicate	explicit		1.0	AT 20 prescribes the threefold interrogatory creed: Father, Son, Holy Spirit.
clm-at-affirms-virgin-birth	psg-hippolytus-at-4	supports	predicate	explicit		0.5	The eucharistic prayer references Christ born of the virgin.
clm-at-affirms-virginity	psg-hippolytus-at-25-26	supports	predicate	explicit		0.4	AT references virgins and widows as honored states.
clm-at-by-hippolytus	psg-hippolytus-at-2-3	supports	attribution	explicit		0.6	Traditional attribution based on the statue inscription and scholarly consensus.
clm-at-written-rome	psg-hippolytus-at-2-3	supports	place	explicit		0.6	The Apostolic Tradition reflects Roman church order.
clm-athanasius-active-rome	psg-athanasius-apol-const-29-31	supports	place	explicit		1.0	Athanasius Apol. ad Const. 29-31 describes his exiles, including his stay in Rome 339-346.
clm-athanasius-active-rome	psg-rufinus-he-1-10	contextualizes					Passage attests athanasius-of-alexandria's activity in or near rome.
clm-athanasius-active-trier	psg-athanasius-apol-const-29-31	supports	whole_claim	strong_inference		0.5	
clm-athanasius-affirms-bodily-resurrection	psg-athanasius-apol-const-29-31	supports	whole_claim	strong_inference		0.5	
clm-athanasius-affirms-eternal-generation	psg-athanasius-apol-const-29-31	supports	whole_claim	strong_inference		0.5	
clm-athanasius-affirms-incarnation	psg-athanasius-apol-const-29-31	supports	whole_claim	strong_inference		0.5	
clm-athanasius-affirms-logos	psg-athanasius-apol-const-29-31	supports	whole_claim	strong_inference		0.5	
clm-athanasius-affirms-succession	psg-athanasius-apol-const-29-31	supports	whole_claim	strong_inference		0.5	
clm-athanasius-affirms-trinity	psg-athanasius-apol-const-29-31	supports	whole_claim	strong_inference		0.5	
clm-athanasius-affirms-virgin-birth	psg-athanasius-apol-const-29-31	supports	whole_claim	strong_inference		0.5	
clm-athanasius-bishop-alexandria	psg-rufinus-he-1-10	supports	predicate	explicit			Rufinus HE 1.10 names Athanasius as bishop of Alexandria when Frumentius came to him.
clm-athanasius-coworker-constantius	psg-athanasius-apol-const-29-31	supports	whole_claim	strong_inference		0.5	
clm-athanasius-coworker-eusebius	psg-eusebius-he-6-19	supports	whole_claim	explicit		0.4	Upgraded from contextualizes: passage explicitly mentions athanasius-of-alexandria or eusebius-of-caesarea.
clm-athanasius-coworker-ezana	psg-rufinus-he-1-9	supports	whole_claim	explicit		0.7	
clm-athanasius-coworker-frumentius	psg-athanasius-apol-const-29-31	supports	whole_claim	explicit		0.9	Athanasius describes his relationship with Frumentius.
clm-athanasius-coworker-frumentius	psg-rufinus-he-1-9	supports	whole_claim	explicit		0.8	Rufinus confirms Athanasius consecrated Frumentius.
clm-athanasius-member-alexandrian	psg-athanasius-apol-const-29-31	supports	predicate	explicit		1.0	Athanasius was bishop of Alexandria; Apol. ad Const. documents his Alexandrian episcopate.
clm-athanasius-member-alexandrian	psg-rufinus-he-1-10	contextualizes					Passage contextualizes athanasius-of-alexandria's membership in alexandrian-church.
clm-athanasius-participant-christianization	psg-athanasius-apol-const-29-31	supports	whole_claim	explicit		0.9	Athanasius's own account of consecrating Frumentius.
clm-athanasius-participant-christianization	psg-rufinus-he-1-9	supports	whole_claim	explicit		0.8	Rufinus confirms Athanasius's role in consecrating Frumentius.
clm-athanasius-participant-nicaea	psg-eusebius-vita-const-3-6	supports	whole_claim	explicit		1.0	Athanasius attended Nicaea as deacon and assistant to Bishop Alexander of Alexandria; he defended homoousios against the Arians.
clm-athanasius-teacher-frumentius	psg-rufinus-he-1-10	supports	predicate	explicit			Rufinus HE 1.10: Frumentius went to Alexandria and asked Bishop Athanasius to appoint a bishop for Axum; Athanasius consecrated Frumentius himself.
clm-athenagoras-active-athens	psg-athenagoras-emb-4-6	supports	whole_claim	explicit		0.7	
clm-athenagoras-emb-addressed-rome	psg-athenagoras-emb-37	supports	place	explicit		0.9	
clm-athenagoras-emb-affirms-fasting	psg-athenagoras-emb-10	supports	predicate	explicit			embassy-for-the-christians is a primary text directly relevant to fasting-is-required.
clm-athenagoras-emb-affirms-incarnation	psg-athenagoras-emb-10	supports	predicate	explicit			embassy-for-the-christians is a primary text directly relevant to christ-truly-became-flesh.
clm-athenagoras-emb-affirms-logos	psg-athenagoras-emb-10	supports	predicate	explicit		1.0	
clm-athenagoras-emb-affirms-logos	psg-athenagoras-emb-4-6	supports	predicate	explicit		1.0	
clm-athenagoras-emb-affirms-resurrection	psg-athenagoras-emb-10	supports	predicate	explicit			embassy-for-the-christians is a primary text directly relevant to bodies-will-be-raised-at-last-day.
clm-athenagoras-emb-affirms-resurrection	psg-athenagoras-emb-31-33	contextualizes				1.0	Emb.31-33 sexual ethics presupposes bodily resurrection — contextualizes the resurrection proposition.
clm-athenagoras-emb-affirms-virgin-birth	psg-athenagoras-emb-10	supports	predicate	explicit			embassy-for-the-christians is a primary text directly relevant to jesus-born-of-virgin.
clm-athenagoras-emb-written-athens	psg-athenagoras-emb-4-6	supports	place	explicit		0.7	
clm-athenagoras-res-affirms-bodily-resurrection	psg-athenagoras-res-1-3	contextualizes				1.0	
clm-athenagoras-res-affirms-bodily-resurrection	psg-athenagoras-res-25	supports	predicate	explicit		1.0	
clm-baptism-at-bethany	psg-john-1-28-34	supports	whole_claim	explicit		1.0	
clm-baptism-year	psg-john-1-28-34	supports	date	explicit			Year derived from associated narrative account.
clm-bardaisan-active-armenia	psg-eusebius-he-4-30	supports	whole_claim	explicit		0.4	Upgraded from contextualizes: passage explicitly mentions bardaisan-of-edessa or edessa.
clm-bardaisan-active-edessa	psg-eusebius-he-4-30	supports	whole_claim	explicit		0.7	Eusebius identifies Bardaisan as from Edessa.
clm-bardaisan-affirms-incarnation	psg-eusebius-he-4-30	supports	predicate	explicit		0.7	Upgraded from contextualizes: passage explicitly mentions bardaisan-of-edessa or christ-truly-became-flesh.
clm-bardaisan-in-conversion	psg-eusebius-he-4-30	supports	whole_claim	explicit		0.6	
clm-bardaisan-member-bardesanites	psg-wikipedia-early-church-geography	supports	whole_claim	explicit			Passage contextualizes bardaisan-of-edessa's membership in bardesanites.
clm-bardaisan-member-edessa-church	psg-eusebius-he-4-30	supports	whole_claim	explicit		0.6	Eusebius: Bardaisan composed dialogues and defended the faith in Edessa.
clm-bardesanites-at-edessa	psg-wikipedia-church-of-east-spread	supports	whole_claim	explicit			Bardesanes was active in Edessa.
clm-bardesanites-at-mesopotamia	psg-wikipedia-church-of-east-spread	supports	whole_claim	explicit			Bardesanite influence spread through Mesopotamia.
clm-bardesanites-schismed-from-edessa	psg-eusebius-he-4-30	supports	whole_claim	explicit		0.7	
clm-barnabas-active-antioch	psg-acts-11-25-26	supports	whole_claim	explicit		1.0	
clm-barnabas-active-cyprus	psg-acts-13-4-12	supports	whole_claim	explicit		1.0	
clm-barnabas-active-derbe	psg-acts-13-4-12	supports	whole_claim	explicit		0.7	
clm-barnabas-active-galatia	psg-acts-13-4-12	supports	whole_claim	explicit		0.7	
clm-barnabas-active-jerusalem	psg-acts-9-26-28	supports	whole_claim	explicit		0.9	
clm-barnabas-active-lystra	psg-acts-13-4-12	supports	whole_claim	explicit		0.7	
clm-barnabas-active-paphos	psg-acts-13-4-12	supports	whole_claim	explicit		1.0	
clm-barnabas-active-salamis	psg-acts-13-4-12	supports	whole_claim	explicit		1.0	
clm-barnabas-affirms-baptism-regen	psg-barnabas-11	supports	predicate	explicit		1.0	Descent into water laden with sin, rise bearing fruit
clm-barnabas-affirms-baptism-water	psg-barnabas-11	supports	predicate	explicit		1.0	Baptism explicitly associated with life-giving water
clm-barnabas-affirms-bodily-resurrection	psg-barnabas-19	supports	predicate	explicit		0.6	
clm-barnabas-affirms-catechumenate	psg-barnabas-18-1	supports	predicate	explicit		0.5	Barnabas's Two Ways section (chs. 18-20) functions as pre-baptismal catechesis.
clm-barnabas-affirms-fasting	psg-barnabas-19	supports	predicate	explicit		1.0	You shall fast and pray for the salvation of your soul
clm-barnabas-affirms-incarnation	psg-barnabas-6	supports	predicate	explicit		1.0	
clm-barnabas-affirms-judgment	psg-barnabas-18-1	supports	predicate	explicit		0.7	Barnabas teaches the way of light vs the way of darkness with eschatological consequences.
clm-barnabas-affirms-logos	psg-barnabas-6	supports	predicate	explicit		0.7	
clm-barnabas-affirms-martyrdom-witness	psg-barnabas-19	supports	predicate	explicit		0.7	
clm-barnabas-affirms-ot-scripture	psg-barnabas-11	supports	predicate	explicit			epistle-of-barnabas is a primary text directly relevant to old-testament-is-authoritative-scripture.
clm-barnabas-affirms-repentance	psg-barnabas-18-1	supports	predicate	explicit		0.6	Barnabas's Two Ways implies moral conversion before baptism.
clm-barnabas-affirms-virgin-birth	psg-barnabas-11	supports	predicate	explicit		0.6	
clm-barnabas-antioch-church	psg-acts-13-1	supports	whole_claim	explicit		1.0	
clm-barnabas-coworker-john-mark	psg-acts-12-25	supports	whole_claim	explicit		1.0	
clm-barnabas-coworker-john-mark-cyprus	psg-acts-11-25-26	supports	whole_claim	explicit			Passage contextualizes barnabas's association with john-mark.
clm-barnabas-coworker-lucius	psg-acts-13-1	supports	whole_claim	explicit		0.8	
clm-barnabas-coworker-manaen	psg-acts-13-1	supports	whole_claim	explicit		0.8	
clm-barnabas-coworker-paul	psg-acts-11-25-26	supports	whole_claim	explicit		1.0	
clm-barnabas-coworker-silas	psg-acts-15-22-29	supports	whole_claim	explicit		0.7	
clm-barnabas-coworker-simeon-niger	psg-acts-13-1	supports	whole_claim	explicit		0.8	
clm-barnabas-disciple	psg-acts-11-25-26	supports	whole_claim	explicit		1.0	
clm-barnabas-ep-by-barnabas	psg-irenaeus-ah-3-1-1	contextualizes				1.0	Traditional attribution to Barnabas of Cyprus rejected by Origen and most moderns; pseudonymous Alexandrian Christian c. 70-135 CE.
clm-barnabas-in-council	psg-acts-15-1-29	supports	whole_claim	explicit		1.0	
clm-barnabas-in-jerusalem-persecution	psg-acts-8-1-3	supports	predicate	strong_inference		0.5	Acts 8:1-3 names Jerusalem church scattered; Barnabas is named in Acts 4:36 as member.
clm-barnabas-member-antioch-2	psg-acts-11-25-26	supports	whole_claim	explicit			Passage contextualizes barnabas's membership in antioch-church.
clm-barnabas-member-jerusalem	psg-acts-11-25-26	supports	whole_claim	explicit		0.8	
clm-barnabas-member-jerusalem	psg-acts-9-26-28	supports	whole_claim	explicit		0.8	
clm-barnabas-teacher-john-mark	psg-acts-12-25	supports	whole_claim	explicit		0.7	
clm-bartholomew-active-galilee	psg-matt-10-2-4	supports	whole_claim	explicit		1.0	
clm-bartholomew-active-india	psg-eusebius-he-5-10-3-4	supports	whole_claim	explicit		0.7	Eusebius reports Bartholomew preached in India.
clm-bartholomew-disciple	psg-matt-10-2-4	supports	whole_claim	explicit		1.0	
clm-bartholomew-in-pentecost	psg-acts-1-13-14	supports	whole_claim	explicit		0.8	
clm-bartholomew-member-india-christians	psg-rufinus-he-1-9	supports	predicate	explicit			Passage contextualizes bartholomew's position on bartholomew-preached-in-india.
clm-basilides-active-alexandria	psg-eusebius-he-4-7-1-3	supports	whole_claim	explicit		1.0	Eusebius HE 4.7.2 places Basilides at Alexandria under Hadrian.
clm-basilides-active-alexandria	psg-irenaeus-ah-1-24-1-2	supports	whole_claim	explicit		0.9	Irenaeus describes Basilides' system; Eusebius locates him in Alexandria.
clm-basilides-opposes-incarnation	psg-irenaeus-ah-1-24-1-2	supports	whole_claim	strong_inference		0.9	A Christ who swapped forms with Simon and only appeared to be crucified did not truly become flesh.
clm-basilides-opposes-logos	psg-irenaeus-ah-1-24-1-2	supports	predicate	explicit		0.7	
clm-basilides-opposes-ot-scripture	psg-irenaeus-ah-1-24-1-2	supports	whole_claim	strong_inference		0.9	Abraxas is the supreme unbegotten father; the Jewish creator-god is a subordinate power — OT authority denied.
clm-basilides-opposes-passion	psg-irenaeus-ah-1-24-1-2	supports	whole_claim	strong_inference		0.95	Irenaeus directly: Basilides taught Jesus did not suffer; Simon of Cyrene was crucified in his stead.
clm-basilides-opposes-resurrection	psg-irenaeus-ah-1-24-1-2	supports	whole_claim	strong_inference		0.8	Basilidean anthropology (soul as divine spark in material prison) precludes bodily resurrection.
clm-basilides-opposes-virgin-birth	psg-irenaeus-ah-1-24-1-2	supports	predicate	explicit		0.7	
clm-battle-milvian-bridge-year	psg-lactantius-de-mort-44	supports	whole_claim	explicit		1.0	Battle of Milvian Bridge fought 28 October 312 CE.
clm-bernice-active-caesarea	psg-acts-25-13-23	supports	whole_claim	explicit		1.0	
clm-beryllus-bishop-of-bostra	psg-eusebius-he-6-19	supports	whole_claim	explicit		0.9	Eusebius names Beryllus of Bostra as bishop who invited Origen.
clm-beryllus-participant-synod-bostra	psg-eusebius-he-6-19	supports	whole_claim	explicit		0.9	Eusebius records the synod at Bostra where Origen corrected Beryllus.
clm-british-church-at-britannia	psg-council-arles-subscriptions	supports	whole_claim	explicit		1.0	Three British bishops at Arles 314 confirm organized church.
clm-british-church-at-britannia	psg-tertullian-adv-jud-7	supports	whole_claim	explicit		0.7	Tertullian's rhetorical attestation of British Christianity.
clm-british-church-at-londinium	psg-council-arles-subscriptions	supports	whole_claim	explicit		1.0	Restitutus bishop of London attested in subscriptions.
clm-british-church-controls-britannia	psg-wikipedia-british-church-control	supports	whole_claim	explicit			The British church's territorial presence is documented in standard historical references.
clm-british-church-controls-londinium	psg-council-arles-subscriptions	supports	whole_claim	explicit		0.9	Bishop of London attended Arles implying established see.
clm-british-church-group-present-arles	psg-council-arles-subscriptions	supports	whole_claim	explicit		1.0	British bishops signed the acts.
clm-burial-at-jerusalem	psg-john-19-38-42	supports	place	explicit		1.0	
clm-burial-year	psg-john-19-38-42	supports	date	explicit			Year derived from associated narrative account.
clm-ca-affirms-incarnation	psg-hippolytus-ca-2-3	supports	predicate	explicit		0.6	CA presupposes the incarnation of the Word in its christological framework.
clm-ca-affirms-judgment	psg-hippolytus-ca-61-64	supports	predicate	explicit		1.0	CA 61-64 describes the final judgment of righteous and wicked.
clm-ca-affirms-ot-scripture	psg-hippolytus-ca-2-3	supports	predicate	explicit		0.9	CA builds its entire eschatological argument on Daniel and other OT prophets.
clm-ca-affirms-resurrection	psg-hippolytus-ca-61-64	supports	predicate	explicit		1.0	CA 61-64 explicitly affirms that the dead shall be raised at Christ's coming.
clm-ca-by-hippolytus	psg-hippolytus-ca-2-3	supports	whole_claim	explicit		0.9	On Christ and the Antichrist is among the most securely attributed works of Hippolytus.
clm-ca-written-rome	psg-hippolytus-ca-2-3	supports	place	explicit		0.7	Written in the Roman context based on content and attribution.
clm-caesarean-church-at-caesarea	psg-eusebius-he-6-19	supports	whole_claim	explicit		0.7	Eusebius attests the Caesarean church community.
clm-caiaphas-active-jerusalem	psg-john-18-1-11	supports	whole_claim	explicit		0.8	
clm-caiaphas-in-temple-era	psg-john-18-1-11	supports	whole_claim	explicit		0.7	
clm-calling-at-capernaum	psg-mark-1-16-20	supports	place	explicit		1.0	
clm-calling-year	psg-mark-1-16-20	supports	date	explicit			Year derived from associated narrative account.
clm-callistus-bishop-rome	psg-hippolytus-ref-9-7	supports	whole_claim	explicit		1.0	Hippolytus identifies Callistus as bishop of Rome who succeeded Zephyrinus.
clm-callistus-in-schism	psg-hippolytus-ref-9-7	supports	whole_claim	explicit		0.9	Callistus's policies provoked Hippolytus's schism.
clm-callistus-member-roman-church	psg-hippolytus-ref-9-7	supports	whole_claim	explicit		0.9	Callistus active in Roman church as deacon under Zephyrinus and then bishop.
clm-callistus-person-affirms-penance	psg-hippolytus-ref-9-11-12	supports	predicate	explicit		1.0	Callistus extended absolution to grave sinners using parables of the tares and Noah's ark.
clm-carpus-active-troas	psg-2tim-4-13	supports	whole_claim	explicit		1.0	
clm-carpus-disciple	psg-2tim-4-13	supports	whole_claim	explicit		0.7	
clm-carthage-church-at-carthage	psg-tertullian-apol-39	supports	whole_claim	explicit		0.8	Describes organized church community at Carthage with regular meetings and common fund
clm-cda-affirms-incarnation	psg-hippolytus-cda-4-23	supports	predicate	explicit		0.8	The commentary identifies Christ's first advent in the flesh at Bethlehem.
clm-cda-affirms-judgment	psg-hippolytus-cda-4-23	supports	predicate	explicit		0.9	Commentary on Daniel interprets Daniel's prophecies as pointing to future judgment.
clm-cda-affirms-resurrection	psg-hippolytus-cda-4-23	supports	predicate	explicit		0.7	The eschatological framework includes bodily resurrection.
clm-cda-by-hippolytus	psg-hippolytus-cda-4-23	supports	whole_claim	explicit		0.9	Commentary on Daniel is securely attributed to Hippolytus by scholarly consensus.
clm-cda-written-rome	psg-hippolytus-cda-4-23	supports	place	explicit		0.7	Written in Rome during Hippolytus's career there.
clm-celerinus-active-carthage	psg-cyprian-lapsis-15-16	supports	whole_claim	explicit		0.7	
clm-celerinus-active-rome	psg-eusebius-he-6-43	supports	whole_claim	explicit		0.6	Upgraded from contextualizes: passage explicitly mentions celerinus or rome.
clm-celerinus-in-decian-persecution	psg-eusebius-he-6-43	supports	subject	explicit		0.6	Eusebius HE 6.43 preserves Cornelius's letter explicitly naming Celerinus as confessor.
clm-celerinus-member-carthage-church	psg-cyprian-lapsis-15-16	supports	whole_claim	strong_inference		0.6	Cyprian's De Lapsis presupposes the Carthaginian confessor community including Celerinus.
clm-cerinthians-at-ephesus	psg-irenaeus-ah-3-3-4	supports	whole_claim	explicit		0.8	
clm-cerinthians-schismed-from-ephesian	psg-irenaeus-ah-1-26-1	supports	whole_claim	explicit		0.7	
clm-cerinthus-active-ephesus	psg-eusebius-he-3-28-1-2	supports	whole_claim	strong_inference		1.0	HE 3.28.1-2: Gaius's dialogue against Cerinthus implies both active in Roman/Ephesian sphere.
clm-cerinthus-active-ephesus	psg-irenaeus-ah-1-26-1	supports	whole_claim	explicit		0.9	Irenaeus places Cerinthus 'in Asia' — Ephesus is the primary Cerinthian location (cf. John fleeing bathhouse).
clm-cerinthus-member-cerinthians	psg-irenaeus-ah-1-26-1	supports	whole_claim	explicit		0.9	
clm-cerinthus-opposes-incarnation	psg-irenaeus-ah-1-26-1	supports	predicate	explicit		0.95	Christ descended on Jesus at baptism and departed before crucifixion — no true union of divine and human.
clm-cerinthus-opposes-logos-preexistence	psg-eusebius-he-3-28-1-2	contextualizes				1.0	HE 3.28.1-2: Gaius names Cerinthus as claiming revelations and a non-spiritual cosmos.
clm-cerinthus-opposes-logos-preexistence	psg-irenaeus-ah-1-26-1	supports	predicate	explicit		0.95	Irenaeus directly: Cerinthus taught Jesus was son of Joseph and Mary; Christ only descended at baptism — rejecting pre-existent Logos incarnating.
clm-cerinthus-opposes-ot-scripture	psg-irenaeus-ah-1-26-1	supports	whole_claim	strong_inference		0.8	Cerinthus taught the world was made by a Power ignorant of the supreme God — standard gnostic OT-devaluation.
clm-cerinthus-opposes-passion	psg-irenaeus-ah-1-26-1	supports	predicate	explicit		0.7	
clm-cerinthus-opposes-virgin-birth	psg-irenaeus-ah-1-26-1	supports	predicate	explicit		0.7	
clm-christianization-aksum-at-aksum	psg-rufinus-he-1-9	supports	whole_claim	explicit		1.0	Rufinus locates the event at Aksum.
clm-christianization-aksum-year	psg-ezana-inscription-ge-ez	supports	date	explicit		0.9	Ezana's inscription shift from pagan to Christian confirms approximate date.
clm-christianization-aksum-year	psg-rufinus-he-1-9	supports	date	explicit		0.8	Rufinus's chronology implies c. 330.
clm-church-east-at-arbela	psg-wikipedia-church-of-east-spread	supports	whole_claim	explicit			Arbela was an early center of the Church of the East.
clm-church-east-at-edessa	psg-wikipedia-church-of-east-spread	supports	whole_claim	explicit			Edessa was a major center of the Church of the East.
clm-church-east-at-india	psg-acts-thomas-108-113	supports	place	explicit			Acts of Thomas 108-113 describes Thomas's Indian mission — the founding narrative of India's church.
clm-church-east-at-nisibis	psg-eusebius-he-6-19	contextualizes				0.3	
clm-church-east-at-nisibis	psg-eusebius-vita-const-3-6	supports	place	strong_inference		1.0	Vita Const. 3 documents the council where Jacob of Nisibis (Church of the East) represented Nisibis.
clm-church-east-at-seleucia	psg-wikipedia-church-of-east-spread	supports	whole_claim	explicit			Seleucia-Ctesiphon was the patriarchal see of the Church of the East.
clm-clement-active-in-alexandria	psg-clement-strom-7-17-105-108	supports	place	explicit			Clement's Stromateis written in Alexandria; he explicitly locates himself there.
clm-clement-alex-active-athens	psg-eusebius-he-5-10-1-2	supports	whole_claim	explicit		0.4	Upgraded from contextualizes: passage explicitly mentions clement-of-alexandria or athens.
clm-clement-alex-affirms-incarnation	psg-eusebius-he-5-10-1-2	supports	predicate	explicit		0.5	Upgraded from contextualizes: passage explicitly mentions clement-of-alexandria or christ-truly-became-flesh.
clm-clement-alex-affirms-ot-scripture	psg-eusebius-he-5-10-1-2	supports	predicate	explicit		0.5	Upgraded from contextualizes: passage explicitly mentions clement-of-alexandria or old-testament-is-authoritative-scripture.
clm-clement-alex-member-alexandrian	psg-eusebius-he-5-10-1-2	supports	whole_claim	explicit		0.9	
clm-clement-bishop-rome	psg-1clement-addressed-corinth	supports	whole_claim	explicit		0.8	
clm-clement-in-domitian-persecution	psg-eusebius-he-3-39	supports	whole_claim	explicit		0.6	
clm-clement-member-roman-church	psg-1clement-addressed-corinth	supports	whole_claim	explicit		1.0	Church of God sojourning at Rome
clm-clement-teacher-of-origen	psg-eusebius-he-5-10-1-2	supports	whole_claim	explicit		0.9	Eusebius names Clement as head of the school; Origen succeeded him — establishing the teaching relationship.
clm-cn-affirms-incarnation	psg-hippolytus-cn-10-11	supports	predicate	explicit		0.8	CN teaches that the Word became the Son of God and was made manifest in the flesh.
clm-cn-affirms-logos	psg-hippolytus-cn-10-11	supports	predicate	explicit		1.0	CN 10-11 explicitly teaches the Word begotten from the Father as a distinct divine person.
clm-cn-affirms-ot-scripture	psg-hippolytus-cn-1	supports	predicate	explicit		0.7	CN's argument is built on OT scriptural citations throughout.
clm-cn-affirms-passion	psg-hippolytus-cn-1	supports	predicate	explicit		0.7	CN refutes Patripassianism by affirming the Son, not the Father, truly suffered.
clm-cn-affirms-resurrection	psg-hippolytus-cn-17-18	supports	predicate	explicit		0.6	CN's trinitarian framework presupposes bodily resurrection as part of the creedal tradition.
clm-cn-affirms-trinity	psg-hippolytus-cn-17-18	supports	predicate	explicit		1.0	CN 17-18 concludes with a trinitarian doxology: Father, Son, Holy Spirit — one Trinity.
clm-cn-by-hippolytus	psg-hippolytus-cn-1	supports	attribution	explicit		0.7	Scholarly attribution based on style and theological consistency with other Hippolytan works.
clm-cn-written-rome	psg-hippolytus-cn-1	supports	place	explicit		0.6	Against Noetus reflects the Roman anti-modalist context.
clm-colossians-addressed-colossae	psg-col-1-2	supports	whole_claim	explicit		1.0	
clm-colossians-by-paul	psg-irenaeus-ah-3-1-1	contextualizes				1.0	Irenaeus treats Pauline corpus including Colossians as Pauline; Col 1:1 self-attribution.
clm-colossians-resurrection	psg-col-2-12	supports	predicate	explicit		1.0	
clm-comdiat-affirms-eucharist-body-blood	psg-ephrem-comm-diat-21	supports	predicate	explicit		1.0	Christ took bread and called it his body; cup is his blood.
clm-comdiat-affirms-gospel-harmony	psg-ephrem-comm-diat-1	supports	predicate	explicit		1.0	Four gospels woven into one witness reveal the single plan of salvation.
clm-comdiat-affirms-incarnation	psg-ephrem-comm-diat-1	supports	predicate	explicit		1.0	Christ is the Word made flesh uniting divinity and humanity.
clm-comdiat-affirms-logos	psg-ephrem-comm-diat-1	supports	predicate	explicit		0.9	Christ confessed as the Word made flesh.
clm-comdiat-affirms-ot-authority	psg-ephrem-comm-diat-1	supports	predicate	explicit			commentary-on-diatessaron-ephrem is a primary text directly relevant to old-testament-is-authoritative-scripture.
clm-comdiat-affirms-passion	psg-ephrem-comm-diat-21	supports	predicate	explicit		0.7	Blood of the new covenant poured out at the Last Supper.
clm-comdiat-affirms-repentance	psg-ephrem-comm-diat-1	supports	predicate	explicit			commentary-on-diatessaron-ephrem is a primary text directly relevant to repentance-is-required.
clm-comdiat-affirms-resurrection	psg-ephrem-comm-diat-1	supports	predicate	explicit			commentary-on-diatessaron-ephrem is a primary text directly relevant to bodies-will-be-raised-at-last-day.
clm-comdiat-affirms-virgin-birth	psg-ephrem-comm-diat-1	supports	predicate	explicit			commentary-on-diatessaron-ephrem is a primary text directly relevant to jesus-born-of-virgin.
clm-comjohn-affirms-allegorical	psg-origen-comjohn-2-10	supports	predicate	explicit		1.0	Allegorical exegesis explicitly applied to John.
clm-comjohn-affirms-eternal-generation	psg-origen-comjohn-1-22	supports	predicate	explicit		1.0	Eternal generation explicitly taught.
clm-comjohn-affirms-free-will	psg-origen-comjohn-2-10	supports	predicate	explicit		0.5	Free will implied in spiritual progress.
clm-comjohn-affirms-incarnation	psg-origen-comjohn-1-22	supports	predicate	explicit		0.8	Logos becoming flesh implied.
clm-comjohn-affirms-judgment	psg-origen-comjohn-2-10	supports	predicate	explicit		0.5	Eschatological themes in John commentary.
clm-comjohn-affirms-logos	psg-origen-comjohn-1-22	supports	predicate	explicit		1.0	Logos as subsistent divine person explicitly taught.
clm-comjohn-affirms-ot	psg-origen-comjohn-2-10	supports	predicate	explicit		0.7	OT authority presupposed in spiritual exegesis.
clm-comjohn-affirms-prayer	psg-origen-comjohn-2-10	supports	predicate	explicit		0.4	Spiritual sense of Scripture supports prayer theology.
clm-comjohn-affirms-pre-existence-souls	psg-origen-comjohn-1-22	supports	predicate	explicit		0.5	Pre-existence of Logos connects to soul pre-existence.
clm-comjohn-affirms-trinity	psg-origen-comjohn-1-22	supports	predicate	explicit		0.8	Trinitarian theology implied in Logos doctrine.
clm-comjohn-affirms-virgin-birth	psg-origen-comjohn-1-22	supports	predicate	explicit		0.5	Incarnation implies virgin birth.
clm-comjohn-by-origen	psg-origen-comjohn-1-22	supports	whole_claim	explicit		1.0	Commentary on John explicitly by Origen.
clm-comjohn-written-at-alexandria	psg-eusebius-he-6-3	supports	place	explicit		0.6	Eusebius locates early Origen works in Alexandria.
clm-comjohn-written-at-caesarea	psg-eusebius-he-6-19	supports	place	explicit		0.6	Later books continued in Caesarea per Eusebius.
clm-comm-diat-by-ephrem	psg-ephrem-comm-diat-1	supports	whole_claim	explicit			This passage from the work attests its existence and authorship.
clm-comm-diat-written-edessa	psg-ephrem-comm-diat-1	supports	whole_claim	strong_inference			Passage from commentary-on-diatessaron-ephrem contextualizes its composition at edessa.
clm-commatt-affirms-allegorical	psg-origen-commatt-11-14	supports	predicate	explicit		0.8	Allegorical reading of eucharistic words.
clm-commatt-affirms-apostolic-succession	psg-origen-commatt-14-25	supports	predicate	explicit		0.8	Apostolic tradition guarded by bishops.
clm-commatt-affirms-baptism-trinitarian	psg-origen-commatt-14-25	supports	predicate	explicit		0.5	Trinitarian baptism presupposed in episcopal teaching.
clm-commatt-affirms-bishop-authority	psg-origen-commatt-14-25	supports	predicate	explicit		1.0	Episcopal teaching responsibility explicit.
clm-commatt-affirms-eternal-generation	psg-origen-commatt-11-14	supports	predicate	explicit		0.5	Logos as God's Word implies eternal generation.
clm-commatt-affirms-eucharist	psg-origen-commatt-11-14	supports	predicate	explicit		1.0	Spiritualized eucharistic interpretation explicit.
clm-commatt-affirms-free-will	psg-origen-commatt-14-25	supports	predicate	explicit		0.5	Moral responsibility of bishops implies free will.
clm-commatt-affirms-judgment	psg-origen-commatt-14-25	supports	predicate	explicit		0.6	Accountability of bishops implies judgment.
clm-commatt-affirms-logos	psg-origen-commatt-11-14	supports	predicate	explicit		0.8	Word of God as true nourishment — Logos theology.
clm-commatt-affirms-ot	psg-origen-commatt-11-14	supports	predicate	explicit		0.7	OT presupposed in eucharistic typology.
clm-commatt-affirms-penance	psg-origen-commatt-14-25	supports	predicate	explicit		0.7	Church discipline implied in episcopal responsibility.
clm-commatt-affirms-perpetual-virginity	psg-origen-commatt-14-25	supports	predicate	explicit		0.4	Marian theology developed in Matthew commentary.
clm-commatt-affirms-trinity	psg-origen-commatt-11-14	supports	predicate	explicit		0.5	Trinitarian theology underlies eucharistic Words.
clm-commatt-affirms-virginity-honored	psg-origen-commatt-14-25	supports	predicate	explicit		0.4	Ascetic discipline in Matthew commentary.
clm-commatt-by-origen	psg-origen-commatt-11-14	supports	whole_claim	explicit		1.0	Commentary on Matthew explicitly by Origen.
clm-commatt-written-at-caesarea	psg-eusebius-he-6-19	supports	place	explicit		0.7	Late Caesarean work per Eusebius.
clm-community-rule-repentance	psg-community-rule-5-7-13	supports	predicate	explicit		1.0	
clm-comrom-affirms-allegorical	psg-origen-comrom-3-8	supports	predicate	explicit		0.7	Spiritual reading of Paul's argument.
clm-comrom-affirms-baptism-regeneration	psg-origen-comrom-6-7	supports	predicate	explicit		1.0	Baptismal death, burial, and new life explicit.
clm-comrom-affirms-baptism-trinitarian	psg-origen-comrom-5-9	supports	predicate	explicit		0.6	Baptism through water and Spirit implies trinitarian formula.
clm-comrom-affirms-eternal-generation	psg-origen-comrom-3-8	supports	predicate	explicit		0.4	Christological framework implies eternal generation.
clm-comrom-affirms-free-will	psg-origen-comrom-3-8	supports	predicate	explicit		1.0	Grace and free will cooperation explicit.
clm-comrom-affirms-incarnation	psg-origen-comrom-6-7	supports	predicate	explicit		0.6	Baptism into Christ's death presupposes incarnation.
clm-comrom-affirms-infant-baptism	psg-origen-comrom-5-9	supports	predicate	explicit		1.0	Most explicit early statement of apostolic infant baptism tradition.
clm-comrom-affirms-judgment	psg-origen-comrom-3-8	supports	predicate	explicit		0.6	Justification presupposes judgment.
clm-comrom-affirms-logos	psg-origen-comrom-3-8	supports	predicate	explicit		0.5	Christological framework in Romans commentary.
clm-comrom-affirms-ot	psg-origen-comrom-3-8	supports	predicate	explicit		0.8	Law and Gospel relation presupposes OT authority.
clm-comrom-affirms-penance	psg-origen-comrom-6-7	supports	predicate	explicit		0.6	New life after baptism implies post-baptismal discipline.
clm-comrom-affirms-rule-of-faith	psg-origen-comrom-5-9	supports	predicate	explicit		0.7	Apostolic tradition of infant baptism implies rule of faith.
clm-comrom-by-origen	psg-origen-comrom-5-9	supports	whole_claim	explicit		1.0	Commentary on Romans explicitly by Origen.
clm-comrom-written-at-caesarea	psg-eusebius-he-6-19	supports	place	explicit		0.7	Caesarean-period work per Eusebius.
clm-const381-event-year	psg-socrates-he-5-8	supports	date	explicit		1.0	Socrates HE 5.8 explicitly dates the Council of Constantinople to 381 CE.
clm-const381-event-year	psg-wikipedia-early-church-geography	contextualizes	date	explicit		1.0	Council of Constantinople 381 CE: widely attested date.
clm-constantine-convenes-nicaea	psg-eusebius-vita-const-3-6	supports	whole_claim	explicit		1.0	Constantine convened and presided over the Council of Nicaea 325 CE; Vita Constantini 3.6-14 describes his role.
clm-constantine-issues-edict-milan	psg-eusebius-he-10-5	supports	whole_claim	explicit		1.0	Constantine co-issued the Edict of Milan with Licinius at Milan 313 CE; Eusebius HE 10.5 preserves the text.
clm-constantine-participant-milvian	psg-lactantius-de-mort-44	supports	whole_claim	explicit		1.0	Constantine led his forces to victory at Milvian Bridge 312 CE; Lactantius De Mort. Pers. 44 is the primary source.
clm-constantius-active-antioch	psg-vita-const-letter-constantius	supports	whole_claim	explicit			Passage attests constantius-ii's activity in or near antioch.
clm-constantius-active-rome	psg-vita-const-letter-constantius	supports	whole_claim	explicit			Passage attests constantius-ii's activity in or near rome.
clm-constantius-affirms-arabia	psg-vita-const-letter-constantius	supports	predicate	explicit			Passage contextualizes constantius-ii's position on christianity-established-in-arabia.
clm-constantius-coworker-theophilus	psg-philostorgius-he-3-4	supports	whole_claim	explicit		0.9	Philostorgius reports Constantius sent Theophilus.
clm-constantius-participant-himyar-mission	psg-philostorgius-he-3-4	supports	whole_claim	explicit		0.9	Philostorgius reports Constantius sent Theophilus.
clm-contra-celsum-affirms-allegorical	psg-origen-contra-celsum-7-42	supports	predicate	explicit		0.9	Spiritual interpretation of OT explicitly defended.
clm-contra-celsum-affirms-catechumenate	psg-origen-contra-celsum-3-44	supports	predicate	explicit		0.5	Catechetical instruction implied in Christian formation.
clm-contra-celsum-affirms-celibacy	psg-origen-contra-celsum-7-42	supports	predicate	explicit		0.5	Spiritual discipline context supports celibacy.
clm-contra-celsum-affirms-eternal-gen	psg-origen-contra-celsum-8-12	supports	predicate	explicit		0.7	Prayer to Father through eternal Son implies eternal generation.
clm-contra-celsum-affirms-free-will	psg-origen-contra-celsum-3-44	supports	predicate	explicit		0.7	Moral responsibility implied in resurrection defense.
clm-contra-celsum-affirms-incarnation	psg-origen-contra-celsum-1-32	supports	predicate	explicit		0.9	Virgin birth defense implies incarnation.
clm-contra-celsum-affirms-judgment	psg-origen-contra-celsum-3-44	supports	predicate	explicit		0.7	Resurrection and judgment linked.
clm-contra-celsum-affirms-logos	psg-origen-contra-celsum-8-12	supports	predicate	explicit		0.8	Prayer through the Word implies Logos theology.
clm-contra-celsum-affirms-martyrdom	psg-origen-contra-celsum-3-44	supports	predicate	explicit		0.5	Resurrection hope undergirds martyrdom.
clm-contra-celsum-affirms-ot	psg-origen-contra-celsum-7-42	supports	predicate	explicit		1.0	OT Scriptures defended as oracles of God.
clm-contra-celsum-affirms-perpetual-virginity	psg-origen-contra-celsum-1-32	supports	predicate	explicit		0.6	Virgin birth defense supports perpetual virginity.
clm-contra-celsum-affirms-prayer	psg-origen-contra-celsum-8-12	supports	predicate	explicit		1.0	Trinitarian prayer explicitly described.
clm-contra-celsum-affirms-resurrection	psg-origen-contra-celsum-3-44	supports	predicate	explicit		1.0	Explicit defense of bodily resurrection.
clm-contra-celsum-affirms-rule-of-faith	psg-origen-contra-celsum-1-32	supports	predicate	explicit		0.7	Defense of Christian teaching implies rule of faith.
clm-contra-celsum-affirms-trinity	psg-origen-contra-celsum-8-12	supports	predicate	explicit		0.9	Trinitarian prayer structure explicit.
clm-contra-celsum-affirms-virgin-birth	psg-origen-contra-celsum-1-32	supports	predicate	explicit		1.0	Explicit defense of the virgin birth against Celsus.
clm-contra-celsum-by-origen	psg-origen-contra-celsum-1-32	supports	whole_claim	explicit		1.0	Contra Celsum explicitly by Origen.
clm-contra-celsum-written-at-caesarea	psg-eusebius-he-6-19	supports	place	explicit		0.7	Eusebius locates Origen's later work in Caesarea.
clm-conversion-at-damascus	psg-acts-9-1-19	supports	whole_claim	explicit		1.0	
clm-conversion-edessa-at-edessa	psg-eusebius-he-1-13	supports	whole_claim	explicit		0.8	Conversion narrative set in Edessa.
clm-conversion-edessa-year	psg-eusebius-he-1-13	supports	whole_claim	explicit		0.6	Eusebius dates the correspondence to Jesus's lifetime; historical conversion c. 200.
clm-conversion-year	psg-acts-9-1-19	supports	date	explicit			Year derived from associated narrative account.
clm-cornelius-active-caesarea	psg-acts-10-1-48	supports	whole_claim	explicit		1.0	
clm-cornelius-disciple	psg-acts-10-1-48	supports	whole_claim	explicit		1.0	
clm-cornelius-member-caesarean	psg-acts-10-1-48	supports	whole_claim	explicit		0.8	
clm-cornelius-pope-affirms-succession	psg-eusebius-he-6-43	supports	whole_claim	strong_inference		0.7	
clm-cornelius-pope-bishop-rome	psg-eusebius-he-6-20-43	supports	whole_claim	explicit		0.9	Eusebius preserves Cornelius's own letter as bishop of Rome.
clm-cornelius-pope-coworker-cyprian	psg-eusebius-he-6-20-43	supports	whole_claim	explicit		0.6	Eusebius notes the alliance between Cornelius and Cyprian against Novatian.
clm-cornelius-pope-in-council-251	psg-eusebius-he-6-43	supports	whole_claim	explicit		0.7	
clm-cornelius-pope-in-decian-persecution	psg-eusebius-he-6-43	supports	whole_claim	explicit		0.8	Eusebius preserves Cornelius's own letter describing the aftermath of the Decian persecution at Rome.
clm-cornelius-pope-in-novatian-schism	psg-eusebius-he-6-20-43	supports	whole_claim	explicit		0.9	Cornelius's letter describes the Roman synod that condemned Novatian.
clm-cornelius-pope-member-roman-church	psg-eusebius-he-6-20-43	supports	whole_claim	explicit		0.8	Cornelius as bishop of Rome.
clm-cornelius-pope-person-affirms-penance	psg-eusebius-he-6-20-43	supports	whole_claim	strong_inference		0.8	Cornelius's position against Novatian affirmed the possibility of readmission.
clm-council-arles-at-arles	psg-council-arles-subscriptions	supports	whole_claim	explicit		1.0	Council subscription list from Arles.
clm-council-arles-year	psg-council-arles-subscriptions	supports	whole_claim	explicit		1.0	Council dated 314 in subscriptions.
clm-council-at-jerusalem	psg-acts-15-1-29	supports	whole_claim	explicit		1.0	
clm-council-carthage-251-at-carthage	psg-cyprian-lapsis-15-16	supports	whole_claim	explicit		0.8	De Lapsis reflects the council's policy on readmission of the lapsed at Carthage.
clm-council-carthage-251-year	psg-cyprian-lapsis-15-16	supports	whole_claim	explicit		0.8	De Lapsis written c. 251 in connection with the council.
clm-council-carthage-252-at-carthage	psg-cyprian-ep64-2	supports	whole_claim	explicit		1.0	Ep. 64 explicitly reports the council's ruling at Carthage.
clm-council-carthage-252-year	psg-cyprian-ep64-2	supports	whole_claim	explicit		1.0	Ep. 64 dates from the council of c. 252.
clm-council-carthage-256-at-carthage	psg-cyprian-sent-proem	supports	whole_claim	explicit		1.0	The Sententiae proem opens the council session at Carthage.
clm-council-carthage-256-year	psg-cyprian-sent-proem	supports	whole_claim	explicit		1.0	Council held September 1, 256 as recorded in the Sententiae.
clm-council-ephesus-431-year	psg-wikipedia-council-ephesus-431	supports	whole_claim	explicit			Year derived from associated narrative account.
clm-council-ephesus-at-ephesus	psg-wikipedia-council-ephesus-431	supports	whole_claim	explicit			Passage contextualizes the location of council-of-ephesus-431.
clm-council-year	psg-acts-15-1-29	supports	date	explicit			Year derived from associated narrative account.
clm-crescens-active-galatia	psg-2tim-4-10-12	supports	whole_claim	explicit		1.0	
clm-crescens-disciple	psg-2tim-4-10-12	supports	whole_claim	explicit		0.7	
clm-crispus-active-corinth	psg-acts-18-8	supports	whole_claim	explicit		1.0	
clm-crispus-corinthian-church	psg-acts-18-7-8	supports	whole_claim	explicit		1.0	
clm-crispus-disciple	psg-acts-18-7-8	supports	whole_claim	explicit		1.0	
clm-crucifixion-at-jerusalem	psg-mark-15-24-39	supports	whole_claim	explicit		1.0	
clm-crucifixion-year	psg-mark-15-24-39	supports	date	explicit			Year derived from associated narrative account.
clm-cyprian-bishop-carthage	psg-eusebius-he-6-20-43	supports	whole_claim	explicit		0.5	Eusebius notes Cyprian's correspondence with Cornelius.
clm-cyprian-coworker-celerinus	psg-cyprian-lapsis-15-16	supports	whole_claim	explicit		0.7	
clm-cyprian-in-council-251	psg-cyprian-lapsis-15-16	supports	whole_claim	explicit		0.9	Cyprian presided over the council reflected in De Lapsis.
clm-cyprian-in-council-252	psg-cyprian-ep64-2	supports	whole_claim	explicit		1.0	Cyprian reports the council's unanimous ruling in Ep. 64.
clm-cyprian-in-council-256	psg-cyprian-sent-proem	supports	whole_claim	explicit		1.0	Cyprian presides and speaks in the Sententiae proem.
clm-cyprian-in-cyprians-martyrdom	psg-eusebius-he-7-9	supports	whole_claim	explicit		0.9	Eusebius records Cyprian's execution under Valerian.
clm-cyprian-in-decian-persecution	psg-eusebius-he-6-20-43	supports	whole_claim	explicit		0.4	Cyprian's involvement in the lapsed controversy arose from the Decian persecution.
clm-cyprian-member-carthage-church	psg-eusebius-he-6-20-43	supports	whole_claim	explicit		0.5	Cyprian as bishop of Carthage.
clm-cyprian-originated-carthage	psg-wikipedia-early-church-geography	supports	whole_claim	explicit			Passage contextualizes cyprian-of-carthage's origin at carthage.
clm-cyprian-teacher-of-pontius	psg-cyprian-lapsis-15-16	supports	predicate	strong_inference		0.5	Cyprian De Laps. reflects the Carthaginian church where Pontius served as Cyprian's deacon.
clm-cyprians-martyrdom-at-carthage	psg-eusebius-he-7-9	supports	whole_claim	explicit		0.8	Eusebius places Cyprian's martyrdom in his North African bishopric.
clm-cyprians-martyrdom-year	psg-eusebius-he-7-9	supports	whole_claim	explicit		0.9	Eusebius dates Cyprian's death to the Valerianic persecution c. 258.
clm-cyril-participant-ephesus-431	psg-socrates-he-7-34	supports	predicate	explicit		1.0	Socrates HE 7.34 explicitly identifies Cyril as presiding at the Council of Ephesus 431.
clm-cyril-participant-ephesus-431	psg-wikipedia-early-church-geography	contextualizes	predicate	strong_inference		1.0	Cyril's presidency at Ephesus 431 is universally attested in the tradition.
clm-damaris-active-athens	psg-acts-17-34	supports	whole_claim	explicit		1.0	
clm-damaris-disciple	psg-acts-17-32-34	supports	whole_claim	explicit		1.0	
clm-damascus-document-repentance	psg-damascus-document-2-7-10	supports	predicate	explicit		1.0	
clm-de-bapt-affirms-anointing	psg-tertullian-de-bapt-1	supports	predicate	explicit			de-baptismo is a primary text directly relevant to baptismal-anointing-with-oil.
clm-de-bapt-affirms-catechumenate	psg-tertullian-de-bapt-1	supports	predicate	explicit			de-baptismo is a primary text directly relevant to catechumenate-precedes-baptism.
clm-de-bapt-affirms-regeneration	psg-tertullian-de-bapt-1	supports	predicate	explicit		0.95	Baptism washes sins and admits to eternal life
clm-de-bapt-affirms-regeneration	psg-tertullian-de-bapt-6	contextualizes				0.8	Baptismal anointing, imposition of hands, Spirit given post-baptism
clm-de-bapt-affirms-trinitarian-name	psg-tertullian-de-bapt-13	supports	predicate	explicit		0.95	Trinitarian formula commanded by Christ for baptism
clm-de-bapt-by-tertullian	psg-tertullian-de-bapt-1	supports	whole_claim	explicit		0.9	
clm-de-bapt-opposes-infant-baptism	psg-tertullian-de-bapt-18	supports	predicate	explicit		0.95	Delay of baptism recommended for little children; let them become Christians when able to know Christ
clm-de-bapt-written-carthage	psg-tertullian-de-bapt-1	supports	whole_claim	strong_inference			Passage from de-baptismo contextualizes its composition at carthage.
clm-de-carne-affirms-incarnation	psg-tertullian-de-carne-5	supports	predicate	explicit		0.95	Certum quia impossibile; flesh suffused with blood, bones, nerves
clm-de-carne-affirms-virgin-birth	psg-tertullian-de-carne-5	supports	predicate	explicit		0.7	Implies true birth from a woman via real flesh; focus is anti-docetist
clm-de-carne-by-tertullian	psg-tertullian-de-carne-5	supports	whole_claim	explicit		0.9	
clm-de-carne-written-carthage	psg-tertullian-de-carne-5	supports	whole_claim	strong_inference			Passage from de-carne-christi contextualizes its composition at carthage.
clm-de-corona-affirms-military-refusal	psg-tertullian-de-corona-11	supports	predicate	explicit		0.95	Son of peace cannot bear the sword or apply chains and punishment
clm-de-corona-by-tertullian	psg-tertullian-de-corona-11	supports	whole_claim	explicit		0.9	
clm-de-corona-written-carthage	psg-tertullian-de-corona-11	supports	whole_claim	strong_inference			Passage from de-corona contextualizes its composition at carthage.
clm-de-dom-orat-affirms-almsgiving	psg-cyprian-dom-orat-8	supports	predicate	explicit		0.7	Communal prayer for the whole people implies mutual charity.
clm-de-dom-orat-affirms-baptism-regen	psg-cyprian-dom-orat-18	supports	predicate	explicit		0.6	Being in Christ implies baptismal entry into his body.
clm-de-dom-orat-affirms-baptism-water	psg-cyprian-dom-orat-18	supports	predicate	explicit		0.5	Being in Christ through baptismal entry.
clm-de-dom-orat-affirms-bishop-eucharist	psg-cyprian-dom-orat-35-36	supports	predicate	explicit		0.9	Before us stands the priest who offers the sacrifice — bishop presides over eucharist.
clm-de-dom-orat-affirms-episcopal-unity	psg-cyprian-dom-orat-8	supports	predicate	explicit		0.9	Prayer is public and common because the whole people are one.
clm-de-dom-orat-affirms-eucharist-body-blood	psg-cyprian-dom-orat-18	supports	predicate	explicit		1.0	Daily bread is Christ; daily Eucharist is food of salvation; Christ's body sacramental and ecclesial.
clm-de-dom-orat-affirms-eucharist-malachi	psg-cyprian-dom-orat-35-36	supports	predicate	explicit		0.5	Priest offers sacrifice before God — Malachi pure offering context.
clm-de-dom-orat-affirms-eucharist-sacrifice	psg-cyprian-dom-orat-35-36	supports	predicate	explicit		0.9	The priest offers the sacrifice before God in the divine celebrations.
clm-de-dom-orat-affirms-fasting	psg-cyprian-dom-orat-35-36	supports	predicate	explicit		0.6	Liturgical discipline implies fasting practice.
clm-de-dom-orat-affirms-frequent-eucharist	psg-cyprian-dom-orat-18	supports	predicate	explicit		0.9	Daily receive the Eucharist for the food of salvation.
clm-de-dom-orat-affirms-ot-authority	psg-cyprian-dom-orat-8	supports	predicate	explicit		0.7	Lord's Prayer exposition draws on OT scriptural authority.
clm-de-dom-orat-affirms-penance	psg-cyprian-dom-orat-35-36	supports	predicate	explicit		0.5	Liturgical discipline includes penitential dimensions.
clm-de-dom-orat-affirms-prayer-unceasing	psg-cyprian-dom-orat-35-36	supports	predicate	explicit		0.9	Let us who are in Christ not fail from prayer at any times or seasons.
clm-de-dom-orat-affirms-rule-of-faith	psg-cyprian-dom-orat-8	supports	predicate	explicit		0.6	The Teacher of peace and Master of unity grounds prayer in received faith.
clm-de-dom-orat-affirms-sunday-eucharist	psg-cyprian-dom-orat-35-36	supports	predicate	explicit		0.6	Divine celebrations with the priest imply regular liturgical assembly.
clm-de-dom-orat-affirms-trinitarian-baptism	psg-cyprian-dom-orat-18	supports	predicate	explicit		0.5	Father in Our Father; Christ as bread; Spirit implicit.
clm-de-dom-orat-affirms-trinity	psg-cyprian-dom-orat-18	supports	predicate	explicit		0.5	Father-Son-Spirit framework implicit in the Lord's Prayer exposition.
clm-de-dom-orat-by-cyprian	psg-cyprian-dom-orat-8	supports	whole_claim	explicit		1.0	Cyprian is the author of De Dominica Oratione.
clm-de-dom-orat-written-carthage	psg-cyprian-dom-orat-8	supports	place	explicit		0.7	Written during Cyprian's Carthaginian episcopate c. 252.
clm-de-hab-virg-affirms-baptism-regen	psg-cyprian-hab-virg-3-4	supports	predicate	explicit		0.5	Virgins begin on earth what we shall be — baptismal entry presupposed.
clm-de-hab-virg-affirms-fasting	psg-cyprian-hab-virg-22	supports	predicate	explicit		0.6	Discipline of modesty and temperance presupposes fasting practice.
clm-de-hab-virg-affirms-martyrdom-witness	psg-cyprian-hab-virg-3-4	supports	predicate	explicit		0.5	Virgins as foretaste of resurrection glory parallels martyrdom witness.
clm-de-hab-virg-affirms-perpetual-virginity	psg-cyprian-hab-virg-3-4	supports	predicate	explicit		0.5	Honor of virginity as Church's flower implies Marian precedent.
clm-de-hab-virg-affirms-spectacles	psg-cyprian-hab-virg-22	supports	predicate	explicit		0.7	Modesty discipline implies avoidance of public display and worldly spectacles.
clm-de-hab-virg-affirms-threefold-ministry	psg-cyprian-hab-virg-3-4	supports	predicate	explicit		0.5	Virgins as portion of Christ's flock presupposes episcopal oversight.
clm-de-hab-virg-affirms-virginity	psg-cyprian-hab-virg-3-4	supports	predicate	explicit		1.0	Virginity is the flower of the Church's garden, the glory of spiritual grace.
clm-de-hab-virg-by-cyprian	psg-cyprian-hab-virg-3-4	supports	whole_claim	explicit		1.0	Cyprian is explicitly the author of De Habitu Virginum.
clm-de-hab-virg-mentions-almsgiving	psg-cyprian-hab-virg-3-4	supports	predicate	explicit		0.5	Virgins as illustrious portion of the flock implies charitable context.
clm-de-hab-virg-written-carthage	psg-cyprian-hab-virg-3-4	supports	place	explicit		0.7	Written during Cyprian's early episcopate at Carthage c. 249.
clm-de-lapsis-affirms-apostolic-succession	psg-cyprian-lapsis-6	supports	predicate	explicit		0.6	Bishops as stewards of divine trust presupposes succession.
clm-de-lapsis-affirms-baptism-regen	psg-cyprian-lapsis-15-16	supports	predicate	explicit		0.6	Reconciliation after lapse presupposes initial baptismal regeneration.
clm-de-lapsis-affirms-baptism-water	psg-cyprian-lapsis-15-16	supports	predicate	explicit		0.6	Baptismal entry into the Church presupposed throughout.
clm-de-lapsis-affirms-bishop-eucharist	psg-cyprian-lapsis-25-26	supports	predicate	explicit		0.9	Eucharistic discipline enforced through episcopal authority; unworthy communion punished.
clm-de-lapsis-affirms-episcopal-unity	psg-cyprian-lapsis-15-16	supports	predicate	explicit		0.7	Reconciliation must go through the bishop — episcopal unity governs penance.
clm-de-lapsis-affirms-eucharist-body-blood	psg-cyprian-lapsis-25-26	supports	predicate	explicit		0.9	The sanctified cup and reserved sacrament treated as the Lord's body and blood.
clm-de-lapsis-affirms-eucharist-sacrifice	psg-cyprian-lapsis-25-26	supports	predicate	explicit		0.7	The altar and reserved sacrament presuppose sacrificial eucharistic theology.
clm-de-lapsis-affirms-eucharist-sunday	psg-cyprian-lapsis-25-26	supports	predicate	explicit		0.6	Approaching the altar to receive implies regular eucharistic assembly.
clm-de-lapsis-affirms-frequent-eucharist	psg-cyprian-lapsis-25-26	supports	predicate	explicit		0.7	Regular approach to communion presupposes frequent eucharistic practice.
clm-de-lapsis-affirms-martyrdom-witness	psg-cyprian-lapsis-15-16	supports	predicate	explicit		0.8	Those who stood firm are celebrated; confessors' witness honored.
clm-de-lapsis-affirms-ordination-hands	psg-cyprian-lapsis-6	supports	predicate	explicit		0.5	Bishops holding divine stewardship presupposes ordination.
clm-de-lapsis-affirms-penance	psg-cyprian-lapsis-15-16	supports	predicate	explicit		1.0	Proper penance under bishop's authority must precede reconciliation.
clm-de-lapsis-affirms-relics-honored	psg-cyprian-lapsis-25-26	supports	predicate	explicit		0.5	Reserved sacrament and altar veneration context.
clm-de-lapsis-affirms-threefold-ministry	psg-cyprian-lapsis-6	supports	predicate	explicit		0.8	Bishops described as holding divine stewardship with distinct authority over the lapsed.
clm-de-lapsis-affirms-trinitarian-baptism	psg-cyprian-lapsis-25-26	supports	predicate	explicit		0.5	Eucharistic discipline presupposes baptism in trinitarian form.
clm-de-lapsis-by-cyprian	psg-cyprian-lapsis-6	supports	whole_claim	explicit		1.0	Cyprian is the author of De Lapsis.
clm-de-lapsis-mentions-almsgiving	psg-cyprian-lapsis-15-16	supports	predicate	explicit		0.5	Penance context includes charitable works.
clm-de-lapsis-written-carthage	psg-cyprian-lapsis-6	supports	place	explicit		0.7	Written during Cyprian's episcopate at Carthage c. 251.
clm-de-orat-by-tertullian	psg-tertullian-de-orat-1	supports	whole_claim	explicit		0.9	
clm-de-orat-written-carthage	psg-tertullian-de-orat-1	supports	whole_claim	strong_inference			Passage from de-oratione contextualizes its composition at carthage.
clm-de-paen-affirms-penance	psg-tertullian-de-paen-7-9	supports	predicate	explicit		0.95	Exomologesis — one post-baptismal repentance through public confession
clm-de-paen-by-tertullian	psg-tertullian-de-paen-7-9	supports	whole_claim	explicit		0.9	
clm-de-paen-written-carthage	psg-tertullian-de-paen-7-9	supports	whole_claim	strong_inference			Passage from de-paenitentia contextualizes its composition at carthage.
clm-de-principiis-develops-logos-preexistent	psg-origen-de-princ-1-pref	supports	predicate	strong_inference			
clm-de-res-affirms-resurrection	psg-tertullian-de-res-1	supports	predicate	explicit		0.9	Bodily resurrection as the Christian's trust and identity
clm-de-res-by-tertullian	psg-tertullian-de-res-1	supports	whole_claim	explicit		0.9	
clm-de-res-written-carthage	psg-tertullian-de-res-1	supports	whole_claim	strong_inference			Passage from de-resurrectione-carnis contextualizes its composition at carthage.
clm-de-spect-affirms-spectacles	psg-tertullian-de-spect-24	supports	predicate	explicit		0.85	Eschatological spectacle contrasted with pagan spectacles
clm-de-spect-affirms-spectacles	psg-tertullian-de-spect-4	supports	predicate	explicit		0.95	Baptismal renunciation includes the devil's pomp i.e. spectacles
clm-de-spect-by-tertullian	psg-tertullian-de-spect-4	supports	whole_claim	explicit		0.9	
clm-de-spect-written-carthage	psg-tertullian-de-spect-24	supports	whole_claim	strong_inference			Passage from de-spectaculis contextualizes its composition at carthage.
clm-de-unitate-affirms-apostolic-succession	psg-cyprian-unit-4-5	supports	predicate	explicit		1.0	Peter's chair as source and reason of unity; primacy given to show one Church.
clm-de-unitate-affirms-baptism-regen	psg-cyprian-unit-14	supports	predicate	explicit		0.6	Unity in the Church presupposes baptismal entry.
clm-de-unitate-affirms-baptism-water	psg-cyprian-unit-6	supports	predicate	explicit		0.6	One Church spread abroad implies one baptismal entry.
clm-de-unitate-affirms-bishop-eucharist	psg-cyprian-unit-4-5	supports	predicate	explicit		0.7	One chair, one altar — bishop's authority over eucharistic communion.
clm-de-unitate-affirms-episcopal-unity	psg-cyprian-unit-6	supports	predicate	explicit		1.0	The episcopate is one, each part held by each one for the whole.
clm-de-unitate-affirms-eucharist-body-blood	psg-cyprian-unit-14	supports	predicate	explicit		0.6	Breaking communion with the Church severs from Christ's body.
clm-de-unitate-affirms-eucharist-sacrifice	psg-cyprian-unit-17	supports	predicate	explicit		0.6	Schismatic martyrdom not salvific implies eucharistic communion is the proper sacrifice.
clm-de-unitate-affirms-eucharist-sunday	psg-cyprian-unit-6	supports	predicate	explicit		0.5	Church spread abroad with rays of light implies regular assembly.
clm-de-unitate-affirms-martyrdom-witness	psg-cyprian-unit-17	supports	predicate	explicit		0.9	Schismatic martyrdom not salvific; true martyrdom requires unity.
clm-de-unitate-affirms-ordination-hands	psg-cyprian-unit-4-5	supports	predicate	explicit		0.6	One chair and apostolic commission presuppose ordination.
clm-de-unitate-affirms-ot-authority	psg-cyprian-unit-14	supports	predicate	explicit		0.7	Citations from the Father and Son in the OT ground ecclesial unity.
clm-de-unitate-affirms-penance	psg-cyprian-unit-17	supports	predicate	strong_inference		0.6	Those outside the Church cannot be reconciled without returning.
clm-de-unitate-affirms-rule-of-faith	psg-cyprian-unit-4-5	supports	predicate	explicit		0.8	The faith received from Peter and the apostles grounds unity.
clm-de-unitate-affirms-threefold-ministry	psg-cyprian-unit-4-5	supports	predicate	explicit		0.8	Episcopal authority grounded in apostolic commission to Peter and the apostles.
clm-de-unitate-affirms-trinitarian-baptism	psg-cyprian-unit-14	supports	predicate	explicit		0.7	Father, Son, and Holy Spirit — these three are one — trinitarian baptismal formula.
clm-de-unitate-affirms-trinity	psg-cyprian-unit-14	supports	predicate	explicit		0.7	Father, Son, and Holy Spirit — these three are one — trinitarian unity mirrors ecclesial unity.
clm-de-unitate-by-cyprian	psg-cyprian-unit-4-5	supports	whole_claim	explicit		1.0	Cyprian is the author of De Unitate.
clm-de-unitate-opposes-rebaptism-void	psg-cyprian-unit-6	supports	predicate	explicit		0.6	One Church, one episcopate implies one baptism only in the Church.
clm-de-unitate-written-carthage	psg-cyprian-unit-4-5	supports	place	explicit		0.7	Written during Cyprian's episcopate at Carthage c. 251.
clm-decian-persecution-at-carthage	psg-cyprian-lapsis-6	supports	whole_claim	explicit		0.9	De Lapsis describes bishops in North Africa who lapsed during the Decian crisis.
clm-decian-persecution-at-rome	psg-eusebius-he-6-20-43	supports	whole_claim	explicit		0.7	Eusebius describes the persecution's impact on the Roman church.
clm-decian-persecution-at-rome	psg-eusebius-he-6-43	supports	place	explicit		0.9	Cornelius's letter describes the aftermath at Rome including Novatian's irregular ordination.
clm-decian-persecution-year	psg-cyprian-lapsis-6	supports	whole_claim	explicit		0.9	De Lapsis written c. 251 in immediate aftermath of the persecution c. 250.
clm-decian-persecution-year	psg-eusebius-he-6-20-43	supports	date	explicit		0.8	Decius's persecution began c. 250.
clm-demas-active-rome	psg-phlm-23-24	supports	whole_claim	explicit		0.8	Philemon 24 names Demas as fellow worker.
clm-demas-active-thessalonica-late	psg-2tim-4-10-12	supports	whole_claim	explicit		1.0	
clm-demas-coworker-paul	psg-phlm-23-24	supports	whole_claim	explicit		1.0	
clm-demas-disciple	psg-phlm-23-24	supports	whole_claim	explicit		0.8	
clm-demas-member-roman-church	psg-phlm-23-24	supports	whole_claim	explicit		0.7	
clm-demetrius-active-ephesus	psg-acts-19-24-27	supports	whole_claim	explicit		1.0	
clm-demetrius-bishop-of-alexandria	psg-eusebius-he-6-3	supports	whole_claim	explicit		0.9	Eusebius records Demetrius as bishop of Alexandria who appointed Origen.
clm-demetrius-coworker-origen	psg-eusebius-he-6-3	supports	whole_claim	explicit		0.7	
clm-demetrius-member-alexandrian	psg-eusebius-he-6-3	supports	whole_claim	explicit		0.8	Eusebius identifies Demetrius with the Alexandrian church.
clm-demetrius-participant-expulsion	psg-eusebius-he-6-19	supports	whole_claim	explicit		0.9	Eusebius records Demetrius convened synods against Origen.
clm-demetrius-teacher-of-origen	psg-eusebius-he-6-3	supports	whole_claim	explicit		0.7	Eusebius records Demetrius appointing Origen to head the school.
clm-demonstrations-by-aphrahat	psg-aphrahat-dem-1	supports	whole_claim	strong_inference			This passage from the work attests its existence and authorship.
clm-deprinc-affirms-allegorical	psg-origen-deprinc-4-2-4	supports	predicate	explicit		1.0	Threefold sense of Scripture explicitly taught.
clm-deprinc-affirms-baptism-regeneration	psg-origen-deprinc-pref-4	supports	predicate	explicit		0.5	Baptismal regeneration implied in the rule of faith.
clm-deprinc-affirms-catechumenate	psg-origen-deprinc-pref-4	supports	predicate	explicit		0.5	Rule of faith implies catechetical instruction.
clm-deprinc-affirms-eternal-generation	psg-origen-deprinc-1-2-10	supports	predicate	explicit		1.0	Light-brightness analogy for eternal generation.
clm-deprinc-affirms-eternal-generation	psg-origen-deprinc-1-2-2	supports	predicate	explicit		1.0	Explicit argument that the Father always generated the Son.
clm-deprinc-affirms-free-will	psg-origen-deprinc-3-1-1	supports	predicate	explicit		1.0	Explicit defense of free will as church teaching.
clm-deprinc-affirms-incarnation	psg-origen-deprinc-pref-4	supports	predicate	explicit		0.9	Rule of faith includes Christ emptying himself and becoming man.
clm-deprinc-affirms-judgment	psg-origen-deprinc-1-6-1	supports	predicate	explicit		0.7	End-time restoration presupposes judgment.
clm-deprinc-affirms-logos	psg-origen-deprinc-1-2-2	supports	predicate	explicit		0.9	Logos as eternally generated Wisdom of God.
clm-deprinc-affirms-ot-authority	psg-origen-deprinc-pref-4	supports	predicate	explicit		0.8	Rule of faith presupposes OT authority.
clm-deprinc-affirms-perpetual-virginity	psg-origen-deprinc-pref-4	supports	predicate	explicit		0.4	Implied in Origen's Mariology developed elsewhere.
clm-deprinc-affirms-prayer	psg-origen-deprinc-3-1-1	supports	predicate	explicit		0.5	Free will context supports prayer theology.
clm-deprinc-affirms-pre-existence-souls	psg-origen-deprinc-2-8-3	supports	predicate	explicit		1.0	Explicit teaching on pre-existence of souls.
clm-deprinc-affirms-resurrection	psg-origen-deprinc-1-6-1	supports	predicate	explicit		0.6	Restoration implies resurrection of rational beings.
clm-deprinc-affirms-rule-of-faith	psg-origen-deprinc-pref-4	supports	predicate	explicit		1.0	Origen explicitly recites the apostolic rule of faith in the Preface.
clm-deprinc-affirms-succession	psg-origen-deprinc-pref-4	supports	predicate	explicit		0.7	Apostolic teaching transmission implies succession.
clm-deprinc-affirms-trinity	psg-origen-deprinc-pref-4	supports	predicate	explicit		1.0	Trinitarian formula stated in the Preface rule of faith.
clm-deprinc-affirms-universal-restoration	psg-origen-deprinc-1-6-1	supports	predicate	explicit		1.0	Explicit teaching on universal restoration (apokatastasis).
clm-deprinc-affirms-virgin-birth	psg-origen-deprinc-pref-4	supports	predicate	explicit		0.7	Rule of faith implies virgin birth in incarnation formula.
clm-deprincipiis-by-origen	psg-origen-deprinc-pref-4	supports	whole_claim	explicit		1.0	De Principiis explicitly by Origen.
clm-deprincipiis-written-at-alexandria	psg-eusebius-he-6-3	supports	place	explicit		0.7	Eusebius locates Origen's early literary output in Alexandria.
clm-detrin-affirms-incarnation	psg-novatian-trin-9-11	supports	predicate	explicit		1.0	De Trin. 9-11 affirms Christ took our flesh, was truly born, truly crucified, truly died.
clm-detrin-affirms-logos	psg-novatian-trin-9-11	supports	predicate	explicit		1.0	De Trin. 9-11 teaches the Word was with the Father before creation and all things were made through him.
clm-detrin-affirms-ot-scripture	psg-novatian-trin-26-29	supports	predicate	explicit		0.7	De Trin. appeals extensively to OT prophets as authoritative scripture.
clm-detrin-affirms-passion	psg-novatian-trin-9-11	supports	predicate	explicit		1.0	De Trin. 9-11 explicitly states Christ was truly crucified and truly died.
clm-detrin-affirms-resurrection	psg-novatian-trin-9-11	supports	predicate	explicit		1.0	De Trin. 9-11 affirms Christ truly rose again.
clm-detrin-affirms-rule-of-faith	psg-novatian-trin-1	supports	predicate	explicit		1.0	De Trin. 1 opens with 'the rule of truth requires' — an explicit creedal framework.
clm-detrin-affirms-trinity	psg-novatian-trin-31	supports	predicate	explicit		1.0	De Trin. 31 concludes that Father, Son, and Holy Spirit are one God in three distinct persons.
clm-detrin-affirms-virgin-birth	psg-novatian-trin-9-11	supports	predicate	explicit		0.8	De Trin. 9-11 affirms Christ was truly born of a virgin.
clm-detrin-by-novatian	psg-novatian-trin-1	supports	whole_claim	explicit		0.9	De Trinitate is universally attributed to Novatian.
clm-detrin-written-rome	psg-novatian-trin-1	supports	place	explicit		0.8	Written in Rome where Novatian was a presbyter.
clm-dial-trypho-affirms-apostolic-succession	psg-justin-dial-70	supports	predicate	explicit		0.6	
clm-dial-trypho-affirms-baptism-regen	psg-justin-dial-70	supports	predicate	explicit		0.7	
clm-dial-trypho-affirms-bodily-resurrection	psg-justin-dial-70	supports	predicate	explicit		0.7	
clm-dial-trypho-affirms-catechumenate	psg-justin-dial-117	supports	predicate	explicit			dialogue-with-trypho is a primary text directly relevant to catechumenate-precedes-baptism.
clm-dial-trypho-affirms-eucharist-body-blood	psg-justin-dial-117	contextualizes				0.7	
clm-dial-trypho-affirms-eucharist-body-blood	psg-justin-dial-41	supports	predicate	explicit		0.9	
clm-dial-trypho-affirms-eucharist-malachi	psg-justin-dial-117	supports	predicate	explicit		1.0	
clm-dial-trypho-affirms-eucharist-malachi	psg-justin-dial-41	supports	predicate	explicit		1.0	
clm-dial-trypho-affirms-eucharist-sacrifice	psg-justin-dial-117	supports	predicate	explicit		1.0	
clm-dial-trypho-affirms-eucharist-sacrifice	psg-justin-dial-41	supports	predicate	explicit		1.0	
clm-dial-trypho-affirms-fasting	psg-justin-dial-117	supports	predicate	explicit			dialogue-with-trypho is a primary text directly relevant to fasting-is-required.
clm-dial-trypho-affirms-incarnation	psg-justin-dial-41	supports	predicate	explicit		0.7	
clm-dial-trypho-affirms-incarnation	psg-justin-dial-70	supports	predicate	explicit		0.7	
clm-dial-trypho-affirms-logos	psg-justin-dial-70	supports	predicate	explicit		0.8	
clm-dial-trypho-affirms-ot-scripture	psg-irenaeus-ah-3-4-1	supports	predicate	strong_inference		0.8	Irenaeus AH 3.4.1 discusses the OT as authoritative scripture received from the apostles.
clm-dial-trypho-affirms-rule-of-faith	psg-justin-dial-70	supports	predicate	explicit		0.6	
clm-dial-trypho-affirms-virgin-birth	psg-justin-dial-70	supports	predicate	explicit		1.0	
clm-dialogue-trypho-by-justin	psg-justin-dial-70	supports	attribution	explicit		0.8	
clm-dialogue-trypho-written-rome	psg-justin-apol-13	supports	place	explicit		0.6	
clm-dialogue-trypho-written-rome	psg-justin-dial-70	supports	place	explicit		0.7	
clm-diatessaron-affirms-gospel-harmony	psg-diatessaron-1	supports	predicate	explicit			diatessaron is a primary text directly relevant to gospel-harmony-is-authoritative.
clm-diatessaron-by-tatian	psg-diatessaron-1	supports	whole_claim	explicit			This passage from the work attests its existence and authorship.
clm-diatessaron-mentions-encratism	psg-diatessaron-1	supports	predicate	explicit			
clm-diatessaron-written-edessa	psg-diatessaron-1	supports	place	explicit			Passage from diatessaron contextualizes its composition at edessa.
clm-didache-affirms-baptism-regen	psg-didache-7-1-4	supports	predicate	explicit		0.6	Baptism instruction with water and trinitarian formula; regeneration implied
clm-didache-affirms-catechumenate	psg-didache-7-1-4	supports	predicate	explicit		0.7	Didache 7 presupposes pre-baptismal instruction via the Two Ways catechesis of chs. 1-6.
clm-didache-affirms-episcopal-chair	psg-didache-15-1-2	supports	predicate	explicit		0.7	
clm-didache-affirms-eucharist-malachi	psg-didache-14-1-3	supports	predicate	explicit		1.0	
clm-didache-affirms-eucharist-malachi	psg-didache-9-1-5	contextualizes				1.0	Didache 9:1-5 provides the eucharistic context for the Malachi typology in ch.14.
clm-didache-affirms-eucharist-sacrifice	psg-didache-14-1-3	supports	predicate	explicit		1.0	Let none with quarrel join; pure sacrifice in every place and time
clm-didache-affirms-fasting	psg-didache-8	supports	predicate	explicit		1.0	Explicit mandated fasting on Wednesday and Friday
clm-didache-affirms-ot-scripture	psg-didache-14-1-3	supports	predicate	explicit		0.5	Didache draws on OT prophetic and wisdom tradition throughout.
clm-didache-affirms-repentance	psg-didache-7-1-4	supports	predicate	explicit		0.7	Didache's baptismal instruction presupposes repentance and moral conversion.
clm-didache-affirms-threefold	psg-didache-15-1-2	supports	predicate	explicit		1.0	
clm-didache-affirms-trinitarian-baptism	psg-didache-7-1-4	supports	predicate	explicit		1.0	
clm-didache-affirms-wednesday-friday-fast	psg-didache-8	supports	predicate	explicit		1.0	
clm-didache-baptism-water	psg-didache-7-1-4	supports	predicate	explicit		1.0	Direct instruction on baptism with water and trinitarian formula
clm-didache-eucharist-sacrifice	psg-didache-14-1-3	supports	predicate	explicit		0.8	Sacrifice language present though not as explicit as Ignatius
clm-didache-eucharist-sunday	psg-didache-14-1-3	supports	predicate	explicit		1.0	Explicit Lord's Day eucharistic assembly instruction
clm-didascalia-affirms-almsgiving	psg-didascalia-12-21	supports	predicate	explicit			didascalia-apostolorum is a primary text directly relevant to almsgiving-is-required.
clm-didascalia-affirms-baptism-regeneration	psg-didascalia-9-16	supports	predicate	explicit		0.8	Convert baptized and admitted to eucharist.
clm-didascalia-affirms-baptismal-anointing	psg-didascalia-9-16	supports	predicate	explicit		1.0	Anointing with oil by bishop before baptism; deaconesses anoint women.
clm-didascalia-affirms-bishop-eucharist	psg-didascalia-2-4	supports	predicate	explicit		0.8	Bishop presides over the community and its worship.
clm-didascalia-affirms-bishops-govern	psg-didascalia-2-4	supports	predicate	explicit		1.0	Didascalia 2-4 exalts the bishop as shepherd, judge, and mediator.
clm-didascalia-affirms-catechumenate	psg-didascalia-9-16	supports	predicate	explicit		0.9	Catechumen anointed and instructed before baptism.
clm-didascalia-affirms-eucharist-sacrifice	psg-didascalia-12-21	supports	predicate	explicit			didascalia-apostolorum is a primary text directly relevant to eucharist-is-sacrifice.
clm-didascalia-affirms-eucharist-sunday	psg-didascalia-12-21	supports	predicate	explicit		0.8	Proper assembly and Sabbath reinterpretation.
clm-didascalia-affirms-fasting	psg-didascalia-12-21	supports	predicate	explicit		1.0	Fasting during the Passion; liturgical calendar rules.
clm-didascalia-affirms-ordination	psg-didascalia-14-16	supports	predicate	explicit		0.9	Appointment of deacons and deaconesses.
clm-didascalia-affirms-ot-authority	psg-didascalia-12-21	supports	predicate	explicit			didascalia-apostolorum is a primary text directly relevant to old-testament-is-authoritative-scripture.
clm-didascalia-affirms-penance	psg-didascalia-6-7	supports	predicate	explicit		1.0	Canonical penance of 2-7 weeks; bishop imitates God who forgives.
clm-didascalia-affirms-repentance	psg-didascalia-6-7	supports	predicate	explicit		0.9	Even great sinners received upon repentance.
clm-didascalia-affirms-resurrection	psg-didascalia-12-21	supports	predicate	explicit			didascalia-apostolorum is a primary text directly relevant to bodies-will-be-raised-at-last-day.
clm-didascalia-affirms-spectacles	psg-didascalia-12-21	supports	predicate	explicit			didascalia-apostolorum is a primary text directly relevant to christians-avoid-public-spectacles.
clm-didascalia-affirms-threefold-ministry	psg-didascalia-2-4	supports	predicate	explicit		0.8	Bishop, deacon, and deaconess offices described.
clm-didascalia-affirms-trinitarian-baptism	psg-didascalia-9-16	supports	predicate	explicit		0.9	Baptism with proper trinitarian invocation.
clm-didascalia-affirms-virginity	psg-didascalia-14-16	supports	predicate	explicit		0.8	Widows maintained by the church and devoted to prayer.
clm-didascalia-written-syria	psg-didascalia-12-21	supports	whole_claim	strong_inference			Passage from didascalia-apostolorum contextualizes its composition at edessa.
clm-diognetus-affirms-logos	psg-diognetus-5-6	contextualizes				1.0	Diognetus 5-6 sojourner theology provides context for the Logos-driven Christian identity.
clm-diognetus-affirms-logos	psg-diognetus-7	supports	predicate	explicit		1.0	
clm-dionysius-active-athens	psg-acts-17-34	supports	whole_claim	explicit		1.0	
clm-dionysius-alex-active-rome-exile	psg-eusebius-he-6-43	supports	whole_claim	explicit		0.5	Upgraded from contextualizes: passage explicitly mentions dionysius-of-alexandria or rome.
clm-dionysius-alex-affirms-logos	psg-eusebius-he-6-43	supports	predicate	explicit		0.7	
clm-dionysius-alex-affirms-penance	psg-eusebius-he-6-43	supports	predicate	explicit		0.7	Eusebius HE 6.43 reports Dionysius's letters on the lapsed and penance policy.
clm-dionysius-alex-affirms-succession	psg-eusebius-he-6-43	supports	predicate	strong_inference		0.7	Eusebius HE 6.43 shows Dionysius functioning within the apostolic succession framework.
clm-dionysius-alex-affirms-trinity	psg-eusebius-he-6-43	supports	predicate	explicit		0.7	
clm-dionysius-alex-bishop-of-alexandria	psg-eusebius-he-6-3	supports	whole_claim	explicit		0.6	Eusebius traces the Alexandrian succession.
clm-dionysius-alex-coworker-cyprian	psg-eusebius-he-7-5	supports	whole_claim	explicit		0.7	Eusebius notes Dionysius wrote to Stephen urging moderation in the rebaptism controversy alongside Cyprian.
clm-dionysius-alex-coworker-origen	psg-eusebius-he-6-19	supports	whole_claim	explicit		0.7	
clm-dionysius-alex-in-decian	psg-eusebius-he-6-43	supports	whole_claim	explicit		0.7	
clm-dionysius-alex-in-novatian-schism	psg-eusebius-he-7-5	supports	whole_claim	explicit		0.7	Eusebius records Dionysius mediating in the Novatian-related disputes.
clm-dionysius-alex-member-alexandrian	psg-eusebius-he-6-3	supports	whole_claim	explicit		0.6	Alexandrian church context from Eusebius.
clm-dionysius-corinth-affirms-apostolic-succession	psg-eusebius-he-4-23-6-7	supports	predicate	explicit		0.9	Dionysius affirms Peter and Paul jointly founded Corinth and Rome — apostolic double foundation.
clm-dionysius-corinth-affirms-rule-of-faith	psg-eusebius-he-4-23	supports	predicate	explicit		0.7	Upgraded from contextualizes: passage explicitly mentions dionysius-of-corinth or rule-of-faith-received-from-apostles.
clm-dionysius-corinth-bishop-corinth	psg-eusebius-he-4-23-1-5	supports	whole_claim	explicit		0.95	Eusebius calls him 'Dionysius, bishop of Corinth' directly.
clm-dionysius-corinth-member-corinthian	psg-eusebius-he-4-23	supports	whole_claim	explicit		0.9	
clm-dionysius-disciple	psg-acts-17-32-34	supports	whole_claim	explicit		1.0	
clm-disciples-at-antioch	psg-acts-11-25-26	supports	whole_claim	explicit			Acts records disciples/missionaries present at this location.
clm-disciples-at-colossae	psg-col-4-13-16	supports	place	explicit			Col 4:13-16 explicitly mentions 'those at Colossae' and the church meeting there.
clm-disciples-at-corinth	psg-acts-18-1-11	supports	whole_claim	explicit			Acts records disciples/missionaries present at this location.
clm-disciples-at-damascus	psg-acts-9-1-19	supports	whole_claim	explicit			Acts records disciples/missionaries present at this location.
clm-disciples-at-jerusalem-early	psg-acts-1-13-14	supports	whole_claim	explicit			Acts records disciples/missionaries present at this location.
clm-disciples-at-laodicea	psg-rev-3-14-22	supports	whole_claim	explicit			Revelation addresses the church at Laodicea.
clm-disciples-at-lydda	psg-acts-9-32-35	supports	whole_claim	explicit			Acts records disciples/missionaries present at this location.
clm-disciples-at-malta	psg-acts-28-1-14	supports	whole_claim	explicit			Acts records disciples/missionaries present at this location.
clm-disciples-at-philippi	psg-acts-16-11-15	supports	whole_claim	explicit			Acts records disciples/missionaries present at this location.
clm-disciples-at-sidon	psg-acts-27-3-12	supports	whole_claim	explicit			Acts records disciples/missionaries present at this location.
clm-disciples-at-thessalonica	psg-acts-17-1-9	supports	whole_claim	explicit			Acts records disciples/missionaries present at this location.
clm-docetists-at-antioch	psg-ignatius-smyrn-7	supports	whole_claim	explicit		0.7	Ignatius warns against those who deny Christ's flesh; docetists present in his Antioch-routed letters
clm-docetists-at-asia	psg-wikipedia-gnostic-spread	supports	whole_claim	explicit			Docetist movements are attested in Asia Minor.
clm-docetists-at-ephesus	psg-ignatius-eph-13	supports	whole_claim	explicit		0.7	Ignatius urges Ephesians to flee those who carry Christ's name but practise unworthily
clm-docetists-at-phrygia	psg-ignatius-smyrn-1	supports	subject	strong_inference		1.0	Ignatius Smyrn. 1-5 addresses docetist teachers active in Asia Minor including Phrygia.
clm-docetists-at-phrygia	psg-wikipedia-gnostic-spread	contextualizes					Docetist movements are attested in Phrygia.
clm-docetists-at-rome	psg-ignatius-smyrn-1	supports	subject	strong_inference		0.5	Ignatius Smyrn. 1-5 addresses docetists in Asia; Roman docetists attested by later sources.
clm-docetists-at-smyrna	psg-ignatius-smyrn-7	supports	whole_claim	explicit		0.9	Ignatius directly combats those in Smyrna who deny the eucharist is Christ's real flesh
clm-docetists-schismed-from-antioch	psg-ignatius-smyrn-1	supports	whole_claim	explicit		0.7	Ignatius combats docetism in his letters from the Antiochene milieu.
clm-domitian-persecution-at-rome	psg-eusebius-he-3-39	supports	place	explicit		0.7	
clm-domitian-persecution-year	psg-eusebius-he-3-17	supports	whole_claim	explicit			Year derived from associated narrative account.
clm-drusilla-active-caesarea	psg-acts-24-24-27	supports	whole_claim	explicit		1.0	
clm-dura-church-at-dura	psg-wikipedia-early-church-geography	contextualizes					Passage contextualizes the location of dura-europos-church-construction.
clm-dura-church-construction-year	psg-wikipedia-early-church-geography	contextualizes	date	strong_inference		1.0	The c. 232 CE date for Dura-Europos church comes from an Aramaic graffito.
clm-dura-church-year	psg-wikipedia-early-church-geography	supports	whole_claim	explicit			Year derived from associated narrative account.
clm-ebionites-at-antioch	psg-irenaeus-ah-1-26-1	contextualizes				0.5	
clm-ebionites-at-antioch	psg-irenaeus-ah-1-26-2	supports	subject	strong_inference		1.0	Irenaeus AH 1.26.2 explicitly describes Ebionite practice and geography including Syria/Palestine.
clm-ebionites-at-egypt	psg-irenaeus-ah-1-26-2	supports	subject	strong_inference		1.0	Irenaeus AH 1.26.2 describes Ebionites as present throughout the East including Egypt.
clm-ebionites-at-egypt	psg-wikipedia-early-church-geography	contextualizes					Ebionite communities are attested in Egypt.
clm-ebionites-at-jerusalem	psg-eusebius-he-4-11	supports	whole_claim	explicit		0.6	
clm-ebionites-at-judea	psg-irenaeus-ah-1-26-2	supports	whole_claim	strong_inference		1.0	Irenaeus AH 1.26.2 describes Ebionites as Jewish Christians in Judean context.
clm-ebionites-at-judea	psg-wikipedia-early-christian-places	supports	whole_claim	explicit			Ebionites were a Jewish-Christian group centered in Judea.
clm-ebionites-at-samaria	psg-irenaeus-ah-1-10-1	supports	whole_claim	explicit		0.5	
clm-ebionites-oppose-logos	psg-acts-8-9-24	supports	whole_claim	strong_inference			Passage contextualizes simon-magus's position on logos-is-pre-existent-son-of-god.
clm-ebionites-oppose-logos	psg-irenaeus-ah-1-26-2	supports	predicate	explicit		1.0	Irenaeus AH 1.26.2: Ebionites reject the pre-existent Logos, affirming Jesus as mere man.
clm-ebionites-schismed-from-jerusalem	psg-irenaeus-ah-1-26-1	supports	whole_claim	explicit		0.7	
clm-edessa-church-at-edessa	psg-wikipedia-early-church-geography	supports	whole_claim	explicit			Edessa was one of the earliest Christian cities outside the Roman Empire.
clm-edict-milan-year-313	psg-eusebius-he-10-5	supports	whole_claim	explicit		1.0	The Edict of Milan agreement was issued in 313 CE.
clm-eleutherus-bishop-rome	psg-irenaeus-ah-3-3-4	supports	whole_claim	explicit		0.9	
clm-eleutherus-member-roman-church	psg-irenaeus-ah-3-3-4	supports	whole_claim	explicit		0.8	
clm-embassy-by-athenagoras	psg-athenagoras-emb-31-33	supports	whole_claim	explicit		1.0	Emb.31-33 is from Athenagoras's own Embassy text — direct attribution evidence.
clm-embassy-by-athenagoras	psg-athenagoras-emb-4-6	supports	attribution	explicit		0.9	
clm-ep64-affirms-baptism-regen	psg-cyprian-ep64-5	supports	predicate	explicit		0.9	Infant receives forgiveness of sins through baptism — regeneration assumed.
clm-ep64-affirms-baptism-water	psg-cyprian-ep64-2	supports	predicate	explicit		0.9	Baptism and sanctification with water explicitly discussed.
clm-ep64-affirms-baptismal-anointing	psg-cyprian-ep64-2	supports	predicate	explicit		0.5	Baptismal sanctification context may imply anointing.
clm-ep64-affirms-episcopal-unity	psg-cyprian-ep64-2	supports	predicate	explicit		0.7	Council ruling reflects collegial episcopal authority.
clm-ep64-affirms-infant-baptism	psg-cyprian-ep64-2	supports	predicate	explicit		1.0	Council unanimously ruled infant baptism not to be delayed — grace denied to none.
clm-ep64-affirms-ordination-hands	psg-cyprian-ep64-2	supports	predicate	explicit		0.5	Council bishops acting collegially presupposes ordination.
clm-ep64-affirms-ot-authority	psg-cyprian-ep64-5	supports	predicate	explicit		0.7	Adam's contagion — OT narrative grounding for infant baptism theology.
clm-ep64-affirms-penance	psg-cyprian-ep64-5	supports	predicate	explicit		0.5	Even the greatest sinners receive remission — penance framework.
clm-ep64-affirms-trinitarian-baptism	psg-cyprian-ep64-2	supports	predicate	strong_inference		0.7	Baptismal sanctification implies trinitarian formula.
clm-ep64-by-cyprian	psg-cyprian-ep64-2	supports	whole_claim	explicit		1.0	Cyprian is the author of Epistula 64.
clm-ep64-mentions-catechumenate	psg-cyprian-ep64-5	supports	predicate	explicit		0.8	Infant approaches more easily to forgiveness — infant baptism reaffirmed.
clm-ep64-written-carthage	psg-cyprian-ep64-2	supports	whole_claim	explicit		0.9	The letter reports a council ruling at Carthage.
clm-ep73-affirms-apostolic-succession	psg-cyprian-ep73-11	supports	predicate	strong_inference		0.8	From the beginning established by the Lord and then observed by the apostles.
clm-ep73-affirms-baptism-water	psg-cyprian-ep73-4	supports	predicate	explicit		0.8	Baptism is water baptism administered in the Church.
clm-ep73-affirms-bishop-eucharist	psg-cyprian-ep73-4	supports	predicate	explicit		0.5	Church-only baptism implies Church-only eucharist under episcopal authority.
clm-ep73-affirms-episcopal-unity	psg-cyprian-ep73-11	supports	predicate	strong_inference		0.8	Truth established by the Lord and apostles; practice arose first — episcopal tradition.
clm-ep73-affirms-one-baptism	psg-cyprian-ep73-4	supports	predicate	explicit		0.9	One baptism appointed in the Catholic Church — regeneration only within the Church.
clm-ep73-affirms-ot-authority	psg-cyprian-ep73-21	supports	predicate	explicit		0.7	Return to divine tradition — head and origin includes OT foundation.
clm-ep73-affirms-penance	psg-cyprian-ep73-21	supports	predicate	explicit		0.5	Return to divine tradition includes penitential reconciliation.
clm-ep73-affirms-rebaptism	psg-cyprian-ep73-4	supports	predicate	explicit		1.0	One baptism in the Catholic Church only; heretical baptism cannot be valid.
clm-ep73-affirms-rule-of-faith	psg-cyprian-ep73-21	supports	predicate	strong_inference		0.8	Return to the head and origin of divine tradition.
clm-ep73-affirms-threefold-ministry	psg-cyprian-ep73-11	supports	predicate	explicit		0.6	Episcopal authority to determine baptismal validity presupposes threefold ministry.
clm-ep73-affirms-trinitarian-baptism	psg-cyprian-ep73-4	supports	predicate	explicit		0.7	One baptism in the Catholic Church implies trinitarian form.
clm-ep73-by-cyprian	psg-cyprian-ep73-4	supports	whole_claim	explicit		1.0	Cyprian is the author of Epistula 73.
clm-ep73-written-carthage	psg-cyprian-ep73-4	supports	whole_claim	explicit		0.8	Written from Carthage to Jubaianus.
clm-epaphras-active-colossae	psg-col-4-12-13	supports	whole_claim	explicit		1.0	
clm-epaphras-active-hierapolis	psg-col-4-12-13	supports	whole_claim	explicit		1.0	
clm-epaphras-active-laodicea	psg-col-4-12-13	supports	whole_claim	explicit		1.0	
clm-epaphras-active-rome	psg-phlm-23-24	supports	whole_claim	explicit		0.8	Philemon 23 names Epaphras as fellow prisoner.
clm-epaphras-colossian-church	psg-col-1-7	supports	whole_claim	explicit		1.0	
clm-epaphras-coworker-aristarchus	psg-phlm-23-24	supports	whole_claim	explicit		0.7	
clm-epaphras-coworker-paul	psg-phlm-23-24	supports	whole_claim	explicit		1.0	
clm-epaphras-member-hierapolis	psg-col-4-12-13	supports	whole_claim	explicit		0.8	Col 4:12-13 names Epaphras laboring for Laodicea and Hierapolis.
clm-epaphras-member-roman	psg-phlm-23-24	supports	whole_claim	explicit		0.7	
clm-epaphroditus-active-philippi	psg-phil-2-25-30	supports	whole_claim	explicit		1.0	
clm-epaphroditus-coworker-paul	psg-phil-2-25-30	supports	whole_claim	explicit		1.0	
clm-epaphroditus-philippian-church	psg-phil-2-25-30	supports	whole_claim	explicit		1.0	
clm-ephesians-addressed-ephesus	psg-eph-1-1	supports	place	explicit		0.7	The destination is textually debated in Eph 1:1, so the claim is kept probable rather than certain.
clm-ephesians-by-paul	psg-eph-1-1	supports	whole_claim	explicit		1.0	Eph 1:1 self-attribution: 'Paul, an apostle of Christ Jesus by the will of God.'
clm-ephesians-resurrection	psg-eph-1-1	supports	predicate	strong_inference		1.0	Eph 1:20 (within Eph 1) describes Christ raised from dead and seated at God's right hand.
clm-ephesians-resurrection	psg-rom-10-9	contextualizes				0.6	
clm-ephesus-431-event-year	psg-wikipedia-early-church-geography	contextualizes	date	explicit		1.0	Council of Ephesus 431 CE date is universally attested.
clm-ephrem-active-edessa	psg-ephrem-comm-diat-1	supports	whole_claim	explicit		0.7	
clm-ephrem-active-nisibis	psg-ephrem-faith-3	supports	whole_claim	strong_inference			Passage attests ephrem-the-syrian's activity in or near nisibis.
clm-ephrem-affirms-fasting	psg-ephrem-comm-diat-1	supports	whole_claim	strong_inference		0.7	
clm-ephrem-affirms-prayer	psg-ephrem-comm-diat-1	supports	whole_claim	strong_inference		0.7	
clm-ephrem-coworker-jacob	psg-ephrem-carm-nis-13	supports	predicate	explicit		1.0	Ephrem Carmina Nisibena 13 directly names Jacob as Ephrem's bishop and spiritual father.
clm-ephrem-coworker-jacob	psg-eusebius-he-6-19	contextualizes				0.3	
clm-ephrem-coworker-jacob	psg-eusebius-vita-const-3-6	contextualizes				1.0	
clm-ephrem-in-fall-nisibis	psg-ephrem-faith-3	supports	whole_claim	strong_inference			Passage contextualizes ephrem-the-syrian's participation in fall-of-nisibis-363.
clm-ephrem-member-edessa-church	psg-ephrem-faith-3	supports	whole_claim	strong_inference			Passage contextualizes ephrem-the-syrian's membership in edessa-church.
clm-epistles-ignatius-addressed-ephesus	psg-ignatius-eph-13	supports	whole_claim	explicit		1.0	Letter addressed to and engaging the Ephesian church
clm-epistles-ignatius-addressed-ephesus	psg-ignatius-eph-20	supports	place	explicit		1.0	Obey bishop and presbytery; addressed to Ephesus
clm-epistles-ignatius-addressed-philadelphia	psg-ignatius-phil-4	supports	place	explicit		1.0	
clm-epistles-ignatius-addressed-rome	psg-ignatius-rom-7	supports	whole_claim	explicit		1.0	Letter explicitly addressed to and engaging Rome
clm-epistles-ignatius-addressed-smyrna	psg-ignatius-smyrn-7	supports	whole_claim	explicit		1.0	Letter explicitly addressed to and engaging Smyrna
clm-epistles-ignatius-addressed-smyrna	psg-ignatius-smyrn-8	supports	place	explicit		1.0	Follow the bishop; letter to Smyrna
clm-epistles-ignatius-by-ignatius	psg-ignatius-smyrn-8	supports	attribution	explicit		0.9	
clm-epistles-ignatius-written-smyrna	psg-ignatius-eph-13	supports	place	explicit		0.7	Several letters written from Smyrna during transit
clm-erastus-active-corinth-late	psg-2tim-4-20	supports	whole_claim	explicit		1.0	
clm-erastus-corinthian-church	psg-rom-16-23	supports	whole_claim	explicit		0.7	Erastus sends greetings in the Romans closing context and is modeled as a probable member of the Corinthian church rather than as an explicit membership formula.
clm-erastus-disciple	psg-rom-16-23	supports	whole_claim	explicit		0.7	Romans 16:23 names Erastus as city treasurer in Corinth.
clm-essenes-at-qumran	psg-josephus-war-2-119-166	supports	subject	strong_inference		1.0	Josephus War 2.119-166 describes Essenes; Pliny NH 5.73 places them at the Dead Sea = Qumran.
clm-essenes-at-qumran	psg-wikipedia-roman-empire-provinces	contextualizes					Dead Sea Scrolls community at Qumran.
clm-euodia-active-philippi	psg-phil-4-2-3	supports	whole_claim	explicit		1.0	
clm-euodia-philippian-church	psg-phil-4-2-3	supports	whole_claim	explicit		1.0	
clm-eusebius-active-alexandria	psg-eusebius-he-3-36	supports	whole_claim	strong_inference			Passage attests eusebius-of-caesarea's activity in or near alexandria.
clm-eusebius-active-antioch	psg-eusebius-he-3-36	supports	whole_claim	explicit			Passage attests eusebius-of-caesarea's activity in or near antioch.
clm-eusebius-affirms-bodily-resurrection	psg-eusebius-he-3-39-1-4	supports	whole_claim	strong_inference		0.5	
clm-eusebius-affirms-britannia	psg-eusebius-he-3-36	supports	whole_claim	strong_inference			Passage contextualizes eusebius-of-caesarea's position on christianity-reached-britannia.
clm-eusebius-affirms-incarnation	psg-eusebius-he-3-39-1-4	supports	whole_claim	strong_inference		0.5	
clm-eusebius-affirms-logos	psg-eusebius-he-3-39-1-4	supports	whole_claim	strong_inference		0.5	
clm-eusebius-affirms-ot-scripture	psg-eusebius-he-3-39-1-4	supports	whole_claim	strong_inference		0.5	
clm-eusebius-affirms-rule-of-faith	psg-eusebius-he-3-39-1-4	supports	whole_claim	strong_inference		0.5	
clm-eusebius-affirms-succession	psg-eusebius-he-3-39-1-4	supports	whole_claim	strong_inference		0.5	
clm-eusebius-bishop-caesarea	psg-eusebius-he-3-36	supports	whole_claim	strong_inference			Passage contextualizes eusebius-of-caesarea's role as bishop of caesarea.
clm-eusebius-he-affirms-bartholomew-india	psg-eusebius-he-5-10-3-4	supports	predicate	explicit		0.8	Eusebius attributes Indian Christianity to Bartholomew.
clm-eusebius-he-affirms-ethiopia	psg-eusebius-he-3-17	supports	predicate	explicit			
clm-eusebius-he-affirms-india-reached	psg-eusebius-he-5-10-3-4	supports	predicate	explicit		0.9	Eusebius HE 5.10 reports Pantaenus found Christians in India.
clm-eusebius-he-affirms-universal	psg-eusebius-church-history-2-25	supports	predicate	explicit			ecclesiastical-history-of-eusebius is a primary text directly relevant to christ-dominion-is-universal.
clm-eusebius-he-by-eusebius	psg-eusebius-church-history-2-25	supports	whole_claim	explicit			This passage from the work attests its existence and authorship.
clm-eusebius-he-mentions-arabia	psg-eusebius-he-3-17	supports	predicate	explicit			
clm-eusebius-he-mentions-pantaenus-mission	psg-eusebius-he-5-10-1-2	supports	predicate	explicit			Eusebius HE 5.10 directly names Pantaenus as having preached in India.
clm-eusebius-he-mentions-thomas-india	psg-eusebius-he-3-36	supports	predicate	explicit			
clm-eusebius-he-written-caesarea	psg-eusebius-he-5-10-1-2	supports	whole_claim	strong_inference		0.6	Eusebius writes from Caesarea.
clm-eusebius-member-caesarea	psg-eusebius-he-3-36	supports	whole_claim	strong_inference			Passage contextualizes eusebius-of-caesarea's membership in caesarean-church.
clm-eusebius-participant-council-nicaea	psg-eusebius-he-3-36	supports	whole_claim	strong_inference			Passage contextualizes eusebius-of-caesarea's participation in council-of-arles-314.
clm-eusebius-participant-nicaea	psg-eusebius-vita-const-3-6	supports	whole_claim	explicit		1.0	Eusebius of Caesarea attended and wrote an account of Nicaea in his letter to his church (apud Theodoret HE 1.11) and in Vita Constantini 3.
clm-eusebius-teacher-pantaenus	psg-eusebius-he-3-36	contextualizes					Passage contextualizes pantaenus's role as teacher of clement-of-alexandria.
clm-exhort-affirms-celibacy	psg-origen-exhort-30	supports	predicate	explicit		0.4	Free offering to God connects to ascetic discipline.
clm-exhort-affirms-free-will	psg-origen-exhort-30	supports	predicate	explicit		1.0	Free will as basis for merit of martyrdom explicit.
clm-exhort-affirms-incarnation	psg-origen-exhort-11	supports	predicate	explicit		0.7	Sharing in Christ's passion presupposes incarnation.
clm-exhort-affirms-judgment	psg-origen-exhort-11	supports	predicate	explicit		0.6	Eschatological reward implies judgment.
clm-exhort-affirms-logos	psg-origen-exhort-11	supports	predicate	explicit		0.5	Christological framework in martyrdom theology.
clm-exhort-affirms-martyrdom	psg-origen-exhort-11	supports	predicate	explicit		1.0	Martyrdom as witness to Christ explicit.
clm-exhort-affirms-ot	psg-origen-exhort-30	supports	predicate	explicit		0.6	OT presupposed in moral argument.
clm-exhort-affirms-resurrection	psg-origen-exhort-11	supports	predicate	explicit		0.7	Crown of life implies resurrection.
clm-exhort-martyrdom-by-origen	psg-origen-exhort-11	supports	whole_claim	explicit		1.0	Exhortation to Martyrdom explicitly by Origen.
clm-exhort-martyrdom-written-at-caesarea	psg-eusebius-he-6-19	supports	place	explicit		0.7	Written during persecution of Maximinus Thrax while Origen in Caesarea.
clm-expulsion-occurs-at-alexandria	psg-eusebius-he-6-19	supports	whole_claim	explicit		0.9	Eusebius records the expulsion from Alexandria.
clm-expulsion-year	psg-eusebius-he-6-19	supports	whole_claim	explicit		0.8	Eusebius dates the expulsion c. 231.
clm-ezana-active-aksum	psg-ezana-inscription-ge-ez	supports	whole_claim	explicit		1.0	Ezana's inscriptions from Aksum attest his rule there.
clm-ezana-affirms-ethiopia	psg-ezana-inscription-ge-ez	supports	predicate	explicit		1.0	Ezana's Christian inscriptions directly attest his faith.
clm-ezana-member-aksumite	psg-ezana-inscription-ge-ez	supports	whole_claim	explicit		0.9	Ezana's Christian inscriptions confirm his membership in the Aksumite church.
clm-ezana-participant-christianization	psg-ezana-inscription-ge-ez	supports	whole_claim	explicit		1.0	Ezana's later inscriptions use Christian formulae confirming conversion.
clm-ezana-participant-christianization	psg-rufinus-he-1-9	supports	whole_claim	explicit		0.9	Rufinus narrates Ezana's conversion.
clm-ezana-participant-mission-himyar	psg-wikipedia-aksumite-control	supports	whole_claim	explicit			Passage contextualizes ezana-of-aksum's participation in mission-of-theophilus-to-himyar.
clm-fabian-bishop-rome	psg-eusebius-he-6-20-43	supports	whole_claim	explicit		0.6	Eusebius records Fabian's succession and his role in bringing the bodies back from Sardinia.
clm-fabian-in-decian-persecution	psg-eusebius-he-6-20-43	supports	whole_claim	explicit		0.5	Eusebius records Fabian's martyrdom under Decius.
clm-fabian-in-decian-persecution	psg-eusebius-he-6-43	supports	whole_claim	explicit		0.8	Cornelius's letter preserved by Eusebius refers to Fabian's martyrdom and the vacancy that followed.
clm-fabian-in-sardinian-return	psg-eusebius-he-6-43	supports	predicate	explicit		0.6	HE 6.43: Cornelius's letter describes Fabian retrieving bodies of Pontian and Hippolytus from Sardinia, establishing his role in this event.
clm-fabian-member-roman-church	psg-eusebius-he-6-20-43	supports	whole_claim	explicit		0.6	Fabian as bishop of Rome.
clm-faith-by-ephrem	psg-ephrem-faith-10	supports	whole_claim	explicit			This passage from the work attests its existence and authorship.
clm-faith-written-edessa	psg-ephrem-faith-10	supports	whole_claim	strong_inference			Passage from hymns-on-faith-ephrem contextualizes its composition at edessa.
clm-fall-nisibis-at-nisibis	psg-ephrem-carm-nis-14	supports	place	explicit		1.0	Ephrem Carmina Nisibena 14 is Ephrem's firsthand lament over the cession of Nisibis in 363 CE.
clm-fall-nisibis-at-nisibis	psg-eusebius-vita-const-3-6	contextualizes				1.0	
clm-fall-nisibis-at-nisibis	psg-wikipedia-church-of-east-spread	contextualizes					Passage contextualizes the location of fall-of-nisibis-363.
clm-fall-nisibis-year	psg-wikipedia-church-of-east-spread	supports	whole_claim	explicit			Year derived from associated narrative account.
clm-felix-active-caesarea	psg-acts-23-26-35	supports	whole_claim	explicit		1.0	
clm-festus-active-caesarea	psg-acts-25-1-6	supports	whole_claim	explicit		1.0	
clm-fire-at-rome	psg-tacitus-annals-15-38-44	supports	whole_claim	explicit		1.0	
clm-fire-of-rome-year	psg-tacitus-ann-15-44	supports	date	explicit			Year derived from associated narrative account.
clm-firmilian-affirms-rebaptism	psg-eusebius-he-7-5	supports	predicate	explicit		0.9	Eusebius records Firmilian's strong support of Cyprian's rebaptism position.
clm-firmilian-affirms-succession	psg-eusebius-he-6-43	supports	predicate	strong_inference		0.7	Eusebius HE 6.43 preserves Firmilian's letter demonstrating his orthodox episcopal stance.
clm-firmilian-bishop-caesarea-capp	psg-eusebius-he-7-5	supports	whole_claim	explicit		0.8	Eusebius identifies Firmilian as bishop of Caesarea in Cappadocia.
clm-firmilian-coworker-cyprian	psg-eusebius-he-7-5	supports	whole_claim	explicit		0.9	Eusebius records Firmilian's sharp letter supporting Cyprian against Stephen.
clm-firmilian-in-council-256	psg-eusebius-he-6-43	supports	predicate	strong_inference		0.5	Eusebius HE 6.43 includes Firmilian's letter about the rebaptism controversy and councils.
clm-first-corinthians-addressed-corinth	psg-1cor-1-2	supports	whole_claim	explicit		1.0	
clm-first-corinthians-resurrection	psg-1cor-15-3-8	supports	predicate	explicit		1.0	
clm-first-corinthians-written-ephesus	psg-1cor-16-8	supports	place	explicit		1.0	
clm-first-enoch-judgment	psg-1enoch-1-9	supports	predicate	explicit		1.0	
clm-first-john-christ	psg-1john-5-1	supports	predicate	explicit		1.0	
clm-first-peter-addressed-asia	psg-1pet-1-1	supports	whole_claim	explicit		1.0	
clm-first-peter-addressed-bithynia	psg-1pet-1-1	supports	whole_claim	explicit		1.0	
clm-first-peter-addressed-cappadocia	psg-1pet-1-1	supports	whole_claim	explicit		1.0	
clm-first-peter-addressed-galatia	psg-1pet-1-1	supports	whole_claim	explicit		1.0	
clm-first-peter-addressed-pontus	psg-1pet-1-1	supports	whole_claim	explicit		1.0	
clm-first-peter-resurrection	psg-1pet-1-3	supports	predicate	explicit		1.0	
clm-first-thessalonians-addressed-thessalonica	psg-1thess-1-1	supports	whole_claim	explicit		1.0	
clm-first-thessalonians-resurrection	psg-1thess-4-14	supports	predicate	explicit		1.0	
clm-first-timothy-addressed-ephesus	psg-1tim-1-3	supports	whole_claim	explicit		1.0	
clm-followers-john-at-bethany	psg-john-1-28-34	supports	whole_claim	explicit			John the Baptist baptized at Bethany beyond the Jordan.
clm-followers-john-at-judea	psg-john-1-28-34	supports	place	explicit			John 1:28 places John's baptismal ministry 'at Bethany beyond the Jordan' in Judea; his followers were gathered there.
clm-frumentius-active-tyre	psg-rufinus-he-1-10	contextualizes					Passage attests frumentius's activity in or near tyre.
clm-frumentius-active-tyre	psg-rufinus-he-1-9	supports	place	explicit		1.0	Rufinus HE 1.9 narrates how Meropius of Tyre (Frumentius's patron) sailed to India; Frumentius's Tyrian connection is established here.
clm-frumentius-affirms-dominion	psg-rufinus-he-1-10	supports	predicate	strong_inference			Rufinus HE 1.10 describes Frumentius's role in converting Axum to Christianity, making Christ's dominion universal.
clm-frumentius-bishop-aksum	psg-athanasius-apol-const-29-31	supports	whole_claim	explicit		0.9	Athanasius confirms he consecrated Frumentius as bishop.
clm-frumentius-bishop-aksum	psg-rufinus-he-1-9	supports	whole_claim	explicit		1.0	Rufinus reports Athanasius consecrated Frumentius bishop for Aksum.
clm-frumentius-consecrated-by-athanasius	psg-athanasius-de-decretis-1-3	contextualizes				1.0	Athanasius consecrated Frumentius as first bishop of Axum, traditionally 328 CE or c. 340-346 CE (Britannica, Wikipedia, NewAdvent).
clm-frumentius-member-aksumite	psg-rufinus-he-1-9	supports	whole_claim	explicit		0.9	Frumentius established the Aksumite church per Rufinus.
clm-frumentius-member-alexandrian	psg-rufinus-he-1-10	supports	predicate	strong_inference			Rufinus HE 1.10 shows Frumentius's direct relationship with the Alexandrian church through Athanasius's consecration of him.
clm-frumentius-participant-christianization	psg-athanasius-de-decretis-1-3	contextualizes				1.0	Athanasius consecrated Frumentius as first bishop of Axum, traditionally 328 CE or c. 340-346 CE (Britannica, Wikipedia, NewAdvent).
clm-frumentius-participant-christianization	psg-rufinus-he-1-9	supports	whole_claim	explicit		1.0	Rufinus narrates Frumentius as the agent of Aksumite christianization.
clm-frumentius-teacher-ezana	psg-rufinus-he-1-9	supports	whole_claim	explicit		0.8	Rufinus implies Frumentius catechized the young king.
clm-gaius-active-jerusalem	psg-acts-20-4	supports	whole_claim	explicit		0.8	
clm-gaius-derbe-disciple	psg-acts-20-4	supports	whole_claim	explicit		0.7	
clm-gaius-of-derbe-active-derbe	psg-acts-20-4	supports	whole_claim	explicit		1.0	
clm-galatians-addressed-galatia	psg-gal-1-2	supports	whole_claim	explicit		1.0	
clm-galatians-by-paul	psg-gal-1-2	supports	whole_claim	explicit		1.0	Gal 1:1-2: Paul explicitly identifies himself as author and apostle.
clm-galatians-by-paul	psg-irenaeus-ah-3-1-1	contextualizes				1.0	AH 3.1.1 and Paul's letters treated as a unit; Galatians 1:1 self-attribution.
clm-galatians-gentiles	psg-gal-2-1-10	supports	predicate	explicit		1.0	
clm-gallio-active-achaia	psg-acts-18-12-17	supports	whole_claim	explicit		1.0	
clm-gospel-john-by-john	psg-irenaeus-ah-3-1-1	supports	whole_claim	explicit		1.0	Irenaeus AH 3.1.1: John the disciple published his Gospel at Ephesus. The identification of the Beloved Disciple with John son of Zebedee is traditional but debated.
clm-gospel-john-christ	psg-john-20-31	supports	predicate	explicit		1.0	
clm-gospel-luke-by-luke	psg-irenaeus-ah-3-1-1	supports	whole_claim	explicit		1.0	Irenaeus AH 3.1.1: Luke the companion of Paul wrote the Gospel. The 'we passages' in Acts imply the same author travelled with Paul.
clm-gospel-mark-by-mark	psg-irenaeus-ah-3-1-1	supports	whole_claim	explicit		1.0	Papias (apud Eusebius HE 3.39.15): Mark was Peter's interpreter; Irenaeus AH 3.1.1 confirms. Most broadly accepted Gospel attribution.
clm-gospel-matt-by-matthew	psg-irenaeus-ah-3-1-1	supports	whole_claim	explicit		1.0	Traditional attribution to Matthew the tax collector/apostle (Papias apud Eusebius HE 3.39.16; Irenaeus AH 3.1.1). Scholarly majority regards as pseudonymous.
clm-gregory-coworker-origen	psg-gregory-address-6	supports	whole_claim	explicit		0.9	
clm-gregory-illum-bishop-vagharshapat	psg-rufinus-he-1-9	contextualizes				0.5	
clm-gregory-illum-bishop-vagharshapat	psg-socrates-he-1-19	supports	predicate	strong_inference		1.0	Socrates HE 1.19 describes Gregory the Illuminator's role as first bishop of Armenian church.
clm-gregory-illum-bishop-vagharshapat	psg-socrates-he-1-20	supports	predicate	explicit		1.0	Socrates HE 1.20 explicitly identifies Gregory as bishop of the Armenians at Vagharshapat.
clm-gregory-naz-participant-const381	psg-socrates-he-1-19	supports	predicate	strong_inference		1.0	Socrates HE 1.19 covers the Nicene-era church events leading to Constantinople 381.
clm-gregory-thaum-active-caesarea	psg-gregory-address-6	supports	whole_claim	explicit		1.0	Gregory explicitly describes studying under Origen in Caesarea.
clm-gregory-thaum-active-neocaesarea	psg-gregory-address-6	supports	whole_claim	explicit		0.8	Gregory's Address implies his return to Pontus after studying with Origen.
clm-gregory-thaum-active-pontus	psg-gregory-address-6	supports	whole_claim	explicit		0.7	
clm-gregory-thaum-member-caesarean	psg-gregory-address-6	supports	whole_claim	explicit		0.9	Gregory was part of the Caesarean school community.
clm-group-antioch-church-antioch	psg-acts-11-25-26	supports	whole_claim	explicit		1.0	
clm-group-colossian-church-colossae	psg-col-1-2	supports	whole_claim	explicit		1.0	
clm-group-corinthian-church-corinth	psg-acts-18-1-11	supports	whole_claim	explicit		1.0	
clm-group-disciples-achaia	psg-2cor-1-1	supports	whole_claim	explicit		1.0	
clm-group-disciples-asia	psg-1pet-1-1	supports	whole_claim	explicit		1.0	
clm-group-disciples-athens	psg-acts-17-32-34	supports	whole_claim	explicit		1.0	
clm-group-disciples-bithynia	psg-1pet-1-1	supports	whole_claim	explicit		1.0	
clm-group-disciples-caesarea	psg-acts-10-1-48	supports	whole_claim	explicit		1.0	
clm-group-disciples-caesarea	psg-acts-21-8-9	supports	whole_claim	explicit		1.0	
clm-group-disciples-cappadocia	psg-1pet-1-1	supports	whole_claim	explicit		1.0	
clm-group-disciples-crete	psg-titus-1-5	supports	whole_claim	explicit		1.0	
clm-group-disciples-ephesus	psg-acts-19-1-10	supports	whole_claim	explicit		1.0	
clm-group-disciples-galatia	psg-1pet-1-1	supports	whole_claim	explicit		1.0	
clm-group-disciples-galilee	psg-mark-1-16-20	supports	whole_claim	explicit		1.0	
clm-group-disciples-hierapolis	psg-col-4-12-13	supports	whole_claim	explicit		1.0	
clm-group-disciples-joppa	psg-acts-9-32-43	supports	whole_claim	explicit		1.0	
clm-group-disciples-judea	psg-john-11-1-18	supports	whole_claim	explicit		0.7	
clm-group-disciples-paphos	psg-acts-13-4-12	supports	whole_claim	explicit		1.0	
clm-group-disciples-pontus	psg-1pet-1-1	supports	whole_claim	explicit		1.0	
clm-group-disciples-puteoli	psg-acts-28-1-14	supports	whole_claim	explicit		1.0	
clm-group-disciples-rome	psg-rom-1-7	supports	whole_claim	explicit		1.0	
clm-group-disciples-samaria	psg-acts-8-5-25	supports	whole_claim	explicit		1.0	
clm-group-disciples-troas	psg-acts-20-6-17	supports	whole_claim	explicit		0.7	Acts 20 depicts a gathered believing community in Troas around Paul's visit.
clm-group-disciples-tyre	psg-acts-21-3-8	supports	whole_claim	explicit		1.0	
clm-group-ephesian-church-ephesus	psg-acts-19-1-10	supports	whole_claim	explicit		1.0	
clm-group-ephesian-church-ephesus	psg-rev-1-11	supports	whole_claim	explicit		0.7	Late first-century attestation helps justify a continuous Ephesian community across the intervening interval.
clm-group-essenes-judea	psg-josephus-war-2-119-166	supports	whole_claim	explicit		0.7	Josephus identifies the Essenes as a Jewish school; the Judea placement is a conservative regional contextualization.
clm-group-followers-john-ephesus	psg-acts-19-1-7	supports	whole_claim	explicit		1.0	
clm-group-herodians-galilee	psg-mark-3-6	supports	whole_claim	explicit		1.0	
clm-group-herodians-jerusalem	psg-mark-12-13-17	supports	whole_claim	explicit		1.0	
clm-group-jerusalem-church-jerusalem	psg-acts-15-1-29	supports	whole_claim	explicit		1.0	
clm-group-john-judea	psg-luke-3-1-3	supports	whole_claim	explicit		1.0	
clm-group-laodicean-church-laodicea	psg-col-4-16	supports	whole_claim	explicit		1.0	
clm-group-laodicean-church-laodicea	psg-rev-1-11	supports	whole_claim	explicit		1.0	
clm-group-nicolaitans-ephesus	psg-rev-2-6	supports	whole_claim	explicit		0.7	Revelation condemns the Nicolaitans' works in Ephesus, which supports probable group presence without implying a formal census.
clm-group-nicolaitans-pergamum	psg-rev-2-15	supports	whole_claim	explicit		0.7	Revelation says some in Pergamum hold the teaching of the Nicolaitans, supporting probable group presence in the city.
clm-group-pergamum-church-pergamum	psg-rev-1-11	supports	whole_claim	explicit		1.0	
clm-group-pharisees-judea	psg-mark-11-15-18	supports	whole_claim	explicit		0.7	Movement presence is inferred from Gospel setting rather than asserted as a formal census.
clm-group-philadelphia-church-philadelphia-asia	psg-rev-1-11	supports	whole_claim	explicit		1.0	
clm-group-philippian-church-philippi	psg-acts-16-11-15	supports	whole_claim	explicit		1.0	
clm-group-qumran-community-qumran	psg-community-rule-5-7-13	supports	whole_claim	explicit		1.0	
clm-group-roman-church-rome	psg-rom-16-3-5	supports	whole_claim	explicit		1.0	
clm-group-roman-empire-corinth	psg-acts-18-12-17	supports	whole_claim	explicit		1.0	
clm-group-roman-empire-judea	psg-josephus-ant-18-55-59	supports	whole_claim	explicit		1.0	
clm-group-roman-empire-philippi	psg-acts-16-11-15	supports	whole_claim	explicit		1.0	
clm-group-sadducees-jerusalem	psg-mark-11-15-18	supports	whole_claim	explicit		0.7	Movement presence is inferred from Gospel setting rather than asserted as a formal census.
clm-group-samaritans-samaria	psg-acts-8-5-25	supports	whole_claim	explicit		1.0	
clm-group-sardis-church-sardis	psg-rev-1-11	supports	whole_claim	explicit		1.0	
clm-group-smyrna-church-smyrna	psg-rev-1-11	supports	whole_claim	explicit		1.0	
clm-group-thessalonian-church-thessalonica	psg-1thess-1-1	supports	whole_claim	explicit		1.0	
clm-group-thessalonian-church-thessalonica	psg-2thess-1-1	supports	whole_claim	explicit		1.0	
clm-group-thessalonian-church-thessalonica	psg-acts-17-1-9	supports	whole_claim	explicit		1.0	
clm-group-thyatira-church-thyatira	psg-rev-1-11	supports	whole_claim	explicit		1.0	
clm-group-zealots-jerusalem	psg-josephus-war-4-zealots	supports	whole_claim	explicit		1.0	
clm-hah-affirms-free-will	psg-ephrem-heresies-1	supports	predicate	explicit		0.9	Ephrem counters Bardaisan's deterministic cosmology.
clm-hah-affirms-incarnation	psg-ephrem-heresies-1	supports	predicate	explicit		0.8	Bardaisan confessed one God but erred on cosmology.
clm-hah-affirms-logos	psg-ephrem-heresies-1	supports	predicate	explicit			hymns-against-heresies-ephrem is a primary text directly relevant to logos-is-pre-existent-son-of-god.
clm-hah-affirms-ot-authority	psg-ephrem-heresies-22	supports	predicate	explicit		1.0	OT and NT proclaim the same God; Creator is good.
clm-hah-affirms-passion	psg-ephrem-heresies-22	supports	predicate	explicit		0.8	Christ truly took flesh.
clm-hah-affirms-resurrection	psg-ephrem-heresies-22	supports	predicate	explicit		0.8	The body is not evil but created by God.
clm-hah-affirms-trinity	psg-ephrem-heresies-1	supports	predicate	explicit			
clm-hah-affirms-virgin-birth	psg-ephrem-heresies-22	supports	predicate	explicit			
clm-hebrews-authored-by-paul	psg-eusebius-he-6-25	contextualizes	predicate	strong_inference		1.0	Eusebius HE 6.25 preserves Origen's famous statement on the uncertain authorship of Hebrews.
clm-hebrews-resurrection	psg-heb-13-20	supports	predicate	explicit		1.0	
clm-hegesippus-active-antioch	psg-eusebius-he-4-22	supports	place	explicit		1.0	Eusebius HE 4.22 describes Hegesippus's journey through Corinth to Rome, passing through Antioch.
clm-hegesippus-active-antioch	psg-eusebius-he-4-23	contextualizes				0.5	
clm-hegesippus-active-corinth	psg-eusebius-he-4-23	supports	whole_claim	explicit		0.7	Eusebius records Hegesippus journey through Corinth.
clm-hegesippus-active-jerusalem	psg-eusebius-he-4-22	supports	whole_claim	explicit		0.9	
clm-hegesippus-active-rome	psg-eusebius-he-4-22	supports	whole_claim	explicit		0.9	
clm-hegesippus-member-jerusalem-church	psg-eusebius-he-4-22	supports	whole_claim	explicit		0.8	
clm-hegesippus-member-roman-church	psg-eusebius-he-4-22	supports	whole_claim	explicit		0.8	
clm-hegesippus-person-affirms-apostolic-succession	psg-eusebius-he-4-22	supports	predicate	explicit		0.9	
clm-hegesippus-person-affirms-rule-of-faith	psg-eusebius-he-4-22	supports	predicate	explicit		0.8	
clm-heraclas-bishop-of-alexandria	psg-eusebius-he-6-3	supports	whole_claim	explicit		0.8	Eusebius records Heraclas as Origen's assistant and later bishop.
clm-heraclas-coworker-origen	psg-eusebius-he-6-3	supports	whole_claim	explicit		0.8	
clm-heraclas-member-alexandrian	psg-eusebius-he-6-3	supports	whole_claim	explicit		0.8	Eusebius identifies Heraclas with the Alexandrian church.
clm-heresies-by-ephrem	psg-ephrem-heresies-1	supports	whole_claim	explicit			This passage from the work attests its existence and authorship.
clm-heresies-written-edessa	psg-ephrem-heresies-1	supports	whole_claim	explicit			Passage from hymns-against-heresies-ephrem contextualizes its composition at edessa.
clm-hermas-active-rome	psg-rom-16-14	supports	whole_claim	explicit		1.0	
clm-hermas-affirms-baptism-regen	psg-hermas-sim-9-16	supports	predicate	explicit		1.0	Baptism as seal; descend and come up alive
clm-hermas-affirms-baptism-water	psg-hermas-sim-9-16	supports	predicate	explicit		1.0	
clm-hermas-affirms-catechumenate	psg-hermas-mand-4-3	supports	predicate	explicit		0.5	Hermas presupposes that instruction precedes baptism.
clm-hermas-affirms-fasting	psg-hermas-sim-5-1-1	supports	predicate	explicit		0.9	Hermas Similitude 5 discusses proper fasting extensively.
clm-hermas-affirms-incarnation	psg-hermas-sim-5-6-5	supports	predicate	explicit		0.6	Hermas Similitude 5 describes the Holy Spirit dwelling in flesh.
clm-hermas-affirms-incarnation	psg-hermas-sim-9-16-b	contextualizes				1.0	Herm.Sim 9.16: apostles who fell asleep preached to those who died before baptism — incarnation & mission theology.
clm-hermas-affirms-penance	psg-hermas-mand-4-3	supports	predicate	explicit		1.0	One repentance available after baptism for the tempted
clm-hermas-affirms-rule-of-faith	psg-hermas-mand-1-1	supports	predicate	explicit		0.7	Hermas Mandate 1 opens with a creed-like formula: believe in one God who created all things.
clm-hermas-affirms-rule-of-faith	psg-hermas-sim-9-16-b	contextualizes				1.0	Herm.Sim 9.16: apostles and teachers preach name of Son of God — rule-of-faith context.
clm-hermas-by-hermas-shepherd	psg-hermas-vis-2-2	supports	attribution	explicit		0.9	
clm-hermas-roman-church	psg-rom-16-14	supports	whole_claim	explicit		1.0	
clm-hermas-shepherd-active-rome	psg-hermas-vis-2-2	supports	whole_claim	explicit		0.9	
clm-hermas-shepherd-member-roman-church	psg-hermas-vis-2-2	supports	whole_claim	explicit		0.8	
clm-hermas-written-rome	psg-hermas-vis-2-2	supports	place	explicit		0.7	
clm-hermes-active-rome	psg-rom-16-14	supports	whole_claim	explicit		1.0	
clm-hermes-roman-church	psg-rom-16-14	supports	whole_claim	explicit		1.0	
clm-herod-agrippa-active-jerusalem	psg-acts-12-1-3	supports	whole_claim	explicit			Passage attests herod-agrippa-i's activity in or near jerusalem.
clm-herod-agrippa-i-in-herodian-persecution	psg-acts-12-1-3	supports	whole_claim	explicit		0.7	Acts identifies the persecutor as Herod; the Agrippa I identification is the standard historical contextualization.
clm-herod-agrippa-in-james-zeb-martyrdom	psg-acts-12-1-2	supports	whole_claim	explicit		1.0	
clm-herod-antipas-active-galilee	psg-luke-3-1-3	supports	whole_claim	explicit		1.0	
clm-herod-antipas-in-john-baptist-martyrdom	psg-josephus-ant-18-116-119	contextualizes				0.8	Josephus independently confirms that Herod slew John, though his narrative emphasis differs from Mark's banquet account.
clm-herod-antipas-in-john-baptist-martyrdom	psg-mark-6-17-29	supports	whole_claim	explicit		1.0	
clm-herodian-persecution-at-jerusalem	psg-acts-12-1-3	supports	whole_claim	explicit		1.0	
clm-herodian-persecution-year	psg-acts-12-1-3	supports	date	explicit			Year derived from associated narrative account.
clm-herodians-at-judea	psg-mark-12-13-17	supports	whole_claim	explicit			Herodians active in Jerusalem/Judea.
clm-hippolytus-callistus-schism-at-rome	psg-hippolytus-ref-9-7	supports	whole_claim	explicit		0.9	Refutation 9 locates the schism in the Roman church.
clm-hippolytus-callistus-schism-year	psg-hippolytus-ref-9-11-12	supports	date	strong_inference		1.0	Hippolytus Ref. 9.11-12 describes the schism with Callistus c. 217 CE; year inferred from context.
clm-hippolytus-callistus-schism-year	psg-wikipedia-early-church-geography	contextualizes					Year derived from associated narrative account.
clm-hippolytus-coworker-pontian	psg-eusebius-he-6-20-43	supports	whole_claim	explicit		0.7	Both exiled together to Sardinia, indicating interaction during Pontian's pontificate.
clm-hippolytus-in-sardinian-exile	psg-eusebius-he-6-20-43	supports	whole_claim	explicit		0.8	Eusebius and the Liberian Catalogue attest the exile of both Hippolytus and Pontian to Sardinia.
clm-hippolytus-in-schism	psg-hippolytus-ref-9-7	supports	whole_claim	explicit		0.9	Refutation 9 details the schism between Hippolytus and the succession of Zephyrinus-Callistus-Urban-Pontian.
clm-hippolytus-member-roman-church	psg-eusebius-he-6-20-43	supports	whole_claim	explicit		0.8	Hippolytus active as presbyter and writer in the Roman church.
clm-hippolytus-rival-bishop-rome	psg-hippolytus-ref-9-7	supports	whole_claim	explicit		0.8	
clm-hippolytus-teacher-of-novatian	psg-hippolytus-ref-9-11-12	supports	predicate	strong_inference		1.0	Hippolytus Ref. 9.11-12 shows the Roman ecclesiastical milieu in which Novatian was formed.
clm-hippolytus-teacher-of-novatian	psg-hippolytus-ref-9-7	contextualizes				0.5	
clm-hof-affirms-baptism-regeneration	psg-ephrem-faith-18	supports	predicate	explicit		1.0	In baptism the believer puts on Christ as garment of glory.
clm-hof-affirms-baptismal-anointing	psg-ephrem-faith-18	supports	predicate	explicit		1.0	Oil of anointing seals the gift of the Spirit.
clm-hof-affirms-eternal-generation	psg-ephrem-faith-3	supports	predicate	explicit		0.9	Three are one nature yet three persons.
clm-hof-affirms-eucharist-body-blood	psg-ephrem-faith-18	supports	predicate	explicit		0.9	Eucharistic bread is medicine of life; cup is purifying blood.
clm-hof-affirms-eucharist-medicine	psg-ephrem-faith-18	supports	predicate	explicit		0.9	Bread is medicine of life.
clm-hof-affirms-free-will	psg-ephrem-faith-10	supports	predicate	explicit			
clm-hof-affirms-incarnation	psg-ephrem-faith-10	supports	predicate	explicit		1.0	The Son clothed himself in a body from Mary.
clm-hof-affirms-logos	psg-ephrem-faith-10	supports	predicate	explicit		0.8	He who fills all things was contained in a womb.
clm-hof-affirms-passion-reality	psg-ephrem-faith-18	supports	predicate	explicit		0.8	Church participates in Christ's death and resurrection.
clm-hof-affirms-prayer	psg-ephrem-faith-3	supports	predicate	explicit			Upgraded from contextualizes: passage explicitly mentions hymns-on-faith-ephrem or prayer-is-offered-without-ceasing.
clm-hof-affirms-resurrection	psg-ephrem-faith-18	supports	predicate	explicit			
clm-hof-affirms-rule-of-faith	psg-ephrem-faith-3	supports	predicate	explicit			Upgraded from contextualizes: passage explicitly mentions hymns-on-faith-ephrem or rule-of-faith-received-from-apostles.
clm-hof-affirms-trinity	psg-ephrem-faith-3	supports	predicate	explicit		1.0	Father begets Son without division; Spirit proceeds without separation.
clm-hof-affirms-virgin-birth	psg-ephrem-faith-10	supports	predicate	explicit		0.9	He who is invisible became visible through Mary.
clm-homjer-affirms-allegorical	psg-origen-homjer-16-6	supports	predicate	explicit		1.0	Threefold sense of Scripture explicitly restated.
clm-homjer-affirms-baptism-regeneration	psg-origen-homjer-20-3	supports	predicate	explicit		0.6	Post-baptismal penance presupposes baptismal regeneration.
clm-homjer-affirms-bishop-authority	psg-origen-homjer-20-3	supports	predicate	explicit		0.8	Confession before the bishop — episcopal authority.
clm-homjer-affirms-eternal-generation	psg-origen-homjer-16-6	supports	predicate	explicit		0.4	Divine mystery implies eternal divine relations.
clm-homjer-affirms-free-will	psg-origen-homjer-20-3	supports	predicate	explicit		0.7	Repentance presupposes free will.
clm-homjer-affirms-incarnation	psg-origen-homjer-16-6	supports	predicate	explicit		0.4	Christological framework in prophetic exegesis.
clm-homjer-affirms-logos	psg-origen-homjer-16-6	supports	predicate	explicit		0.5	Spiritual sense reveals divine mystery — Logos.
clm-homjer-affirms-ot	psg-origen-homjer-16-6	supports	predicate	explicit		0.9	OT Scripture presupposed as authoritative.
clm-homjer-affirms-penance	psg-origen-homjer-20-3	supports	predicate	explicit		1.0	Post-baptismal penance through tears and confession explicit.
clm-homjer-by-origen	psg-origen-homjer-16-6	supports	whole_claim	explicit		1.0	Homilies on Jeremiah explicitly by Origen.
clm-homjer-written-at-caesarea	psg-eusebius-he-6-19	supports	place	explicit		0.7	Caesarean homilies per Eusebius.
clm-homlev-affirms-allegorical	psg-origen-homlev-5-3	supports	predicate	explicit		1.0	Extensive allegorical reading of Levitical rites.
clm-homlev-affirms-almsgiving	psg-origen-homlev-8-3	supports	predicate	explicit		0.9	Almsgiving listed as third way of remission.
clm-homlev-affirms-baptism-regeneration	psg-origen-homlev-8-3	supports	predicate	explicit		0.7	Baptism listed as first way of remission.
clm-homlev-affirms-celibacy	psg-origen-homlev-9-10	supports	predicate	explicit		0.4	Priestly purity implies celibacy value.
clm-homlev-affirms-eucharist-body-blood	psg-origen-homlev-5-3	supports	predicate	explicit		0.7	Sacrificial offering implies body and blood.
clm-homlev-affirms-eucharist-sacrifice	psg-origen-homlev-5-3	supports	predicate	explicit		1.0	Levitical sacrifices as types of Christian spiritual offering.
clm-homlev-affirms-fasting	psg-origen-homlev-8-3	supports	predicate	explicit		0.7	Penance through tears and affliction implies fasting.
clm-homlev-affirms-incarnation	psg-origen-homlev-5-3	supports	predicate	explicit		0.7	Christ as true sacrifice presupposes incarnation.
clm-homlev-affirms-judgment	psg-origen-homlev-8-3	supports	predicate	explicit		0.6	Remission of sins presupposes judgment.
clm-homlev-affirms-logos	psg-origen-homlev-5-3	supports	predicate	explicit		0.6	Christ as high priest implies Logos theology.
clm-homlev-affirms-ordination	psg-origen-homlev-9-10	supports	predicate	explicit		1.0	Ordination by laying on of hands from Moses to bishops.
clm-homlev-affirms-ot	psg-origen-homlev-5-3	supports	predicate	explicit		0.9	OT rites presupposed as authoritative Scripture.
clm-homlev-affirms-penance	psg-origen-homlev-8-3	supports	predicate	explicit		1.0	Seven ways of remission of sins including penance.
clm-homlev-affirms-threefold-ministry	psg-origen-homlev-9-10	supports	predicate	explicit		0.8	Priestly hierarchy presupposes threefold ministry.
clm-homlev-affirms-virgin-birth	psg-origen-homlev-5-3	supports	predicate	explicit		0.4	Christological typology implies virgin birth.
clm-homlev-by-origen	psg-origen-homlev-5-3	supports	whole_claim	explicit		1.0	Homilies on Leviticus explicitly by Origen.
clm-homlev-written-at-caesarea	psg-eusebius-he-6-19	supports	place	explicit		0.7	Caesarean homilies per Eusebius.
clm-homluke-affirms-allegorical	psg-origen-homluke-7	supports	predicate	explicit		0.8	Allegorical exegesis of Luke's infancy narrative.
clm-homluke-affirms-baptism-regeneration	psg-origen-homluke-14-3	supports	predicate	explicit		0.8	Baptism implies grace and remission — regeneration.
clm-homluke-affirms-incarnation	psg-origen-homluke-7	supports	predicate	explicit		0.9	Virgin birth presupposes incarnation.
clm-homluke-affirms-infant-baptism	psg-origen-homluke-14-3	supports	predicate	explicit		1.0	Infant baptism explicitly presupposed.
clm-homluke-affirms-logos	psg-origen-homluke-7	supports	predicate	explicit		0.5	Christological framework in Luke homilies.
clm-homluke-affirms-ot	psg-origen-homluke-7	supports	predicate	explicit		0.6	OT presupposed in infancy narrative exegesis.
clm-homluke-affirms-penance	psg-origen-homluke-14-3	supports	predicate	explicit		0.4	Baptismal grace implies post-baptismal discipline.
clm-homluke-affirms-perpetual-virginity	psg-origen-homluke-7	supports	predicate	explicit		1.0	Perpetual virginity of Mary explicitly taught.
clm-homluke-affirms-virgin-birth	psg-origen-homluke-7	supports	predicate	explicit		1.0	Virgin birth explicitly affirmed.
clm-homluke-by-origen	psg-origen-homluke-14-3	supports	whole_claim	explicit		1.0	Homilies on Luke explicitly by Origen.
clm-homluke-written-at-caesarea	psg-eusebius-he-6-19	supports	place	explicit		0.7	Caesarean homilies per Eusebius.
clm-hon-affirms-eternal-generation	psg-ephrem-nativity-1	supports	predicate	explicit			
clm-hon-affirms-incarnation	psg-ephrem-nativity-1	supports	predicate	explicit		1.0	The Lord of all entered through a lowly maid.
clm-hon-affirms-logos	psg-ephrem-nativity-1	supports	predicate	explicit		0.8	The Infinite made himself small.
clm-hon-affirms-perpetual-virginity	psg-ephrem-nativity-11	supports	predicate	explicit		0.9	Mary is the new Eve; her unique role in salvation.
clm-hon-affirms-resurrection	psg-ephrem-nativity-11	supports	predicate	explicit			
clm-hon-affirms-virgin-birth	psg-ephrem-nativity-1	supports	predicate	explicit		1.0	The Pure One came forth; the Infinite in the womb of Mary.
clm-hop-affirms-baptism-regeneration	psg-ephrem-paradise-1	supports	predicate	explicit		1.0	Through baptism the faithful re-enter the garden Adam lost.
clm-hop-affirms-eucharist-medicine	psg-ephrem-paradise-6	supports	predicate	explicit		1.0	In the eucharist the faithful taste the fruit of the Tree of Life.
clm-hop-affirms-incarnation	psg-ephrem-paradise-1	supports	predicate	explicit		0.7	Church on earth reflects Paradise.
clm-hop-affirms-judgment	psg-ephrem-paradise-6	supports	predicate	explicit			
clm-hop-affirms-resurrection	psg-ephrem-paradise-6	supports	predicate	explicit		0.8	Garments of glory lost by Adam restored in baptism.
clm-ignatius-active-ephesus-route	psg-ignatius-eph-13	supports	whole_claim	explicit		0.8	
clm-ignatius-active-smyrna	psg-ignatius-smyrn-8	supports	whole_claim	explicit		0.9	Letter addressed from/to Smyrna context
clm-ignatius-active-troas	psg-ignatius-phil-4	supports	whole_claim	explicit		0.7	
clm-ignatius-affirms-baptism-regen	psg-ignatius-smyrn-1	supports	predicate	explicit		0.7	Upgraded from contextualizes: passage explicitly mentions epistles-of-ignatius or baptism-effects-regeneration.
clm-ignatius-affirms-bodily-resurrection	psg-ignatius-smyrn-1	supports	predicate	explicit		1.0	Upgraded from contextualizes: passage explicitly mentions epistles-of-ignatius or bodies-will-be-raised-at-last-day.
clm-ignatius-affirms-episcopal-chair	psg-ignatius-smyrn-8	supports	predicate	explicit		1.0	
clm-ignatius-affirms-episcopal-unity	psg-ignatius-smyrn-1	supports	whole_claim	strong_inference		0.8	
clm-ignatius-affirms-fasting	psg-ignatius-smyrn-1	supports	predicate	explicit		0.8	Upgraded from contextualizes: passage explicitly mentions epistles-of-ignatius or fasting-is-required.
clm-ignatius-affirms-incarnation	psg-ignatius-eph-7	supports	predicate	explicit		1.0	
clm-ignatius-affirms-incarnation	psg-ignatius-smyrn-1	supports	predicate	explicit		1.0	
clm-ignatius-affirms-judgment	psg-ignatius-eph-13	supports	predicate	explicit			epistles-of-ignatius is a primary text directly relevant to final-judgment-is-coming.
clm-ignatius-affirms-logos	psg-ignatius-eph-7	supports	predicate	explicit		0.8	
clm-ignatius-affirms-logos	psg-ignatius-smyrn-1	supports	predicate	explicit		0.8	
clm-ignatius-affirms-martyrdom-witness	psg-ignatius-rom-7	supports	predicate	explicit		0.8	
clm-ignatius-affirms-monarchical-bishop	psg-ignatius-magn-6	supports	predicate	explicit		1.0	Bishop presides in place of God
clm-ignatius-affirms-monarchical-bishop	psg-ignatius-trall-3	supports	predicate	explicit		1.0	Reverence bishop as Jesus Christ who is Son of the Father
clm-ignatius-affirms-ordination	psg-ignatius-eph-13	supports	predicate	explicit			epistles-of-ignatius is a primary text directly relevant to ordination-conferred-by-laying-on-of-hands.
clm-ignatius-affirms-ot-scripture	psg-ignatius-eph-13	supports	predicate	explicit			epistles-of-ignatius is a primary text directly relevant to old-testament-is-authoritative-scripture.
clm-ignatius-affirms-repentance	psg-ignatius-eph-13	supports	predicate	explicit			epistles-of-ignatius is a primary text directly relevant to repentance-is-required.
clm-ignatius-affirms-rule-of-faith	psg-ignatius-magn-13	supports	predicate	explicit		1.0	
clm-ignatius-affirms-succession	psg-ignatius-trall-3	supports	predicate	explicit		0.9	Presbyters in place of assembly of apostles; apostolic correspondence
clm-ignatius-affirms-threefold	psg-ignatius-magn-6	supports	predicate	explicit		1.0	Bishop, presbyters, deacons; threefold ministry
clm-ignatius-affirms-threefold	psg-ignatius-smyrn-1	supports	predicate	explicit		0.8	Upgraded from contextualizes: passage explicitly mentions epistles-of-ignatius or threefold-ministry-required.
clm-ignatius-affirms-threefold	psg-ignatius-trall-3	supports	predicate	explicit		1.0	Deacons, bishop, presbyters; apart from these there is no church
clm-ignatius-bishop-antioch	psg-ignatius-magn-13	supports	whole_claim	explicit		0.9	
clm-ignatius-bishop-eucharist	psg-ignatius-smyrn-8	supports	predicate	explicit		1.0	Explicit: valid Eucharist requires bishop or his delegate
clm-ignatius-bishop-eucharist	psg-ignatius-trall-7	supports	predicate	explicit		1.0	Trall 7: he within the altar is pure — bishop's exclusive role at eucharist altar.
clm-ignatius-coworker-polycarp	psg-ignatius-smyrn-8	supports	whole_claim	explicit		0.8	Ignatius addresses Polycarp directly; collegial relationship
clm-ignatius-eph-affirms-eucharist-immortality	psg-ignatius-eph-20	supports	predicate	explicit		1.0	Breaking one bread which is the medicine of immortality and antidote to prevent dying
clm-ignatius-eph-affirms-virgin-birth	psg-ignatius-eph-18-19	supports	predicate	explicit		1.0	Conceived in womb by Mary by the Holy Ghost; virginity of Mary hidden from the prince of this world
clm-ignatius-eph-affirms-virgin-birth	psg-ignatius-smyrn-1	supports	predicate	explicit		1.0	He was truly born of a virgin
clm-ignatius-eucharist-flesh	psg-ignatius-smyrn-7	supports	predicate	explicit		1.0	Direct statement: Eucharist is the flesh of Christ
clm-ignatius-frequent-assembly	psg-ignatius-eph-13	supports	predicate	explicit		1.0	Direct exhortation to frequent assembly
clm-ignatius-frequent-assembly	psg-ignatius-eph-20	contextualizes				0.8	Contextual support for regular eucharistic practice
clm-ignatius-in-martyrdom	psg-ignatius-rom-7	supports	whole_claim	explicit		0.9	Letter to Rome requesting free passage to martyrdom
clm-ignatius-martyrdom-at-rome	psg-ignatius-rom-7	supports	whole_claim	explicit		1.0	Ignatius addresses Rome as destination of his martyrdom
clm-ignatius-martyrdom-year	psg-eusebius-he-3-36	supports	whole_claim	explicit			Year derived from associated narrative account.
clm-ignatius-member-antioch-church	psg-ignatius-smyrn-7	supports	whole_claim	explicit		0.8	Ignatius identified as bishop of Antioch throughout letters
clm-ignatius-member-smyrna-route	psg-ignatius-smyrn-1	supports	whole_claim	explicit		0.7	Ignatius writes from Smyrna to the Smyrnaeans.
clm-ignatius-smyrn-affirms-passion	psg-ignatius-smyrn-1	supports	predicate	explicit		0.95	Ignatius to the Smyrnaeans ch. 1-2: Christ suffered under Pontius Pilate, truly nailed in the flesh for our sins.
clm-irenaeus-active-lyons	psg-irenaeus-ah-3-3-1	supports	whole_claim	explicit		0.8	
clm-irenaeus-active-rome	psg-irenaeus-ah-3-3-2	supports	whole_claim	explicit		0.7	
clm-irenaeus-active-smyrna	psg-irenaeus-ah-3-3-4	supports	whole_claim	explicit		0.8	Irenaeus heard Polycarp at Smyrna.
clm-irenaeus-ah-affirms-apostolic-succession	psg-irenaeus-ah-3-1-1	supports	predicate	explicit		1.0	AH 3.1.1: salvation plan learned through those who brought the Gospel — apostolic chain.
clm-irenaeus-ah-affirms-apostolic-succession	psg-irenaeus-ah-3-3-1	supports	predicate	explicit		1.0	
clm-irenaeus-ah-affirms-apostolic-succession	psg-irenaeus-ah-3-3-2	supports	predicate	explicit		1.0	
clm-irenaeus-ah-affirms-apostolic-succession	psg-irenaeus-ah-3-3-3	supports	predicate	explicit		1.0	
clm-irenaeus-ah-affirms-baptism-regen	psg-irenaeus-ah-3-17-2	supports	predicate	explicit		1.0	
clm-irenaeus-ah-affirms-bodily-resurrection	psg-irenaeus-ah-5-2-2	supports	predicate	explicit		1.0	
clm-irenaeus-ah-affirms-continual-prayer	psg-irenaeus-ah-4-18-1	supports	predicate	explicit			
clm-irenaeus-ah-affirms-episcopal-chair	psg-irenaeus-ah-3-3-1	supports	predicate	explicit		1.0	
clm-irenaeus-ah-affirms-episcopal-chair	psg-irenaeus-ah-3-3-2	supports	predicate	explicit		1.0	
clm-irenaeus-ah-affirms-eucharist-body-blood	psg-irenaeus-ah-5-2-2	supports	predicate	explicit		1.0	
clm-irenaeus-ah-affirms-eucharist-sacrifice	psg-irenaeus-ah-4-18-1	supports	predicate	explicit		1.0	
clm-irenaeus-ah-affirms-eucharist-sunday	psg-irenaeus-ah-4-18-1	supports	predicate	explicit			
clm-irenaeus-ah-affirms-fasting	psg-irenaeus-ah-3-4-1	supports	predicate	explicit			
clm-irenaeus-ah-affirms-frequent-eucharist	psg-irenaeus-ah-4-33-7	supports	predicate	explicit		0.7	
clm-irenaeus-ah-affirms-incarnation	psg-irenaeus-ah-1-10-1	supports	predicate	explicit		1.0	
clm-irenaeus-ah-affirms-infant-baptism	psg-irenaeus-ah-2-22-4	supports	predicate	explicit		1.0	
clm-irenaeus-ah-affirms-logos	psg-irenaeus-ah-1-10-1	supports	predicate	explicit		0.9	
clm-irenaeus-ah-affirms-malachi-eucharist	psg-irenaeus-ah-4-18-1	supports	predicate	explicit		1.0	
clm-irenaeus-ah-affirms-martyrdom-witness	psg-irenaeus-ah-3-3-4	supports	predicate	explicit		0.8	
clm-irenaeus-ah-affirms-penance	psg-irenaeus-ah-3-4-3	supports	predicate	explicit		0.7	
clm-irenaeus-ah-affirms-rule-of-faith	psg-irenaeus-ah-1-10-1	supports	predicate	explicit		1.0	
clm-irenaeus-ah-affirms-rule-of-faith	psg-irenaeus-ah-1-10-2	supports	predicate	explicit		1.0	
clm-irenaeus-ah-affirms-rule-of-faith	psg-irenaeus-ah-3-4-1	supports	predicate	explicit		0.9	
clm-irenaeus-ah-affirms-trinitarian-baptism	psg-irenaeus-ah-3-17-2	supports	predicate	explicit		1.0	
clm-irenaeus-ah-affirms-virgin-birth	psg-irenaeus-ah-1-10-1	supports	predicate	explicit		1.0	
clm-irenaeus-ah-at-lyons	psg-eusebius-he-5-1	supports	place	explicit			Passage contextualizes the location of irenaeus-writes-against-heresies.
clm-irenaeus-ah-year	psg-eusebius-he-5-24	supports	date	strong_inference		1.0	Eusebius HE 5.24 places Irenaeus active c. 190; AH was composed around this period.
clm-irenaeus-ah-year	psg-wikipedia-early-church-geography	contextualizes					Year derived from associated narrative account.
clm-irenaeus-coworker-eleutherus	psg-irenaeus-ah-3-3-4	supports	whole_claim	explicit		0.7	
clm-irenaeus-coworker-victor	psg-eusebius-he-5-24	supports	whole_claim	explicit		0.8	
clm-irenaeus-in-ah-composition	psg-irenaeus-ah-3-3-4	supports	whole_claim	explicit		0.9	
clm-irenaeus-in-lyons-persecution	psg-irenaeus-ah-3-3-4	supports	whole_claim	explicit		0.6	
clm-irenaeus-in-quartodeciman	psg-eusebius-he-5-24	supports	whole_claim	explicit		1.0	
clm-irenaeus-member-roman-church-visit	psg-eusebius-he-5-24	supports	whole_claim	explicit		0.7	
clm-irenaeus-originated-smyrna	psg-eusebius-he-5-1	supports	whole_claim	explicit			Passage contextualizes irenaeus-of-lyons's origin at smyrna.
clm-irenaeus-teacher-hippolytus	psg-hippolytus-cn-10-11	supports	whole_claim	explicit		0.5	Hippolytus's Logos theology closely follows Irenaeus; scholarly consensus that Irenaeus was a formative influence.
clm-jacob-bishop-nisibis	psg-eusebius-vita-const-3-6	supports	predicate	strong_inference		1.0	Vita Const. 3 documents the Council of Nicaea (325) which Jacob of Nisibis attended as bishop.
clm-jacob-bishop-nisibis	psg-wikipedia-church-of-east-spread	contextualizes					Passage contextualizes jacob-of-nisibis's role as bishop of nisibis.
clm-jacob-participant-nicaea	psg-eusebius-vita-const-3-6	contextualizes				1.0	Jacob of Nisibis attended the Council of Nicaea 325 CE per tradition (Wikipedia; no direct primary source names him, but Syriac tradition is consistent).
clm-jacob-teacher-ephrem	psg-ephrem-carm-nis-13	supports	predicate	explicit		1.0	Ephrem Carmina Nisibena 13 explicitly portrays Jacob as teacher-bishop of Ephrem's community.
clm-jacob-teacher-ephrem	psg-eusebius-vita-const-3-6	contextualizes				1.0	
clm-jacob-teacher-ephrem	psg-wikipedia-church-of-east-spread	contextualizes					Passage contextualizes jacob-of-nisibis's role as teacher of ephrem-the-syrian.
clm-james-by-james	psg-irenaeus-ah-3-1-1	contextualizes				1.0	Traditional attribution; Jas 1:1 self-identifies as 'James, servant of God and of the Lord.'
clm-james-coworker-john-zebedee	psg-gal-2-1-10	supports	whole_claim	explicit		0.8	
clm-james-coworker-peter	psg-gal-2-1-10	supports	whole_claim	explicit		0.8	James and Peter named as pillars together.
clm-james-disciple	psg-mark-1-16-20	supports	whole_claim	explicit		1.0	
clm-james-epistle-repentance	psg-jas-4-8-10	supports	predicate	explicit		1.0	
clm-james-gentile-inclusion	psg-acts-15-1-29	supports	predicate	explicit		1.0	
clm-james-in-calling	psg-mark-1-16-20	supports	whole_claim	explicit		1.0	
clm-james-just-bishop-jerusalem	psg-acts-15-1-29	supports	whole_claim	explicit		0.8	
clm-james-just-bishop-jerusalem	psg-gal-2-1-10	supports	whole_claim	explicit		0.8	Galatians 2:9 names James as pillar.
clm-james-just-disciple	psg-acts-15-1-29	supports	whole_claim	explicit		1.0	
clm-james-just-in-council	psg-acts-15-1-29	supports	whole_claim	explicit		1.0	
clm-james-just-in-martyrdom	psg-josephus-ant-20-200	supports	whole_claim	explicit		1.0	
clm-james-just-in-pentecost	psg-acts-1-13-14	supports	whole_claim	explicit		0.7	
clm-james-just-jerusalem-church	psg-acts-15-1-29	supports	whole_claim	explicit		1.0	
clm-james-just-martyrdom-at-jerusalem	psg-josephus-ant-20-200	supports	place	explicit		0.8	The Sanhedrin and high-priest context point to Jerusalem, though the verse does not restate the city name explicitly.
clm-james-just-martyrdom-year	psg-josephus-ant-20-200	supports	date	explicit			Year derived from associated narrative account.
clm-james-zebedee-active-galilee	psg-mark-1-16-20	supports	whole_claim	explicit		1.0	
clm-james-zebedee-active-jerusalem	psg-acts-12-1-2	supports	whole_claim	explicit		1.0	
clm-james-zebedee-coworker-john-zebedee	psg-mark-1-16-20	supports	whole_claim	explicit		1.0	Brothers called together by Jesus.
clm-james-zebedee-in-herodian-persecution	psg-acts-12-1-3	supports	whole_claim	explicit		1.0	
clm-james-zebedee-in-martyrdom	psg-acts-12-1-2	supports	whole_claim	explicit		1.0	
clm-james-zebedee-in-pentecost	psg-acts-1-13-14	supports	whole_claim	explicit		0.8	
clm-james-zebedee-martyrdom-at-jerusalem	psg-acts-12-1-2	supports	place	explicit		0.7	Acts 12 narrates Herod's attack on the Jerusalem church, so the Jerusalem localization is contextual rather than restated inside the verse.
clm-james-zebedee-martyrdom-year	psg-acts-12-1-2	supports	date	explicit			Year derived from associated narrative account.
clm-james-zebedee-member-jerusalem	psg-acts-12-1-2	supports	whole_claim	explicit		1.0	
clm-jason-active-thessalonica	psg-acts-17-5-9	supports	whole_claim	explicit		1.0	
clm-jason-member-thessalonian	psg-acts-17-5-9	supports	whole_claim	explicit		0.8	
clm-jerusalem-persecution-after-stephen-at-jerusalem	psg-acts-8-1-3	supports	whole_claim	explicit		1.0	
clm-jerusalem-persecution-after-stephen-year	psg-acts-8-1-3	supports	date	explicit			Year derived from associated narrative account.
clm-jesus-active-galilee	psg-mark-1-14-15	supports	whole_claim	explicit		1.0	
clm-jesus-active-galilee	psg-matt-4-23	supports	whole_claim	explicit		1.0	
clm-jesus-active-judea	psg-john-11-1-18	supports	whole_claim	explicit		0.8	
clm-jesus-active-nazareth	psg-luke-4-16	supports	whole_claim	explicit		1.0	
clm-jesus-authority	psg-matt-7-28-29	supports	predicate	explicit		1.0	
clm-jesus-before-pilate-at-jerusalem	psg-mark-15-1-15	supports	place	explicit		0.8	Mark's trial narrative is embedded in the Jerusalem passion setting even though the immediate scene centers on Pilate's hearing.
clm-jesus-before-pilate-year	psg-mark-15-1-15	supports	date	explicit			Year derived from associated narrative account.
clm-jesus-entry-at-jerusalem	psg-mark-11-1-11	supports	whole_claim	explicit		1.0	
clm-jesus-entry-year	psg-mark-11-1-11	supports	date	explicit			Year derived from associated narrative account.
clm-jesus-follow	psg-mark-1-16-20	supports	predicate	explicit		1.0	
clm-jesus-in-arrest	psg-john-18-1-11	supports	whole_claim	explicit		1.0	
clm-jesus-in-arrest	psg-luke-22-47-53	supports	whole_claim	explicit		1.0	
clm-jesus-in-ascension	psg-acts-1-9-11	supports	whole_claim	explicit		1.0	
clm-jesus-in-ascension	psg-luke-24-50-53	supports	whole_claim	explicit		1.0	
clm-jesus-in-baptism	psg-john-1-28-34	supports	whole_claim	explicit		1.0	
clm-jesus-in-burial	psg-john-19-38-42	supports	whole_claim	explicit		1.0	
clm-jesus-in-calling	psg-mark-1-16-20	supports	whole_claim	explicit		1.0	
clm-jesus-in-crucifixion	psg-mark-15-24-39	supports	whole_claim	explicit		1.0	
clm-jesus-in-entry	psg-mark-11-1-11	supports	whole_claim	explicit		1.0	
clm-jesus-in-last-supper	psg-1cor-11-23-26	supports	whole_claim	explicit		1.0	
clm-jesus-in-last-supper	psg-luke-22-7-23	supports	whole_claim	explicit		1.0	
clm-jesus-in-pilate-trial	psg-mark-15-1-15	supports	whole_claim	explicit		1.0	
clm-jesus-in-resurrection	psg-1cor-15-3-8	supports	whole_claim	explicit		1.0	
clm-jesus-in-resurrection	psg-john-20-1-18	supports	whole_claim	explicit		1.0	
clm-jesus-in-sermon	psg-matt-7-28-29	supports	whole_claim	explicit		1.0	
clm-jesus-in-temple	psg-mark-11-15-18	supports	whole_claim	explicit		1.0	
clm-jesus-kingdom	psg-mark-1-14-15	supports	predicate	explicit		1.0	
clm-jesus-kingdom	psg-matt-4-23	supports	predicate	explicit		1.0	
clm-jesus-originated-nazareth	psg-luke-4-16	supports	whole_claim	explicit			Passage contextualizes jesus-of-nazareth's origin at nazareth.
clm-jesus-teacher-andrew	psg-john-1-35-42	supports	whole_claim	explicit		0.9	
clm-jesus-teacher-andrew	psg-matt-10-1-4	supports	whole_claim	explicit		0.9	
clm-jesus-teacher-bartholomew	psg-matt-10-1-4	supports	whole_claim	explicit		0.9	
clm-jesus-teacher-james-son-of-zebedee	psg-mark-1-16-20	supports	whole_claim	explicit		1.0	
clm-jesus-teacher-james-son-of-zebedee	psg-matt-10-1-4	supports	whole_claim	explicit		0.9	
clm-jesus-teacher-james-the-just	psg-matt-10-1-4	supports	whole_claim	explicit		0.9	
clm-jesus-teacher-john-son-of-zebedee	psg-mark-1-16-20	supports	whole_claim	explicit		1.0	
clm-jesus-teacher-john-son-of-zebedee	psg-matt-10-1-4	supports	whole_claim	explicit		0.9	
clm-jesus-teacher-judas-iscariot	psg-john-6-67-71	supports	whole_claim	explicit		0.8	
clm-jesus-teacher-judas-iscariot	psg-matt-10-1-4	supports	whole_claim	explicit		0.9	
clm-jesus-teacher-lazarus-of-bethany	psg-john-11-1-44	supports	whole_claim	explicit		0.8	
clm-jesus-teacher-lazarus-of-bethany	psg-matt-10-1-4	supports	whole_claim	explicit		0.9	
clm-jesus-teacher-martha-of-bethany	psg-luke-10-38-42	supports	whole_claim	explicit		0.9	
clm-jesus-teacher-martha-of-bethany	psg-matt-10-1-4	supports	whole_claim	explicit		0.9	
clm-jesus-teacher-mary-magdalene	psg-luke-8-1-3	supports	whole_claim	explicit		0.8	
clm-jesus-teacher-mary-magdalene	psg-matt-10-1-4	supports	whole_claim	explicit		0.9	
clm-jesus-teacher-matthew-the-apostle	psg-matt-10-1-4	supports	whole_claim	explicit		0.9	
clm-jesus-teacher-matthew-the-apostle	psg-matt-4-23	supports	whole_claim	explicit		0.8	
clm-jesus-teacher-nathanael	psg-john-1-43-49	supports	whole_claim	explicit		0.9	
clm-jesus-teacher-nathanael	psg-matt-10-1-4	supports	whole_claim	explicit		0.9	
clm-jesus-teacher-philip-the-apostle	psg-john-1-43-49	supports	whole_claim	explicit		0.9	
clm-jesus-teacher-philip-the-apostle	psg-matt-10-1-4	supports	whole_claim	explicit		0.9	
clm-jesus-teacher-simon-peter	psg-mark-1-16-20	supports	whole_claim	explicit		1.0	
clm-jesus-teacher-simon-peter	psg-matt-10-1-4	supports	whole_claim	explicit		0.9	
clm-jesus-teacher-thomas	psg-matt-10-1-4	supports	whole_claim	explicit		0.9	
clm-jewish-war-by-josephus	psg-josephus-war-2-119-166	supports	whole_claim	explicit		1.0	JW 1.preface Josephus names himself; War 2.119 continues his narration throughout.
clm-john-active-patmos	psg-rev-1-9	supports	whole_claim	explicit		1.0	
clm-john-active-wilderness	psg-josephus-ant-18-116-119	contextualizes				0.7	Josephus corroborates John the Baptist as a public figure but does not reproduce Gospel theological framing.
clm-john-active-wilderness	psg-luke-3-1-3	supports	whole_claim	explicit		1.0	
clm-john-baptist-death-year	psg-mark-6-17-29	supports	date	explicit			Year derived from associated narrative account.
clm-john-baptist-in-martyrdom	psg-josephus-ant-18-116-119	contextualizes				0.8	Josephus independently confirms John's killing by Herod while framing it in his own historical narrative.
clm-john-baptist-in-martyrdom	psg-mark-6-17-29	supports	whole_claim	explicit		1.0	
clm-john-baptist-in-own-death	psg-john-1-28-34	supports	whole_claim	explicit			Passage contextualizes john-the-baptist's participation in john-the-baptists-martyrdom.
clm-john-disciple	psg-mark-1-16-20	supports	whole_claim	explicit		1.0	
clm-john-in-baptism	psg-john-1-28-34	supports	whole_claim	explicit		1.0	
clm-john-in-calling	psg-mark-1-16-20	supports	whole_claim	explicit		1.0	
clm-john-in-domitian-persecution	psg-rev-1-9	supports	whole_claim	explicit		0.7	
clm-john-in-john-on-patmos	psg-rev-1-9	supports	whole_claim	explicit		1.0	
clm-john-mark-active-antioch	psg-acts-12-25	supports	whole_claim	explicit		0.8	
clm-john-mark-active-cyprus	psg-acts-13-4-12	supports	whole_claim	explicit		1.0	
clm-john-mark-active-jerusalem	psg-acts-12-25	supports	whole_claim	explicit		0.9	
clm-john-mark-active-paphos	psg-acts-13-4-12	supports	whole_claim	explicit		0.9	
clm-john-mark-active-rome	psg-2tim-4-11	supports	whole_claim	explicit		0.8	
clm-john-mark-active-salamis	psg-acts-13-4-12	supports	whole_claim	explicit		0.9	
clm-john-mark-coworker-barnabas-early	psg-acts-11-25-26	supports	whole_claim	explicit			Passage contextualizes barnabas's association with john-mark.
clm-john-mark-coworker-paul	psg-phlm-23-24	supports	whole_claim	explicit		1.0	
clm-john-mark-coworker-peter	psg-1pet-5-13	supports	whole_claim	explicit		0.9	Peter calls Mark 'my son' from Babylon — indicates close co-ministry.
clm-john-mark-member-antioch	psg-acts-12-25	supports	whole_claim	explicit			Passage contextualizes john-mark's membership in antioch-church.
clm-john-mark-member-disciples	psg-acts-12-25	supports	whole_claim	explicit		0.8	
clm-john-mark-member-jerusalem	psg-acts-12-25	supports	whole_claim	explicit		0.9	
clm-john-mark-member-roman	psg-2tim-4-11	supports	whole_claim	explicit		0.7	
clm-john-on-patmos-at-patmos	psg-rev-1-9	supports	place	explicit		1.0	
clm-john-on-patmos-year	psg-eusebius-he-3-18	supports	whole_claim	explicit			Year derived from associated narrative account.
clm-john-person-affirms-logos	psg-john-20-31	supports	predicate	explicit		0.7	
clm-john-resurrection	psg-john-20-1-18	supports	predicate	explicit		1.0	
clm-john-teacher-of-papias	psg-papias-frag-1	supports	whole_claim	explicit		0.9	
clm-john-teacher-of-papias	psg-papias-frag-3	supports	whole_claim	explicit		1.0	
clm-john-teacher-of-polycarp	psg-irenaeus-ah-3-3-4	supports	whole_claim	explicit		1.0	
clm-john-zebedee-active-asia	psg-irenaeus-ah-3-3-4	supports	whole_claim	explicit		0.9	
clm-john-zebedee-active-galilee	psg-mark-1-16-20	supports	whole_claim	explicit		1.0	
clm-john-zebedee-active-jerusalem	psg-acts-1-13-14	supports	whole_claim	explicit		1.0	
clm-john-zebedee-bishop-ephesus	psg-eusebius-he-5-24	supports	whole_claim	explicit		0.7	Polycrates appeals to John at Ephesus.
clm-john-zebedee-bishop-ephesus	psg-irenaeus-ah-3-3-4	supports	whole_claim	explicit		0.8	
clm-john-zebedee-in-arrest	psg-john-18-1-11	supports	whole_claim	explicit		0.6	
clm-john-zebedee-in-crucifixion	psg-john-19-38-42	supports	whole_claim	explicit		0.8	
clm-john-zebedee-in-last-supper	psg-luke-22-7-23	supports	whole_claim	explicit		0.9	
clm-john-zebedee-in-pentecost	psg-acts-1-13-14	supports	whole_claim	explicit		0.9	
clm-john-zebedee-member-ephesian	psg-irenaeus-ah-3-3-4	supports	whole_claim	explicit		0.9	
clm-john-zebedee-member-jerusalem	psg-acts-1-13-14	supports	whole_claim	explicit		1.0	
clm-johnb-group	psg-josephus-ant-18-116-119	contextualizes				0.7	Josephus corroborates John the Baptist as a public figure but does not reproduce Gospel theological framing.
clm-johnb-group	psg-luke-3-1-3	supports	whole_claim	explicit		1.0	
clm-joseph-arimathea-active-jerusalem	psg-john-19-38-42	supports	whole_claim	explicit		1.0	
clm-joseph-arimathea-disciple	psg-john-19-38-42	supports	whole_claim	explicit		1.0	
clm-joseph-arimathea-disciple-area	psg-john-19-38-42	supports	whole_claim	explicit			Passage attests joseph-of-arimathea's activity in or near judea.
clm-joseph-arimathea-in-burial	psg-john-19-38-42	supports	whole_claim	explicit		1.0	
clm-jubilees-judgment	psg-jubilees-23-29-31	supports	predicate	explicit		1.0	
clm-judas-damascus-householder-active-damascus	psg-acts-9-10-19	supports	whole_claim	explicit		1.0	
clm-judas-in-last-supper	psg-john-13-1-17	supports	whole_claim	explicit		0.9	
clm-judas-in-last-supper	psg-luke-22-7-23	supports	whole_claim	explicit		1.0	
clm-judas-iscariot-active-galilee	psg-matt-10-1-4	supports	whole_claim	explicit		0.8	
clm-judas-iscariot-active-jerusalem	psg-luke-22-47-53	supports	whole_claim	explicit		0.9	
clm-judas-iscariot-disciple	psg-matt-10-1-4	supports	whole_claim	explicit		1.0	
clm-judas-iscariot-in-arrest	psg-john-18-1-11	supports	whole_claim	explicit		1.0	
clm-judas-iscariot-in-arrest	psg-luke-22-47-53	supports	whole_claim	explicit		1.0	
clm-jude-by-jude	psg-jude-1-14-15	contextualizes				1.0	Jude 1:1 self-identifies as 'Jude, servant of Jesus Christ and brother of James.'
clm-jude-judgment	psg-jude-1-14-15	supports	predicate	explicit		1.0	
clm-julia-of-rome-active-rome	psg-rom-16-15	supports	whole_claim	explicit		1.0	
clm-julia-of-rome-roman-church	psg-rom-16-15	supports	whole_claim	explicit		1.0	
clm-julius-active-caesarea	psg-acts-27-1-3	supports	whole_claim	explicit		1.0	
clm-julius-active-rome	psg-acts-28-16-31	supports	whole_claim	explicit		0.7	
clm-julius-active-sidon	psg-acts-27-1-3	supports	whole_claim	explicit		1.0	
clm-julius-africanus-active-alexandria	psg-eusebius-he-6-19	supports	whole_claim	explicit		0.4	Upgraded from contextualizes: passage explicitly mentions julius-africanus or alexandria.
clm-julius-africanus-active-emmaus	psg-eusebius-he-6-19	contextualizes				0.5	Eusebius mentions Julius Africanus in Origen's network.
clm-julius-africanus-active-emmaus	psg-eusebius-he-6-31	supports	place	explicit		1.0	Eusebius HE 6.31 explicitly says Julius Africanus built a library at Rome and was associated with Emmaus-Nicopolis.
clm-julius-africanus-active-rome	psg-eusebius-he-6-19	contextualizes				0.5	
clm-julius-africanus-active-rome	psg-eusebius-he-6-31	supports	place	explicit		1.0	Eusebius HE 6.31: Julius Africanus built a library at Rome's Pantheon for Emperor Alexander.
clm-junia-active-rome	psg-rom-16-7	supports	whole_claim	explicit		1.0	
clm-junia-roman-church	psg-rom-16-7	supports	whole_claim	explicit		1.0	
clm-justin-active-ephesus	psg-eusebius-he-4-23	contextualizes				0.4	
clm-justin-active-ephesus	psg-justin-dial-117	supports	place	explicit		1.0	Justin Dial. 117 is set in Ephesus; Justin explicitly identifies Ephesus as the location of his conversation with Trypho.
clm-justin-active-flavia-neapolis	psg-justin-apol-13	supports	whole_claim	explicit		0.8	
clm-justin-active-rome	psg-justin-apol-65-66	supports	whole_claim	explicit		0.8	Justin taught and was martyred at Rome
clm-justin-affirms-baptism-regen	psg-justin-apol-13	supports	predicate	explicit		0.7	
clm-justin-affirms-baptism-regen	psg-justin-apol-61	contextualizes				1.0	Those who believe are regenerated in the water; this washing is illumination
clm-justin-affirms-fasting	psg-justin-apol-61	supports	predicate	explicit			Justin 1 Apol. 61 explicitly describes fasting before baptism as standard practice.
clm-justin-apol-affirms-apostolic-succession	psg-justin-apol-13	supports	predicate	explicit		0.6	
clm-justin-apol-affirms-baptismal-anointing	psg-justin-apol-13	supports	predicate	explicit			first-apology-of-justin is a primary text directly relevant to baptismal-anointing-with-oil.
clm-justin-apol-affirms-bodily-resurrection	psg-justin-apol-13	supports	predicate	explicit		0.9	
clm-justin-apol-affirms-catechumenate	psg-justin-apol-13	supports	predicate	explicit			first-apology-of-justin is a primary text directly relevant to catechumenate-precedes-baptism.
clm-justin-apol-affirms-episcopal-chair	psg-justin-apol-67	supports	predicate	explicit		0.7	
clm-justin-apol-affirms-eucharist-malachi	psg-justin-apol-65-66	supports	predicate	explicit		0.9	
clm-justin-apol-affirms-eucharist-sacrifice	psg-justin-apol-65-66	supports	predicate	explicit		0.9	
clm-justin-apol-affirms-incarnation	psg-justin-apol-21	supports	predicate	explicit		0.9	
clm-justin-apol-affirms-logos	psg-justin-apol-21	supports	predicate	explicit		1.0	
clm-justin-apol-affirms-logos	psg-justin-apol-46	supports	predicate	explicit		0.9	
clm-justin-apol-affirms-logos	psg-justin-apol-5-6	supports	predicate	explicit		1.0	
clm-justin-apol-affirms-rule-of-faith	psg-justin-apol-13	supports	predicate	explicit		0.8	
clm-justin-apol-affirms-trinitarian-baptism	psg-justin-apol-61	supports	predicate	explicit		1.0	
clm-justin-apol-affirms-virgin-birth	psg-justin-apol-33	supports	predicate	explicit		1.0	
clm-justin-baptism-water	psg-justin-apol-61	supports	predicate	explicit		1.0	Detailed baptism description with water
clm-justin-eucharist-flesh	psg-justin-apol-65-66	supports	predicate	explicit		1.0	Explicit: food is the flesh and blood of Jesus
clm-justin-eucharist-sunday	psg-justin-apol-67	supports	predicate	explicit		1.0	Direct statement of Sunday assembly for eucharist
clm-justin-first-apology-written-rome	psg-justin-apol-13	supports	place	explicit		0.8	
clm-justin-in-martyrdom	psg-justin-apol-13	supports	whole_claim	explicit		0.7	
clm-justin-martyrdom-at-rome	psg-justin-apol-13	supports	place	explicit		0.6	
clm-justin-martyrdom-year	psg-eusebius-he-4-16	supports	whole_claim	explicit			Year derived from associated narrative account.
clm-justin-member-roman-church	psg-eusebius-he-4-23	supports	whole_claim	strong_inference		0.5	
clm-justin-person-affirms-martyrdom-witness	psg-justin-apol-13	supports	predicate	explicit		0.8	
clm-justin-teacher-of-tatian	psg-tatian-oration-4	supports	whole_claim	explicit		0.7	
clm-last-supper-at-jerusalem	psg-luke-22-7-23	supports	place	explicit		0.8	Luke places the meal in the Jerusalem passion setting even though the verse cluster centers on the upper-room meal rather than a city label formula.
clm-last-supper-year	psg-luke-22-7-23	supports	date	explicit			Year derived from associated narrative account.
clm-laws-countries-affirms-free-will	psg-laws-countries-customs	supports	predicate	explicit		0.9	Diversity of customs disproves astral determinism.
clm-laws-countries-affirms-free-will	psg-laws-countries-free-will	supports	predicate	explicit		1.0	Bardaisan argues humans possess free will (heruta) given by God.
clm-laws-countries-by-bardaisan	psg-laws-countries-customs	supports	whole_claim	explicit			This passage from the work attests its existence and authorship.
clm-laws-countries-written-edessa	psg-laws-countries-customs	supports	whole_claim	strong_inference			Passage from book-of-laws-of-countries contextualizes its composition at edessa.
clm-lazarus-active-bethany	psg-john-11-1-18	supports	whole_claim	explicit		1.0	
clm-lucius-cyrene-coworker-paul	psg-acts-13-1	supports	whole_claim	explicit		0.8	
clm-lucius-i-bishop-rome	psg-eusebius-he-7-3	supports	whole_claim	explicit		0.6	Eusebius's narrative of the Roman succession places Lucius after Cornelius.
clm-lucius-i-coworker-cyprian	psg-eusebius-he-7-3	supports	whole_claim	strong_inference		0.5	Cyprian's correspondence mentions congratulating Lucius on his return from exile.
clm-lucius-i-member-roman-church	psg-eusebius-he-7-3	supports	whole_claim	strong_inference		0.6	Lucius as bishop of Rome is a member of the Roman church by definition.
clm-lucius-of-cyrene-active-antioch	psg-acts-13-1	supports	whole_claim	explicit		1.0	
clm-lucius-of-cyrene-antioch-church	psg-acts-13-1	supports	whole_claim	explicit		1.0	
clm-luke-active-antioch	psg-acts-11-25-26	supports	whole_claim	explicit		0.5	Tradition places Luke at Antioch.
clm-luke-active-caesarea	psg-acts-21-3-8	supports	whole_claim	explicit		0.7	We-passage places Luke at Caesarea.
clm-luke-active-philippi	psg-acts-20-5-6	supports	whole_claim	explicit		0.8	We-passage resumes at Philippi.
clm-luke-active-rome	psg-2tim-4-11	supports	whole_claim	explicit		1.0	
clm-luke-active-troas	psg-acts-20-5-6	supports	whole_claim	strong_inference			Passage attests luke-the-evangelist's activity in or near troas.
clm-luke-coworker-paul	psg-phlm-23-24	supports	whole_claim	explicit		1.0	
clm-luke-coworker-silas	psg-acts-16-11-15	supports	predicate	explicit		0.5	Acts 16:11-15 shows Luke and Silas as co-travelers in the same mission party.
clm-luke-coworker-timothy	psg-2tim-4-11	supports	whole_claim	explicit		0.7	
clm-luke-member-antioch-church	psg-acts-11-25-26	supports	whole_claim	explicit		0.5	Upgraded from contextualizes: passage explicitly mentions luke-the-evangelist or antioch-church.
clm-luke-member-disciples	psg-2tim-4-11	supports	whole_claim	explicit		0.8	
clm-luke-member-roman-church	psg-2tim-4-11	supports	whole_claim	explicit		0.8	
clm-luke-repentance	psg-luke-24-46-47	supports	predicate	explicit		1.0	
clm-luke-resurrection	psg-luke-24-5-7	supports	predicate	explicit		1.0	
clm-lydia-active-philippi	psg-acts-16-11-15	supports	whole_claim	explicit		1.0	
clm-lydia-disciple	psg-acts-16-11-15	supports	whole_claim	explicit		1.0	
clm-lydia-philippian-church	psg-acts-16-11-15	supports	whole_claim	explicit		1.0	
clm-lyons-persecution-at-lyons	psg-irenaeus-ah-3-3-1	supports	place	explicit		0.7	
clm-lyons-persecution-year	psg-eusebius-he-5-1	supports	whole_claim	explicit			Year derived from associated narrative account.
clm-manaen-active-antioch	psg-acts-13-1	supports	whole_claim	explicit		1.0	
clm-manaen-antioch-church	psg-acts-13-1	supports	whole_claim	explicit		1.0	
clm-manaen-coworker-paul	psg-acts-13-1	supports	whole_claim	explicit		0.8	
clm-marcion-active-pontus	psg-irenaeus-ah-1-27-1-2	supports	whole_claim	explicit		0.7	
clm-marcion-active-rome	psg-eusebius-he-4-11	supports	whole_claim	explicit		0.9	
clm-marcion-active-sinope	psg-eusebius-he-4-11	supports	whole_claim	explicit		0.9	
clm-marcion-antitheses-by-marcion	psg-irenaeus-ah-1-27-1-2	supports	whole_claim	explicit		0.9	Irenaeus describes Marcion composing his Antitheses to contrast the two gods.
clm-marcion-antitheses-opposes-ot-scripture	psg-irenaeus-ah-1-27-1-2	supports	predicate	explicit		0.95	The entire Antitheses project contrasts the evil OT God with the good NT God — OT authority denied.
clm-marcion-antitheses-written-rome	psg-irenaeus-ah-1-27-1-2	supports	place	explicit		0.8	Marcion composed his system in Rome after arriving there c. 140.
clm-marcion-excommunication-at-rome	psg-eusebius-he-4-11	supports	place	explicit		0.9	
clm-marcion-excommunication-year	psg-wikipedia-marcionites-spread	supports	whole_claim	explicit			Year derived from associated narrative account.
clm-marcion-gospel-by-marcion	psg-irenaeus-ah-1-27-1-2	supports	whole_claim	explicit		0.9	Irenaeus: Marcion 'mutilated the Gospel according to Luke.'
clm-marcion-gospel-opposes-incarnation	psg-irenaeus-ah-1-27-1-2	supports	predicate	explicit		0.9	Marcion removed all birth narrative material from Luke, consistent with his docetism.
clm-marcion-in-excommunication	psg-eusebius-he-4-11	supports	whole_claim	explicit		0.8	
clm-marcion-member-roman-church	psg-eusebius-he-4-11	supports	whole_claim	explicit		0.8	
clm-marcion-opposes-apostolic-succession	psg-irenaeus-ah-1-27-1-2	supports	whole_claim	strong_inference		0.95	Marcion rejected the apostolic churches and their tradition, forming his own canon and hierarchy.
clm-marcion-opposes-passion	psg-irenaeus-ah-1-27-1-2	supports	predicate	explicit		0.9	Irenaeus: Jesus was manifested 'not truly taking flesh' — Marcion's docetism negates real suffering.
clm-marcion-opposes-resurrection	psg-irenaeus-ah-1-27-1-2	supports	whole_claim	strong_inference		0.7	
clm-marcion-opposes-rule-of-faith	psg-irenaeus-ah-1-27-1-2	supports	whole_claim	strong_inference		0.95	Marcion mutilated Luke and rejected all apostolic writings except a modified Pauline corpus.
clm-marcion-opposes-virgin-birth	psg-irenaeus-ah-1-27-1-2	supports	predicate	explicit		0.7	
clm-marcionites-at-alexandria	psg-irenaeus-ah-1-27-1-2	supports	whole_claim	explicit		0.65	Marcionite presence in Alexandria attested by Origen's anti-Marcionite writings.
clm-marcionites-at-antioch	psg-irenaeus-ah-1-27-1-2	supports	whole_claim	explicit		0.7	Marcionite spread into Syria/Antioch documented in Irenaeus and later sources.
clm-marcionites-at-asia	psg-wikipedia-marcionites-spread	supports	whole_claim	explicit			Marcionism spread through Asia Minor.
clm-marcionites-at-carthage	psg-eusebius-he-4-11	supports	whole_claim	explicit		0.5	
clm-marcionites-at-egypt	psg-wikipedia-marcionites-spread	supports	whole_claim	explicit			Marcionism spread to Egypt.
clm-marcionites-at-ephesus	psg-irenaeus-ah-1-27-1-2	supports	subject	strong_inference		0.5	Irenaeus AH 1.27 describes Marcion's teaching spreading across Asia Minor including Ephesus area.
clm-marcionites-at-galatia	psg-gal-1-6-9	supports	subject	strong_inference		1.0	Gal 1:6-9 warns Galatian churches against a 'different gospel'; Marcionites exploited Pauline letters.
clm-marcionites-at-galatia	psg-irenaeus-ah-1-27-1-2	supports	subject	strong_inference		1.0	Irenaeus AH 1.27.1-2 describes Marcionite spread across regions including Asia Minor/Galatia area.
clm-marcionites-at-galatia	psg-wikipedia-marcionites-spread	contextualizes					Marcionism spread to Galatia.
clm-marcionites-at-pontus	psg-eusebius-he-4-11	supports	whole_claim	explicit		0.7	
clm-marcionites-at-smyrna	psg-irenaeus-ah-3-3-4	supports	subject	strong_inference		1.0	Irenaeus AH 3.3.4 records Polycarp's encounter with Marcion, attesting Marcionite presence near Smyrna.
clm-marcionites-at-smyrna	psg-wikipedia-marcionites-spread	contextualizes					Marcionite communities attested in Asia Minor including Smyrna region.
clm-marcionites-present-rome	psg-irenaeus-ah-3-4-3	supports	whole_claim	explicit		1.0	
clm-marcionites-schismed-from-roman	psg-irenaeus-ah-1-27-1-2	supports	whole_claim	explicit		0.9	
clm-marcionites-schismed-from-roman	psg-irenaeus-ah-3-3-4	supports	whole_claim	explicit		0.8	
clm-mark-kingdom	psg-mark-1-14-15	supports	predicate	explicit		1.0	
clm-mark-repentance	psg-mark-1-14-15	supports	predicate	explicit		1.0	
clm-mark-resurrection	psg-mark-16-6	supports	predicate	explicit		1.0	
clm-martha-active-bethany	psg-john-11-1-18	supports	whole_claim	explicit		1.0	
clm-martha-active-jerusalem	psg-john-11-1-18	supports	whole_claim	explicit			Passage attests martha-of-bethany's activity in or near jerusalem.
clm-martha-coworker-mary-bethany	psg-john-11-1-18	supports	whole_claim	strong_inference			Passage contextualizes lazarus-of-bethany's association with martha-of-bethany.
clm-martyrdom-alban-at-britannia	psg-gildas-de-excidio-10	supports	place	explicit		0.6	Gildas places the martyrdom in Britain.
clm-martyrdom-alban-year	psg-gildas-de-excidio-10	supports	date	strong_inference		0.5	Gildas De Excidio 10 is the earliest source for Alban's martyrdom; date inferred from context.
clm-martyrdom-alban-year-2	psg-wikipedia-british-church-control	contextualizes					Year derived from associated narrative account.
clm-martyrdom-polycarp-affirms-martyrdom-witness	psg-martpoly-14	supports	predicate	explicit		1.0	
clm-martyrdom-polycarp-affirms-martyrdom-witness	psg-martyrdom-polycarp-14	supports	predicate	explicit		1.0	Polycarp's prayer before death presents martyrdom as priestly sacrifice and cup of Christ
clm-martyrdom-polycarp-affirms-martyrdom-witness	psg-martyrdom-polycarp-9	contextualizes				1.0	Polycarp refuses to blaspheme Christ after 86 years of service; conformity to Christ's passion
clm-martyrdom-polycarp-affirms-relic-honor	psg-martpoly-17-18	supports	predicate	explicit		1.0	
clm-martyrdom-polycarp-affirms-relic-honor	psg-martyrdom-polycarp-17-18	supports	predicate	explicit		1.0	Bones gathered as more precious than jewels; anniversary of martyrdom to be celebrated
clm-martyrdom-polycarp-affirms-sacrifice	psg-martpoly-14	contextualizes				0.8	
clm-martyrdom-polycarp-affirms-sacrifice	psg-martyrdom-polycarp-14	supports	predicate	explicit		0.9	Cup of your Christ; martyrdom framed as priestly sacrifice
clm-martyrdom-polycarp-by-smyrna	psg-irenaeus-ah-3-1-1	contextualizes				1.0	The Martyrdom of Polycarp (c. 155-160 CE) was composed by the church of Smyrna as a circular letter. Polycarp is its subject; the Smyrnaean community authored it.
clm-martyrdom-polycarp-written-smyrna	psg-martpoly-14	supports	place	explicit		0.9	
clm-martyrdom-polycarp-written-smyrna	psg-martpoly-17-18	supports	place	explicit		0.9	
clm-mary-magdalene-active-galilee	psg-luke-8-1-3	supports	whole_claim	explicit		1.0	
clm-mary-magdalene-active-jerusalem	psg-john-20-1-18	supports	whole_claim	explicit		1.0	
clm-mary-magdalene-disciple	psg-luke-8-1-3	supports	whole_claim	explicit		1.0	
clm-mary-magdalene-in-crucifixion	psg-john-19-38-42	supports	whole_claim	explicit		0.8	All four gospels place Mary Magdalene at the cross.
clm-mary-magdalene-in-crucifixion	psg-mark-15-40-41	supports	whole_claim	explicit		1.0	
clm-mary-magdalene-in-resurrection	psg-john-20-1-18	supports	whole_claim	explicit		1.0	
clm-mary-mother-active-galilee	psg-acts-1-13-14	supports	whole_claim	explicit			Passage attests mary-mother-of-jesus's activity in or near galilee.
clm-mary-mother-active-jerusalem	psg-acts-1-13-14	supports	whole_claim	explicit		1.0	
clm-mary-mother-disciple	psg-acts-1-13-14	supports	whole_claim	explicit		1.0	
clm-mary-mother-in-crucifixion	psg-john-19-38-42	supports	whole_claim	explicit		0.8	
clm-mary-mother-in-pentecost	psg-acts-1-13-14	supports	whole_claim	explicit		0.9	
clm-mary-of-rome-active-rome	psg-rom-16-6	supports	whole_claim	explicit		1.0	
clm-mary-of-rome-roman-church	psg-rom-16-6	supports	whole_claim	explicit		1.0	
clm-matthew-active-galilee	psg-matt-10-2-4	supports	whole_claim	explicit		1.0	
clm-matthew-active-jerusalem	psg-acts-1-13-14	supports	whole_claim	explicit		0.8	
clm-matthew-disciple	psg-matt-10-2-4	supports	whole_claim	explicit		1.0	
clm-matthew-in-pentecost	psg-acts-1-13-14	supports	whole_claim	explicit		0.8	
clm-matthew-repentance	psg-matt-4-17	supports	predicate	explicit		1.0	
clm-matthew-resurrection	psg-matt-28-19-20	supports	predicate	explicit		1.0	Matt 28:19-20 records post-resurrection appearance and Great Commission — resurrection affirmation.
clm-matthew-resurrection	psg-matt-28-5-7	supports	predicate	explicit		1.0	
clm-maximilla-active-phrygia	psg-eusebius-he-5-16-7-9	supports	whole_claim	explicit		0.95	Eusebius quotes Maximilla's prophecies and locates her ministry in Phrygia.
clm-maximilla-affirms-continuing-prophecy	psg-eusebius-he-5-16-7-9	supports	predicate	explicit		0.95	Maximilla explicitly claims 'I am word, spirit, and power' — central Montanist prophetic claim.
clm-maximilla-coworker-montanus	psg-eusebius-he-5-14-1-2	supports	whole_claim	explicit		0.9	
clm-maximilla-member-montanists	psg-eusebius-he-5-16-7-9	supports	whole_claim	explicit		0.95	
clm-melito-affirms-ot-scripture	psg-eusebius-he-4-23	contextualizes				0.7	
clm-melito-affirms-ot-scripture	psg-melito-peri-pascha-66-71	supports	predicate	explicit		1.0	Melito Peri Pascha 66-71 extensively uses OT typology, affirming it as authoritative scripture.
clm-melito-affirms-passion	psg-eusebius-he-4-23	contextualizes				0.7	
clm-melito-affirms-passion	psg-melito-peri-pascha-96	supports	predicate	explicit		1.0	Melito Peri Pascha 96 describes Christ's passion in explicit theological terms.
clm-melito-bishop-sardis	psg-melito-peri-pascha-96	supports	whole_claim	explicit		0.7	
clm-melito-member-sardis-church	psg-eusebius-he-4-23	supports	whole_claim	strong_inference		0.6	
clm-melito-pascha-affirms-eucharist	psg-melito-peri-pascha-66-71	supports	predicate	explicit		0.7	
clm-melito-pascha-affirms-incarnation	psg-melito-peri-pascha-96	supports	predicate	explicit		1.0	
clm-melito-pascha-affirms-logos	psg-melito-peri-pascha-96	supports	predicate	explicit		1.0	
clm-melito-pascha-affirms-martyrdom-witness	psg-melito-peri-pascha-96	supports	predicate	explicit		0.8	
clm-melito-pascha-affirms-ot-scripture	psg-melito-peri-pascha-66-71	supports	predicate	explicit			homily-on-the-passover is a primary text directly relevant to old-testament-is-authoritative-scripture.
clm-melito-pascha-affirms-passion	psg-melito-peri-pascha-66-71	supports	predicate	explicit			homily-on-the-passover is a primary text directly relevant to christ-truly-suffered-and-died.
clm-melito-pascha-affirms-resurrection	psg-melito-peri-pascha-66-71	supports	predicate	explicit			homily-on-the-passover is a primary text directly relevant to bodies-will-be-raised-at-last-day.
clm-melito-pascha-affirms-virgin-birth	psg-melito-peri-pascha-66-71	supports	predicate	explicit			homily-on-the-passover is a primary text directly relevant to jesus-born-of-virgin.
clm-melito-pascha-written-sardis	psg-melito-peri-pascha-96	supports	place	explicit		0.8	
clm-mnason-active-cyprus	psg-acts-21-16	supports	whole_claim	explicit		1.0	
clm-mnason-disciple	psg-acts-21-16	supports	whole_claim	explicit		1.0	
clm-montanists-at-antioch	psg-eusebius-he-5-16	supports	subject	strong_inference		0.5	Eusebius HE 5.16 preserves anti-Montanist sources describing spread into Asia and beyond.
clm-montanists-at-asia	psg-eusebius-he-5-16	supports	whole_claim	explicit		0.8	
clm-montanists-at-carthage	psg-irenaeus-ah-3-3-4	supports	whole_claim	explicit		0.4	
clm-montanists-at-galatia	psg-acts-16-6	supports	whole_claim	explicit			Montanism originated in Phrygia/Galatia region.
clm-montanists-at-phrygia	psg-irenaeus-ah-3-3-4	supports	whole_claim	explicit		0.6	
clm-montanists-at-rome	psg-irenaeus-ah-3-3-4	supports	whole_claim	explicit		0.5	
clm-montanists-schismed-from-ephesian	psg-eusebius-he-5-16	supports	whole_claim	explicit		0.8	
clm-montanus-active-phrygia	psg-eusebius-he-5-14-1-2	supports	whole_claim	explicit		0.95	Eusebius locates Montanus in Phrygia explicitly.
clm-montanus-affirms-continuing-prophecy	psg-eusebius-he-5-14-1-2	supports	predicate	explicit		0.95	Montanus claimed to speak as the Paraclete — direct affirmation of continuing ecstatic prophecy.
clm-montanus-coworker-priscilla-montanist	psg-eusebius-he-5-16-montanus	supports	predicate	explicit		1.0	Eusebius HE 5.16 names Priscilla and Maximilla as Montanus's co-workers in prophecy.
clm-montanus-coworker-priscilla-montanist	psg-wikipedia-early-church-geography	contextualizes					Passage contextualizes montanus's association with priscilla-montanist.
clm-montanus-member-montanists	psg-eusebius-he-5-14-1-2	supports	whole_claim	explicit		0.95	
clm-montanus-opposes-apostolic-succession	psg-eusebius-he-5-14-1-2	supports	whole_claim	strong_inference		0.85	Claiming personal Paraclete inspiration bypasses apostolic succession as the authority channel.
clm-nathanael-active-cana	psg-john-1-43-49	supports	whole_claim	explicit		1.0	
clm-nathanael-disciple	psg-john-1-43-49	supports	whole_claim	explicit		1.0	
clm-nativity-by-ephrem	psg-ephrem-nativity-1	supports	whole_claim	explicit			This passage from the work attests its existence and authorship.
clm-nativity-written-edessa	psg-ephrem-nativity-1	supports	whole_claim	strong_inference			Passage from hymns-on-nativity-ephrem contextualizes its composition at edessa.
clm-nereus-of-rome-active-rome	psg-rom-16-15	supports	whole_claim	explicit		1.0	
clm-nereus-of-rome-roman-church	psg-rom-16-15	supports	whole_claim	explicit		1.0	
clm-nero-active-rome	psg-tacitus-annals-15-38-44	supports	whole_claim	explicit		0.8	Tacitus places Nero in the Rome setting of the fire and aftermath.
clm-nero-in-neronian-persecution	psg-tacitus-annals-15-38-44	supports	whole_claim	explicit		1.0	
clm-neronian-persecution-at-rome	psg-tacitus-annals-15-38-44	supports	whole_claim	explicit		1.0	
clm-neronian-persecution-year	psg-wikipedia-neronian-persecution	supports	whole_claim	explicit			Year derived from associated narrative account.
clm-nicaea-occurs-at-nicaea	psg-eusebius-vita-const-3-6	supports	whole_claim	explicit		1.0	The First Council of Nicaea convened at Nicaea in Bithynia, 325 CE.
clm-nicaea-year-325	psg-eusebius-vita-const-3-6	supports	whole_claim	explicit		1.0	The First Council of Nicaea was held in 325 CE.
clm-nicodemus-active-jerusalem	psg-john-19-38-42	supports	whole_claim	explicit		1.0	
clm-nicodemus-active-judea	psg-john-19-38-42	supports	whole_claim	explicit			Passage attests nicodemus's activity in or near judea.
clm-nicodemus-disciple	psg-john-18-1-11	supports	whole_claim	explicit		0.5	Upgraded from contextualizes: passage explicitly mentions nicodemus or disciples-of-jesus.
clm-nicodemus-in-burial	psg-john-19-38-42	supports	whole_claim	explicit		1.0	
clm-nicolaitans-schismed-from-ephesian	psg-rev-2-6	supports	whole_claim	explicit		0.8	Rev 2:6 names the Nicolaitans at Ephesus.
clm-novatian-active-carthage-mission	psg-eusebius-he-6-43	supports	whole_claim	explicit		0.5	Upgraded from contextualizes: passage explicitly mentions novatian or carthage.
clm-novatian-active-rome	psg-eusebius-he-6-20-43	supports	whole_claim	explicit		0.8	Eusebius preserves Cornelius's letter describing Novatian as a Roman presbyter.
clm-novatian-in-decian	psg-eusebius-he-6-43	supports	whole_claim	explicit		0.7	
clm-novatian-in-novatian-schism	psg-eusebius-he-6-20-43	supports	whole_claim	explicit		0.9	Cornelius's letter in Eusebius HE 6.43 details the schism.
clm-novatian-member-novatianists	psg-eusebius-he-6-20-43	supports	whole_claim	explicit		0.9	Cornelius's letter describes Novatian's ordination as rival bishop and founding of his sect.
clm-novatian-member-roman-church	psg-eusebius-he-6-20-43	supports	whole_claim	explicit		0.8	Novatian identified as presbyter of the Roman church before his schism.
clm-novatian-person-opposes-penance	psg-eusebius-he-6-20-43	supports	whole_claim	strong_inference		0.9	Novatian denied readmission of the lapsed after the Decian persecution.
clm-novatian-schism-at-rome	psg-eusebius-he-6-20-43	supports	whole_claim	explicit		0.9	Cornelius's letter places the schism in Rome.
clm-novatian-schism-year	psg-eusebius-he-6-20-43	supports	whole_claim	explicit		0.9	The schism occurred c. 251.
clm-novatianists-at-alexandria	psg-eusebius-he-6-43	supports	subject	strong_inference		0.5	Eusebius HE 6.43 (Cornelius's letter) describes Novatian's party reaching multiple churches.
clm-novatianists-at-antioch	psg-eusebius-he-6-20-43	supports	whole_claim	explicit		0.4	Eusebius elsewhere notes Novatianist spread.
clm-novatianists-at-asia	psg-wikipedia-novatianists-spread	supports	whole_claim	explicit			Novatianism spread through Asia Minor.
clm-novatianists-at-carthage	psg-eusebius-he-6-20-43	supports	whole_claim	explicit		0.5	Cyprian's letters attest Novatianist presence in Carthage.
clm-novatianists-at-ephesus	psg-wikipedia-novatianists-spread	supports	whole_claim	explicit			Novatianist communities attested in Ephesus.
clm-novatianists-at-galatia	psg-wikipedia-novatianists-spread	supports	whole_claim	explicit			Novatianist communities attested in Galatia.
clm-novatianists-at-pontus	psg-wikipedia-novatianists-spread	supports	whole_claim	explicit			Novatianist communities attested in Pontus.
clm-novatianists-at-rome	psg-eusebius-he-6-20-43	supports	whole_claim	explicit		0.9	Cornelius describes the Novatianist community in Rome.
clm-novatianists-schismed-from-carthage-church	psg-cyprian-unit-6	contextualizes				0.6	De Unitate's ecclesiology responds to the Novatianist schism affecting Carthage.
clm-novatianists-schismed-from-carthage-church	psg-eusebius-he-6-43	supports	whole_claim	explicit		0.7	
clm-novatianists-schismed-from-roman-church	psg-eusebius-he-6-43	supports	whole_claim	explicit		0.9	Cornelius's letter describes Novatian's irregular seizure of the Roman bishopric c. 251.
clm-nympha-active-laodicea	psg-col-4-15	supports	whole_claim	explicit		1.0	
clm-nympha-laodicean-church	psg-col-4-15	supports	whole_claim	explicit		1.0	
clm-nympha-member-colossian	psg-col-4-15	supports	whole_claim	explicit		0.9	Col 4:15 names Nympha and the church in her house.
clm-olympas-active-rome	psg-rom-16-15	supports	whole_claim	explicit		1.0	
clm-olympas-roman-church	psg-rom-16-15	supports	whole_claim	explicit		1.0	
clm-onesimus-active-colossae	psg-col-4-9	supports	whole_claim	explicit		1.0	
clm-onesimus-colossian-church	psg-col-4-9	supports	whole_claim	explicit		1.0	
clm-onesimus-coworker-tychicus	psg-col-4-7-9	supports	whole_claim	explicit		0.8	Col 4:7-9 sends Tychicus with Onesimus.
clm-onesimus-disciple	psg-col-4-9	supports	whole_claim	explicit		1.0	
clm-onesiphorus-active-ephesus	psg-2tim-4-19	supports	whole_claim	explicit		0.7	
clm-onesiphorus-active-rome	psg-2tim-1-16-18	supports	whole_claim	explicit		0.9	
clm-onesiphorus-member-ephesian	psg-2tim-4-19	supports	whole_claim	explicit		0.7	
clm-onesiphorus-member-roman	psg-2tim-1-16-18	supports	whole_claim	explicit		0.7	
clm-onprayer-affirms-allegorical	psg-origen-onprayer-27	supports	predicate	explicit		0.8	Lord's Prayer exegesis uses allegorical method.
clm-onprayer-affirms-eternal-generation	psg-origen-onprayer-5	supports	predicate	explicit		0.7	Son as eternal intercessor implies eternal generation.
clm-onprayer-affirms-free-will	psg-origen-onprayer-5	supports	predicate	explicit		0.8	Free will defended against determinism in prayer context.
clm-onprayer-affirms-incarnation	psg-origen-onprayer-5	supports	predicate	explicit		0.6	Son as high priest presupposes incarnation.
clm-onprayer-affirms-judgment	psg-origen-onprayer-27	supports	predicate	explicit		0.5	Eschatological petition in Lord's Prayer.
clm-onprayer-affirms-logos	psg-origen-onprayer-5	supports	predicate	explicit		0.8	Son as high priest and intercessor — Logos theology.
clm-onprayer-affirms-ot	psg-origen-onprayer-27	supports	predicate	explicit		0.7	Lord's Prayer exegesis presupposes OT.
clm-onprayer-affirms-prayer	psg-origen-onprayer-27	supports	predicate	explicit		1.0	Continual prayer explicitly taught.
clm-onprayer-affirms-prayer	psg-origen-onprayer-5	supports	predicate	explicit		1.0	Trinitarian structure of prayer explicit.
clm-onprayer-affirms-rule-of-faith	psg-origen-onprayer-5	supports	predicate	explicit		0.6	Trinitarian prayer implies received tradition.
clm-onprayer-affirms-trinity	psg-origen-onprayer-5	supports	predicate	explicit		1.0	Prayer to Father through Son in Spirit.
clm-onprayer-by-origen	psg-origen-onprayer-5	supports	whole_claim	explicit		1.0	On Prayer explicitly by Origen.
clm-onprayer-written-at-caesarea	psg-eusebius-he-6-19	supports	place	explicit		0.7	Caesarean-period treatise per Eusebius.
clm-oration-greeks-affirms-bodily-resurrection	psg-tatian-oration-15	supports	predicate	explicit		1.0	
clm-oration-greeks-affirms-incarnation	psg-tatian-oration-4	supports	predicate	explicit		1.0	
clm-oration-greeks-affirms-logos	psg-tatian-oration-6	supports	predicate	explicit		1.0	
clm-oration-greeks-affirms-ot-scripture	psg-irenaeus-ah-3-4-1	contextualizes				0.8	Tatian's Oration defends the antiquity of Moses over Greek philosophy — OT scripture affirmed.
clm-oration-greeks-by-tatian	psg-tatian-oration-4	supports	attribution	explicit		0.9	
clm-oration-greeks-written-rome	psg-tatian-oration-6	supports	place	explicit		0.7	
clm-origen-active-alexandria	psg-eusebius-he-5-10-1-2	supports	whole_claim	explicit		0.8	Eusebius' school context establishes Alexandria as the center of Clement→Origen succession.
clm-origen-active-antioch	psg-eusebius-he-6-19	supports	whole_claim	explicit		0.5	Upgraded from contextualizes: passage explicitly mentions origen-of-alexandria or antioch.
clm-origen-active-caesarea	psg-eusebius-he-6-6	supports	whole_claim	explicit		0.85	Eusebius describes Origen's departure from Alexandria and continuation of ministry in Caesarea.
clm-origen-active-tyre	psg-eusebius-he-6-19	supports	whole_claim	explicit		0.5	Upgraded from contextualizes: passage explicitly mentions origen-of-alexandria or tyre.
clm-origen-coworker-ambrose	psg-eusebius-he-6-19	supports	whole_claim	explicit		0.8	
clm-origen-coworker-firmilian	psg-eusebius-he-6-19	supports	whole_claim	explicit		0.6	Upgraded from contextualizes: passage explicitly mentions firmilian-of-caesarea or origen-of-alexandria.
clm-origen-develops-allegorical	psg-origen-de-princ-1-pref	supports	predicate	explicit			Origen De Princ. Preface outlines the method of allegorical interpretation he will apply.
clm-origen-member-alexandrian-church	psg-eusebius-he-5-10-1-2	supports	whole_claim	explicit		0.8	
clm-origen-member-caesarean	psg-eusebius-he-6-19	supports	whole_claim	explicit		0.9	Eusebius records Origen's relocation to and ordination in Caesarea.
clm-origen-mentions-britannia	psg-origen-hom-ezek-4-1	supports	predicate	explicit		0.7	Origen Hom. Ezek. 4.1 explicitly mentions the Britons as receiving Christianity.
clm-origen-originated-alexandria	psg-origen-de-princ-1-pref	supports	place	strong_inference			De Principiis was written in Alexandria; Origen's preface situates his ecclesiastical context.
clm-origen-participant-expulsion	psg-eusebius-he-6-19	supports	whole_claim	explicit		0.9	Eusebius records Demetrius's jealousy and Origen's departure.
clm-origen-participant-synod-bostra	psg-eusebius-he-6-19	supports	whole_claim	explicit		0.9	Eusebius records Origen invited to correct Beryllus at Bostra.
clm-origen-participant-torture-decius	psg-eusebius-he-6-19	supports	whole_claim	explicit		0.6	Eusebius records Origen's suffering under Decius.
clm-origen-teacher-of-dionysius	psg-eusebius-he-6-3	supports	whole_claim	explicit		0.7	Eusebius records Dionysius as Origen's student.
clm-origen-teacher-of-firmilian	psg-eusebius-he-6-19	supports	whole_claim	explicit		0.7	
clm-origen-teacher-of-gregory	psg-gregory-address-6	supports	whole_claim	explicit		1.0	Gregory explicitly describes Origen as his teacher.
clm-origen-teacher-of-heraclas	psg-eusebius-he-6-3	supports	whole_claim	explicit		0.9	Eusebius records Heraclas as Origen's student and assistant.
clm-origen-teacher-of-julius-africanus	psg-eusebius-he-6-19	supports	whole_claim	explicit		0.5	Upgraded from contextualizes: passage explicitly mentions origen-of-alexandria or julius-africanus.
clm-paed-affirms-anointing	psg-clement-paed-2-2-19-20	supports	predicate	explicit			
clm-paed-affirms-baptism-illumination	psg-clement-paed-1-6-26-27	supports	predicate	explicit		1.0	
clm-paed-affirms-baptism-regeneration	psg-clement-paed-1-6-26-27	supports	predicate	explicit		1.0	
clm-paed-affirms-catechumenate	psg-clement-paed-1-6-26-27	supports	predicate	explicit			
clm-paed-affirms-eucharist-body-blood	psg-clement-paed-2-2-19-20	supports	predicate	explicit		0.8	
clm-paed-affirms-fasting-required	psg-clement-paed-3-7-39-41	supports	predicate	explicit		1.0	
clm-paed-affirms-incarnation	psg-clement-paed-3-11-74-76	supports	predicate	explicit			
clm-paed-affirms-spectacles-avoided	psg-clement-paed-3-11-74-76	supports	predicate	explicit		1.0	
clm-paed-affirms-virginity-honored	psg-clement-paed-2-10-96-97	supports	predicate	explicit		1.0	
clm-paedagogus-by-clement	psg-clement-paed-1-6-26-27	supports	whole_claim	strong_inference			This passage from the work attests its existence and authorship.
clm-paedagogus-written-at-alexandria	psg-clement-paed-1-6-26-27	supports	whole_claim	strong_inference			Passage from paedagogus contextualizes its composition at alexandria.
clm-pantaenus-active-alexandria	psg-eusebius-he-5-10-1-2	supports	whole_claim	explicit		0.9	Eusebius places Pantaenus as head of the Alexandrian school.
clm-pantaenus-active-india	psg-eusebius-he-5-10-3-4	supports	whole_claim	explicit		0.8	Eusebius reports Pantaenus went to India.
clm-pantaenus-member-alexandria-church	psg-eusebius-he-3-36	contextualizes					Passage contextualizes pantaenus's membership in alexandrian-church.
clm-pantaenus-member-alexandria-church	psg-eusebius-he-5-10-1-2	supports	predicate	explicit		1.0	Eusebius HE 5.10.1-2 explicitly names Pantaenus as head of the Alexandrian school.
clm-pantaenus-mission-at-india	psg-eusebius-he-5-10-3-4	supports	place	explicit		0.8	Eusebius locates mission in India.
clm-pantaenus-mission-year	psg-eusebius-he-5-10-1-2	supports	date	explicit		0.7	Eusebius dates Pantaenus's headship c. 180.
clm-pantaenus-participant-india-mission	psg-eusebius-he-5-10-3-4	supports	whole_claim	explicit		0.9	Eusebius's account of Pantaenus's mission.
clm-pantaenus-teacher-of-clement	psg-eusebius-he-5-10-1-2	supports	whole_claim	explicit		0.9	Eusebius: Clement of Alexandria names Pantaenus in his writings as his instructor.
clm-papias-bishop-hierapolis	psg-eusebius-he-3-39	supports	whole_claim	explicit		1.0	
clm-papias-coworker-polycarp	psg-eusebius-he-3-39	supports	whole_claim	explicit		0.8	
clm-papias-fragments-by-papias	psg-papias-frag-1	supports	attribution	explicit		0.9	
clm-papias-fragments-written-hierapolis	psg-papias-frag-1	supports	place	explicit		0.8	
clm-papias-frags-affirms-apostolic-succession	psg-papias-frag-1	supports	predicate	explicit		1.0	
clm-papias-frags-affirms-apostolic-succession	psg-papias-frag-2	supports	predicate	strong_inference		1.0	Papias Frag.2 records Matthew's composition directly from the apostle — apostolic source claim.
clm-papias-frags-affirms-bodily-resurrection	psg-irenaeus-ah-5-33-3	supports	predicate	explicit		0.9	
clm-papias-frags-affirms-rule-of-faith	psg-papias-frag-1	supports	predicate	explicit		1.0	
clm-paradise-by-ephrem	psg-ephrem-paradise-1	supports	whole_claim	strong_inference			This passage from the work attests its existence and authorship.
clm-paradise-written-edessa	psg-ephrem-paradise-1	supports	whole_claim	strong_inference			Passage from hymns-on-paradise-ephrem contextualizes its composition at edessa.
clm-patrobas-active-rome	psg-rom-16-14	supports	whole_claim	explicit		1.0	
clm-patrobas-roman-church	psg-rom-16-14	supports	whole_claim	explicit		1.0	
clm-paul-active-antioch	psg-acts-11-25-26	supports	whole_claim	explicit		1.0	
clm-paul-active-appii-forum	psg-acts-28-15	supports	whole_claim	explicit		1.0	
clm-paul-active-assos	psg-acts-20-13-15	supports	whole_claim	explicit		1.0	
clm-paul-active-athens	psg-acts-17-16-34	supports	whole_claim	explicit		1.0	
clm-paul-active-berea	psg-acts-17-10-15	supports	whole_claim	explicit		1.0	
clm-paul-active-chios	psg-acts-20-13-15	supports	whole_claim	explicit		1.0	
clm-paul-active-corinth	psg-acts-18-1-11	supports	whole_claim	explicit		1.0	
clm-paul-active-crete	psg-titus-1-5	supports	whole_claim	explicit		0.8	
clm-paul-active-cyprus	psg-acts-13-4-12	supports	whole_claim	explicit		1.0	
clm-paul-active-damascus	psg-acts-9-1-19	supports	whole_claim	explicit		1.0	
clm-paul-active-derbe	psg-acts-16-1-3	supports	whole_claim	explicit		0.8	
clm-paul-active-ephesus	psg-acts-19-1-10	supports	whole_claim	explicit		1.0	
clm-paul-active-fair-havens	psg-acts-27-3-12	supports	whole_claim	explicit		1.0	
clm-paul-active-galatia	psg-acts-9-26-28	contextualizes					Passage attests paul's activity in or near galatia.
clm-paul-active-galatia	psg-gal-1-2	supports	place	explicit		1.0	Gal 1:2 addresses 'the churches of Galatia' — Paul was active there.
clm-paul-active-galilee-area	psg-acts-9-26-28	contextualizes					Passage attests paul's activity in or near galilee.
clm-paul-active-jerusalem	psg-acts-15-1-29	supports	whole_claim	explicit		0.9	
clm-paul-active-jerusalem	psg-acts-9-26-28	supports	whole_claim	explicit		0.8	
clm-paul-active-judea-late	psg-acts-21-16	supports	place	explicit		1.0	Acts 21:16 places Paul arriving in Jerusalem on his final Judean visit.
clm-paul-active-judea-late	psg-acts-9-26-28	contextualizes					Passage attests paul's activity in or near judea.
clm-paul-active-lystra	psg-acts-16-1-3	supports	whole_claim	explicit		0.8	
clm-paul-active-malta	psg-acts-28-1-14	supports	whole_claim	explicit		1.0	
clm-paul-active-miletus	psg-acts-20-6-17	supports	whole_claim	explicit		1.0	
clm-paul-active-mitylene	psg-acts-20-13-15	supports	whole_claim	explicit		1.0	
clm-paul-active-myra	psg-acts-27-5-8	supports	whole_claim	explicit		1.0	
clm-paul-active-nicopolis	psg-titus-3-12	supports	whole_claim	explicit		0.9	
clm-paul-active-paphos	psg-acts-13-4-12	supports	whole_claim	explicit		1.0	
clm-paul-active-philippi	psg-acts-16-11-15	supports	whole_claim	explicit		1.0	
clm-paul-active-puteoli	psg-acts-28-1-14	supports	whole_claim	explicit		1.0	
clm-paul-active-rhegium	psg-acts-28-1-14	supports	whole_claim	explicit		1.0	
clm-paul-active-rome	psg-acts-28-16-31	supports	whole_claim	explicit		1.0	
clm-paul-active-salamis	psg-acts-13-4-12	supports	whole_claim	explicit		1.0	
clm-paul-active-samos	psg-acts-20-13-15	supports	whole_claim	explicit		1.0	
clm-paul-active-sidon	psg-acts-27-3-12	supports	whole_claim	explicit		1.0	
clm-paul-active-syracuse	psg-acts-28-1-14	supports	whole_claim	explicit		1.0	
clm-paul-active-thessalonica	psg-acts-17-1-9	supports	whole_claim	explicit		1.0	
clm-paul-active-three-taverns	psg-acts-28-15	supports	whole_claim	explicit		1.0	
clm-paul-active-troas	psg-acts-20-6-17	supports	whole_claim	explicit		1.0	
clm-paul-active-tyre	psg-acts-21-3-8	supports	whole_claim	explicit		1.0	
clm-paul-antioch-church	psg-acts-13-1	supports	whole_claim	explicit		1.0	
clm-paul-coworker-barnabas-jerusalem	psg-acts-11-25-26	supports	whole_claim	explicit			Passage contextualizes barnabas's association with paul.
clm-paul-coworker-carpus	psg-2tim-4-13	supports	whole_claim	explicit		0.7	
clm-paul-coworker-crescens	psg-2tim-4-10-12	supports	whole_claim	explicit		0.8	
clm-paul-coworker-gaius	psg-acts-20-4	supports	whole_claim	explicit		0.9	
clm-paul-coworker-jason	psg-acts-17-5-9	supports	whole_claim	explicit		0.8	
clm-paul-coworker-onesiphorus	psg-2tim-1-16-18	supports	whole_claim	explicit		0.9	
clm-paul-coworker-philemon	psg-philemon-1-2	supports	whole_claim	explicit		1.0	
clm-paul-coworker-priscilla	psg-rom-16-3-4	supports	whole_claim	explicit		1.0	
clm-paul-coworker-secundus	psg-acts-20-4	supports	whole_claim	explicit		0.9	
clm-paul-coworker-silas	psg-acts-18-1-11	supports	whole_claim	explicit		1.0	
clm-paul-coworker-sopater	psg-acts-20-4	supports	whole_claim	explicit		0.9	
clm-paul-coworker-sosthenes	psg-acts-18-17	supports	whole_claim	explicit		0.6	
clm-paul-coworker-stephanas	psg-1cor-16-15-18	supports	whole_claim	explicit		0.9	
clm-paul-coworker-timothy	psg-1thess-1-1	supports	whole_claim	explicit		1.0	
clm-paul-coworker-timothy	psg-phil-1-1	supports	whole_claim	explicit		1.0	
clm-paul-coworker-titus	psg-2cor-8-23	supports	whole_claim	explicit		1.0	
clm-paul-coworker-trophimus	psg-acts-21-29	supports	whole_claim	explicit		0.9	
clm-paul-coworker-tychicus	psg-col-4-7-9	supports	whole_claim	explicit		1.0	
clm-paul-disciple	psg-acts-9-1-19	supports	whole_claim	explicit		1.0	
clm-paul-in-conversion	psg-acts-9-1-19	supports	whole_claim	explicit		1.0	
clm-paul-in-council	psg-acts-15-1-29	supports	whole_claim	explicit		1.0	
clm-paul-in-jerusalem-persecution-after-stephen	psg-acts-8-1-3	supports	whole_claim	explicit		1.0	
clm-paul-in-martyrdom	psg-1clement-5-1-7	supports	whole_claim	explicit		0.8	1 Clement presents Paul as a recent exemplary sufferer who departed after witness, but this batch avoids overcommitting on exact place or date from this source alone.
clm-paul-in-neronian	psg-1clement-5-1-7	supports	whole_claim	explicit		0.8	
clm-paul-in-pauls-martyrdom	psg-1clement-5-1-7	supports	whole_claim	explicit		0.9	
clm-paul-in-pauls-martyrdom	psg-eusebius-church-history-2-25	supports	whole_claim	explicit		0.8	
clm-paul-in-pentecost	psg-acts-9-26-28	contextualizes					Passage contextualizes paul's participation in pentecost.
clm-paul-member-antioch-church	psg-acts-13-1	supports	whole_claim	explicit		1.0	
clm-paul-member-corinthian-church	psg-1cor-1-2	supports	whole_claim	explicit		0.8	
clm-paul-member-ephesian-church	psg-1cor-16-8	supports	whole_claim	explicit		0.7	
clm-paul-member-jerusalem-church	psg-acts-9-26-28	supports	whole_claim	explicit		0.7	
clm-paul-member-philippian	psg-phil-1-1	supports	whole_claim	explicit		0.8	
clm-paul-member-roman-church	psg-1clement-5-1-7	supports	whole_claim	explicit		0.7	
clm-paul-member-roman-church	psg-rom-1-7	supports	whole_claim	explicit		0.7	
clm-paul-member-thessalonian	psg-1thess-1-1	supports	whole_claim	explicit		0.9	
clm-paul-teacher-of-apollos	psg-1cor-3-5-6	supports	whole_claim	explicit		0.6	
clm-paul-teacher-of-epaphras	psg-col-1-7	supports	whole_claim	explicit		0.7	Colossians 1:7 calls Epaphras our beloved fellow servant.
clm-paul-teacher-of-luke	psg-2tim-4-11	supports	whole_claim	explicit		0.6	
clm-paul-teacher-of-onesimus	psg-phlm-10-12	supports	whole_claim	explicit		0.9	Paul begot Onesimus in his imprisonment.
clm-paul-teacher-of-philemon	psg-philemon-1-2	supports	whole_claim	explicit		0.7	
clm-paul-teacher-of-timothy	psg-1tim-1-2	supports	whole_claim	explicit		0.9	Paul calls Timothy 'my true son in the faith' — language of spiritual fathering.
clm-paul-teacher-of-titus	psg-titus-1-4	supports	whole_claim	explicit		0.9	Paul calls Titus 'my true son in our common faith.'
clm-pauls-martyrdom-at-rome	psg-eusebius-church-history-2-25	supports	place	explicit		0.9	Eusebius explicitly places Paul's death in Rome, but this batch still treats the localization as probable because the witness is later and tradition-bearing.
clm-pauls-martyrdom-year	psg-eusebius-church-history-2-25	supports	date	explicit		0.8	
clm-pentecost-at-jerusalem	psg-acts-2-1-4	supports	whole_claim	explicit		1.0	
clm-pentecost-year	psg-acts-2-1-4	supports	date	explicit			Year derived from associated narrative account.
clm-peri-pascha-by-melito	psg-melito-peri-pascha-96	supports	attribution	explicit		0.9	
clm-persis-active-rome	psg-rom-16-12	supports	whole_claim	explicit		1.0	
clm-persis-roman-church	psg-rom-16-12	supports	whole_claim	explicit		1.0	
clm-person-alban-affirms-britannia	psg-wikipedia-british-church-control	supports	predicate	explicit			Passage contextualizes alban-of-britain's position on christianity-reached-britannia.
clm-person-athanasius-affirms-ethiopia	psg-athanasius-apol-const-29-31	supports	predicate	explicit		0.9	Athanasius's own account.
clm-person-constantius-affirms-ethiopia	psg-vita-const-letter-constantius	supports	predicate	explicit		0.9	Constantius's letter acknowledges Frumentius and the Aksumite church.
clm-person-ezana-affirms-dominion	psg-wikipedia-aksumite-control	supports	predicate	explicit			Passage contextualizes ezana-of-aksum's position on christ-dominion-is-universal.
clm-person-frumentius-affirms-ethiopia	psg-rufinus-he-1-9	supports	predicate	explicit		1.0	Rufinus reports Frumentius's evangelistic work.
clm-person-pantaenus-affirms-bartholomew	psg-eusebius-he-3-36	contextualizes					Passage contextualizes pantaenus's position on bartholomew-preached-in-india.
clm-person-pantaenus-affirms-bartholomew	psg-eusebius-he-5-10-3-4	supports	predicate	explicit		1.0	Eusebius HE 5.10.3-4 says Pantaenus found a Hebrew Matthew left by Bartholomew in India.
clm-person-pantaenus-affirms-india	psg-eusebius-he-3-36	contextualizes					Passage contextualizes pantaenus's position on gospel-reached-india.
clm-person-pantaenus-affirms-india	psg-eusebius-he-5-10-1-2	supports	predicate	explicit		1.0	Eusebius HE 5.10.1-2 describes Pantaenus's mission to India and finding the Gospel of Matthew there.
clm-person-theophilus-affirms-arabia	psg-philostorgius-he-3-4	supports	predicate	explicit		0.8	Theophilus's Arabian mission reported by Philostorgius.
clm-person-theophilus-affirms-india	psg-philostorgius-he-3-4	supports	predicate	explicit			Passage contextualizes theophilus-the-indian's position on gospel-reached-india.
clm-peter-active-caesarea	psg-acts-10-1-48	supports	whole_claim	explicit		1.0	
clm-peter-active-galilee	psg-mark-1-16-20	supports	whole_claim	explicit		1.0	
clm-peter-active-jerusalem	psg-acts-1-13-14	supports	whole_claim	explicit		1.0	
clm-peter-active-jerusalem	psg-acts-2-14-36	supports	whole_claim	explicit		0.9	
clm-peter-active-joppa	psg-acts-9-32-43	supports	whole_claim	explicit		1.0	
clm-peter-active-lydda	psg-acts-9-32-35	supports	whole_claim	explicit			Passage attests simon-peter's activity in or near lydda.
clm-peter-active-samaria	psg-acts-8-9-24	supports	whole_claim	explicit		0.95	Acts 8:14-24: Peter and John went to Samaria when they heard it had accepted the word of God.
clm-peter-bishop-antioch	psg-eusebius-he-3-36	supports	whole_claim	explicit		0.8	Eusebius lists Peter as bishop of Antioch.
clm-peter-bishop-antioch	psg-gal-2-11-14	supports	whole_claim	explicit		0.7	Galatians 2 confirms Peter active in Antioch.
clm-peter-bishop-rome	psg-1clement-5-1-7	supports	whole_claim	explicit		0.7	
clm-peter-bishop-rome	psg-irenaeus-ah-3-3-1	supports	whole_claim	explicit		0.8	
clm-peter-bishop-rome	psg-tertullian-praescr-36	supports	whole_claim	explicit		0.8	Tertullian: Clement ordained by Peter at Rome.
clm-peter-coworker-barnabas	psg-acts-9-26-28	supports	whole_claim	explicit		0.7	
clm-peter-coworker-john-zebedee	psg-acts-1-13-14	supports	whole_claim	explicit		0.9	
clm-peter-coworker-paul	psg-acts-15-1-29	supports	whole_claim	explicit		0.9	
clm-peter-coworker-paul	psg-gal-2-1-10	supports	whole_claim	explicit		0.9	Galatians 2 describes the Jerusalem meeting.
clm-peter-coworker-silas	psg-1pet-5-13	supports	whole_claim	explicit		0.7	1 Peter 5:12 names Silvanus.
clm-peter-disciple	psg-mark-1-16-20	supports	whole_claim	explicit		1.0	
clm-peter-gentile-inclusion	psg-acts-15-1-29	supports	predicate	explicit		1.0	
clm-peter-in-arrest	psg-john-18-1-11	supports	whole_claim	explicit		0.7	
clm-peter-in-calling	psg-mark-1-16-20	supports	whole_claim	explicit		1.0	
clm-peter-in-council	psg-acts-15-1-29	supports	whole_claim	explicit		1.0	
clm-peter-in-crucifixion-witness	psg-john-18-1-11	supports	predicate	strong_inference		1.0	John 18:1-11 places Peter at the arrest; he followed to the high priest's court (18:15-18), present near the passion.
clm-peter-in-crucifixion-witness	psg-mark-15-40-41	contextualizes				0.5	
clm-peter-in-herodian-persecution	psg-acts-12-1-3	supports	whole_claim	explicit		1.0	
clm-peter-in-last-supper	psg-luke-22-7-23	supports	whole_claim	explicit		0.9	
clm-peter-in-martyrdom	psg-1clement-5-1-7	supports	whole_claim	explicit		0.8	1 Clement explicitly presents Peter as a recent exemplary sufferer, but this batch avoids overcommitting on exact place or date from this source alone.
clm-peter-in-neronian	psg-1clement-5-1-7	supports	whole_claim	explicit		0.8	
clm-peter-in-pentecost	psg-acts-2-14-36	supports	whole_claim	explicit		1.0	
clm-peter-in-peters-martyrdom	psg-1clement-5-1-7	supports	whole_claim	explicit		0.9	
clm-peter-in-peters-martyrdom	psg-eusebius-church-history-2-25	supports	whole_claim	explicit		0.8	
clm-peter-member-antioch-church	psg-gal-2-11-14	supports	whole_claim	explicit		0.9	Galatians 2:11 places Peter at Antioch.
clm-peter-member-jerusalem-church	psg-acts-1-13-14	supports	whole_claim	explicit		1.0	
clm-peter-member-jerusalem-church	psg-acts-2-14-36	supports	whole_claim	explicit		0.9	
clm-peter-member-roman-church	psg-1clement-5-1-7	supports	whole_claim	explicit		0.8	
clm-peter-teacher-of-mark	psg-1pet-5-13	supports	whole_claim	explicit		0.7	1 Pet 5:13 calls Mark my son.
clm-peter-teacher-of-mark	psg-eusebius-he-3-39-1-4	supports	whole_claim	explicit		0.8	Papias via Eusebius: Mark was Peter interpreter.
clm-peters-martyrdom-at-rome	psg-eusebius-church-history-2-25	supports	place	explicit		0.8	Eusebius localizes Peter's suffering through Nero-era and Roman memorial tradition, so the Rome place claim is kept probable rather than maximal.
clm-peters-martyrdom-year	psg-eusebius-church-history-2-25	supports	date	explicit		0.8	
clm-pharisees-at-galilee	psg-mark-3-6	supports	whole_claim	explicit			Pharisees active in Galilee (Mark 3:6).
clm-pharisees-at-jerusalem	psg-mark-11-15-18	supports	whole_claim	explicit			Pharisees active in Jerusalem (Mark 11-12).
clm-philemon-addressed-colossae	psg-philemon-1-2	supports	place	explicit			The work itself identifies colossae as its recipient.
clm-philemon-by-paul	psg-philemon-1-2	supports	whole_claim	explicit		1.0	Phlm 1:1 Paul and Timothy opening — explicit self-identification as author.
clm-philemon-colossian-church	psg-col-4-9	supports	whole_claim	strong_inference			Passage contextualizes philemon's membership in colossian-church.
clm-philemon-disciple	psg-philemon-1-2	supports	whole_claim	explicit		1.0	
clm-philip-apostle-active-bethsaida	psg-john-1-43-49	supports	whole_claim	explicit		1.0	
clm-philip-apostle-active-galilee	psg-john-1-43-49	supports	whole_claim	explicit		0.9	
clm-philip-apostle-active-jerusalem	psg-acts-1-13-14	supports	whole_claim	explicit		0.8	
clm-philip-apostle-coworker-nathanael	psg-john-1-43-49	supports	whole_claim	explicit		0.9	Philip finds Nathanael.
clm-philip-apostle-disciple	psg-john-1-43-49	supports	whole_claim	explicit		1.0	
clm-philip-apostle-in-pentecost	psg-acts-1-13-14	supports	whole_claim	explicit		0.8	
clm-philip-apostle-member-jerusalem	psg-acts-1-13-14	supports	whole_claim	explicit		0.8	
clm-philip-evang-active-joppa	psg-acts-8-5-25	supports	whole_claim	explicit		0.6	
clm-philip-evang-in-jerusalem-persecution	psg-acts-8-5-25	supports	whole_claim	explicit		0.9	
clm-philip-evang-member-caesarean	psg-acts-21-8-9	supports	whole_claim	explicit		0.9	
clm-philip-evang-member-jerusalem	psg-acts-6-1-6	supports	whole_claim	explicit		1.0	
clm-philip-evangelist-active-caesarea	psg-acts-21-8-9	supports	whole_claim	explicit		1.0	
clm-philip-evangelist-active-samaria	psg-acts-8-5-25	supports	whole_claim	explicit		1.0	
clm-philip-evangelist-disciple	psg-acts-21-8-9	supports	whole_claim	explicit		1.0	
clm-philip-evangelist-disciple	psg-acts-8-5-25	supports	whole_claim	explicit		0.7	Acts 8 and Acts 21 together justify the longer disciple interval for Philip the Evangelist.
clm-philippians-addressed-philippi	psg-phil-1-1	supports	whole_claim	explicit		1.0	
clm-philippians-by-paul	psg-irenaeus-ah-3-1-1	contextualizes				1.0	Phil 1:1 explicit Paul+Timothy opening; universally accepted as authentic.
clm-philippians-by-paul	psg-phil-1-1	supports	whole_claim	explicit		1.0	Phil 1:1 — Paul and Timothy opening; explicit Pauline self-identification.
clm-philippians-resurrection	psg-phil-2-25-30	supports	predicate	strong_inference		1.0	Phil 2:25-30 sits within a letter presupposing the resurrection; Phil 3:10-11 expresses it explicitly.
clm-philippians-resurrection	psg-rom-10-9	contextualizes				0.6	
clm-philologus-active-rome	psg-rom-16-15	supports	whole_claim	explicit		1.0	
clm-philologus-roman-church	psg-rom-16-15	supports	whole_claim	explicit		1.0	
clm-philostorgius-active-constantinople	psg-philostorgius-he-3-4	supports	subject	strong_inference			Philostorgius HE 3.4 was written from Constantinople by Philostorgius himself.
clm-philostorgius-affirms-ethiopia	psg-philostorgius-he-3-4	supports	predicate	explicit			Philostorgius HE 3.4 describes Theophilus's mission to Ethiopia (Himyar/Axum region).
clm-philostorgius-affirms-india	psg-philostorgius-he-3-4	contextualizes					Passage contextualizes philostorgius's position on gospel-reached-india.
clm-philostorgius-he-affirms-arabia-christianized	psg-philostorgius-he-3-4	supports	predicate	explicit		0.9	Philostorgius HE 3.4 describes Theophilus's mission and church building.
clm-philostorgius-he-affirms-bartholomew-india	psg-philostorgius-he-3-6	supports	predicate	explicit		0.8	Philostorgius HE 3.6 mentions Bartholomew's Indian mission.
clm-philostorgius-he-affirms-india-reached	psg-philostorgius-he-3-4	supports	predicate	explicit			
clm-philostorgius-he-affirms-thomas-india	psg-philostorgius-he-3-4	supports	predicate	explicit			
clm-philostorgius-he-affirms-universal	psg-philostorgius-he-3-6	supports	predicate	explicit			
clm-philostorgius-he-by-philostorgius	psg-philostorgius-he-3-4	supports	whole_claim	explicit		1.0	HE 3.4 is from Philostorgius's own work.
clm-philostorgius-he-mentions-ethiopia	psg-philostorgius-he-3-4	supports	predicate	explicit		0.7	Philostorgius mentions Theophilus visiting Aksumites.
clm-philostorgius-he-mentions-india-reached	psg-philostorgius-he-3-6	supports	predicate	explicit		0.8	Philostorgius reports pre-existing Indian Christians.
clm-phlegon-active-rome	psg-rom-16-14	supports	whole_claim	explicit		1.0	
clm-phlegon-roman-church	psg-rom-16-14	supports	whole_claim	explicit		1.0	
clm-phoebe-active-corinth	psg-rom-16-1-2	supports	whole_claim	explicit		1.0	
clm-phoebe-active-rome	psg-rom-16-1-2	supports	whole_claim	explicit		0.8	Romans 16:1-2 commends Phoebe, likely carried the letter to Rome.
clm-phoebe-member-corinthian	psg-rom-16-1-2	supports	whole_claim	explicit		0.9	
clm-pilate-active-judea	psg-josephus-ant-18-55-59	supports	whole_claim	explicit		1.0	
clm-pilate-in-crucifixion	psg-mark-15-1-15	supports	whole_claim	explicit		1.0	
clm-pilate-in-pilate-trial	psg-josephus-ant-18-55-59	supports	whole_claim	explicit		0.8	Josephus independently identifies Pilate as prefect governing Judea, contextualizing his role in the passion hearing.
clm-pilate-in-pilate-trial	psg-mark-15-1-15	supports	whole_claim	explicit		1.0	
clm-place-achaia-attested	psg-2cor-1-1	supports	whole_claim	explicit		1.0	
clm-place-achaia-attested-late	psg-acts-18-12-17	supports	whole_claim	explicit			Acts 18 records Gallio as proconsul of Achaia.
clm-place-aksum-attested	psg-wikipedia-aksumite-control	supports	whole_claim	explicit			Aksum was the capital of the Aksumite Empire and center of Ethiopian Christianity.
clm-place-alexandria-attested	psg-acts-18-24-28	supports	whole_claim	explicit			Acts 18:24 attests Apollos as an Alexandrian.
clm-place-antioch-attested	psg-acts-11-25-26	supports	whole_claim	explicit			Acts 11:26 records disciples at Antioch.
clm-place-appii-forum-attested	psg-acts-28-15	supports	whole_claim	explicit		1.0	
clm-place-arbela-attested	psg-wikipedia-church-of-east-spread	supports	whole_claim	explicit			Arbela was an early center of Syriac Christianity.
clm-place-arles-attested	psg-wikipedia-british-church-control	supports	whole_claim	explicit			British bishops attended the Council of Arles (314 AD).
clm-place-asia-attested	psg-1pet-1-1	supports	whole_claim	explicit		1.0	
clm-place-asia-attested-late	psg-acts-19-1-10	supports	whole_claim	explicit			Acts 19 records Paul's ministry in the province of Asia.
clm-place-assos-attested	psg-acts-20-13-15	supports	whole_claim	explicit		1.0	
clm-place-athens-attested	psg-acts-17-16-34	supports	whole_claim	explicit		1.0	
clm-place-berea-attested	psg-acts-17-10-15	supports	whole_claim	explicit		1.0	
clm-place-bethany-jordan-attested	psg-john-1-28-34	supports	whole_claim	explicit			John 1:28 names Bethany across the Jordan.
clm-place-bethany-near-jerusalem-attested	psg-john-11-1-18	supports	whole_claim	explicit		1.0	
clm-place-bethsaida-attested	psg-john-1-43-49	supports	whole_claim	explicit		1.0	
clm-place-bithynia-attested	psg-1pet-1-1	supports	whole_claim	explicit		1.0	
clm-place-bithynia-attested-late	psg-wikipedia-early-christian-places	supports	whole_claim	explicit			1 Pet 1:1 addresses Bithynia; early Christian presence attested.
clm-place-bostra-attested	psg-eusebius-he-6-33	supports	subject	explicit		1.0	Eusebius HE 6.33 explicitly names Beryllus as bishop of Bostra in Arabia c. 240 CE.
clm-place-bostra-attested	psg-wikipedia-early-church-geography	contextualizes					Bostra was the seat of a bishop attested at early councils.
clm-place-britannia-attested	psg-gildas-de-excidio-10	supports	subject	explicit		1.0	Gildas De Excidio 10 is the earliest primary source attesting Christianity in Roman Britain.
clm-place-britannia-attested	psg-wikipedia-british-church-control	contextualizes					Christianity in Roman Britain attested by 3rd century.
clm-place-caesarea-attested-early	psg-acts-10-1-48	supports	whole_claim	explicit		1.0	
clm-place-caesarea-attested-late	psg-acts-21-8-9	supports	whole_claim	explicit		1.0	
clm-place-caesarea-cappadocia-attested	psg-wikipedia-early-church-geography	supports	whole_claim	explicit			Caesarea Cappadocia was a major see; home of Basil the Great.
clm-place-cana-attested	psg-john-1-43-49	supports	whole_claim	explicit		1.0	
clm-place-capernaum-attested	psg-mark-1-14-15	supports	whole_claim	explicit			Jesus's ministry centered at Capernaum (Mark 1).
clm-place-cappadocia-attested	psg-1pet-1-1	supports	whole_claim	explicit		1.0	
clm-place-cappadocia-attested-late	psg-wikipedia-early-christian-places	supports	whole_claim	explicit			1 Pet 1:1 addresses Cappadocia; early Christian presence attested.
clm-place-carthage-attested	psg-wikipedia-early-church-geography	supports	whole_claim	explicit			Carthage was a major early Christian center in North Africa.
clm-place-chios-attested	psg-acts-20-13-15	supports	whole_claim	explicit		1.0	
clm-place-clauda-attested	psg-acts-27-16-17	supports	whole_claim	explicit		1.0	
clm-place-cnidus-attested	psg-acts-27-3-12	supports	whole_claim	explicit		1.0	
clm-place-colossae-attested	psg-col-1-2	supports	whole_claim	explicit		1.0	
clm-place-corinth-attested	psg-acts-18-1-11	supports	whole_claim	explicit			Acts 18:1 records Paul at Corinth.
clm-place-crete-attested	psg-titus-1-5	supports	whole_claim	explicit		1.0	
clm-place-crete-attested-late	psg-acts-27-3-12	supports	whole_claim	explicit			Acts 27 records Paul passing through Crete.
clm-place-cyprus-attested	psg-acts-13-4-12	supports	whole_claim	explicit		1.0	
clm-place-cyprus-attested-late	psg-acts-13-4-12	supports	whole_claim	explicit			Acts 13:4 records Paul at Cyprus.
clm-place-dalmatia-attested	psg-2tim-4-10-12	supports	whole_claim	explicit		1.0	
clm-place-dalmatia-attested-late	psg-wikipedia-early-church-geography	supports	whole_claim	explicit			Dalmatia is mentioned as a mission field in 2 Tim 4:10.
clm-place-damascus-attested	psg-acts-9-1-19	supports	whole_claim	explicit			Acts 9 records Paul's journey to Damascus.
clm-place-derbe-attested	psg-acts-20-4	supports	whole_claim	explicit		1.0	
clm-place-dura-europos-attested	psg-wikipedia-early-church-geography	supports	whole_claim	explicit			Dura-Europos contains the oldest known house church (c. 235 AD).
clm-place-edessa-attested	psg-wikipedia-early-church-geography	supports	whole_claim	explicit			Edessa is among the earliest attested Christian centers.
clm-place-egypt-attested	psg-acts-18-24-28	supports	subject	explicit			Acts 18:24 identifies Apollos as Alexandrian — direct attestation of Egypt as Christian center.
clm-place-emmaus-attested	psg-luke-24-5-7	supports	subject	explicit			Luke 24 places events at Emmaus; though a different passage (24:13), this attests the place name.
clm-place-ephesus-attested	psg-acts-19-1-10	supports	whole_claim	explicit		1.0	
clm-place-ephesus-attested	psg-rev-1-11	supports	whole_claim	explicit		0.7	Late first-century attestation helps justify the interval claim.
clm-place-ephesus-attested-late	psg-acts-19-1-10	supports	whole_claim	explicit			Acts 19:1 records Paul at Ephesus.
clm-place-fair-havens-attested	psg-acts-27-3-12	supports	whole_claim	explicit		1.0	
clm-place-flavia-neapolis-attested	psg-justin-apol-61	supports	subject	strong_inference		1.0	Justin 1 Apol. mentions his hometown Flavia Neapolis; his active presence there attests it.
clm-place-flavia-neapolis-attested	psg-wikipedia-early-christian-places	contextualizes					Justin Martyr from Flavia Neapolis; city attested.
clm-place-galatia-attested-early	psg-acts-16-6	supports	whole_claim	explicit			Acts 16:6 attests Galatia in the missionary journey.
clm-place-galatia-attested-late	psg-1pet-1-1	supports	whole_claim	explicit		1.0	
clm-place-galilee-attested	psg-mark-1-14-15	supports	whole_claim	explicit		1.0	
clm-place-galilee-attested	psg-matt-4-23	supports	whole_claim	explicit		1.0	
clm-place-galilee-attested-late	psg-mark-1-14-15	supports	whole_claim	explicit			Mark 1:14 places Jesus's ministry in Galilee.
clm-place-gaul-attested	psg-eusebius-he-5-1	supports	whole_claim	explicit			Eusebius HE 5.1 attests communities at Lyons/Gaul.
clm-place-hierapolis-attested	psg-col-4-12-13	supports	whole_claim	explicit		1.0	
clm-place-hierapolis-attested-early	psg-col-4-13-16	supports	whole_claim	explicit			Col 4:13 mentions a community at Hierapolis.
clm-place-hierapolis-attested-late	psg-col-4-13-16	supports	whole_claim	explicit			Col 4:13 mentions a community at Hierapolis.
clm-place-india-attested	psg-acts-thomas-108-113	supports	subject	explicit			Acts of Thomas is the primary literary witness to Indian Christianity; ch. 108-113 central.
clm-place-jericho-attested	psg-luke-19-1-10	supports	whole_claim	explicit		1.0	
clm-place-jerusalem-attested	psg-mark-11-15-18	supports	whole_claim	explicit		1.0	
clm-place-joppa-attested	psg-acts-9-32-43	supports	whole_claim	explicit		1.0	
clm-place-joppa-attested-late	psg-acts-9-36-43	supports	whole_claim	explicit			Acts 9 records the community at Joppa.
clm-place-judea-attested	psg-mark-11-15-18	supports	whole_claim	explicit		1.0	
clm-place-judea-attested-late	psg-acts-1-13-14	supports	whole_claim	explicit			Acts records disciples throughout Judea.
clm-place-laodicea-attested-col	psg-col-4-16	supports	whole_claim	explicit		1.0	
clm-place-laodicea-attested-late	psg-rev-3-14-22	supports	whole_claim	explicit			Revelation 3:14 addresses the church at Laodicea.
clm-place-laodicea-attested-rev	psg-rev-1-11	supports	whole_claim	explicit		1.0	
clm-place-londinium-attested	psg-wikipedia-british-church-control	supports	whole_claim	explicit			Londinium (London) is attested as a center of Christianity in Roman Britain.
clm-place-lycia-attested	psg-acts-27-5-8	supports	whole_claim	explicit		1.0	
clm-place-lycia-attested-late	psg-acts-27-5-8	supports	whole_claim	explicit			Acts 27:5 records Paul passing through Lycia.
clm-place-lydda-attested	psg-acts-9-32-35	supports	whole_claim	explicit		1.0	
clm-place-lydda-attested-late	psg-acts-9-32-35	supports	whole_claim	explicit			Acts 9:32 records the community at Lydda.
clm-place-lystra-attested	psg-acts-16-1-3	supports	whole_claim	explicit		1.0	
clm-place-malta-attested	psg-acts-28-1-14	supports	whole_claim	explicit		1.0	
clm-place-miletus-attested	psg-acts-20-6-17	supports	whole_claim	explicit		1.0	
clm-place-mitylene-attested	psg-acts-20-13-15	supports	whole_claim	explicit		1.0	
clm-place-myra-attested	psg-acts-27-5-8	supports	whole_claim	explicit		1.0	
clm-place-najran-attested	psg-philostorgius-he-3-4	supports	subject	strong_inference		1.0	Philostorgius HE 3.4 describes the Himyarite mission near Najran in southern Arabia.
clm-place-najran-attested	psg-wikipedia-arab-christian-presence	contextualizes					Najran is attested as a Christian community in Arabia.
clm-place-nazareth-attested	psg-luke-4-16	supports	whole_claim	explicit		1.0	
clm-place-neocaesarea-attested	psg-eusebius-he-5-10-3-4	contextualizes				1.0	
clm-place-neocaesarea-attested	psg-eusebius-he-6-30	supports	subject	explicit		1.0	Eusebius HE 6.30 names Gregory Thaumaturgus as bishop of Neocaesarea.
clm-place-neocaesarea-attested	psg-wikipedia-early-church-geography	contextualizes					Neocaesarea was home to Gregory Thaumaturgus; attested c. 250 AD.
clm-place-nicopolis-attested	psg-titus-3-12	supports	whole_claim	explicit		1.0	
clm-place-nisibis-attested	psg-wikipedia-church-of-east-spread	supports	whole_claim	explicit			Nisibis was a major center of Syriac Christianity.
clm-place-paphos-attested	psg-acts-13-4-12	supports	whole_claim	explicit		1.0	
clm-place-patmos-attested	psg-eusebius-he-3-18	supports	whole_claim	explicit			Eusebius records John's exile on Patmos (HE 3.18).
clm-place-pergamum-attested	psg-rev-1-11	supports	whole_claim	explicit		1.0	
clm-place-pergamum-attested-late	psg-rev-2-12-17	supports	whole_claim	explicit			Revelation 2:12 addresses the church at Pergamum.
clm-place-philadelphia-attested	psg-rev-1-11	supports	whole_claim	explicit		1.0	
clm-place-philadelphia-attested-late	psg-rev-3-7-13	supports	whole_claim	explicit			Revelation 3:7 addresses the church at Philadelphia.
clm-place-philippi-attested	psg-acts-16-11-15	supports	whole_claim	explicit			Acts 16:11 records Paul at Philippi.
clm-place-phoenix-crete-attested	psg-acts-27-3-12	supports	whole_claim	explicit		1.0	
clm-place-phrygia-attested	psg-acts-16-6	supports	whole_claim	explicit			Acts 16:6 records Paul passing through Phrygia.
clm-place-pontus-attested	psg-1pet-1-1	supports	whole_claim	explicit		1.0	
clm-place-pontus-attested-late	psg-wikipedia-early-christian-places	supports	whole_claim	explicit			1 Pet 1:1 addresses Pontus; early Christian presence attested.
clm-place-puteoli-attested	psg-acts-28-1-14	supports	whole_claim	explicit		1.0	
clm-place-qumran-attested	psg-community-rule-5-7-13	supports	whole_claim	explicit		1.0	
clm-place-rhegium-attested	psg-acts-28-1-14	supports	whole_claim	explicit		1.0	
clm-place-rome-attested	psg-acts-28-16-31	supports	whole_claim	explicit			Acts 28:16 records Paul arriving at Rome.
clm-place-salamis-attested	psg-acts-13-4-12	supports	whole_claim	explicit		1.0	
clm-place-salmone-attested	psg-acts-27-5-8	supports	whole_claim	explicit		1.0	
clm-place-samaria-attested	psg-acts-8-5-25	supports	whole_claim	explicit		1.0	
clm-place-samaria-attested-late	psg-acts-8-5-25	supports	whole_claim	explicit			Acts 8 records Philip's mission in Samaria.
clm-place-samos-attested	psg-acts-20-13-15	supports	whole_claim	explicit		1.0	
clm-place-sardinia-attested	psg-wikipedia-early-church-geography	supports	whole_claim	explicit			Sardinia is attested as a Christian presence by the 3rd century.
clm-place-sardis-attested	psg-rev-1-11	supports	whole_claim	explicit		1.0	
clm-place-sardis-attested-late	psg-rev-3-1-6	supports	whole_claim	explicit			Revelation 3:1 addresses the church at Sardis.
clm-place-seleucia-ctesiphon-attested	psg-wikipedia-church-of-east-spread	supports	whole_claim	explicit			Seleucia-Ctesiphon was the seat of the Patriarch of the Church of the East.
clm-place-sidon-attested	psg-acts-27-3-12	supports	whole_claim	explicit		1.0	
clm-place-sinope-attested	psg-irenaeus-ah-1-27-1-2	supports	subject	strong_inference		1.0	Irenaeus AH 1.27.1-2 places Marcion as from Sinope in Pontus — direct place attestation.
clm-place-sinope-attested	psg-wikipedia-marcionites-spread	contextualizes					Marcion's birthplace; attested as a city in Pontus.
clm-place-smyrna-attested	psg-rev-1-11	supports	whole_claim	explicit		1.0	
clm-place-smyrna-attested-late	psg-rev-2-8-11	supports	whole_claim	explicit			Revelation 2:8 addresses the church at Smyrna.
clm-place-syracuse-attested	psg-acts-28-1-14	supports	whole_claim	explicit		1.0	
clm-place-thessalonica-attested	psg-1thess-1-1	supports	whole_claim	explicit		1.0	
clm-place-thessalonica-attested	psg-2thess-1-1	supports	whole_claim	explicit		1.0	
clm-place-thessalonica-attested	psg-acts-17-1-9	supports	whole_claim	explicit		1.0	
clm-place-thessalonica-attested-late	psg-acts-17-1-9	supports	whole_claim	explicit			Acts 17:1 records Paul at Thessalonica.
clm-place-three-taverns-attested	psg-acts-28-15	supports	whole_claim	explicit		1.0	
clm-place-thyatira-attested	psg-rev-1-11	supports	whole_claim	explicit		1.0	
clm-place-thyatira-attested-late	psg-rev-2-18-29	supports	whole_claim	explicit			Revelation 2:18 addresses the church at Thyatira.
clm-place-troas-attested	psg-acts-20-6-17	supports	whole_claim	explicit		1.0	
clm-place-tyre-attested	psg-acts-21-3-8	supports	whole_claim	explicit		1.0	
clm-place-vagharshapat-attested	psg-socrates-he-1-20	supports	subject	explicit		1.0	Socrates HE 1.20 describes Gregory establishing his see at Vagharshapat.
clm-place-vagharshapat-attested	psg-wikipedia-aksumite-control	contextualizes					Vagharshapat (Etchmiadzin) became the seat of Armenian Christianity.
clm-place-zafar-attested	psg-philostorgius-he-3-4	supports	subject	strong_inference		1.0	Philostorgius HE 3.4 describes Theophilus's mission to Zafar/Himyar — direct attestation.
clm-place-zafar-attested	psg-wikipedia-arab-christian-presence	contextualizes					Zafar in Yemen was attested as a city with Christian presence.
clm-polycarp-active-ephesus	psg-irenaeus-ah-3-3-4	supports	whole_claim	explicit		0.6	
clm-polycarp-active-rome	psg-eusebius-he-5-24	supports	whole_claim	explicit		0.9	
clm-polycarp-active-rome	psg-martyrdom-polycarp-9	supports	whole_claim	explicit		0.6	Polycarp known to have visited Anicetus in Rome before martyrdom
clm-polycarp-affirms-eucharist	psg-ignatius-smyrn-1	supports	predicate	explicit		0.6	
clm-polycarp-affirms-fasting	psg-ignatius-smyrn-1	contextualizes				0.6	
clm-polycarp-affirms-fasting	psg-polycarp-phil-5-6	supports	predicate	strong_inference		1.0	Polycarp Phil. 5-6 describes the life of deacons and widows including ascetic practices.
clm-polycarp-bishop-smyrna	psg-irenaeus-ah-3-3-2	supports	whole_claim	explicit		0.8	
clm-polycarp-bishop-smyrna	psg-irenaeus-ah-3-3-4	supports	whole_claim	explicit		1.0	
clm-polycarp-coworker-anicetus	psg-eusebius-he-5-24	supports	whole_claim	explicit		0.9	
clm-polycarp-coworker-irenaeus	psg-irenaeus-ah-3-3-4	supports	whole_claim	explicit		0.9	Irenaeus heard Polycarp directly.
clm-polycarp-in-martyrdom	psg-martpoly-14	supports	whole_claim	explicit		1.0	
clm-polycarp-in-martyrdom	psg-martyrdom-polycarp-9	supports	whole_claim	explicit		1.0	Polycarp's dialogue with proconsul and confession before death
clm-polycarp-in-quartodeciman-visit	psg-eusebius-he-5-24	supports	whole_claim	explicit		0.9	
clm-polycarp-letter-addressed-philippi	psg-polycarp-phil-2	supports	whole_claim	explicit		1.0	Polycarp transmits received resurrection faith to Philippians
clm-polycarp-letter-affirms-apostolic-succession	psg-polycarp-phil-7	supports	predicate	explicit		0.7	
clm-polycarp-letter-affirms-bodily-resurrection	psg-polycarp-phil-2	supports	predicate	explicit		1.0	
clm-polycarp-letter-affirms-eucharist	psg-polycarp-phil-2-b	supports	predicate	explicit			
clm-polycarp-letter-affirms-incarnation	psg-polycarp-phil-7	supports	predicate	explicit		1.0	
clm-polycarp-letter-affirms-logos	psg-polycarp-phil-7	supports	predicate	explicit			
clm-polycarp-letter-affirms-martyrdom-witness	psg-polycarp-phil-7	supports	predicate	explicit		0.9	
clm-polycarp-letter-affirms-rule-of-faith	psg-polycarp-phil-7	supports	predicate	explicit		1.0	Defense of received oracles against perversion
clm-polycarp-letter-affirms-threefold	psg-polycarp-phil-5-6	supports	predicate	explicit		1.0	
clm-polycarp-letter-written-smyrna	psg-polycarp-phil-7	supports	place	explicit		0.8	
clm-polycarp-martyrdom-at-smyrna	psg-martpoly-14	supports	whole_claim	explicit		1.0	
clm-polycarp-martyrdom-at-smyrna	psg-martyrdom-polycarp-9	supports	place	explicit		1.0	Stadium at Smyrna is the scene of Polycarp's martyrdom
clm-polycarp-martyrdom-year	psg-martyrdom-polycarp-9	supports	whole_claim	explicit			Year derived from associated narrative account.
clm-polycarp-member-roman-church-visit	psg-eusebius-he-5-24	supports	whole_claim	explicit		0.7	
clm-polycarp-member-smyrna-church	psg-martyrdom-polycarp-9	supports	whole_claim	explicit		1.0	Polycarp is the bishop presiding over the Smyrna church
clm-polycarp-phil-affirms-fasting	psg-polycarp-phil-7-b	supports	predicate	explicit			
clm-polycarp-phil-affirms-judgment	psg-polycarp-phil-2	supports	predicate	explicit			
clm-polycarp-phil-affirms-ot-scripture	psg-polycarp-phil-2	supports	predicate	explicit			
clm-polycarp-phil-affirms-passion	psg-polycarp-phil-7	supports	predicate	explicit		0.95	Polycarp Phil 7: 'whosoever does not confess the testimony of the cross is of the devil' — direct anti-docetism.
clm-polycarp-phil-affirms-repentance	psg-polycarp-phil-2	supports	predicate	explicit			
clm-polycarp-phil-affirms-virgin-birth	psg-polycarp-phil-7	supports	predicate	explicit			
clm-polycarp-phil-by-polycarp	psg-polycarp-phil-7	supports	attribution	explicit		0.9	
clm-polycarp-teacher-of-irenaeus	psg-irenaeus-ah-3-3-4	supports	whole_claim	explicit		1.0	
clm-polycrates-bishop-ephesus	psg-eusebius-he-5-24	supports	whole_claim	explicit		1.0	
clm-polycrates-in-quartodeciman	psg-eusebius-he-5-24	supports	whole_claim	explicit		1.0	
clm-polycrates-member-ephesian-church	psg-eusebius-he-5-24	supports	whole_claim	explicit		0.8	
clm-polycrates-person-affirms-rule-of-faith	psg-eusebius-he-5-24	supports	predicate	explicit		0.9	
clm-pontian-bishop-rome	psg-eusebius-he-6-20-43	supports	whole_claim	explicit		0.8	Eusebius and the Liberian Catalogue attest Pontian as bishop of Rome.
clm-pontian-in-sardinian-exile	psg-eusebius-he-6-20-43	supports	whole_claim	explicit		0.9	Both Pontian and Hippolytus exiled to Sardinia per Liberian Catalogue preserved by Eusebius.
clm-pontian-member-roman-church	psg-eusebius-he-6-20-43	supports	whole_claim	explicit		0.8	Pontian as bishop implies membership in the Roman church.
clm-pontius-active-carthage	psg-cyprian-lapsis-15-16	supports	place	strong_inference		0.5	Cyprian De Laps. 15-16 is addressed from Carthage; Pontius as Cyprian's deacon was there.
clm-pontius-coworker-cyprian	psg-eusebius-he-7-9	supports	whole_claim	explicit		0.8	Eusebius notes Pontius the deacon accompanied Cyprian and wrote his biography.
clm-pontius-in-cyprians-martyrdom	psg-eusebius-he-7-9	supports	whole_claim	explicit		0.8	Pontius was present at Cyprian's martyrdom per Eusebius.
clm-pontius-member-carthage-church	psg-eusebius-he-7-9	supports	whole_claim	explicit		0.7	Pontius served as deacon under Cyprian at Carthage.
clm-praescr-affirms-apostolic-succession	psg-tertullian-de-praescr-20-21	supports	predicate	explicit		0.95	Apostolic churches transmit tradition through founding lineage
clm-praescr-affirms-apostolic-succession	psg-tertullian-de-praescr-36	supports	predicate	explicit		0.9	Apostolic sees as living witnesses to the faith — Rome, Corinth, Ephesus named
clm-praescr-affirms-incarnation	psg-tertullian-de-praescr-13	supports	predicate	explicit		0.85	Rule of faith includes born of the virgin Mary, crucified, risen
clm-praescr-affirms-rule-of-faith	psg-tertullian-de-praescr-13	supports	predicate	explicit		0.95	States the rule of faith explicitly as one immovable and irreformable confession
clm-praescr-by-tertullian	psg-tertullian-de-praescr-13	supports	whole_claim	explicit		0.9	
clm-praescr-written-carthage	psg-tertullian-de-praescr-36	supports	place	explicit		0.6	Mentions apostolic sees from a North African perspective; internal evidence for Carthaginian provenance
clm-priscilla-active-corinth	psg-acts-18-1-11	supports	whole_claim	explicit		1.0	
clm-priscilla-active-ephesus	psg-acts-18-24-28	supports	whole_claim	explicit		1.0	
clm-priscilla-active-rome	psg-rom-16-3-5	supports	whole_claim	explicit		1.0	
clm-priscilla-ephesian-church	psg-1cor-16-19	supports	whole_claim	explicit		0.7	The house church is located in the Asia/Ephesus context of 1 Corinthians 16, so the Ephesian membership link is kept probable.
clm-priscilla-member-corinthian	psg-acts-18-2-3	supports	whole_claim	explicit		0.8	
clm-priscilla-member-ephesian	psg-1cor-16-19	supports	whole_claim	explicit		0.7	
clm-priscilla-montanist-affirms-prophecy	psg-eusebius-he-5-16-montanus	supports	predicate	explicit		1.0	Eusebius HE 5.16 describes Priscilla (Prisca) as one of the Montanist prophetesses.
clm-priscilla-montanist-affirms-prophecy	psg-wikipedia-early-church-geography	contextualizes					Passage contextualizes priscilla-montanist's position on prophetic-gifts-continue-after-apostles.
clm-priscilla-montanist-member-montanists	psg-eusebius-he-5-16-montanus	supports	subject	explicit		1.0	Eusebius HE 5.16 identifies Priscilla and Maximilla as Montanus's co-prophets.
clm-priscilla-montanist-member-montanists	psg-wikipedia-early-church-geography	contextualizes					Passage contextualizes priscilla-montanist's membership in montanists.
clm-priscilla-roman-church	psg-rom-16-3-5	supports	whole_claim	explicit		1.0	
clm-priscilla-teacher-of-apollos	psg-acts-18-24-28	supports	whole_claim	explicit		0.95	Acts 18:26: 'Priscilla and Aquila... invited him to their home and explained to him the way of God more adequately.'
clm-prot-affirms-baptism-regeneration	psg-clement-prot-12-119-120	supports	predicate	explicit			
clm-prot-affirms-incarnation	psg-clement-prot-1-2-3	supports	predicate	explicit			
clm-prot-affirms-logos-preexistence	psg-clement-prot-1-2-3	supports	predicate	explicit		1.0	
clm-protrepticus-by-clement	psg-clement-prot-1-2-3	supports	whole_claim	strong_inference			This passage from the work attests its existence and authorship.
clm-protrepticus-written-at-alexandria	psg-clement-prot-1-2-3	supports	whole_claim	strong_inference			Passage from protrepticus contextualizes its composition at alexandria.
clm-psalms-of-solomon-judgment	psg-pssol-17-32-36	supports	predicate	explicit		1.0	
clm-publius-active-malta	psg-acts-28-7-10	supports	whole_claim	explicit		1.0	
clm-qds-affirms-almsgiving	psg-clement-qds-11-14	contextualizes				0.8	Wealth must be used rightly; detachment of soul, not literal poverty, is Clement's point.
clm-qds-affirms-almsgiving	psg-clement-qds-32-34	supports	predicate	explicit		0.9	Direct instruction to give alms; describes almsgiving as redemptive and as fulfilling the love commandment.
clm-qds-affirms-penance	psg-clement-qds-42	supports	predicate	explicit		0.9	John's restoration of the lapsed youth directly illustrates post-baptismal repentance and forgiveness.
clm-qds-by-clement	psg-clement-qds-11-14	supports	attribution	explicit		0.8	Work is attributed to Clement of Alexandria in manuscript tradition and Eusebius HE.
clm-qds-written-at-alexandria	psg-clement-qds-11-14	supports	whole_claim	strong_inference			Passage from quis-dives-salvetur contextualizes its composition at alexandria.
clm-quartodeciman-at-rome	psg-eusebius-he-5-24	supports	whole_claim	explicit		1.0	
clm-quartodeciman-year	psg-eusebius-he-5-24	supports	whole_claim	explicit		1.0	
clm-refutation-affirms-logos	psg-hippolytus-ref-9-12-zeph	supports	predicate	explicit		0.8	Hippolytus defends Logos theology against the modalism of Zephyrinus and Callistus.
clm-refutation-affirms-penance	psg-hippolytus-ref-9-11-12	supports	predicate	explicit		0.7	Even Hippolytus's polemic acknowledges that penance for grave sin was possible — he objects to the scope, not the principle.
clm-refutation-affirms-rule-of-faith	psg-hippolytus-ref-9-7	supports	predicate	explicit		0.6	Hippolytus appeals to received tradition against Callistus's innovations.
clm-refutation-affirms-succession	psg-hippolytus-ref-9-7	supports	predicate	explicit		0.6	The Refutation traces the succession of Roman bishops.
clm-refutation-by-hippolytus	psg-hippolytus-ref-9-7	supports	attribution	explicit		0.7	The Refutation's detailed account of Roman bishops implies an author within the Roman community.
clm-refutation-written-rome	psg-hippolytus-ref-9-7	supports	place	explicit		0.8	Detailed knowledge of Roman episcopal affairs places the work in Rome.
clm-resurrection-at-jerusalem	psg-john-19-38-42	supports	place	explicit		0.7	John places the burial site near Jerusalem, providing the immediate setting for the resurrection narrative of John 20.
clm-resurrection-at-jerusalem	psg-john-20-1-18	supports	place	explicit		0.8	The resurrection narrative continues at the tomb scene tied to the Jerusalem passion setting.
clm-resurrection-at-jerusalem	psg-john-21-1-14	contextualizes				1.0	John 21 post-resurrection appearance by Sea of Tiberias provides regional context.
clm-resurrection-by-athenagoras	psg-athenagoras-res-1-3	supports	attribution	explicit		0.9	
clm-resurrection-year	psg-john-20-1-18	supports	date	explicit			Year derived from associated narrative account.
clm-revelation-addressed-ephesus	psg-rev-1-11	supports	whole_claim	explicit		1.0	
clm-revelation-addressed-ephesus	psg-rev-2-1-7	supports	whole_claim	explicit		1.0	Rev 2:1 opens 'To the angel of the church in Ephesus write' — direct address.
clm-revelation-addressed-laodicea	psg-rev-1-11	supports	whole_claim	explicit		1.0	
clm-revelation-addressed-pergamum	psg-rev-1-11	supports	whole_claim	explicit		1.0	
clm-revelation-addressed-philadelphia	psg-rev-1-11	supports	whole_claim	explicit		1.0	
clm-revelation-addressed-sardis	psg-rev-1-11	supports	whole_claim	explicit		1.0	
clm-revelation-addressed-smyrna	psg-rev-1-11	supports	whole_claim	explicit		1.0	
clm-revelation-addressed-thyatira	psg-rev-1-11	supports	whole_claim	explicit		1.0	
clm-revelation-affirms-martyrdom-witness	psg-rev-2-13	supports	predicate	explicit		0.9	
clm-revelation-affirms-relics	psg-rev-2-8-11	supports	predicate	explicit			
clm-revelation-by-john	psg-irenaeus-ah-3-1-1	contextualizes				1.0	Rev 1:1,4,9: author names himself 'John'; traditional attribution to the Apostle. Justin Martyr (Dial. 81) accepts Johannine authorship. Dionysius of Alexandria rejected it on stylistic grounds (Euseb
clm-revelation-judgment	psg-rev-1-9	supports	predicate	explicit		0.6	Upgraded from contextualizes: passage explicitly mentions revelation-of-john or final-judgment-is-coming.
clm-revelation-written-patmos	psg-rev-1-9	supports	whole_claim	explicit		1.0	
clm-revelation-year-end	psg-rev-1-11	supports	whole_claim	strong_inference			Passage contextualizes the dating of revelation-of-john.
clm-revelation-year-start	psg-rev-1-11	supports	whole_claim	strong_inference			Passage contextualizes the dating of revelation-of-john.
clm-roman-church-at-puteoli	psg-acts-28-15	supports	whole_claim	explicit			Acts 28:15 records brethren at Puteoli greeting Paul.
clm-romans-addressed-rome	psg-rom-1-7	supports	whole_claim	explicit		1.0	
clm-romans-by-paul	psg-irenaeus-ah-3-1-1	contextualizes				1.0	Rom 1:1 explicit self-identification as Paul; universally accepted as authentic.
clm-romans-by-paul	psg-rom-1-7	supports	whole_claim	explicit		1.0	Rom 1:1,7 — Paul explicitly identifies himself as author and apostle.
clm-romans-resurrection	psg-rom-10-9	supports	predicate	explicit		1.0	
clm-romans-year-end	psg-rom-1-7	supports	whole_claim	strong_inference			Passage contextualizes the dating of epistle-to-the-romans.
clm-romans-year-start	psg-rom-1-7	supports	whole_claim	strong_inference			Passage contextualizes the dating of epistle-to-the-romans.
clm-rome-controls-achaia	psg-wikipedia-roman-empire-provinces	supports	whole_claim	explicit			Roman imperial control of this territory is well-documented in standard historical references.
clm-rome-controls-alexandria	psg-wikipedia-roman-empire-provinces	supports	whole_claim	explicit			Roman imperial control of this territory is well-documented in standard historical references.
clm-rome-controls-antioch	psg-wikipedia-roman-empire-provinces	supports	whole_claim	explicit			Roman imperial control of this territory is well-documented in standard historical references.
clm-rome-controls-asia	psg-wikipedia-roman-empire-provinces	supports	whole_claim	explicit			Roman imperial control of this territory is well-documented in standard historical references.
clm-rome-controls-athens	psg-wikipedia-roman-empire-provinces	supports	whole_claim	explicit			Roman imperial control of this territory is well-documented in standard historical references.
clm-rome-controls-berea	psg-wikipedia-roman-empire-provinces	supports	whole_claim	explicit			Roman imperial control of this territory is well-documented in standard historical references.
clm-rome-controls-bethany	psg-wikipedia-roman-empire-provinces	supports	whole_claim	explicit			Roman imperial control of this territory is well-documented in standard historical references.
clm-rome-controls-bethsaida	psg-wikipedia-roman-empire-provinces	supports	whole_claim	explicit			Roman imperial control of this territory is well-documented in standard historical references.
clm-rome-controls-bithynia	psg-wikipedia-roman-empire-provinces	supports	whole_claim	explicit			Roman imperial control of this territory is well-documented in standard historical references.
clm-rome-controls-bostra	psg-wikipedia-roman-empire-provinces	supports	whole_claim	explicit			Roman imperial control of this territory is well-documented in standard historical references.
clm-rome-controls-britannia	psg-wikipedia-roman-empire-provinces	supports	whole_claim	explicit			Roman imperial control of this territory is well-documented in standard historical references.
clm-rome-controls-caesarea	psg-wikipedia-roman-empire-provinces	supports	whole_claim	explicit			Roman imperial control of this territory is well-documented in standard historical references.
clm-rome-controls-caesarea-cappadocia	psg-wikipedia-roman-empire-provinces	supports	whole_claim	explicit			Roman imperial control of this territory is well-documented in standard historical references.
clm-rome-controls-capernaum	psg-wikipedia-roman-empire-provinces	supports	whole_claim	explicit			Roman imperial control of this territory is well-documented in standard historical references.
clm-rome-controls-cappadocia	psg-wikipedia-roman-empire-provinces	supports	whole_claim	explicit			Roman imperial control of this territory is well-documented in standard historical references.
clm-rome-controls-carthage	psg-wikipedia-roman-empire-provinces	supports	whole_claim	explicit			Roman imperial control of this territory is well-documented in standard historical references.
clm-rome-controls-colossae	psg-wikipedia-roman-empire-provinces	supports	whole_claim	explicit			Roman imperial control of this territory is well-documented in standard historical references.
clm-rome-controls-crete	psg-wikipedia-roman-empire-provinces	supports	whole_claim	explicit			Roman imperial control of this territory is well-documented in standard historical references.
clm-rome-controls-cyprus	psg-wikipedia-roman-empire-provinces	supports	whole_claim	explicit			Roman imperial control of this territory is well-documented in standard historical references.
clm-rome-controls-damascus	psg-wikipedia-roman-empire-provinces	supports	whole_claim	explicit			Roman imperial control of this territory is well-documented in standard historical references.
clm-rome-controls-derbe	psg-wikipedia-roman-empire-provinces	supports	whole_claim	explicit			Roman imperial control of this territory is well-documented in standard historical references.
clm-rome-controls-edessa	psg-wikipedia-roman-empire-provinces	supports	whole_claim	explicit			Roman imperial control of this territory is well-documented in standard historical references.
clm-rome-controls-egypt	psg-wikipedia-roman-empire-provinces	supports	whole_claim	explicit			Roman imperial control of this territory is well-documented in standard historical references.
clm-rome-controls-ephesus	psg-wikipedia-roman-empire-provinces	supports	whole_claim	explicit			Roman imperial control of this territory is well-documented in standard historical references.
clm-rome-controls-galatia	psg-wikipedia-roman-empire-provinces	supports	whole_claim	explicit			Roman imperial control of this territory is well-documented in standard historical references.
clm-rome-controls-galilee	psg-wikipedia-roman-empire-provinces	supports	whole_claim	explicit			Roman imperial control of this territory is well-documented in standard historical references.
clm-rome-controls-gaul	psg-wikipedia-roman-empire-provinces	supports	whole_claim	explicit			Roman imperial control of this territory is well-documented in standard historical references.
clm-rome-controls-hierapolis	psg-wikipedia-roman-empire-provinces	supports	whole_claim	explicit			Roman imperial control of this territory is well-documented in standard historical references.
clm-rome-controls-jericho	psg-wikipedia-roman-empire-provinces	supports	whole_claim	explicit			Roman imperial control of this territory is well-documented in standard historical references.
clm-rome-controls-jerusalem	psg-wikipedia-roman-empire-provinces	supports	whole_claim	explicit			Roman imperial control of this territory is well-documented in standard historical references.
clm-rome-controls-joppa	psg-wikipedia-roman-empire-provinces	supports	whole_claim	explicit			Roman imperial control of this territory is well-documented in standard historical references.
clm-rome-controls-laodicea	psg-wikipedia-roman-empire-provinces	supports	whole_claim	explicit			Roman imperial control of this territory is well-documented in standard historical references.
clm-rome-controls-lydda	psg-wikipedia-roman-empire-provinces	supports	whole_claim	explicit			Roman imperial control of this territory is well-documented in standard historical references.
clm-rome-controls-lyons	psg-wikipedia-roman-empire-provinces	supports	whole_claim	explicit			Roman imperial control of this territory is well-documented in standard historical references.
clm-rome-controls-lystra	psg-wikipedia-roman-empire-provinces	supports	whole_claim	explicit			Roman imperial control of this territory is well-documented in standard historical references.
clm-rome-controls-malta	psg-wikipedia-roman-empire-provinces	supports	whole_claim	explicit			Roman imperial control of this territory is well-documented in standard historical references.
clm-rome-controls-miletus	psg-wikipedia-roman-empire-provinces	supports	whole_claim	explicit			Roman imperial control of this territory is well-documented in standard historical references.
clm-rome-controls-nazareth	psg-wikipedia-roman-empire-provinces	supports	whole_claim	explicit			Roman imperial control of this territory is well-documented in standard historical references.
clm-rome-controls-neocaesarea	psg-wikipedia-roman-empire-provinces	supports	whole_claim	explicit			Roman imperial control of this territory is well-documented in standard historical references.
clm-rome-controls-nicopolis	psg-wikipedia-roman-empire-provinces	supports	whole_claim	explicit			Roman imperial control of this territory is well-documented in standard historical references.
clm-rome-controls-patmos	psg-wikipedia-roman-empire-provinces	supports	whole_claim	explicit			Roman imperial control of this territory is well-documented in standard historical references.
clm-rome-controls-pergamum	psg-wikipedia-roman-empire-provinces	supports	whole_claim	explicit			Roman imperial control of this territory is well-documented in standard historical references.
clm-rome-controls-philadelphia	psg-wikipedia-roman-empire-provinces	supports	whole_claim	explicit			Roman imperial control of this territory is well-documented in standard historical references.
clm-rome-controls-phrygia	psg-wikipedia-roman-empire-provinces	supports	whole_claim	explicit			Roman imperial control of this territory is well-documented in standard historical references.
clm-rome-controls-pontus	psg-wikipedia-roman-empire-provinces	supports	whole_claim	explicit			Roman imperial control of this territory is well-documented in standard historical references.
clm-rome-controls-rome-city	psg-wikipedia-roman-empire-provinces	supports	whole_claim	explicit			Roman imperial control of this territory is well-documented in standard historical references.
clm-rome-controls-samaria	psg-wikipedia-roman-empire-provinces	supports	whole_claim	explicit			Roman imperial control of this territory is well-documented in standard historical references.
clm-rome-controls-sardinia	psg-wikipedia-roman-empire-provinces	supports	whole_claim	explicit			Roman imperial control of this territory is well-documented in standard historical references.
clm-rome-controls-sardis	psg-wikipedia-roman-empire-provinces	supports	whole_claim	explicit			Roman imperial control of this territory is well-documented in standard historical references.
clm-rome-controls-sidon	psg-wikipedia-roman-empire-provinces	supports	whole_claim	explicit			Roman imperial control of this territory is well-documented in standard historical references.
clm-rome-controls-smyrna	psg-wikipedia-roman-empire-provinces	supports	whole_claim	explicit			Roman imperial control of this territory is well-documented in standard historical references.
clm-rome-controls-thessalonica	psg-wikipedia-roman-empire-provinces	supports	whole_claim	explicit			Roman imperial control of this territory is well-documented in standard historical references.
clm-rome-controls-thyatira	psg-wikipedia-roman-empire-provinces	supports	whole_claim	explicit			Roman imperial control of this territory is well-documented in standard historical references.
clm-rome-controls-troas	psg-wikipedia-roman-empire-provinces	supports	whole_claim	explicit			Roman imperial control of this territory is well-documented in standard historical references.
clm-rome-controls-tyre	psg-wikipedia-roman-empire-provinces	supports	whole_claim	explicit			Roman imperial control of this territory is well-documented in standard historical references.
clm-rufinus-active-alexandria	psg-rufinus-he-1-9	supports	whole_claim	explicit			Passage attests rufinus-of-aquileia's activity in or near alexandria.
clm-rufinus-active-jerusalem	psg-rufinus-he-1-9	supports	place	strong_inference		0.4	Rufinus HE 1.9 (his own work) was written partly during his Jerusalem years c. 373-397.
clm-rufinus-active-rome	psg-rufinus-he-1-9	supports	place	strong_inference			Rufinus spent years in Rome before and after his Eastern sojourn; his HE reflects this.
clm-rufinus-affirms-bartholomew	psg-rufinus-he-1-9	supports	predicate	explicit			Passage contextualizes rufinus-of-aquileia's position on bartholomew-preached-in-india.
clm-rufinus-affirms-thomas	psg-rufinus-he-1-9	supports	predicate	explicit			Passage contextualizes rufinus-of-aquileia's position on thomas-preached-in-india.
clm-rufinus-he-affirms-bartholomew-india	psg-rufinus-he-1-9	supports	predicate	explicit			
clm-rufinus-he-affirms-ethiopia-christianized	psg-rufinus-he-1-9	supports	predicate	explicit		1.0	Rufinus HE 1.9 is the primary account.
clm-rufinus-he-affirms-india	psg-rufinus-he-1-9	supports	predicate	explicit			
clm-rufinus-he-affirms-universal	psg-rufinus-he-1-10	supports	predicate	explicit			
clm-rufinus-he-by-rufinus	psg-rufinus-he-1-9	supports	whole_claim	explicit		1.0	HE 1.9 is from Rufinus's own work.
clm-rufinus-he-mentions-bartholomew-india	psg-rufinus-he-1-9	supports	predicate	explicit			
clm-rufinus-he-mentions-frumentius-bishop	psg-rufinus-he-1-10	supports	predicate	explicit			
clm-rufinus-he-mentions-india-reached	psg-rufinus-he-1-10	supports	predicate	explicit		0.7	Rufinus HE 1.10 mentions earlier Indian Christianity.
clm-rufinus-he-mentions-thomas-india	psg-rufinus-he-1-9	supports	predicate	explicit			
clm-rufus-of-rome-active-rome	psg-rom-16-13	supports	whole_claim	explicit		1.0	
clm-rufus-of-rome-roman-church	psg-rom-16-13	supports	whole_claim	explicit		1.0	
clm-sack-at-jerusalem	psg-josephus-war-6-249-266	supports	whole_claim	explicit		1.0	
clm-sack-of-jerusalem-year	psg-wikipedia-sack-of-jerusalem-70	supports	whole_claim	explicit			Year derived from associated narrative account.
clm-sardinian-exile-at-sardinia	psg-eusebius-he-6-20-43	supports	whole_claim	explicit		0.9	Liberian Catalogue records the exile to Sardinia.
clm-sardinian-exile-year	psg-eusebius-he-6-20-43	supports	whole_claim	explicit		0.9	The exile occurred in 235 under Maximinus Thrax.
clm-saturninus-active-antioch	psg-eusebius-he-4-7-1-3	supports	whole_claim	explicit		1.0	Eusebius HE 4.7.1-3 locates Saturninus as coming from Antioch.
clm-saturninus-active-antioch	psg-irenaeus-ah-1-28-1	supports	whole_claim	explicit		0.95	Irenaeus explicitly: 'Saturninus, who flourished at Antioch'.
clm-saturninus-member-docetists	psg-irenaeus-ah-1-24-1-2	supports	whole_claim	explicit		0.7	Irenaeus AH 1.24 describes Saturninus teaching the Saviour was incorporeal.
clm-saturninus-opposes-incarnation	psg-irenaeus-ah-1-28-1	supports	whole_claim	strong_inference		0.95	Irenaeus: the Saviour was unborn, incorporeal, and without form — only appeared to be a man.
clm-saturninus-opposes-logos	psg-irenaeus-ah-1-24-1-2	supports	predicate	explicit		0.7	
clm-saturninus-opposes-ot-scripture	psg-irenaeus-ah-1-28-1	supports	whole_claim	strong_inference		0.9	The God of the Jews is one of seven angel-creators, not the supreme father — OT authority is denied.
clm-saturninus-opposes-passion	psg-irenaeus-ah-1-28-1	supports	whole_claim	strong_inference		0.9	An incorporeal Saviour who only appeared to be a man cannot truly suffer death.
clm-saturninus-opposes-resurrection	psg-irenaeus-ah-1-28-1	supports	whole_claim	strong_inference		0.85	Saturninus's gnostic anthropology (humans = angel-made sparks) entails no bodily resurrection.
clm-saturninus-opposes-virgin-birth	psg-irenaeus-ah-1-24-1-2	supports	predicate	explicit		0.7	
clm-second-corinthians-addressed-achaia	psg-2cor-1-1	supports	whole_claim	explicit		1.0	
clm-second-corinthians-addressed-corinth	psg-2cor-1-1	supports	whole_claim	explicit		1.0	
clm-second-corinthians-resurrection	psg-2cor-4-14	supports	predicate	explicit		1.0	
clm-second-john-christ	psg-2john-1-7	supports	predicate	explicit		1.0	
clm-second-peter-judgment	psg-2pet-3-7	supports	predicate	explicit		1.0	
clm-second-thessalonians-addressed-thessalonica	psg-2thess-1-1	supports	whole_claim	explicit		1.0	
clm-second-thessalonians-judgment	psg-2thess-1-1	supports	predicate	explicit			Upgraded from contextualizes: passage explicitly mentions second-epistle-to-the-thessalonians or final-judgment-is-coming.
clm-second-timothy-resurrection	psg-2tim-2-8	supports	predicate	explicit		1.0	
clm-secundus-active-jerusalem	psg-acts-20-4	supports	whole_claim	explicit		0.8	
clm-secundus-active-thessalonica	psg-acts-20-4	supports	whole_claim	explicit		1.0	
clm-secundus-disciple	psg-acts-20-4	supports	whole_claim	explicit		0.7	
clm-secundus-member-thessalonian	psg-acts-20-4	supports	whole_claim	explicit		0.8	
clm-sent-affirms-apostolic-succession	psg-cyprian-sent-proem	supports	predicate	strong_inference		0.8	Collegial episcopal practice grounded in apostolic authority.
clm-sent-affirms-baptism-regen	psg-cyprian-sent-1	supports	predicate	explicit		0.8	One baptism where there is true hope and certain faith — regeneration.
clm-sent-affirms-baptism-water	psg-cyprian-sent-1	supports	predicate	explicit		0.8	One baptism — water baptism as the sacramental act.
clm-sent-affirms-episcopal-unity	psg-cyprian-sent-proem	supports	predicate	explicit		1.0	No bishop of bishops; conciliar freedom of conscience — collegial episcopacy.
clm-sent-affirms-ot-authority	psg-cyprian-sent-1	supports	predicate	explicit		0.6	Ephesians 4:5 cited as proof text alongside OT grounding.
clm-sent-affirms-rebaptism	psg-cyprian-sent-1	supports	predicate	explicit		0.9	Caecilius of Biltha: one baptism in the Church, none outside.
clm-sent-affirms-rebaptism	psg-cyprian-sent-87	supports	predicate	explicit		1.0	Cyprian's final vote: heretics must be rebaptized with the one baptism of the Church.
clm-sent-affirms-rule-of-faith	psg-cyprian-sent-87	supports	predicate	strong_inference		0.8	Evangelical and apostolic testimony cited as the rule.
clm-sent-affirms-threefold-ministry	psg-cyprian-sent-proem	supports	predicate	explicit		0.6	87 bishops individually voting presupposes threefold ministry.
clm-sent-affirms-trinitarian-baptism	psg-cyprian-sent-1	supports	predicate	explicit		0.7	One faith, one hope, one baptism — trinitarian formula implied.
clm-sent-mentions-penance	psg-cyprian-sent-87	supports	predicate	explicit		0.5	Heretics made friends by baptism implies a reconciliation framework.
clm-sententiae-by-cyprian	psg-cyprian-sent-proem	supports	whole_claim	explicit		1.0	Cyprian presides and speaks in the Sententiae.
clm-sententiae-written-carthage	psg-cyprian-sent-proem	supports	whole_claim	explicit		1.0	The council minutes are from Carthage September 1, 256.
clm-sergius-paulus-active-paphos	psg-acts-13-4-12	supports	whole_claim	explicit		1.0	
clm-sergius-paulus-disciple	psg-acts-13-4-12	supports	whole_claim	explicit		1.0	
clm-sermon-at-galilee	psg-matt-7-28-29	supports	whole_claim	explicit		1.0	
clm-sermon-year	psg-matt-7-28-29	supports	date	strong_inference			Matt 7:28-29 concludes the Sermon on the Mount; year inferred from Galilean ministry timeline.
clm-shapur-active-seleucia	psg-aphrahat-dem-21	supports	whole_claim	explicit		0.5	Upgraded from contextualizes: passage explicitly mentions shapur-ii or seleucia-ctesiphon.
clm-shapur-in-persecution	psg-philostorgius-he-3-4	contextualizes				1.0	
clm-shapur-in-persecution	psg-sozomen-he-2-9	supports	predicate	explicit		1.0	Sozomen HE 2.9 explicitly names Shapur II as persecutor of Christians.
clm-shapur-in-persecution	psg-wikipedia-church-of-east-spread	contextualizes					Passage contextualizes shapur-ii's participation in persecution-of-shapur-ii.
clm-shapur-persecution-at-seleucia	psg-wikipedia-church-of-east-spread	supports	place	explicit			Passage contextualizes the location of persecution-of-shapur-ii.
clm-shapur-persecution-year	psg-wikipedia-church-of-east-spread	supports	whole_claim	explicit			Year derived from associated narrative account.
clm-silas-active-antioch	psg-acts-15-40	supports	whole_claim	explicit		0.8	
clm-silas-active-berea	psg-acts-17-10-15	supports	whole_claim	explicit		1.0	
clm-silas-active-corinth	psg-acts-18-1-11	supports	whole_claim	explicit		1.0	
clm-silas-active-jerusalem	psg-acts-15-1-29	supports	whole_claim	explicit		0.9	
clm-silas-active-lystra	psg-acts-16-1-3	supports	whole_claim	explicit			Passage attests silas's activity in or near lystra.
clm-silas-active-philippi	psg-acts-16-11-15	supports	whole_claim	explicit		0.8	
clm-silas-active-thessalonica	psg-acts-17-1-9	supports	whole_claim	explicit		1.0	
clm-silas-coworker-timothy	psg-1thess-1-1	supports	whole_claim	explicit		1.0	
clm-silas-disciple	psg-acts-15-1-29	supports	whole_claim	explicit		1.0	
clm-silas-in-council-jerusalem	psg-acts-15-1-29	supports	whole_claim	explicit		0.9	
clm-silas-in-council-jerusalem	psg-acts-15-22-29	supports	whole_claim	explicit		1.0	
clm-silas-member-antioch-church	psg-acts-15-40	supports	whole_claim	explicit		0.7	
clm-silas-member-disciples	psg-acts-16-1-3	supports	predicate	explicit			Acts 16:1-3 shows Silas traveling as an established member of the apostolic mission.
clm-silas-member-jerusalem-church	psg-acts-15-1-29	supports	whole_claim	explicit		0.8	
clm-silas-member-jerusalem-church	psg-acts-15-22-29	supports	whole_claim	explicit		0.9	
clm-silas-member-philippian	psg-acts-16-11-15	supports	whole_claim	explicit		0.7	
clm-simeon-called-niger-active-antioch	psg-acts-13-1	supports	whole_claim	explicit		1.0	
clm-simeon-called-niger-antioch-church	psg-acts-13-1	supports	whole_claim	explicit		1.0	
clm-simeon-niger-coworker-paul	psg-acts-13-1	supports	whole_claim	explicit		0.8	
clm-simon-magus-active-samaria	psg-acts-8-9-24	supports	whole_claim	explicit		0.9	Acts 8:9 places Simon in Samaria practicing sorcery before the apostles arrive.
clm-simon-magus-member-samaritans	psg-acts-8-9-24	supports	whole_claim	strong_inference			Passage contextualizes simon-magus's membership in samaritans.
clm-simon-magus-opposes-apostolic-succession	psg-irenaeus-ah-1-23-1	supports	whole_claim	strong_inference		0.8	Irenaeus identifies Simon as the root of all heresies and describes his rival divine claims.
clm-simon-magus-opposes-incarnation	psg-acts-8-9-24	supports	predicate	explicit		0.7	
clm-simon-magus-opposes-ot-scripture	psg-irenaeus-ah-1-23-1	supports	whole_claim	strong_inference		0.7	Simon's system posits a supreme Power distinct from the creator, implicitly opposing OT God.
clm-simon-tanner-member-disciples	psg-acts-9-43	supports	whole_claim	explicit		0.7	
clm-simon-the-tanner-active-joppa	psg-acts-9-43	supports	whole_claim	explicit		1.0	
clm-sirach-authored-by-ben-sira	psg-sirach-prologue	supports	predicate	explicit		1.0	Sirach Prologue explicitly names the work's author as the translator's grandfather Jesus (Ben Sira).
clm-sirach-repentance	psg-sirach-5-7	supports	predicate	explicit		1.0	
clm-socrates-he-affirms-ethiopia	psg-socrates-he-1-19	supports	predicate	explicit		0.9	Socrates independently confirms the Frumentius story.
clm-socrates-he-by-socrates	psg-socrates-he-1-19	supports	whole_claim	explicit		1.0	Socrates Scholasticus names himself in HE 5.24; universally attributed.
clm-sopater-active-berea	psg-acts-20-4	supports	whole_claim	explicit		1.0	
clm-sopater-active-jerusalem	psg-acts-20-4	supports	whole_claim	explicit		0.8	
clm-sopater-disciple	psg-acts-20-4	supports	whole_claim	explicit		0.7	
clm-sosthenes-active-corinth	psg-acts-18-12-17	supports	whole_claim	explicit		1.0	
clm-sosthenes-member-corinthian	psg-acts-18-17	supports	whole_claim	explicit		0.7	
clm-stachys-active-rome	psg-rom-16-9	supports	whole_claim	explicit		1.0	
clm-stachys-roman-church	psg-rom-16-9	supports	whole_claim	explicit		1.0	
clm-stephanas-active-corinth	psg-1cor-16-15-18	supports	whole_claim	explicit		1.0	
clm-stephanas-active-ephesus	psg-acts-19-1-10	supports	whole_claim	explicit			Passage attests stephanas's activity in or near ephesus.
clm-stephanas-member-corinthian	psg-1cor-16-15-18	supports	whole_claim	explicit		1.0	
clm-stephen-active-jerusalem	psg-acts-7-54-60	supports	whole_claim	explicit		1.0	
clm-stephen-i-affirms-apostolic-succession	psg-eusebius-he-7-3	supports	whole_claim	strong_inference		0.8	Eusebius records Stephen's appeal to the tradition of Peter's chair and apostolic succession.
clm-stephen-i-affirms-episcopal-chair	psg-eusebius-he-6-43	supports	predicate	explicit		0.7	
clm-stephen-i-bishop-rome	psg-eusebius-he-7-3	supports	whole_claim	explicit		0.9	Eusebius identifies Stephen as bishop of Rome.
clm-stephen-i-member-roman-church	psg-eusebius-he-7-3	supports	whole_claim	explicit		0.9	Stephen as bishop of Rome is a member of the Roman church.
clm-stephen-i-opposes-rebaptism	psg-eusebius-he-7-3	supports	predicate	explicit		0.9	Eusebius records Stephen insisting heretical baptism is valid and rebaptism is innovation.
clm-stephen-in-jerusalem-persecution	psg-acts-8-1-3	supports	whole_claim	explicit		1.0	
clm-stephen-in-martyrdom	psg-acts-7-54-60	supports	whole_claim	explicit		1.0	
clm-stephen-jerusalem-church	psg-acts-7-54-60	supports	whole_claim	explicit		0.7	Stephen is linked to the Jerusalem believing community through the martyrdom narrative.
clm-stephens-martyrdom-at-jerusalem	psg-acts-7-54-60	supports	whole_claim	explicit		1.0	
clm-stephens-martyrdom-year	psg-acts-7-54-60	supports	date	explicit			Year derived from associated narrative account.
clm-strom-affirms-apostolic-succession	psg-clement-strom-7-17-105-108	supports	predicate	explicit		1.0	
clm-strom-affirms-continual-prayer	psg-clement-strom-7-7-43-45	supports	predicate	explicit		1.0	
clm-strom-affirms-fasting	psg-clement-strom-3-18-109	supports	predicate	explicit			
clm-strom-affirms-incarnation	psg-clement-strom-7-7-43-45	supports	predicate	explicit			
clm-strom-affirms-logos	psg-clement-strom-1-5-28	supports	predicate	explicit			
clm-strom-affirms-philosophy-schoolmaster	psg-clement-strom-1-5-28	supports	predicate	explicit		1.0	
clm-strom-affirms-rule-of-faith	psg-clement-strom-7-17-105-108	supports	predicate	explicit		1.0	
clm-strom-affirms-virginity-honored	psg-clement-strom-3-18-109	supports	predicate	explicit		1.0	
clm-stromata-by-clement	psg-clement-strom-1-5-28	supports	whole_claim	strong_inference			This passage from the work attests its existence and authorship.
clm-stromateis-written-at-alexandria	psg-clement-strom-1-5-28	supports	whole_claim	strong_inference			Passage from stromateis contextualizes its composition at alexandria.
clm-synod-bostra-occurs-at-bostra	psg-eusebius-he-6-19	supports	whole_claim	explicit		0.9	Eusebius locates the synod at Bostra.
clm-synod-bostra-year	psg-eusebius-he-6-19	supports	whole_claim	explicit		0.8	Eusebius dates the synod c. 244.
clm-syntyche-active-philippi	psg-phil-4-2-3	supports	whole_claim	explicit		1.0	
clm-syntyche-philippian-church	psg-phil-4-2-3	supports	whole_claim	explicit		1.0	
clm-tabitha-active-joppa	psg-acts-9-36-43	supports	whole_claim	explicit		1.0	
clm-tabitha-member-disciples	psg-acts-9-36-43	supports	whole_claim	explicit		0.8	
clm-tatian-active-antioch	psg-tatian-oration-6	supports	whole_claim	explicit		0.6	
clm-tatian-active-edessa	psg-eusebius-he-4-30	supports	whole_claim	explicit		0.5	Upgraded from contextualizes: passage explicitly mentions tatian-the-assyrian or edessa.
clm-tatian-active-rome	psg-tatian-oration-4	supports	whole_claim	explicit		0.8	
clm-tatian-affirms-encratism	psg-eusebius-he-4-30	supports	predicate	explicit		0.7	Eusebius HE 4.30 explicitly reports Tatian's encratite teaching and its spread.
clm-tatian-affirms-encratism	psg-tatian-oration-6	supports	predicate	explicit		1.0	Tatian Oration 6 directly expresses his encratite theology regarding matter and abstinence.
clm-tatian-affirms-gospel-harmony	psg-eusebius-he-4-30	supports	predicate	explicit		0.7	Eusebius HE 4.30 explicitly mentions Tatian's Diatessaron as a gospel harmony.
clm-tatian-coworker-justin	psg-tatian-oration-4	supports	whole_claim	explicit		0.7	
clm-tatian-member-roman-church	psg-tatian-oration-4	supports	whole_claim	explicit		0.7	
clm-temple-at-jerusalem	psg-mark-11-15-18	supports	whole_claim	explicit		1.0	
clm-temple-year	psg-mark-11-15-18	supports	date	explicit			Year derived from associated narrative account.
clm-tertullian-active-carthage	psg-tertullian-apol-39	supports	whole_claim	explicit		0.85	Describes assembly life in Carthage implying direct involvement
clm-tertullian-active-rome	psg-eusebius-he-6-19	contextualizes				0.3	
clm-tertullian-active-rome	psg-tertullian-de-praescr-36	supports	place	strong_inference		1.0	Tertullian De Praescr. 36 references Rome's apostolic tradition; Tertullian had Roman contacts.
clm-tertullian-affirms-catechumenate	psg-tertullian-apol-39	contextualizes				0.8	
clm-tertullian-affirms-catechumenate	psg-tertullian-de-bapt-18	supports	predicate	explicit		1.0	Tertullian De Bapt. 18 explicitly describes the catechumenate process before baptism.
clm-tertullian-affirms-eucharist-sacrifice	psg-tertullian-adv-marc-4-40	supports	predicate	explicit		0.8	Tertullian Adv. Marc. 4.40 uses sacrificial language for the Eucharist oblation.
clm-tertullian-affirms-fasting	psg-tertullian-apol-39	contextualizes				0.8	
clm-tertullian-affirms-fasting	psg-tertullian-de-ieiu-10	supports	predicate	explicit		1.0	Tertullian De Ieiunio 10 explicitly defends extended fasting as Montanist-phase practice.
clm-tertullian-affirms-succession	psg-tertullian-praescr-36	supports	predicate	explicit		0.8	
clm-tertullian-affirms-threefold-ministry	psg-tertullian-praescr-36	supports	predicate	explicit		0.8	
clm-tertullian-develops-trinitarian-formula	psg-tertullian-adv-prax-2	supports	predicate	explicit			Tertullian Adv. Prax. 2 introduces Trinity vocabulary: una substantia, tres personae.
clm-tertullian-develops-trinitarian-formula	psg-tertullian-adv-prax-9	supports	predicate	explicit		1.0	Tertullian Adv. Prax. 9 develops Father/Son distinction within one substance.
clm-tertullian-member-carthage	psg-tertullian-apol-39	supports	whole_claim	explicit		0.8	
clm-tertullian-member-montanists	psg-tertullian-adv-prax-2	contextualizes					Passage contextualizes tertullian's membership in montanists.
clm-tertullian-member-montanists	psg-tertullian-de-carne-5	supports	predicate	strong_inference		1.0	Tertullian De Carne 5 reflects his Montanist-phase rigorist pneumatology.
clm-tertullian-originated-carthage	psg-tertullian-adv-prax-2	contextualizes					Passage contextualizes tertullian's origin at carthage.
clm-tertullian-originated-carthage	psg-tertullian-de-praescr-36	supports	place	strong_inference		1.0	Tertullian De Praescr. 36 is addressed from and to the African/Carthaginian church.
clm-tertullian-teacher-cyprian	psg-eusebius-he-6-20-43	supports	whole_claim	explicit		0.3	Jerome records that Cyprian called Tertullian 'the master' (da magistrum).
clm-tertullus-active-caesarea	psg-acts-24-1-9	supports	whole_claim	explicit		1.0	
clm-theophilus-active-india	psg-philostorgius-he-3-4	supports	whole_claim	explicit			Passage attests theophilus-the-indian's activity in or near india-malabar.
clm-theophilus-active-zafar	psg-philostorgius-he-3-4	supports	whole_claim	explicit		0.9	Philostorgius reports Theophilus built a church in Zafar.
clm-theophilus-bishop-antioch	psg-theophilus-autol-2-10	supports	whole_claim	explicit		0.7	
clm-theophilus-member-arabian	psg-philostorgius-he-3-4	supports	whole_claim	explicit			Passage contextualizes theophilus-the-indian's membership in arabian-christians.
clm-theophilus-mission-at-zafar	psg-philostorgius-he-3-4	supports	place	explicit		0.9	Philostorgius locates mission at Zafar.
clm-theophilus-mission-year	psg-philostorgius-he-3-4	supports	date	explicit		0.8	Philostorgius dates mission to Constantius's reign c. 354.
clm-theophilus-participant-himyar-mission	psg-philostorgius-he-3-4	supports	whole_claim	explicit		1.0	Philostorgius's primary account of the Himyar mission.
clm-thomas-active-galilee	psg-matt-10-2-4	supports	whole_claim	explicit		0.8	
clm-thomas-active-india	psg-acts-thomas-27	supports	place	explicit		1.0	Acts of Thomas 27 describes Thomas's mission in India explicitly.
clm-thomas-active-india	psg-philostorgius-he-3-6	contextualizes				0.5	Philostorgius mentions Indian Christians from apostolic times.
clm-thomas-active-jerusalem	psg-acts-1-13-14	supports	whole_claim	explicit		1.0	
clm-thomas-affirms-thomas-india	psg-acts-thomas-108-113	supports	predicate	explicit			Acts of Thomas is the primary source for Thomas's Indian mission tradition.
clm-thomas-disciple	psg-matt-10-2-4	supports	whole_claim	explicit		1.0	
clm-thomas-in-pentecost	psg-acts-1-13-14	supports	whole_claim	explicit		0.8	
clm-timothy-active-antioch	psg-acts-16-3	supports	whole_claim	explicit		0.6	
clm-timothy-active-berea	psg-acts-17-10-15	supports	whole_claim	explicit		1.0	
clm-timothy-active-corinth	psg-1thess-1-1	supports	whole_claim	explicit		0.7	Timothy co-sends from Corinth area.
clm-timothy-active-ephesus	psg-1tim-1-3	supports	whole_claim	explicit		1.0	
clm-timothy-active-lystra	psg-acts-16-1-3	supports	whole_claim	explicit		1.0	
clm-timothy-active-philippi	psg-acts-16-1-3	supports	whole_claim	explicit			Passage attests timothy's activity in or near philippi.
clm-timothy-active-rome	psg-phil-1-1	supports	whole_claim	explicit		0.7	Phil 1:1 co-sends from imprisonment context.
clm-timothy-active-thessalonica	psg-acts-17-1-9	supports	whole_claim	explicit		0.7	
clm-timothy-bishop-ephesus	psg-1tim-1-3	supports	whole_claim	explicit		0.9	Paul urged Timothy to 'stay there in Ephesus' and oversee teaching — early attestation of his episcopal role.
clm-timothy-coworker-epaphroditus	psg-phil-2-25-30	supports	whole_claim	explicit		0.7	
clm-timothy-disciple	psg-acts-16-1-3	supports	whole_claim	explicit		1.0	
clm-timothy-member-ephesian-church	psg-1tim-1-3	supports	whole_claim	explicit		0.8	
clm-timothy-member-philippian	psg-phil-1-1	supports	whole_claim	explicit		0.7	
clm-titius-justus-active-corinth	psg-acts-18-7	supports	whole_claim	explicit		1.0	
clm-titius-justus-member-corinthian	psg-acts-18-7	supports	whole_claim	explicit		0.8	
clm-titus-active-corinth	psg-2cor-8-23	supports	whole_claim	explicit		0.8	
clm-titus-active-crete	psg-titus-1-5	supports	whole_claim	explicit		1.0	
clm-titus-active-dalmatia	psg-2tim-4-10-12	supports	whole_claim	explicit		1.0	
clm-titus-active-jerusalem	psg-gal-2-1-10	supports	whole_claim	explicit		0.8	Galatians 2:1 brings Titus to Jerusalem.
clm-titus-addressed-crete	psg-titus-1-5	supports	whole_claim	explicit		1.0	
clm-titus-bishop-crete	psg-titus-1-5	supports	whole_claim	explicit		0.95	Titus 1:5: 'The reason I left you in Crete was that you might put in order what was left unfinished and appoint elders in every town.'
clm-titus-by-paul	psg-irenaeus-ah-3-1-1	contextualizes				1.0	Traditional Pauline attribution (Tit 1:1); classified as Pastoral Epistle, widely regarded as deuteropauline.
clm-titus-disciple	psg-titus-1-5	supports	whole_claim	explicit		0.8	
clm-titus-member-corinthian	psg-2cor-8-23	supports	whole_claim	explicit		0.7	
clm-titus-member-disciples	psg-acts-16-3	contextualizes					Passage contextualizes titus's membership in disciples-of-jesus.
clm-titus-member-disciples	psg-titus-1-4	supports	predicate	explicit		1.0	Titus 1:4 calls Titus 'my true child in a common faith' — explicit apostolic circle membership.
clm-torture-decius-occurs-at-caesarea	psg-eusebius-he-6-19	supports	place	explicit		0.6	Eusebius locates Origen's imprisonment during Decian persecution.
clm-torture-decius-year	psg-eusebius-he-6-19	supports	whole_claim	explicit		0.8	Eusebius dates Origen's torture to the Decian persecution c. 250.
clm-trophimus-active-asia	psg-acts-20-4	supports	whole_claim	explicit		1.0	
clm-trophimus-active-jerusalem	psg-acts-21-29	supports	whole_claim	explicit		1.0	
clm-trophimus-active-miletus	psg-2tim-4-20	supports	whole_claim	explicit		1.0	
clm-trophimus-disciple	psg-acts-21-29	supports	whole_claim	explicit		0.8	
clm-tryphaena-active-rome	psg-rom-16-12	supports	whole_claim	explicit		1.0	
clm-tryphaena-roman-church	psg-rom-16-12	supports	whole_claim	explicit		1.0	
clm-tryphosa-active-rome	psg-rom-16-12	supports	whole_claim	explicit		1.0	
clm-tryphosa-roman-church	psg-rom-16-12	supports	whole_claim	explicit		1.0	
clm-tychicus-active-asia	psg-acts-20-4	supports	whole_claim	explicit		1.0	
clm-tychicus-active-ephesus	psg-2tim-4-10-12	supports	whole_claim	explicit		1.0	
clm-tychicus-active-jerusalem	psg-acts-20-4	supports	whole_claim	explicit		0.8	
clm-tychicus-disciple	psg-acts-20-4	supports	whole_claim	explicit		0.7	
clm-tyrannus-active-ephesus	psg-acts-19-9	supports	whole_claim	explicit		1.0	
clm-urban-i-bishop-rome	psg-eusebius-he-6-20-43	supports	whole_claim	explicit		0.6	Eusebius attests the succession; Hippolytus continued his opposition during Urban's pontificate.
clm-urban-i-member-roman-church	psg-eusebius-he-6-20-43	supports	whole_claim	explicit		0.6	Urban I as bishop of Rome.
clm-urbanus-active-rome	psg-rom-16-9	supports	whole_claim	explicit		1.0	
clm-urbanus-roman-church	psg-rom-16-9	supports	whole_claim	explicit		1.0	
clm-valentinians-at-alexandria	psg-irenaeus-ah-1-10-1	supports	whole_claim	explicit		0.5	
clm-valentinians-at-antioch	psg-irenaeus-ah-1-11-1	supports	whole_claim	explicit		0.7	Irenaeus documents Valentinianism spreading from Rome outward; Antioch is a known Valentinian center.
clm-valentinians-at-carthage	psg-irenaeus-ah-1-11-1	supports	whole_claim	explicit		0.7	Valentinian presence in Carthage attested via Tertullian (Against Valentinians) — contextualizing Irenaeus.
clm-valentinians-at-egypt	psg-irenaeus-ah-1-11-1	supports	subject	explicit		0.5	Irenaeus AH 1.11.1 names Valentinus and his school; Valentinus was Alexandrian-educated.
clm-valentinians-at-ephesus	psg-irenaeus-ah-1-11-1	supports	subject	strong_inference		1.0	Irenaeus AH 1.11.1 describes Valentinian presence across Asia Minor including Ephesus.
clm-valentinians-at-ephesus	psg-wikipedia-gnostic-spread	contextualizes					Valentinian Gnostic communities were present in Asia Minor.
clm-valentinians-at-gaul	psg-eusebius-he-5-1	supports	whole_claim	explicit			Irenaeus combated Valentinianism in Gaul.
clm-valentinians-present-rome	psg-irenaeus-ah-3-4-3	supports	whole_claim	explicit		1.0	
clm-valentinians-schismed-from-roman	psg-irenaeus-ah-1-11-1	supports	whole_claim	explicit		0.7	
clm-valentinus-active-alexandria	psg-eusebius-he-4-11-1-4	supports	whole_claim	explicit		0.7	Clement reports Valentinus was educated in Alexandria before his Roman period.
clm-valentinus-active-rome	psg-eusebius-he-4-11-1-4	supports	whole_claim	explicit		0.95	Eusebius explicitly: Valentinus came to Rome under Hyginus, flourished under Pius, remained until Anicetus.
clm-valentinus-member-valentinians	psg-eusebius-he-4-11-1-4	supports	whole_claim	explicit		0.9	
clm-valentinus-opposes-apostolic-succession	psg-irenaeus-ah-1-11-1	supports	whole_claim	strong_inference		0.9	Valentinus claimed private secret knowledge transmitted from Theudas (disciple of Paul) — bypassing apostolic succession.
clm-valentinus-opposes-incarnation	psg-irenaeus-ah-1-11-1	supports	whole_claim	strong_inference		0.7	
clm-valentinus-opposes-ot-scripture	psg-irenaeus-ah-1-11-1	supports	whole_claim	strong_inference		0.85	Valentinus's demiurge (subordinate to the supreme Father) is the God of the OT — OT divine authority is relativized.
clm-valentinus-opposes-passion	psg-irenaeus-ah-1-11-1	supports	whole_claim	strong_inference		0.7	
clm-valentinus-opposes-resurrection	psg-irenaeus-ah-1-11-1	supports	predicate	explicit		0.85	Valentinian soteriology involves the pneumatic soul returning to the pleroma — no bodily resurrection.
clm-valentinus-opposes-rule-of-faith	psg-irenaeus-ah-1-11-1	supports	whole_claim	strong_inference		0.9	Valentinus adapted Gnostic principles to a secret system — contrary to the publicly received rule of faith.
clm-victor-affirms-succession	psg-eusebius-he-5-24	supports	predicate	explicit		0.7	
clm-victor-bishop-rome	psg-eusebius-he-5-24	supports	whole_claim	explicit		1.0	
clm-victor-in-quartodeciman	psg-eusebius-he-5-24	supports	whole_claim	explicit		1.0	
clm-victor-member-roman-church	psg-eusebius-he-5-24	supports	whole_claim	explicit		0.8	
clm-victor-person-affirms-episcopal-chair	psg-eusebius-he-5-24	supports	predicate	explicit		0.7	
clm-vita-const-affirms-ethiopia	psg-vita-const-letter-constantius	supports	predicate	explicit			
clm-vita-const-affirms-universal	psg-vita-const-letter-constantius	supports	predicate	explicit			
clm-vita-const-by-eusebius	psg-vita-const-letter-constantius	supports	whole_claim	explicit		0.9	Vita Constantini contains Constantius's letter.
clm-vita-const-mentions-arabia	psg-vita-const-letter-constantius	supports	predicate	explicit			
clm-vita-const-mentions-ethiopia	psg-athanasius-apol-const-29-31	supports	predicate	explicit		0.9	Athanasius preserves the context of the letter.
clm-vita-const-mentions-ethiopia	psg-vita-const-letter-constantius	supports	predicate	explicit		0.9	Constantius's letter attests Frumentius's Ethiopian mission.
clm-vita-const-mentions-india	psg-vita-const-letter-constantius	supports	predicate	explicit			
clm-vita-const-written-caesarea	psg-athanasius-apol-const-29-31	supports	whole_claim	strong_inference			Passage from vita-constantini-eusebius contextualizes its composition at caesarea.
clm-war-scroll-judgment	psg-war-scroll-1-1-5	supports	predicate	explicit		1.0	
clm-wisdom-judgment	psg-wisdom-3-18-19	supports	predicate	explicit		1.0	
clm-zealots-at-judea	psg-acts-1-13-14	contextualizes					Simon the Zealot listed among Jerusalem disciples.
clm-zealots-at-judea	psg-josephus-war-2-119-166	supports	place	explicit		1.0	Josephus War 2.119-166 explicitly locates the Zealot movement in Judea.
clm-zephyrinus-bishop-rome	psg-hippolytus-ref-9-12-zeph	supports	whole_claim	explicit		0.9	Hippolytus names Zephyrinus as bishop of Rome in Refutation 9.12.
clm-zephyrinus-in-schism	psg-hippolytus-ref-9-7	supports	whole_claim	explicit		0.8	
clm-zephyrinus-member-roman-church	psg-hippolytus-ref-9-12-zeph	supports	whole_claim	explicit		0.9	Zephyrinus identified as bishop of the Roman church.
