editor_note_id	note_kind	entity_type	entity_id	claim_id	body_md	created_by	created_at
note-1clement-authorship	rationale	work	first-epistle-of-clement		1 Clement is an anonymous letter from the Roman church to the Corinthian church, traditionally dated c. 95–96 CE under Domitian (based on internal references to persecution and Clement's position in the Roman episcopal list). Clement is not named in the letter; the attribution to Clement of Rome appears first in Dionysius of Corinth (c. 170 CE, cited by Eusebius HE 4.23.11) and Irenaeus AH 3.3.3. The letter itself presents as from 'the church of God sojourning in Rome'. The `authored_by=clement-of-rome` claim is therefore `probable` — based on strong patristic tradition but not self-attestation. The date 95–96 CE is also traditional; some scholars prefer a date under Nerva (96–98) or Trajan (early 2nd century).	cascade-curator	2026-03-16T19:30:00Z
note-1cor-corinthian-community	commentary	work	first-epistle-to-the-corinthians	clm-1corinthians-by-paul	1 Corinthians (c. 53–55 CE) is the most socially and pastorally rich of Paul's letters, addressing a deeply divided community at Corinth. Issues addressed: (1) Factional divisions ('I am of Paul/Apollos/Cephas/Christ'); (2) Sexual immorality and marriage (chs. 5–7); (3) Food offered to idols (8–10); (4) Worship order — head coverings, tongues, prophecy (11–14); (5) The resurrection (ch. 15) — the earliest written account of resurrection appearances (15:3–8, 'of first importance'). The letter is a primary source for: early Christian worship practice (Lord's Supper, 11:23–26), spiritual gifts theology, the role of women in worship (11:5 vs. 14:34–35 — the notorious tension), and early resurrection theology. 1 Cor 15:3–8 is often described as the oldest Christian creed — transmitted tradition Paul 'received' (probably c. 33–35 CE, within 3–5 years of the crucifixion).	cascade-curator	2026-03-17T06:30:00Z
note-1john-johannine-school	commentary	work	first-epistle-of-john	clm-1john-by-john	The three Johannine Epistles (1–3 John) share vocabulary and theology with the Fourth Gospel, suggesting a common 'Johannine school' or community. Key links: 'the Word' (*logos*) prologue language; 'love one another' commandment; light/darkness dualism; 'the Paraclete'; eternal life/abiding. 1 John: no named author, no recipients; functions as a homily or encyclical for a community threatened by secessionists (proto-Gnostic?) who deny the fleshly Jesus (4:2). The 'anti-Christ' language appears here first (2:18). 2–3 John are from 'the Elder' (*ho presbyteros*) — potentially distinct from the Apostle John. Papias (apud Eusebius HE 3.39) distinguishes between 'John the Apostle' and 'John the Elder.' The traditional attribution of all three to John the Apostle (son of Zebedee) is possible but uncertain; `probable` is assigned to 1 John based on the strong Johannine tradition, while recognizing the Elder/Apostle distinction.	cascade-curator	2026-03-17T06:30:00Z
note-1peter-theology	dispute	work	first-epistle-of-peter	clm-1peter-by-peter	1 Peter is addressed to communities scattered across Pontus, Galatia, Cappadocia, Asia, and Bithynia (1:1) — regions where Pauline missions had operated. The letter's polished Greek and Pauline echoes (cf. Rom 13; Eph 5) led many scholars to posit: (a) Sylvanus (Silas) as amanuensis (5:12); (b) pseudonymous Petrine authorship; or (c) a Petrine school at Rome. The letter mentions 'Babylon' (5:13) = Rome in early Christian code (cf. Rev 14:8; 17:5). Theological themes: (1) Suffering as participation in Christ's passion; (2) Christian identity as 'resident aliens' (*parepidemos*) in the world; (3) The *Haustafel* (household code) adapted for a minority community under potential Roman scrutiny; (4) Baptism as new birth and rescue (3:20–21). Date: c. 60–65 CE (if Petrine) or c. 70–90 CE (if pseudonymous/Petrine school). The `probable` certainty for Petrine authorship in this dataset reflects the unresolved scholarly debate; the Silvanus amanuensis theory is most widely adopted by those accepting authenticity.	cascade-curator	2026-03-17T06:30:00Z
note-2-peter-dating	dispute	work	second-epistle-of-peter		2 Peter is the most widely accepted pseudepigraph in the NT canon. Evidence for late dating (c. 100–150 CE): (1) Explicit dependence on Jude (2 Pet 2.1–18 = Jude 4–16); (2) Reference to Paul's letters as 'Scripture' (2 Pet 3:16) — implying a collected Pauline corpus; (3) Defense of the delayed parousia (2 Pet 3:8–10) implies second-generation concern; (4) 'After my departure' (1:15) and the constructed setting of a dying apostle suggest pseudonymous framing; (5) Not clearly attested before Origen (c. 240 CE) and disputed by him. Eusebius classifies it as *antilegomenon* (disputed, HE 3.3.4). The Council of Laodicea (c. 363 CE) lists it in the canon; Athanasius affirms it in his 39th Festal Letter (367 CE). In this dataset, 2 Peter's pseudonymous authorship is the `probable` position; the Petrine authorship claim carries `possible` certainty.	cascade-curator	2026-03-17T01:30:00Z
note-acts-as-historical-source	rationale	work	acts-of-the-apostles		The Acts of the Apostles is both the primary narrative source for early Christian expansion and a highly debated historical document. Composition: probably c. 80–90 CE (after Luke's Gospel), traditionally attributed to Luke (Col 4:14; Phlm 24; 2 Tim 4:11). The 'we-passages' (Acts 16:10–17; 20:5–21:18; 27:1–28:16) suggest a travel companion of Paul, but this may be a literary device rather than first-hand account. Historical reliability: Acts's account of Paul's missions diverges in important ways from Paul's own letters (the 'apostolic decree,' Acts 15 vs. Gal 2; number of Jerusalem visits). Most historians treat Paul's letters as primary for Paul's biography, with Acts supplementary. Acts is the primary source for: Peter at Pentecost, Stephen's martyrdom, Philip in Samaria, the Jerusalem Council, Paul's missionary journeys, and the founding of many early communities. Claims derived from Acts are modeled as `attested` when Acts explicitly states an event, and `probable` when inference is required.	cascade-curator	2026-03-17T01:30:00Z
note-acts-of-thomas	dispute	work	acts-of-thomas		The *Acts of Thomas* (c. 200–225 CE, probably Syriac in origin) claims that the Apostle Thomas traveled to India and founded Christianity there. Scholarly assessment: (1) The work is clearly a 2nd–3rd century literary composition (romance/novel genre), not historical; (2) The 'India' described may be NW India (Gandhara/Punjab) or the Indian subcontinent proper; (3) The Parthian king Gundaphorus in the text is historically attested from coins (c. 20–50 CE) — the only verifiable historical anchor; (4) The Thomas tradition in South India (Kerala) is documented from at least the 4th century CE but may represent independent missionary activity. In this dataset, Thomas's presence in India is modeled as `possible` based on the Acts of Thomas tradition, with a note that this carries limited historical value as a 3rd-century literary construction. Claims derived from the Acts of Thomas about Indian Christianity are labeled as `acts-thomas-affirms-*` with `contextualizes` or `supports` based on whether the text explicitly or only implicitly makes the claim.	cascade-curator	2026-03-17T05:00:00Z
note-acts-of-thomas-apocryphal	dispute	work	acts-of-thomas	clm-acts-thomas-mentions-india-reached	The *Acts of Thomas* is a 3rd-century Syriac apocryphal text (c. 220–240 CE), likely composed in Edessa, describing Thomas's mission to India as a slave-architect to King Gundaphorus. The work has a decidedly encratite (ascetic/anti-sexual) theology and is considered heterodox by many patristic sources. The historical kernel — if any — cannot be verified against independent sources. The Thomas Christians of India (Nasrani/St. Thomas Christians) trace their origin to this tradition; their apostolic origin is attested as early as Cosmas Indicopleustes (6th century CE) and is strongly maintained by the community. All claims based on the Acts of Thomas are tagged `claimed_tradition` to reflect the apocryphal and late nature of the source.	cascade-curator	2026-03-16T19:30:00Z
note-aksum-frumentius	rationale	event	christianization-of-aksum	clm-rufinus-he-affirms-ethiopia-christianized	The Christianization of Aksum (Ethiopia) is attributed to [[person:frumentius|Frumentius]] (Abba Salama), who was a shipwrecked Tyrian merchant educated at the Aksumite court, appointed as secretary to King Ezana, and eventually consecrated bishop of Aksum by [[person:athanasius-of-alexandria|Athanasius of Alexandria]] c. 340–346 CE. The primary source is [[person:rufinus-of-aquileia|Rufinus HE 1.9–10]], which is based on an account Rufinus received from Aedesius (Frumentius's companion). The Aksumite coinage of King Ezana shows the transition from polytheistic symbols to the Christian cross, providing independent numismatic confirmation of Christianization c. 340–360 CE. This makes the Aksumite claim one of the best-attested Christianization events.	cascade-curator	2026-03-16T19:30:00Z
note-alban-martyrdom-date	dispute	person	alban-of-britain	clm-martyrdom-alban-year	[[person:alban-of-britain|Alban]]'s martyrdom is traditionally dated to either 209 CE (Severan persecution) or 254 CE (Decian persecution) or 303-305 CE (Diocletianic persecution). Bede's dating under Diocletian (c. 303-305) has been challenged by earlier dates proposed by modern scholars. The Wikipedia passage provides context; no primary contemporary source survives for the martyrdom. Certainty is `probable` pending resolution of the date dispute.	cascade-curator	2026-03-16T13:00:00Z
note-alban-martyrdom-sparse	rationale	event	martyrdom-of-alban	clm-martyrdom-alban-year	The martyrdom of Alban is the earliest recorded martyrdom in Britain. The primary sources are limited: Gildas (*De Excidio*, c. 540 CE) mentions him; Bede (*Historia Ecclesiastica* 1.7, 731 CE) provides the most detailed account, placing the martyrdom at Verulamium (St Albans). Two dates are proposed: (1) under Diocletian (c. 304–305 CE) — the majority view based on Bede's explicit placement under Diocletian; (2) under Severus (c. 209 CE) — based on a variant in some manuscripts of the *Martyrologium Hieronymianum*. The Council of Arles (314 CE) included three British bishops, confirming an organized British church by that date, which is consistent with either dating. Both year claims are modeled as `possible` given the 300-year gap between the event and our earliest detailed source (Bede).	cascade-curator	2026-03-16T22:30:00Z
note-alexandrian-church-egypt	rationale	group	alexandrian-church	clm-alexandrian-church-at-egypt	The Alexandrian church's presence in Egypt as a whole (not just Alexandria proper) is `probable` rather than `attested` in the early period because: (1) our primary sources (Clement, Origen, Eusebius) speak specifically of Alexandria; (2) the extent of Christianity in the Egyptian chora (countryside) before the 3rd century is debated — Egypt's Christian papyri suggest significant rural presence by c. 200–250 CE, but these are scattered and do not give a complete picture; (3) Origen's mention of visiting villages in Egypt (Eusebius HE 6.19) suggests Christianity had spread beyond Alexandria by his time. The `group_present_at=egypt` claim is therefore modeled as `probable` with the year range covering the period from the church's establishment under Mark (tradition) through the 3rd century CE. The Coptic tradition of Mark founding the Alexandrian church is itself only `claimed_tradition`, not independently attested.	cascade-curator	2026-03-16T22:30:00Z
note-antioch-mission-center	rationale	group			Antioch on the Orontes (modern Antakya, Turkey) was the third city of the Roman Empire and the primary base for early Christian expansion beyond Palestine. Key roles: (1) First Gentile Christian community alongside Jewish Christians (Acts 11:19–26); (2) Where disciples were 'first called Christians' (Acts 11:26); (3) Mission sending base for Paul and Barnabas (Acts 13:1–3); (4) Site of the Antioch incident — Paul's public confrontation with Peter over table fellowship with Gentiles (Gal 2:11–14); (5) Eventual seat of one of the five ancient patriarchates. The Antiochene church in the 2nd century included: [[person:ignatius-of-antioch|Ignatius]] (bishop c. 107–117 CE), and later [[person:theophilus-of-antioch|Theophilus of Antioch]] (c. 180 CE). The schism with the Pauline mission is not explicitly recorded after Galatians; Acts presents reconciliation. Claims about Antioch as a place of Christian presence are `attested` from Acts 11 onward.	cascade-curator	2026-03-17T01:30:00Z
note-antiochene-school	commentary	group			The 'Antiochene school' of biblical interpretation developed in contrast to Alexandrian allegorism. Key figures: Diodore of Tarsus (d. c. 390 CE), Theodore of Mopsuestia (d. 428 CE), John Chrysostom (d. 407 CE), and Theodoret of Cyrrhus (d. c. 460 CE). Antiochene hermeneutics emphasized: (1) the *historia* — literal-historical sense; (2) *theōria* — typological sense grounded in history rather than allegorical; (3) grammatical and contextual analysis rather than speculative allegory. Within this dataset's period (0–400 CE), the Antiochene approach is represented chiefly by [[person:theophilus-of-antioch|Theophilus of Antioch]] (c. 180 CE) and John Chrysostom (d. 407 CE, just outside this range). The Antiochene school's christological legacy — emphasizing the full humanity of Christ — contributed to the Nestorian controversy (431 CE, Ephesus).	cascade-curator	2026-03-17T01:00:00Z
note-aphrahat-persian-sage	rationale	person	aphrahat	clm-aphrahat-active-seleucia	[[person:aphrahat|Aphrahat]] ('the Persian Sage', c. 270–345 CE) composed 23 *Demonstrations* (337–345 CE) in Syriac — the earliest surviving Syriac Christian theological treatise. His location is debated: he likely lived in or near Seleucia-Ctesiphon (the Sasanid capital region) or Mosul/Nineveh. He describes himself as a 'member of the covenant' (*bnay qyama*), a Syriac ascetic movement predating formal monasticism. His *Demonstrations* make no explicit reference to Nicaea (325 CE) or the Arian controversy, suggesting relative isolation from Greek-speaking theological debates. His christology is 'Spirit' Christology, where the Holy Spirit descended on Jesus at baptism — a Syriac tradition distinct from Western Logos-Christology. The `active_in=seleucia-ctesiphon` claim is `possible` because Aphrahat nowhere explicitly names his location in the surviving Demonstrations.	cascade-curator	2026-03-16T22:30:00Z
note-apollos-alexandrian	rationale	person	apollos	clm-apollos-member-alexandrian	Acts 18:24 identifies Apollos as an Alexandrian. His membership in the Alexandrian church is modeled as probable based on this geographic origin.	cascade-batch-500	2026-03-12T12:00:00Z
note-apostolic-fathers-overview	commentary	work			The 'Apostolic Fathers' is a modern collection term for 2nd-century Christian texts considered closest to the apostolic era: - *1 Clement* (c. 96 CE): Rome to Corinth; earliest post-NT epistle. - *Ignatius* (c. 107–117 CE): seven letters, Asia Minor; first monarchical bishop witness. - *Polycarp to the Philippians* (c. 107–135 CE). - *Didache* (c. 85–110 CE): earliest church order. - *Barnabas* (c. 70–135 CE): allegorical OT interpretation. - *Shepherd of Hermas* (c. 100–155 CE): apocalyptic visions; Rome. - *2 Clement* (c. 130–160 CE): earliest Christian homily. - *Martyrdom of Polycarp* (c. 156 CE). - *Diognetus* (date unknown, 2nd–3rd century). - *Fragments of Papias* (c. 100–130 CE): preserved by Eusebius. The term 'Apostolic Fathers' was coined by Cotelier (1672). Their value: bridge documents showing the transition from NT Christianity to the institutionalized Catholic church; witnesses to emerging canon, hierarchy, liturgy, and orthodoxy. In this dataset, all Apostolic Father texts are in scope as primary sources and carrier works for claims.	cascade-curator	2026-03-17T06:30:00Z
note-arian-controversy	dispute	person	athanasius-of-alexandria		The Arian controversy (c. 318–381 CE) was the defining theological conflict of the 4th century. **Arius's position**: The Son/Logos is the highest creature, created by the Father before all ages; he is not coeternal and not of the same substance as the Father. Key text: *Thalia* (preserved in Athanasius's refutations). **Nicene response**: *Homoousios* — the Son is 'of the same substance' as the Father; not similar (*homoios*) or similar in substance (*homoiousios*) but numerically identical in essence. **Post-Nicene fragmentation**: - Homoousians (Nicenes): Athanasius, later Western church - Homoiousians ('semi-Arians'): majority of Eastern bishops - Homoians: subordinationist, favored by Constantius II - Anomoeans (radical Arians): Son is unlike the Father **Resolution**: Council of Constantinople (381 CE) under Theodosius I definitively reaffirmed Nicene orthodoxy and expanded the creed to include the full divinity of the Holy Spirit. **Dataset note**: Claims about Arius and Athanasius in this dataset use *probable* certainty where specific dates and locations cannot be directly confirmed from available passages.	cascade-curator	2026-03-17T14:00:00Z
note-arius-arianism	dispute	person	arius		Arius (c. 250–336 CE) was a presbyter of Alexandria whose Christology triggered the 4th century's central theological crisis. Core claim: 'There was a time when he [the Son] was not' (*ēn pote hote ouk ēn*). The Son is the highest of creatures, created by the Father before time, but *not* co-eternal or co-equal with the Father. Arius's slogan: 'The Father is greater than the Son' (Jn 14:28, taken literally). The Son is God in a derivative sense — divine by participation. Theological roots: Middle Platonic subordinationism; Origen's theology (though Arius radicalized it); Lucian of Antioch (Arius's teacher). Sources for Arius: *Thalia* (fragments in Athanasius); letters to Eusebius of Nicomedia and Bishop Alexander. Post-Nicaea: Arius was recalled from exile by Constantine c. 336 CE and died suddenly before being readmitted to communion — regarded by pro-Nicene sources as divine judgment. In this dataset: Arius's theological claims are modeled as `person_affirms_proposition` with `probable` certainty (based on fragments, not complete texts) and `medium` confidence.	cascade-curator	2026-03-17T07:30:00Z
note-arius-council-nicaea	dispute	person	arius	clm-arius-opposes-eternal-generation	[[person:arius|Arius]] of Alexandria (~256–336 CE) taught that the Son of God was the first and greatest creation of the Father — 'there was a time when he was not' (*en pote hote ouk en*). He was condemned by his bishop Alexander of Alexandria c. 318 CE and then by the Council of Nicaea (325 CE), which formulated the homoousios (consubstantial) language to affirm the Son's full co-equality and co-eternity with the Father. Arius's original writings are largely lost; his *Thalia* is preserved in hostile quotation by Athanasius. The Arian controversy dominated Eastern Christianity for over 50 years after Nicaea. Claims about Arius's doctrine are attested through his opponents' accounts and the fragments preserved in Athanasius and Epiphanius.	cascade-curator	2026-03-16T19:30:00Z
note-arius-early-background	rationale	person	arius	clm-arius-member-alexandrian	[[person:arius|Arius]] of Alexandria was a presbyter (not bishop) of the Baucalis parish in Alexandria when his dispute with Bishop Alexander began c. 318 CE. His membership in the Alexandrian church is therefore `probable` (not `attested`) in the sense that he was a presbyter of the Alexandrian church, but the exact administrative membership is not explicitly stated in our sources — it is inferred from his standing as a Alexandrian presbyter. His theological formation may have been under Lucian of Antioch (the 'Lucianist' connection that also links Eusebius of Nicomedia, Eusebius of Caesarea, and others). After Nicaea (325 CE) he was briefly exiled, then rehabilitated under Constantine before dying in 336 CE, the day before his scheduled return to communion in Constantinople.	cascade-curator	2026-03-16T22:30:00Z
note-arius-eternal-gen	rationale	person	arius	clm-arius-opposes-eternal-generation	Arius explicitly denied the eternal generation of the Son, teaching there was a time when the Son was not. Condemned at Nicaea 325.	cascade-batch-500	2026-03-12T12:00:00Z
note-arius-logos	rationale	person	arius	clm-arius-opposes-logos	Arius did not deny the Logos existed but denied the Son was co-eternal with the Father. He opposed the proposition that the Logos is the pre-existent Son in the Nicene sense of eternal co-equality. Modeled as opposes.	cascade-batch-500	2026-03-12T13:00:00Z
note-arius-membership	rationale	person	arius	clm-arius-member-alexandrian	Arius was a priest of the Alexandrian church condemned at Nicaea 325.	cascade-batch-500	2026-03-12T12:00:00Z
note-armenian-christianity	rationale	place	armenia		Armenia's conversion to Christianity is traditionally dated to c. 301 CE under King Tiridates III through the preaching of Gregory the Illuminator — making it the first Christian kingdom (preceded Constantine's edicts by a decade). Pre-Gregorian Christian presence: Bardaisan of Edessa (d. 222 CE) reportedly sent missionaries to Armenia; Eusebius (*HE* 6.46) mentions a letter of Dionysius of Alexandria to Armenian bishop Meruzanes (c. 255 CE). Gregory the Illuminator: imprisoned by Tiridates for 13 years, then released and made bishop (c. 314 CE) by Leontius of Caesarea; this establishes the Armenian church's initial dependence on Cappadocian Christianity. The `clm-bardaisan-active-armenia` claim models Bardaisan's missionary influence in Armenia as `attested` based on Eusebius's report, though the evidence is indirect and the chronological range is approximate.	cascade-curator	2026-03-17T02:00:00Z
note-athanasius-biography	rationale	person	athanasius-of-alexandria	clm-athanasius-bishop-alexandria	[[person:athanasius-of-alexandria|Athanasius]] (c. 296–373 CE) was bishop of Alexandria from 328 CE until his death — 45 years, though he spent 17 of them in exile (*Athanasius contra mundum*). The five exiles: (1) 336–337 (Trier, under Constantine); (2) 339–346 (Rome, under Constantius II); (3) 356–362 (Egyptian desert, hiding with monks); (4) 362–363 (under Julian); (5) 365–366 (under Valens). The pattern: each exile corresponded to an Arian political ascendancy; each return marked a pro-Nicene moment. Major works: *Contra Gentes/De Incarnatione* (early, pre-Nicene apologetics); *Orations Against the Arians* (4 books); *Life of Antony* (foundational for Egyptian monasticism); Festal Letters 39 (367 CE): first attestation of the 27-book NT canon. Theological contribution: defended *homoousios* against every Arian variant through 45 years of episcopal ministry. His persistence made Nicene orthodoxy the permanent settlement of the 381 CE Council of Constantinople. In this dataset, Athanasius's active_in trier (c. 336–337 CE during exile) and bishop_of alexandria are both `attested` with high confidence.	cascade-curator	2026-03-17T07:30:00Z
note-baptism-development	commentary	work	teaching-of-the-twelve-apostles		Christian baptism developed from Jewish ritual bathing (miqveh), John the Baptist's movement, and Jesus's own baptism by John. Key texts: (1) Mt 28:19: trinitarian formula; (2) Acts 2:38: 'repent and be baptized in the name of Jesus Christ'; (3) Rom 6:3–4: baptism as dying and rising with Christ; (4) *Didache* 7: preference for running water (river), fallback to standing water, fallback to pouring (*infusion*) — earliest evidence for non-immersion baptism. The mode debate: early texts assume immersion (*baptizō* = to dip/plunge); the Didache's permission for pouring shows this was not absolute by c. 90 CE. Pre-baptismal preparation: instruction (catechesis) and fasting — Justin (*1 Apol.* 61), Hippolytus (*AT* 20) describe multi-year catechumenate. Infant baptism: first clear evidence in Origen (*Hom. Lev.* 8.3: 'infants are baptized for the remission of sins'); Tertullian opposed early baptism (*De Bapt.* 18); Cyprian explicitly approved of baptizing infants on the eighth day. In this dataset, all baptismal claims derive from explicit texts and are rated `attested` with `explicit` assertion mode where texts state practice directly.	cascade-curator	2026-03-17T07:00:00Z
note-bardaisan-heterodox	dispute	person	bardaisan-of-edessa	clm-laws-countries-by-bardaisan	[[person:bardaisan-of-edessa|Bardaisan of Edessa]] (154–222 CE) is a complex figure: his *Book of the Laws of Countries* (preserved in Syriac) demonstrates sophisticated Christian apologetics defending free will against astral determinism, and his hymns influenced early Syriac Christianity before Ephrem countered them. Eusebius HE 4.30 calls him a notable author who combated Marcionites. However, Epiphanius and later sources classify him as a Gnostic heretic. Modern scholarship (Drijvers) argues his theology was heterodox but not straightforwardly Gnostic. Claims about his propositions are modeled with this dispute in mind: his christology and cosmology show dualistic tendencies without full Gnostic mythology.	cascade-curator	2026-03-16T19:30:00Z
note-barnabas-bodily-resurrection-inference	rationale	work	epistle-of-barnabas	clm-barnabas-affirms-bodily-resurrection	The Epistle of Barnabas affirms a general eschatological hope (Barn 21) and contains the two-ways teaching with repentance language, but does not have the explicit phoenix/seed argument of 1 Clement or the millenarian detail of Papias. The bodily-resurrection claim is modeled as probable rather than attested, and the evidence link uses contextualizes rather than supports.	cascade	2026-03-10T21:00:00Z
note-barnabas-cyprus	rationale	person	barnabas		[[person:barnabas|Barnabas]] is one of the most important figures in the earliest Pauline mission, though he appears only in Acts and Paul's letters, not in the undisputed Pauline letters as a sole author. Key facts: (1) Acts 4:36–37: Barnabas sells a field and donates the proceeds; (2) Acts 9:27: introduces Saul/Paul to the Jerusalem apostles; (3) Acts 11:22–26: sent to Antioch, recruits Paul from Tarsus; (4) Acts 13–14: first missionary journey with Paul through Cyprus and Asia Minor; (5) Gal 2:1–10: went with Paul to Jerusalem Council c. 48 CE; (6) Gal 2:13: 'Even Barnabas was carried away' in the Antioch table-fellowship dispute — sided with Peter. After the separation from Paul over John Mark (Acts 15:39), Barnabas disappears from the Pauline record. His later activity is unknown. The *Epistle of Barnabas* (c. 70–135 CE) was almost universally attributed to him in antiquity (Clement of Alexandria, Origen) but is now considered pseudonymous by most scholars. In this dataset, Barnabas appears primarily as a `participant_in` the missionary journeys and Jerusalem council events.	cascade-curator	2026-03-17T07:00:00Z
note-bartholomew-india-tradition	dispute	person	bartholomew	clm-rufinus-he-affirms-bartholomew-india	[[person:pantaenus|Pantaenus]] allegedly found a Hebrew Gospel of Matthew in India left by [[person:bartholomew|Bartholomew]], according to [[work:rufinus-ecclesiastical-history|Rufinus HE 1.9]]. This is reported as tradition rather than eyewitness account; Pantaenus's India voyage itself is only attested in Eusebius. Most historians treat the Bartholomew-India connection as legendary. Certainty is `claimed_tradition`.	cascade-curator	2026-03-16T13:00:00Z
note-basilides-gnosticism	dispute	person	basilides	clm-basilides-active-alexandria	Basilides (c. 117–138 CE, Alexandria) is one of the earliest and most philosophically sophisticated Gnostic teachers. His system (as reported by Hippolytus *Ref.* 7.20–27, which may reflect a later school rather than Basilides himself): the supreme God is ineffable and non-existent (*ouk ōn*) — beyond being itself. From this non-God emanated a 'cosmic seed' containing all potential. Through stages of unfolding, a 'third sonship' is trapped in matter and must ascend. Irenaeus's account (*AH* 1.24) differs substantially — possibly representing a different version of Basilidean tradition. Key fragments: from *Exegetica* (24 books of Gospel commentary), preserved in Clement of Alexandria (*Strom.*). Basilides claimed to have received secret teaching through Glaukias, interpreter of Peter — a pseudonymous apostolic lineage typical of Gnostic texts. His son Isidore continued the school at Alexandria. Significance: Basilides represents the earliest documented systematic Gnostic theology and the beginning of the Alexandrian Gnostic tradition that also produced Valentinus.	cascade-curator	2026-03-17T08:00:00Z
note-battle-milvian-bridge	commentary	event	battle-of-milvian-bridge	clm-constantine-participant-milvian	The Battle of Milvian Bridge (28 October 312 CE) was fought between [[person:constantine-i|Constantine I]] and Maxentius at the Tiber crossing just north of Rome. **Military context**: Maxentius commanded the larger force and initially held the bridge; he chose to give battle outside Rome's walls, crossing on a temporary pontoon bridge alongside the Milvian. When his forces broke, the bridge collapsed and Maxentius drowned in the Tiber. **The Vision**: Two distinct traditions exist: - Lactantius (*De Mort. Pers.* 44, c. 313–315): Constantine received a dream instructing him to mark his soldiers' shields with a heavenly sign (described as the *staurogram* or chi-rho). - Eusebius (*Vita Const.* 1.28–29, c. 337): Constantine and his entire army saw a cross of light in the sky at midday with the inscription 'By this conquer' (τούτῳ νίκα); followed by a dream of Christ. The two accounts differ in timing (before battle vs. earlier campaign) and in the nature of the sign. The Eusebian account was likely embellished. **Christian symbolism**: The *labarum* (chi-rho standard) subsequently became Constantine's military standard. **Dataset note**: Constantine's participant_in claim uses the Lactantius passage as primary supporting evidence.	cascade-curator	2026-03-17T14:30:00Z
note-british-church-arles	rationale	group	british-church	clm-british-church-group-present-arles	Three bishops from Britain (Eborius of York, Restitutus of London, and Adelphius of a third see) are listed in the conciliar subscriptions of the Council of Arles (314 CE). This is the earliest direct documentary evidence for an organized British church. The Wikipedia passage provides background; the primary attestation is the Arles subscription list itself. The claim `christianity-reached-britannia` is well-supported by this evidence.	cascade-curator	2026-03-16T13:00:00Z
note-catechumenate	commentary	work			The catechumenate — formal pre-baptismal instruction — is attested from the early 2nd century and became increasingly elaborate by the 3rd century. Key stages (as described by Hippolytus *Apostolic Tradition* c. 215 CE): (1) Initial inquiry: examiners screen the candidate's occupation and moral status (actors, gladiators, prostitutes excluded); (2) Three-year catechumenate: instruction in Scripture and moral life; weekly laying on of hands; can attend readings but not Eucharist; (3) Final scrutiny ('Election'): examination by bishop; enrollment; (4) Lenten preparation (later development): daily exorcism and fasting; (5) Holy Saturday vigil: baptism, anointing, first Eucharist. Justin (*1 Apol.* 61, c. 150 CE): candidates fast, pray, and receive baptism in the name of Father, Son, and Holy Spirit. The extended catechumenate reflects: the church's growth beyond household networks; the need to socialize converts into Christian ethics and worldview; the increasing social weight of baptism in a church that could exclude members for sin. In this dataset, catechumenate claims derive from Hippolytus and Justin and carry `probable` certainty (regional practice may have varied).	cascade-curator	2026-03-17T08:30:00Z
note-celerinus-decian	rationale	person	celerinus	clm-celerinus-in-decian-persecution	Celerinus was a confessed Christian who survived imprisonment and torture in the Decian persecution at Rome (249–251 CE) without apostatizing. He became a reader (*lector*) in the Roman church, and Cyprian praised him in *Ep.* 39 for his endurance under torture over 19 days. He appears as a correspondent of Lucianus (a confessor in Carthage) in *Ep.* 21. The `participant_in=decian-persecution` claim is `probable` (not `attested`) because no source explicitly calls his imprisonment part of the 'Decian persecution' by name — Cyprian describes his suffering but dates it by implication. The `active_in=rome` claim for Celerinus is `probable` based on his appointment as Roman lector and his correspondence addressed from there.	cascade-curator	2026-03-16T22:30:00Z
note-celsus-true-word	rationale	work	contra-celsum	clm-contra-celsum-by-origen	Celsus's *True Word* (*Alethes Logos*, c. 177–180 CE) is the earliest sustained pagan intellectual attack on Christianity, preserved entirely through [[person:origen-of-alexandria|Origen]]'s point-by-point rebuttal in *Contra Celsum* (c. 248 CE). Celsus attacks Christianity on philosophical, historical, and social grounds: the resurrection is a fable, Christians are credulous and uneducated, their separation from civic religion is antisocial, and their theology is derived from Platonism but corrupted. Origen's Contra Celsum is one of the most intellectually serious apologetic works of the early church. Because the *True Word* only survives in Origen's quotations (which may selectively represent Celsus), all claims about Celsus's arguments are necessarily filtered through Origen's apologetic purpose. No direct claim about Celsus's person or biography is modeled — only the work.	cascade-curator	2026-03-16T21:30:00Z
note-church-east-india-evidence	dispute	group	church-of-the-east	clm-church-east-at-india	The `group_present_at=india` claim for the Church of the East (Syriac Christianity) is based on: (1) Cosmas Indicopleustes (*Christian Topography*, c. 550 CE) who describes Christians in India and Sri Lanka following the East Syrian rite; (2) the Thomas tradition (Acts of Thomas, 3rd century) which places Thomas in 'India'; (3) the Thomas Christians of Kerala who identify with this tradition. The precise meaning of 'India' in ancient sources is disputed — it could refer to South Arabia, the Horn of Africa, the Indian subcontinent, or Sri Lanka. Cosmas's account is the earliest unambiguous evidence for Christians in the Indian subcontinent (6th century CE). Claims of earlier presence (1st–3rd century) rely on the apocryphal Acts of Thomas and indigenous Thomas Christian tradition, modeled as `possible` in this dataset. The 6th-century presence (Cosmas's account) is `attested`.	cascade-curator	2026-03-16T22:30:00Z
note-clement-1clement-context	rationale	work	first-epistle-of-clement	clm-1clement-affirms-succession	[[work:first-epistle-of-clement|1 Clement]] (c. 95–96 CE) was written by the Roman church to the Corinthian church addressing a schism in which younger members had deposed their elders. The letter's name is traditional; the text is anonymous but attributed to Clement by Dionysius of Corinth (Eusebius HE 4.23.11) c. 170 CE. 1 Clement is the earliest post-NT document to articulate a theology of apostolic succession: 'The apostles appointed bishops and deacons... and afterwards added the codicil that if they should fall asleep, other approved men should succeed to their ministry' (1 Clem. 44.2). The letter quotes the OT and Pauline letters (Romans, 1 Corinthians, Hebrews) extensively. Its use of Hebrews raises questions about the Hebrews-as-Pauline tradition. 1 Clement's authority: it was read publicly in Corinthian services alongside Scripture as late as 170 CE (Dionysius, in Eusebius HE 4.23), showing its near-canonical reception in some communities.	cascade-curator	2026-03-17T01:00:00Z
note-clement-alex-athens	rationale	person	clement-of-alexandria	clm-clement-alex-active-athens	Eusebius HE 5.11 mentions Clement traveled before settling in Alexandria. Athens is one probable location for his philosophical formation.	cascade-batch-500	2026-03-12T12:00:00Z
note-clement-alex-scripture	rationale	person	clement-of-alexandria		[[person:clement-of-alexandria|Clement of Alexandria]]'s approach to Scripture is characterized by his use of *gnosis* (knowledge) as a positive term for mature Christian understanding — in deliberate contrast to heretical Gnostic misuse. Key positions in *Stromata*: (1) The OT is genuine Scripture and the same God gave both Testaments; (2) Allegorical interpretation is the proper method for mature Christians; (3) Philosophy (especially Platonic) is a 'schoolmaster' (*paidagōgos*) leading Greeks to Christ, as the Law led Jews; (4) The Scriptures are 'veiled' and require interpretation — the 'Stromata' (Miscellanies) is itself deliberately obscure to keep higher teaching from the uninitiated. Clement's canon: he cites widely from NT texts (including the Epistle of Barnabas, the Didache, and the Shepherd of Hermas as Scripture), showing a more open canon than later orthodoxy. Claims about Clement's hermeneutical positions carry `attested` certainty with high confidence based on the *Stromata* and *Paedagogus*.	cascade-curator	2026-03-17T01:30:00Z
note-clement-alex-trilogy	rationale	person	clement-of-alexandria	clm-protrepticus-by-clement	[[person:clement-of-alexandria|Clement of Alexandria]]'s trilogy forms a pedagogical arc: (1) *Protrepticus* (Exhortation) — converts pagans toward Christianity through philosophical and rhetorical argument; (2) *Paedagogus* (Instructor) — Christ as the divine teacher of ethical conduct for new Christians; (3) *Stromata* (Miscellanies) — advanced theological and philosophical synthesis for mature Christians. Together they represent the most sustained Alexandrian attempt to integrate Greek philosophy (especially Platonism and Stoicism) with Christian revelation. Clement's 8th book of *Stromata* (on logic) and his *Quis Dives Salvetur* (on rich man's salvation) are also extant. The *Hypotyposeis*, a commentary on all canonical and some non-canonical scriptures, is lost except in fragments. Authorship of all extant works is uncontested.	cascade-curator	2026-03-16T21:30:00Z
note-clement-bishop-precision	rationale	person	clement-of-rome	clm-clement-bishop-rome	"The term ""bishop"" applied to Clement of Rome for c. 90-99 is slightly anachronistic. 1 Clement itself does not use the monarchical episcopate model Ignatius would later articulate. However, the patristic tradition from Irenaeus onward unanimously places Clement in the episcopal succession. The bishop_of claim is therefore modeled as attested with the understanding that the term reflects later terminology applied to an earlier reality."	cascade	2026-03-10T21:00:00Z
note-clement-quis-dives	rationale	person	clement-of-alexandria		Clement of Alexandria's *Quis Dives Salvetur?* ('Who is the Rich Man Who Shall Be Saved?', c. 200 CE) is a homily on Mark 10:17–31 (the Rich Young Man) arguing that wealth itself is not sinful — only excessive attachment to it is. The wealthy person who uses riches for charitable service to others is 'saved.' This represents Clement's characteristic mediation between ascetic and worldly Christianity: he is explicitly arguing against Christians who abandon wealth literally (as some took Mk 10:21 to require), defending the place of prosperous Christians in the church. The work is significant for: (1) The earliest developed Christian theology of wealth and property; (2) The first extended use of the 'inner attachment' vs 'external possession' distinction (anticipating later spiritual theology); (3) The closing legend of John the Apostle restoring a youth who became a bandit — the earliest reference to the specific story. The *Quis Dives* is also evidence for wealthy patrons in Alexandrian Christianity by c. 200 CE.	cascade-curator	2026-03-17T03:00:00Z
note-clement-rome-context	rationale	person	clement-of-rome	clm-1clement-by-clement	Clement of Rome (fl. c. 92–99 CE) is traditionally the third or fourth bishop of Rome after Peter, though his exact role and the circumstances of 1 Clement remain debated. Primary evidence: (1) 1 Clement itself — anonymous, written from 'the church at Rome' to Corinth; no author named; attributed to Clement by Dionysius of Corinth c. 170 CE and Irenaeus c. 180 CE; (2) Eusebius (*HE* 3.15–16, 4.22) includes him in the Roman succession list; (3) The Pseudo-Clementine literature (*Recognitions*, *Homilies*) makes Clement Peter's personal disciple and the recipient of Peter's teaching — a later legendary development. The claim that Clement knew Paul (Phil 4:3) is ancient (Origen, *Comm. Phil.*) but unverifiable from the text itself. In this dataset, Clement's authorship of 1 Clement is `attested` per ancient tradition; his status as 'bishop' (monarchical) is `probable` given the ambiguity of early Roman church governance.	cascade-curator	2026-03-17T02:00:00Z
note-clement-rome-episcopal	rationale	person	clement-of-rome	clm-clement-bishop-rome	[[person:clement-of-rome|Clement]]'s `bishop_of` Rome designation reflects later ecclesiological categorization. 1 Clement itself is anonymous and Clement's role is not identified; his name appears first in Irenaeus AH 3.3.3 as the third in succession after the apostles. The monarchical episcopate at Rome was not established in Clement's time (~96 CE); he was likely a leading teacher or elder. The `bishop_of` predicate here carries the traditional canonical meaning, not an office identical to later bishops.	cascade-curator	2026-03-16T13:00:00Z
note-colossians-deuteropauline	dispute	work	epistle-to-the-colossians	clm-colossians-by-paul	Colossians is disputed between Pauline authenticity and deuteropauline pseudonymity. Arguments for authenticity: (1) Early attestation (Marcion's Apostolikon includes it); (2) Close connections to Philemon (both mention Onesimus, Archippus, Epaphras); (3) Plausible Pauline authorship from prison (c. 55–62 CE). Arguments for pseudonymity: (1) More developed Christology than undisputed letters ('the fullness of deity' — Col 2:9); (2) Different ecclesiology (cosmic church rather than local congregation); (3) Different vocabulary and sentence structure. Current scholarly distribution: roughly split, with a slight majority accepting authenticity in evangelical scholarship and pseudonymity in critical scholarship. In this dataset, Pauline authorship carries `probable` certainty, reflecting this genuine scholarly division. The `authored_by paul` claim should be read as: traditional attribution, well-supported but genuinely contested.	cascade-curator	2026-03-17T05:00:00Z
note-community-rule-dss	commentary	work	community-rule		The *Community Rule* (*Serekh ha-Yahad*, 1QS) is the foundational rule book of the Qumran community (Dead Sea Scrolls), preserved in multiple copies. Content: entry procedures, purity regulations, communal meals, eschatological dualism (Spirit of Light vs. Spirit of Darkness), penalties for violations, and the 'Rule of the Congregation' for the end-time community. Relevance to early Christianity: (1) The Qumran community shared structural features with early Christian groups: shared property (cf. Acts 2:44–45), ritual meals, baptismal washings, eschatological urgency, organizational hierarchy (overseer/guardian = *mebaqqer* ≈ bishop); (2) The dualist language (light/darkness, truth/error) echoes Johannine and Pauline vocabulary. Relationship: most scholars resist direct dependence in either direction; both draw on shared Second Temple Jewish traditions. In this dataset, the Community Rule and Damascus Document provide contextual evidence for understanding the Jewish matrix from which Christianity emerged.	cascade-curator	2026-03-17T05:30:00Z
note-constantine-conversion	dispute	event			Constantine I's 'conversion' to Christianity is one of the most debated events in late antique history. The primary sources give two versions: (1) Lactantius (*De Mort. Pers.* 44): a dream the night before the Battle of Milvian Bridge (312 CE) instructing him to mark soldiers' shields with the Chi-Rho (*Christogram*). (2) Eusebius (*Life of Constantine* 1.28–31): a vision of a cross in the sky ('by this sign, conquer') seen by Constantine and his whole army, followed by a dream of Christ. The accounts diverge significantly in detail and were written decades after the event with apologetic purposes. Scholarly debate: Was Constantine a sincere Christian convert, a pragmatic religious calculator, or a solar monotheist who gradually absorbed Christianity? (Drake, Barnes, MacMullen, Lenski). He was not baptized until his deathbed (337 CE, baptized by Eusebius of Nicomedia). In this dataset, the conversion event is modeled with `probable` certainty for the theological interpretation, `attested` for the historical fact of imperial Christian patronage from 312 CE onward.	cascade-curator	2026-03-17T01:00:00Z
note-corinth-church-hub	commentary	work	first-epistle-to-the-corinthians		Corinth was one of the most significant hubs of Pauline Christianity. Founded c. 51–52 CE by Paul (Acts 18:1–18; 1 Cor 3:6), it sat on the isthmus controlling trade between the Aegean and Adriatic, making it one of the wealthiest cities in the Roman Empire. The Corinthian church was notably diverse: Jewish (Crispus, Sosthenes), Gentile, slave, free, wealthy (Gaius, host of the 'whole church,' Rom 16:23), and poor (1 Cor 11:21–22). Corinth in the evidence record: 1 Thessalonians → 1 Corinthians → (lost 'Previous Letter') → 1 Corinthians → (painful visit) → 2 Corinthians (composite?) → Romans (written from Corinth). 1 Clement (c. 96 CE): written from Rome to correct renewed factional strife — showing Corinth remained a troubled church for decades. Papacy proto-claim: 1 Clement's intervention in Corinthian affairs from Rome has been read as early evidence for Roman primacy (Catholic position) vs. simply Roman elder-brother authority (Protestant position).	cascade-curator	2026-03-17T07:00:00Z
note-council-nicaea	rationale	person	athanasius-of-alexandria		The First Council of Nicaea (325 CE) is the first ecumenical council, convened by Constantine to resolve the Arian controversy. Key outcomes: (1) The Nicene Creed's *homoousios* clause: the Son is 'of the same substance' (*homoousios*) as the Father — Athanasius's position; (2) Arius and his supporters condemned and exiled; (3) Uniform Easter dating (against the Quartodeciman practice); (4) Meletian schism addressed (Egypt). Attendance: reportedly ~318 bishops — Athanasius attended as a deacon, assistant to Bishop Alexander of Alexandria. The Nicene settlement was fragile: Arian theology revived under Constantius II (337–361 CE); Athanasius was exiled five times (famously *Athanasius contra mundum*). The *homoousios* was not universally accepted until the Council of Constantinople (381 CE). Primary sources: Eusebius's letter to his church (Theodoret HE 1.11); council canons; Athanasius's later accounts. In this dataset, Nicaean claims are `attested` with high confidence for the creedal formula and low confidence for attendance numbers.	cascade-curator	2026-03-17T07:30:00Z
note-council-nicaea-325	rationale	event			The Council of Nicaea (325 CE), convened by Constantine I, was the first ecumenical council of the Christian church. It addressed: (1) the Arian controversy (affirming the Son as *homoousios* — consubstantial — with the Father against Arius); (2) the date of Easter (Sunday calculation vs. Quartodeciman); (3) the Meletian schism in Egypt; (4) clerical discipline. The Nicene Creed (with the *homoousios* clause) was the council's primary theological output. Approximately 250–300 bishops attended; the vast majority were from the East. [[person:athanasius-of-alexandria|Athanasius]], then a deacon, accompanied his bishop Alexander of Alexandria and became the lifelong defender of Nicene orthodoxy. Constantine's involvement raises questions about the relationship between imperial authority and doctrinal definition — a central question in subsequent church history.	cascade-curator	2026-03-16T21:30:00Z
note-cyprian-de-unitate	rationale	work	de-unitate-ecclesiae	clm-de-unitate-by-cyprian	[[work:de-unitate-ecclesiae|Cyprian's *De Unitate Ecclesiae*]] (c. 251 CE), written in the immediate aftermath of the Decian persecution, is the foundational patristic text on ecclesiology and episcopal authority. Its central thesis: 'He cannot have God as his father who does not have the church as his mother' (*De Unit.* 6). Outside the church there is no salvation. The famous 'Primacy Text' (*De Unit.* 4–5) exists in two textual traditions: the *Primacy Text* (PT) and the *Textus Receptus* (TR). The PT strongly affirms Petrine primacy in a way that supports Roman claims; the TR is more collegial. Scholarly debate continues on whether Cyprian himself wrote both versions (Watson, Bévenot) or whether the PT is an interpolation (Harnack, Turner). If Cyprian wrote the PT, it represents an early North African affirmation of Petrine primacy — contradicting his later conflict with Stephen I over rebaptism. Proposition claims derived from *De Unitate* should note which text is being cited.	cascade-curator	2026-03-17T00:30:00Z
note-cyprian-ecclesiology	rationale	person	cyprian-of-carthage		[[person:cyprian-of-carthage|Cyprian]]'s ecclesiology, expressed most fully in *De Unitate Ecclesiae* ('On the Unity of the Church', c. 251 CE), is the foundational statement of episcopal-Catholic ecclesiology in the West. Key propositions: (1) 'He can no longer have God for his Father who has not the Church for his mother' (*De Unit.* 6); (2) 'The bishop is in the church and the church is in the bishop' (*Ep.* 66.8); (3) Episcopal college: all bishops are equal and jointly responsible for the whole church — no single bishop (including Rome) has authority over others; (4) Schism is the greatest sin — worse than apostasy itself. The Roman primacy question: *De Unitate* 4 exists in two versions (Primacy Text and Received Text), one of which grants Peter/Rome a special primacy (*primatus*) — disputed whether this is authentic Cyprian or a later Roman interpolation (Bévenot's analysis). Cyprian vs. Stephen I of Rome (254–257 CE): rebaptism controversy — Cyprian insisted heretical baptism is invalid; Stephen invoked Roman tradition that any baptism in Christ's name is valid. This is the first major direct confrontation between African and Roman episcopal authority — no resolution; Cyprian's martyrdom ended the dispute.	cascade-curator	2026-03-17T08:30:00Z
note-cyprian-letters	rationale	person	cyprian-of-carthage	clm-cyprian-bishop-carthage	[[person:cyprian-of-carthage|Cyprian]]'s corpus of 65 surviving letters (c. 249–258 CE) is the most complete correspondence from any 3rd-century bishop and constitutes a primary source for: (1) The Decian persecution and its aftermath; (2) The controversy over the 'lapsed' (*lapsi*) and their readmission to the church; (3) The rebaptism controversy with Stephen I of Rome; (4) The Novatianist schism; (5) North African ecclesiology and episcopal authority. Cyprian fled Carthage during the Decian persecution (249–250 CE) — he was later accused of cowardice; he defended himself by arguing that governing his flock from safety was more useful than martyrdom. He was martyred under Valerian in 258 CE — the first African bishop to die as a martyr. The Cyprianic corpus is indispensable for reconstructing: the theology of the lapsed, the role of confessors in granting forgiveness, and the development of episcopal monarchy in the West. All Cyprianic claims are `attested` with high confidence based on his letters and treatises.	cascade-curator	2026-03-17T03:00:00Z
note-cyprian-rebaptism	dispute	person	cyprian-of-carthage	clm-de-unitate-opposes-rebaptism-void	The rebaptism controversy (c. 254–257 CE) pitted [[person:cyprian-of-carthage|Cyprian]] of Carthage against [[person:stephen-i-pope|Stephen I]] of Rome over whether heretics and schismatics who sought readmission to the church needed to be baptized again. Cyprian's position (shared by the African councils of 255–256 CE, recorded in *Sententiae Episcoporum*, 87 bishops concurring): baptism outside the church is invalid — 'he cannot have God as his father who does not have the church as his mother' (*De Unitate* 6). Therefore heretics must be baptized anew. Stephen's position (Roman tradition): baptism in the name of the Trinity is valid regardless of who administers it; rebaptizing is a sacrilege against the first baptism. Stephen threatened excommunication of the African churches. The controversy was unresolved at Cyprian's death (258 CE). Augustine later resolved it in Stephen's favor theologically.	cascade-curator	2026-03-16T21:30:00Z
note-damascus-document	commentary	work	damascus-document		The Damascus Document (*CD* = Cairo Damascus, also 4Q266–273) is a Qumran sectarian text combining a historical retrospective with legal code. Discovered first in the Cairo Geniza (1896, by Solomon Schechter) before DSS copies were found at Qumran. Structure: (1) Exhortation section — history of Israel's apostasy, the founding of the new covenant in 'the land of Damascus' (= Qumran?); (2) Legal section — rules for communal life, the *mebaqqer* (overseer), Sabbath rules, purity regulations. Key concept: the 'new covenant in the land of Damascus' (CD 6:19; 8:21) — the community sees itself as the faithful remnant who kept God's covenant. Relevance to early Christianity: (1) 'New covenant' language echoes Jer 31:31 and early Eucharistic words; (2) The *mebaqqer* (overseer) is a structural parallel to the *episkopos* (bishop); (3) The eschatological urgency and community of the 'sons of light' parallels early Christian self-understanding. The Damascus Document is important contextual evidence for the Jewish institutional matrix that early Christianity drew on.	cascade-curator	2026-03-17T05:30:00Z
note-de-principiis	rationale	work		clm-deprincipiis-by-origen	Origen's *De Principiis* (*Peri Archon*, c. 220–230 CE) is the first systematic Christian theology. The Greek original survives only in fragments (preserved in Justinian's *Epistle to Mennas* and the *Philocalia* of Basil and Gregory); Rufinus's Latin translation (c. 398 CE) is our main text, but Rufinus admits softening theologically controversial passages. Four books: (1) God and the heavenly beings; (2) The world and humanity; (3) Free will and evil; (4) Scriptural interpretation (the three-sense method). Controversial doctrines: pre-existence of souls; universal restoration (*apokatastasis*) of all rational beings including the Devil; spiritual interpretation of resurrection; subordinationist Christology. The *Origenist controversy*: these doctrines were attacked by Epiphanius and Jerome, defended by Rufinus; condemned at the Council of Constantinople (553 CE) under Justinian. In this dataset: *De Principiis* claims use `probable` certainty where only Rufinus's Latin survives, `attested` where Greek fragments confirm.	cascade-curator	2026-03-17T08:30:00Z
note-de-principiis-context	rationale	work	de-principiis	clm-deprincipiis-by-origen	[[work:de-principiis|De Principiis]] (Peri Archon) is [[person:origen-of-alexandria|Origen]]'s systematic theological treatise (c. 220–230 CE), the first comprehensive Christian dogmatic theology. It addresses: the nature of God and the Trinity, creation, rational souls (pre-existence), the Fall, redemption, and eschatology (apokatastasis — universal restoration). The Greek original is largely lost; it survives primarily in Rufinus's Latin translation, which Rufinus admits he softened for orthodox readers. Jerome produced a more literal translation of excerpts, revealing more problematic statements. The tension between Rufinus's and Jerome's versions is the principal source-critical problem. Proposition claims derived from De Principiis must be read with awareness that the Latin may not faithfully represent Origen's Greek.	cascade-curator	2026-03-16T21:30:00Z
note-decian-persecution-lapsed	rationale	event	decian-persecution	clm-decian-persecution-year	The Decian persecution (249–251 CE) was the first empire-wide systematic persecution requiring all inhabitants to sacrifice to Roman gods and obtain a *libellus* certificate. It created the theological crisis of the lapsed (*lapsi*): those who complied, sacrificed, or obtained certificates through bribery. Cyprian's *De Lapsis* and *De Unitate* respond directly to this crisis. The penance controversy (Novatian rigorism vs. Cyprianic moderation) and Cyprian's rebaptism controversy are both downstream of this event. The year 249–251 CE is well attested by Cyprian's correspondence and Eusebius HE 6.39–41.	cascade-curator	2026-03-16T19:30:00Z
note-didache-dating	dispute	work			The *Didache* (Teaching of the Twelve Apostles) is the most contentious dating problem in early Christian literature. The range spans 50–150 CE in modern scholarship. Arguments for an early date (50–100 CE): primitive church order, no monarchical bishop, Jewish-Christian character, itinerant prophets still active. Arguments for a late date (100–150 CE): tension with institutionalizing episcopate suggests reaction against it; similar material to Matthew may presuppose that Gospel's final form. The Two Ways section (ch. 1–6) is closely parallel to the *Epistle of Barnabas* (ch. 18–20) and may derive from a common Jewish source. The eucharistic prayers (ch. 9–10) show no reference to the Last Supper narrative, suggesting a very early or independent tradition. All dating claims for the Didache are modeled as `possible` or `probable`.	cascade-curator	2026-03-16T21:30:00Z
note-didache-malachi-connection	rationale	work	teaching-of-the-twelve-apostles	clm-didache-affirms-eucharist-malachi	"Did 14.3 quotes Malachi 1:11 explicitly as the scriptural warrant for the Sunday Eucharist as a ""pure sacrifice."" The connection is direct and textual. The proposition eucharist-fulfills-malachi-pure-offering is therefore modeled as attested for the Didache. Justin Martyr (Dial 41, 117) and Irenaeus (AH 4.17.5) later develop the same typology, suggesting it was a received tradition rather than an innovation."	cascade	2026-03-10T21:00:00Z
note-didascalia-apostolorum	commentary	work	didascalia-apostolorum		The *Didascalia Apostolorum* ('Teaching of the Apostles', c. 230–250 CE, Syrian) is a church order document claiming apostolic authorship, addressed to communities in Syria. It is the main source for: (1) The role of bishops as judges and mediators ('the bishop must be just and must judge righteously'); (2) The office of deaconess (explicitly described as assisting at the baptism of women and visiting sick women); (3) Penitential discipline — the lapsed may be readmitted after a period of penance supervised by the bishop; (4) The 'Apostolic Constitutions' (c. 380 CE, Books 1–6) are a later expansion of the Didascalia. The text is preserved complete only in Syriac; Greek fragments survive. A Latin epitome was made by Rufinus (partially preserved). Key for this dataset: the Didascalia is the primary evidence for institutionalized deaconesses in 3rd-century Syria, and for the widening episcopal judicial authority in this period.	cascade-curator	2026-03-17T05:30:00Z
note-diocletian-persecution	commentary	person			The Diocletianic persecution (303–312 CE) was the last and most severe Roman persecution of Christians, and the context for the Donatist schism. Four edicts: (1) Feb 303 CE: destroy churches, burn scriptures, dismiss Christian imperial servants; (2) Spring 303: clergy arrested; (3) Summer 303: clergy coerced to sacrifice; (4) 304 CE: all Christians required to sacrifice. Enforcement was uneven: most severe in Egypt, North Africa, and the East; lighter in the West under Constantius Chlorus (Constantine's father). Eusebius (*HE* 8–9) is the primary source but prone to rhetorical exaggeration. Lactantius (*De Mortibus Persecutorum*, c. 314 CE) provides partisan but detailed accounts of the persecuting emperors' deaths. The *Gesta apud Zenophilum* (320 CE) preserves actual Roman court records of North African *traditores* — rare documentary evidence. In this dataset, persecution claims for this period carry `attested` certainty where Eusebian or documentary sources name specific events or places.	cascade-curator	2026-03-17T07:30:00Z
note-diocletianic-persecution	rationale	event			The Diocletianic (Great) Persecution (303–313 CE) was the last and most severe Roman persecution of Christians. It unfolded in four edicts: (1) Feb 303: destruction of churches and scriptures, stripping of legal rights; (2) 303: imprisonment of clergy; (3) 303: release of clergy on sacrifice; (4) 304: universal sacrifice demand on all persons. Enforcement varied by region: more severe in the East under Galerius and Maximinus Daia than in the West under Constantius and Maximian. The surrender of scriptures (*traditio*) created the 'traditor' controversy — the direct cause of the Donatist schism (see `note-donatist-schism`). Eusebius (*HE* 8–9 and *De Martyribus Palaestinae*) is the primary source. The persecution formally ended with the Edict of Milan (313 CE) under Constantine and Licinius. Year claims for this event are `attested` based on Eusebius and Lactantius (*De Mortibus Persecutorum*).	cascade-curator	2026-03-17T01:00:00Z
note-dionysius-alex-trinity	rationale	person	dionysius-of-alexandria	clm-dionysius-alex-affirms-trinity	Dionysius opposed Sabellianism but was himself accused of tritheism. His trinitarian position was clarified in correspondence with Dionysius of Rome. Modeled as probable.	cascade-batch-500	2026-03-12T13:00:00Z
note-docetism-overview	commentary	group			Docetism (from Greek *dokein*, to seem/appear) is the belief that Christ only *appeared* to have a physical body and to have suffered — his humanity was phantasmal. It is attested in polemical reaction from: Ignatius of Antioch (Trall. 10, Smyrn. 2–3), John 1:14 ('the Word became flesh'), and 1 John 4:2 ('every spirit that confesses Jesus Christ has come in the flesh'). Docetism is not a single organized sect but a tendency found in multiple Gnostic systems (Marcionite, Valentinian) and independent teachers. In this dataset, 'docetists' as a group refers to teachers identified as holding this view by the patristic heresiologists. Their `group_present_at` claims are modeled as `probable` since the polemical sources name regions (Asia, Phrygia, Rome, Syria) but individual community locations are usually inferred.	cascade-curator	2026-03-16T23:30:00Z
note-donatist-background	commentary	work			The Donatist schism (beginning c. 311 CE) arose from the Diocletianic persecution (303–312 CE) in North Africa. The controversy: (1) During the persecution, some clergy handed over (*tradere*) sacred texts to Roman authorities — these were called *traditores*; (2) Caecilian was ordained bishop of Carthage c. 311 CE by a bishop who some claimed was a *traditor*; (3) The rigorist party, led by Donatus (later: Donatists), refused to recognize sacraments administered by 'polluted' clergy. The Donatist argument: holiness of the minister affects the validity of the sacrament (*ex opere operantis*). The Catholic response (developed by Augustine): the validity of sacraments depends on Christ, not the minister (*ex opere operato*). Scale: Donatism dominated North African Christianity for over a century — at its height there were more Donatist than Catholic bishops in Africa. Augustine's *Letters* and *Anti-Donatist Writings* are the main sources. The schism ended effectively when Vandal invasions disrupted both churches in the 430s. The dataset covers Donatism's origins only (pre-400 CE).	cascade-curator	2026-03-17T05:30:00Z
note-donatist-schism	dispute	group			The Donatist schism (beginning c. 311 CE) arose in North Africa over the question of whether clergy who had handed over scriptures (*traditores*) during the Diocletianic persecution could validly administer sacraments. Donatus of Casae Nigrae led the rigorist party. The Council of Arles (314 CE) condemned Donatism, but the schism persisted in North Africa for over a century, with Donatists eventually outnumbering Catholics in some regions. Augustine of Hippo engaged the Donatists extensively in his anti-Donatist writings. Donatism raised fundamental questions about ex opere operato sacramental theology (does the minister's worthiness affect sacramental validity?). Claims related to Donatism are modeled as post-313 CE events.	cascade-curator	2026-03-16T19:30:00Z
note-dura-europos-church	rationale	event		clm-dura-church-year	The house church at [[place:dura-europos]] (modern Syria) is the earliest surviving identifiable Christian church building. Excavated 1931–1935, it shows a domestic building converted c. 232–256 CE with a baptistery decorated with frescoes including scenes of the Good Shepherd, the Healing of the Paralytic, and Women at the Tomb. The date of conversion is established by coins and inscriptions; the city was abandoned after Sassanid conquest c. 256 CE, preserving the church intact. The `dura-church-construction` event year is therefore well attested archaeologically.	cascade-curator	2026-03-16T19:30:00Z
note-early-baptismal-practice	commentary	work	teaching-of-the-twelve-apostles		Early Christian baptismal practice can be reconstructed from several primary texts: *Didache* 7 (c. 50–150 CE): running water preferred, but still water permitted; threefold immersion or affusion in the trinitarian name. Preceded by fasting. *Justin Martyr* (*1 Apol.* 61): preceded by instruction, fasting, prayer; 'enlightenment' (*phōtismos*) as a term for baptism. *Tertullian* (*De Baptismo*, c. 200 CE): Easter and Pentecost as preferred times; anointing, hand-laying, and eucharistic admission follow. *Hippolytus* (*Apostolic Tradition*, 21, c. 215 CE): three-year catechumenate, Easter night baptism, full nakedness, threefold immersion with renunciations and affirmations, anointing, first eucharist with milk and honey. The progression from Didache (simple) to Apostolic Tradition (elaborate) illustrates the institutionalization of baptismal practice over 150 years. Infant baptism is attested by Origen (*Comm. Rom.* 5.9, c. 240 CE) as 'received from the apostles'; Tertullian's *De Baptismo* 18 is the earliest argument against it.	cascade-curator	2026-03-17T00:30:00Z
note-early-christian-asceticism	commentary	person			Christian asceticism developed from multiple roots: Jewish fasting tradition, Platonic body-soul dualism, apocalyptic urgency, and imitation of Christ's baptism/temptation/passion. Pre-monastic asceticism: virginity as a vocation (Ignatius *Smyrn.* 13; Origen); enkratite movements (Tatian, Marcion); fasting discipline. Egyptian monasticism: Antony of Egypt (c. 251–356 CE) is the paradigmatic desert father, known through Athanasius's *Life of Antony* (c. 356 CE) — the most influential biography in Christian history, translated into Latin by Evagrius of Antioch and circulated throughout the West. The *Life of Antony* describes: withdrawal to the desert, combat with demons, spiritual direction, and final repose with the angels. Communal monasticism: Pachomius (c. 292–348 CE) founded the first *koinobion* (communal monastery) at Tabennisi (c. 320 CE) with a written rule — the origin of cenobitic monasticism. In this dataset, monasticism claims post-300 CE use `attested` certainty with high confidence based on the Athanasian and Pachomian primary sources.	cascade-curator	2026-03-17T08:30:00Z
note-early-christian-deacons	commentary	work			The office of deacon (*diakonos*, servant/minister) appears throughout the NT and early patristic literature with varying roles: (1) Acts 6:1–6: Seven appointed to serve tables for the Hellenist widows — traditional origin of the diaconate, though the word 'deacon' is not used. (2) Phil 1:1; 1 Tim 3:8–13: deacons alongside bishops (*episkopoi*) — suggesting an established office by the mid-1st century. (3) Ignatius of Antioch (all seven letters): deacons serve the eucharist and assist the bishop; 'nothing should be done without the bishop.' (4) *Didache* 15:1–2: deacons appointed by the congregation alongside prophets. (5) *Apostolic Tradition* 8–9: deacon ordained by bishop alone (not presbytery) since the diaconate is not about priesthood but service. Female deacons (deaconesses): 1 Tim 3:11, Rom 16:1 (Phoebe), *Didascalia* and *Apostolic Constitutions* explicitly legislate deaconesses' role in baptizing and ministering to women. By the 4th century, the diaconal office was increasingly transitional (a step toward presbyterate) rather than permanent.	cascade-curator	2026-03-17T02:00:00Z
note-early-christian-eschatology	commentary	work			Early Christian eschatology evolved significantly from 50–400 CE: (1) **Imminent expectation** (50–100 CE): Paul expects the parousia within his lifetime (1 Thess 4:15–17; 1 Cor 15:51–52); Mark's 'this generation' (Mk 13:30). (2) **Delayed parousia** (80–150 CE): 2 Peter 3:3–10 defends the delay; John's Gospel 'realized eschatology' partly reinterprets future events as present. (3) **Millennialism** (100–300 CE): Papias, Justin (*Dial.* 80–81), Irenaeus (*AH* 5.33–36), Tertullian: a literal 1000-year reign of Christ on earth before the final resurrection. (4) **Allegorized/spiritual eschatology** (200–400 CE): Origen spiritualized the millennium; his influence eventually marginalized millennialism in the East. Augustine (*City of God*, c. 413 CE) later identified the millennium with the church age. Proposition claims in this dataset about eschatological positions follow the work's actual text: a work affirming bodily resurrection, future judgment, and parousia carries `attested` certainty; a work affirming a literal millennium carries `attested` for millennialism if explicitly stated.	cascade-curator	2026-03-17T01:30:00Z
note-early-christian-fasting	commentary	work	teaching-of-the-twelve-apostles	clm-didache-affirms-fasting	Early Christian fasting practice is attested across multiple 1st–3rd century sources: (1) *Didache* 8.1: Christians fast on Wednesdays and Fridays (not Monday and Thursday like 'the hypocrites' = Pharisaic Jews). (2) Hermas (*Vis.* 3.10): fasting one day on bread and water as spiritual discipline. (3) Tertullian (*De Jejunio*, c. 217 CE): defends Montanist 'xerophagy' (dry food fasts) against the less rigorous Catholic practice. (4) Justin (*1 Apol.* 61): fasting precedes baptism for candidates and congregation. (5) Hippolytus (*Apostolic Tradition*, 20): three-day fast before Easter baptism. Pre-baptismal and pre-eucharistic fasting were standard; the question was how strict and frequent. Montanism's stricter fasting requirements became a marker of sectarian identity. The *Didache*'s Wednesday-Friday pattern (mirroring the days of betrayal and crucifixion) became the standard in Eastern Christianity.	cascade-curator	2026-03-17T03:00:00Z
note-early-christian-martyrology	commentary	work			The early Christian calendar of martyrs (*martyrologium*) developed from the practice of annual commemoration at martyrs' tombs. Key stages: (1) The *Martyrdom of Polycarp* (c. 156 CE): requests 'fellowship with the martyrs' through annual commemoration at Polycarp's tomb; (2) The *Depositio Martyrum* (Rome, 354 CE): earliest surviving martyrology, listing Roman martyrs' feast days; (3) Eusebius's *Martyrs of Palestine* (c. 311–313 CE): the first systematic martyrological narrative; (4) Numerous *Passiones* (passion accounts): some authentic (Martyrdom of Perpetua and Felicitas, c. 203 CE), many legendary expansions. The *Martyrdom of Perpetua and Felicitas* (203 CE, Carthage) is particularly valuable as it contains diary entries likely written by Perpetua herself — making it one of the earliest texts attributed to a woman. In this dataset, martyrdom claims carry `attested` certainty where ancient accounts are contemporary or near-contemporary, and `probable` where later martyrologies are the only source.	cascade-curator	2026-03-17T08:00:00Z
note-ebionite-schism	rationale	group	ebionites	clm-ebionites-schismed-from-jerusalem	Ebionites maintained Torah observance and rejected Pauline teaching. Their origin from the Jerusalem mother church is standard scholarly reconstruction.	cascade-batch-500	2026-03-12T12:00:00Z
note-edict-of-milan	commentary	event	edict-of-milan-313		The 'Edict of Milan' (313 CE) is not technically a formal edict but a rescript/letter issued by Constantine I and Licinius at Milan, granting religious toleration throughout the empire and ordering the return of confiscated church property. **Primary sources**: - Lactantius *De Mortibus Persecutorum* 48: Latin text of the letter sent to governors; the most complete version; - Eusebius *HE* 10.5: Greek paraphrase of the imperial letter. **Content**: Grants all persons freedom to follow whatever religion they choose; specifically names Christians but grants universal toleration; orders immediate restoration of confiscated church buildings and property with compensation from the imperial treasury. **Significance**: Represents the end of Roman persecution of Christians (though persecution had already ended under Galerius's Edict of Toleration in 311 CE). **Limits**: The 'Edict' did not make Christianity the state religion — that came with Theodosius I's *Cunctos populos* (380 CE). **Dataset note**: Constantine's participant_in claim links to this event; the passage psg-eusebius-he-10-5 is the primary supporting evidence.	cascade-curator	2026-03-17T14:00:00Z
note-ephesians-deuteropauline	dispute	work	epistle-to-the-ephesians	clm-ephesians-by-paul	Ephesians has a stronger case for pseudonymity than Colossians. Key arguments for pseudonymity: (1) Earliest manuscripts lack 'in Ephesus' (Eph 1:1) — suggesting it was a circular letter, not written to a known congregation; (2) Heavily dependent on Colossians (over half of Colossians' verses have parallels); (3) More elevated and liturgical style; (4) More developed ecclesiology (universal church as bride and body of Christ). The 'Ephesian hypothesis': Ephesians may be a covering letter for the Pauline letter collection (Knox, Mitton), written after Paul's death to introduce and interpret the corpus. Marcion called it 'The Epistle to the Laodiceans.' Current scholarly consensus: majority regard it as deuteropauline (c. 80–90 CE). In this dataset, authorship carries `probable` certainty (traditional attribution; critical majority position is pseudonymous).	cascade-curator	2026-03-17T05:00:00Z
note-ephrem-nisibis-edessa	rationale	person	ephrem-the-syrian	clm-ephrem-member-edessa-church	[[person:ephrem-the-syrian|Ephrem]] lived in Nisibis until its cession to Persia in 363 CE, then moved to Edessa where he died in 373 CE. Some hymns previously thought to be from his Edessan period are now attributed to his Nisibene period by scholars. The `written_at=edessa` claims for his hymn collections reflect the traditional Edessan attribution but individual hymns may have been composed at Nisibis. Certainty is `probable` until stronger philological evidence distinguishes the periods.	cascade-curator	2026-03-16T13:00:00Z
note-ephrem-the-syrian	commentary	person	ephrem-the-syrian		[[person:ephrem-the-syrian|Ephrem the Syrian]] (c. 306–373 CE) is the greatest poet-theologian of Syriac Christianity and a Doctor of the Church. **Life**: Born in Nisibis; studied under [[person:jacob-of-nisibis|Jacob of Nisibis]]; remained in Nisibis during the Persian sieges of 338, 346, and 350 CE. After Rome ceded Nisibis to Persia in 363 CE, Ephrem relocated to Edessa, where he taught and wrote until his death in 373 CE. **Literary output**: Vast corpus including: - *Carmina Nisibena* (Hymns of Nisibis): 77 poems; theological and historical, covering the sieges and Jacob's role; - *Hymns on Faith*: anti-Arian polemics; - *Hymns on the Nativity*, *Crucifixion*, *Resurrection*: liturgical; - *Prose Refutations* of Marcion, Mani, and Bardaisan. **Theological method**: Ephrem used *ramsā* (typology) and *rāzā* (mystery/symbol) extensively; his poetry resists systematic abstraction. **Significance for dataset**: Ephrem's *Carmina Nisibena* are the primary evidence for Jacob of Nisibis as teacher/bishop; his anti-Arian hymns connect the Nisibene church to Nicene orthodoxy.	cascade-curator	2026-03-17T14:30:00Z
note-epistle-james-context	dispute	work	epistle-of-james	clm-james-by-james	The Epistle of James is traditionally attributed to James the Lord's brother (bishop of Jerusalem, martyred c. 62 CE). Critical issues: (1) The Greek is unusually polished for a Galilean artisan — among the best in the NT — suggesting either a learned secretary or pseudonymous authorship; (2) The earliest clear citation is by Origen (c. 230 CE) — very late for apostolic literature; (3) Luther famously called it 'an epistle of straw' for its apparent tension with Pauline justification by faith alone (Jas 2:14–26); (4) It is absent from the Muratorian Fragment and disputed by Eusebius. Modern scholarly positions: (a) Authentic — James of Jerusalem wrote it in simple Greek, possibly using a secretary; (b) Pseudonymous — written c. 80–100 CE by a Jewish-Christian author using James's authority; (c) Edited — a Jewish homily reworked into a Christian letter. In this dataset, authorship carries `probable` certainty (traditional attribution with unresolved critical questions).	cascade-curator	2026-03-17T05:00:00Z
note-epistle-jude-context	dispute	work	epistle-of-jude	clm-jude-by-jude	The Epistle of Jude is the most disputed of the Catholic Epistles. It cites the *Book of Enoch* (Jude 14–15, quoting 1 En 1:9) and the *Assumption of Moses* (Jude 9) as authoritative — implying a Jewish-Christian author comfortable with non-canonical Jewish literature. The letter's dependence on (or priority to) 2 Peter 2 is debated — most scholars hold that 2 Peter used Jude, making Jude earlier. Dating: c. 60–90 CE (before or contemporary with 2 Peter). Eusebius listed it as *antilegomenon* (disputed, HE 3.25.3). Didymus the Blind (c. 380 CE) notes it was doubted by some. Athanasius included it in the 27-book NT (Festal Letter 39, 367 CE). Traditional attribution to Jude, brother of James and Jesus (Jude 1:1; cf. Mk 6:3), carries `possible` certainty in this dataset given the pseudonymity arguments.	cascade-curator	2026-03-17T05:00:00Z
note-epistle-of-barnabas	dispute	work	epistle-of-barnabas		The *Epistle of Barnabas* (c. 70–135 CE) is anonymous and has no connection with the Apostle Barnabas (Acts 4:36); the attribution is ancient but unsupported. It is a theological tract (not a letter) arguing that the OT was never meant to be interpreted literally by Jews — the whole Law is an allegory pointing to Christ. This radical supersessionist reading goes beyond Paul or even Origen. The work appears in Codex Sinaiticus after Revelation, suggesting full canonical status in some Egyptian communities. Origen and Clement of Alexandria cited it. The dating debate: post-70 CE (destruction of Jerusalem) and likely pre-135 CE (Bar Kokhba revolt, since ch. 16 seems to know of the Temple's destruction but anticipate its rebuilding). Egyptian provenance is almost universally assumed. Its anti-Jewish polemic is more virulent than any canonical NT text and should be read in the context of Jewish-Christian competition in Alexandria.	cascade-curator	2026-03-17T02:00:00Z
note-eucharist-development	rationale	work	teaching-of-the-twelve-apostles		Eucharistic practice development across the first three centuries: (1) *Last Supper texts*: 1 Cor 11:23–26 (earliest, c. 54 CE) — institution narrative; Luke 22:14–20; Mark 14:22–25; Matthew 26:26–29. (2) *Didache* 9–10 (c. 85–110 CE): eucharistic prayers without explicit words of institution; 'breaking of bread'; cup before bread (unusual). (3) Justin *1 Apol.* 65–67 (c. 150 CE): fullest early description — president's prayer of thanksgiving, distribution by deacons, absent members receive portion; Sunday-only; only baptized may receive. (4) Ignatius: 'Eucharist of the flesh of our Savior Jesus Christ' (*Smyrn.* 7); anti-Docetic significance — Christ truly suffered in the flesh. (5) Hippolytus *AT* (c. 215 CE): bishop's eucharistic prayer, ordination rites. (6) Cyprian: controversy over use of water vs. wine-and-water (*Ep.* 63). The eucharist progressively separated from the *agape* meal; by c. 200 CE it was distinct in most communities. In this dataset, eucharistic claims from these sources are coded with `work_affirms_proposition` predicate and the relevant proposition entity.	cascade-curator	2026-03-17T07:00:00Z
note-eusebius-arles-error	dispute	person	eusebius-of-caesarea		[[person:eusebius-of-caesarea|Eusebius of Caesarea]] attending the Council of Arles (314 CE) is historically improbable. Arles was a Western council convened by Constantine to settle the Donatist controversy; it was attended by Western bishops. There is no primary source placing Eusebius at Arles. This claim should be reviewed and likely removed or changed to `needs_revision`.	cascade-curator	2026-03-16T13:00:00Z
note-eusebius-caesarea	rationale	person	eusebius-of-caesarea	clm-eusebius-he-by-eusebius	Eusebius of Caesarea (c. 260–339 CE) is the 'father of church history,' our single most important source for early Christian history despite serious methodological limitations. His *Historia Ecclesiastica* (first edition c. 303 CE; revised to c. 325 CE) in 10 books preserves: (1) Extensive quotations from lost 2nd–3rd century authors (Papias, Hegesippus, Dionysius of Corinth, Serapion of Antioch); (2) Succession lists of bishops for major sees; (3) Accounts of persecutions; (4) Canon debates (*HE* 3.25: the *homologoumena/antilegomena* classification). Limitations: (1) Apologetic purpose — he writes to demonstrate the church's antiquity, purity, and continuity with apostolic Christianity; (2) Pro-Constantinian bias (*Vita Constantini*); (3) Careless citation practices — sometimes mistranscribes or misattributes sources; (4) His *Chronicle* makes calculations that modern historians often reject. Methodological principle for this dataset: Eusebian data carries `probable` certainty where he cites no source or paraphrases; `attested` where he quotes verbatim primary sources that are independently verifiable.	cascade-curator	2026-03-17T07:30:00Z
note-eusebius-historian-bias	dispute	person	eusebius-of-caesarea	clm-eusebius-he-by-eusebius	[[person:eusebius-of-caesarea|Eusebius of Caesarea]]'s *Historia Ecclesiastica* (HE, c. 300–325 CE, revised in multiple editions) is the primary source for the first three centuries of Christianity. Its value is immense — Eusebius quotes verbatim from now-lost sources (Clement of Alexandria, Papias, Hegesippus, Polycarp's martyrdom letter, etc.). However, as a historian Eusebius has well-known biases: (1) Pro-Constantinian — the final edition glorifies Constantine and frames history teleologically toward Roman Christian empire; (2) Selective quotation — he excerpts sources to support his theses; (3) Episcopal succession focus — he writes history from the top down, ignoring local Christianity; (4) Apologetic purpose — HE is fundamentally an apology for the antiquity and credibility of Christianity, not disinterested history. Claims derived from HE should be cross-referenced with independent evidence where possible.	cascade-curator	2026-03-16T21:30:00Z
note-eusebius-nt-canon	rationale	person	eusebius-of-caesarea	clm-eusebius-he-by-eusebius	Eusebius (*HE* 3.25) provides the earliest systematic classification of NT books into three categories: (1) *Homologoumena* (universally acknowledged): 4 Gospels, Acts, 14 Paulines (including Hebrews), 1 John, 1 Peter, and Revelation (with reservation); (2) *Antilegomena* (disputed but widely known): James, Jude, 2 Peter, 2–3 John; (3) *Notha* (spurious): Acts of Paul, Shepherd of Hermas, Apocalypse of Peter, Barnabas, Didache, and Gospel of the Hebrews. Eusebius himself was ambivalent about Revelation — placing it in category 1 but noting he would place it in category 3. This taxonomy reflects the state of canon formation c. 300 CE. The modern 27-book NT canon was formally affirmed by Athanasius's *Festal Letter* 39 (367 CE). Claims in this dataset about individual works' canonical status should be read against Eusebius's classification as a key data point.	cascade-curator	2026-03-17T01:00:00Z
note-exhortation-to-martyrdom	rationale	work	exhortation-to-martyrdom	clm-exhort-martyrdom-by-origen	[[work:exhortation-to-martyrdom|Origen's *Exhortation to Martyrdom*]] (c. 235 CE) was written during the Maximinus Thrax persecution for Ambrose and Protoctetus. It argues that martyrdom is the ultimate Christian witness and that apostasy — even under torture — is spiritual adultery. The work shows Origen's understanding of martyrdom as: sharing in Christ's passion, a second baptism, and an atoning sacrifice. This theology of martyrdom is a primary source for understanding why the Decian crisis (249–251 CE) was so theologically devastating: Origen's earlier teaching had set an extremely high bar for conduct under persecution. The work also preserves Origen's most explicit statements about the intercessory role of martyrs and the communion of saints.	cascade-curator	2026-03-16T23:30:00Z
note-fabian-sardinia	rationale	person	fabian	clm-fabian-in-sardinian-return	Fabian brought back the bodies of Hippolytus and Pontian from Sardinia c. 236. He is a participant in the aftermath of the exile event.	cascade-batch-500	2026-03-12T12:00:00Z
note-firmilian-origen-connection	rationale	person	firmilian-of-caesarea		[[person:firmilian-of-caesarea|Firmilian of Caesarea Mazaca]] (died 268 CE) was bishop of Caesarea in Cappadocia and one of the most prominent Eastern bishops of the 3rd century. He was a close associate of [[person:origen-of-alexandria|Origen]], who visited Cappadocia at Firmilian's invitation (Eusebius HE 6.27), and of [[person:cyprian-of-carthage|Cyprian]], whom he supported in the rebaptism controversy against Stephen I of Rome. Firmilian's letter to Cyprian (preserved in Cyprian's corpus as Ep. 75) is a primary source for the rebaptism controversy from the Eastern perspective. His presence in Caesarea Mazaca (Cappadocia) is attested by his episcopal title. Claims about his activities at the Synod of Antioch (268 CE, which condemned Paul of Samosata) place him at Antioch at his death — he died en route to the synod.	cascade-curator	2026-03-16T22:30:00Z
note-first-enoch-relevance	commentary	work	first-enoch		1 Enoch (*Ethiopic Enoch*) is a composite Second Temple Jewish apocalypse (c. 300–50 BCE, various sections), preserved completely only in Ethiopic. Its relevance for early Christianity: (1) Jude 14–15 quotes 1 En 1:9 as prophetic scripture — the clearest NT citation of a non-canonical Jewish text; (2) The Parables of Enoch (1 En 37–71) use 'Son of Man' as a heavenly figure — possible background for Jesus's self-designation; (3) The Watchers narrative (1 En 6–11) is cited by 2 Peter 2:4 and Jude 6; (4) Enochic literature influenced early Christian angelology, demonology, and eschatology broadly. In the early church: Tertullian defended 1 Enoch as Scripture (*De Idolol.* 4); Jerome and Augustine rejected it; it was eventually excluded from the Western and Eastern canons but remains canonical in the Ethiopian Orthodox Church. In this dataset, 1 Enoch is referenced as a contextual source for Jewish backgrounds to early Christian theology; claims derived from it use `contextualizes` evidence role.	cascade-curator	2026-03-17T08:30:00Z
note-frumentius-axum	commentary	person	frumentius	clm-frumentius-participant-christianization	[[person:frumentius|Frumentius]] (c. 300–c. 380 CE) is the apostle of Ethiopia and the first bishop of [[place:aksum|Axum]]. **Biography**: Born in Tyre; shipwrecked on the Red Sea coast as a boy with his relative Aedesius; enslaved and brought to the Aksumite court; rose to positions of influence under King Ella Amida and later as regent for the young King Ezana. Used his position to favor Christian merchants and establish prayer houses. **Consecration**: After Ezana came of age, Frumentius traveled to Alexandria to request a missionary bishop; [[person:athanasius-of-alexandria|Athanasius]] consecrated Frumentius himself as bishop, traditionally c. 328 CE or c. 340–346 CE. **Christianization**: Frumentius returned to Axum, baptized King Ezana, built churches, and supervised the translation of scripture. Ezana's conversion is confirmed by the change in his inscriptions from polytheistic to monotheistic/Trinitarian formulas (RIE 271). **Primary source**: Rufinus *HE* 1.9–10 is the most complete early account; Sozomen *HE* 2.24 also covers the story. **Controversy**: Constantius II (Arian) wrote to Ezana demanding Frumentius be replaced with an Arian bishop Theophilus — evidence preserved in Athanasius's *Apologia ad Constantium* 31.	cascade-curator	2026-03-17T14:00:00Z
note-gnostic-cosmology	commentary	group			Gnostic cosmology typically includes: (1) A transcendent, unknowable supreme God distinct from the Creator; (2) A divine Pleroma of Aeons or emanations; (3) A Fall or disruption (Sophia's error in most Valentinian systems); (4) A Demiurge — the creator of the material world, identified with the OT God, ignorant of the higher God; (5) Material humans who contain divine light/sparks; (6) Three types of humans: pneumatics (spiritual, can receive gnosis), psychics (soul-people, can be saved with effort), hylics (material, no hope). This framework is attested across Valentinian, Sethian, and Basilidean systems, though with variations. Key primary sources (Nag Hammadi): Gospel of Truth, Tripartite Tractate, Apocryphon of John. Polemical sources: Irenaeus AH 1, Hippolytus Refutatio, Epiphanius Panarion. In this dataset, Gnostic group `group_present_at` claims are modeled as `probable` since polemical sources identify regions but not specific city-level communities.	cascade-curator	2026-03-17T02:00:00Z
note-gnosticism-overview	commentary	group			Gnosticism is a modern scholarly category applied to a diverse set of religious movements in the 1st–3rd centuries CE sharing: a demiurgic cosmology (the material world created by an inferior deity, not the highest God), pneumatic anthropology (humans have a divine spark trapped in matter), and salvation through *gnosis* (knowledge/revelation). Major 'Gnostic' systems: Valentinians (Ptolemy, Theodotus), Sethians, Basilideans, Ophites, Marcionites (disputed). Primary sources: Irenaeus AH (hostile), Nag Hammadi codices (1st-hand), Hippolytus *Philosophumena* (hostile). The category 'Gnosticism' is contested: M.A. Williams (*Rethinking Gnosticism*, 1996) and others argue it is too broad to be analytically useful. In this dataset, individual groups are modeled separately (valentinians, marcionites, etc.) rather than under a single 'gnostic' group.	cascade-curator	2026-03-16T21:30:00Z
note-gospel-of-thomas-gnostic	dispute	work			The Coptic *Gospel of Thomas* (Nag Hammadi Codex II,2), discovered 1945, contains 114 sayings attributed to Jesus. Its relationship to the canonical Gospels is debated: some scholars argue it preserves independent early traditions; others see it as dependent on the Synoptics and/or developing Gnostic tendencies. The work shows no narrative structure, passion account, or resurrection appearances. Greek fragments (*P.Oxy.* 1, 654, 655) predate the Coptic version. The date ranges from very early (some scholars: 50–70 CE) to mid-2nd century (majority scholarly position: c. 120–140 CE). Proposition claims based on Gospel of Thomas are tagged `possible` or `probable` given the uncertainty about its date, provenance, and theological character.	cascade-curator	2026-03-16T19:30:00Z
note-gregory-illuminator	commentary	person	gregory-the-illuminator	clm-gregory-illum-bishop-vagharshapat	[[person:gregory-the-illuminator|Gregory the Illuminator]] (c. 239–330 CE) is the apostle of Armenia and first bishop of the Armenian church. **Biography**: Born of Parthian nobility; imprisoned 13 years in a pit by King Tiridates III after refusing to sacrifice to the goddess Anahit; healed Tiridates of a mental illness (per tradition); converted him to Christianity c. 301 CE — making Armenia the first nation to adopt Christianity as a state religion. **Consecration**: Gregory was consecrated bishop by Leontius of Caesarea in Cappadocia; he established his episcopal see at Vagharshapat (later Etchmiadzin). **Primary source**: The Armenian source *Agathangelos* (c. 5th century) is the main narrative account; Rufinus HE 1.9, Socrates HE 1.20, and Sozomen HE 2.8 provide Greek witnesses. **Significance**: The Armenian Apostolic Church traces its foundation to Gregory; his dynasty (*Gregorids*) held the catholicate hereditarily for several generations. **Dataset note**: [[place:vagharshapat|Vagharshapat]] claims reference Gregory's episcopal seat; evidence is primarily the Socrates HE 1.19 passage.	cascade-curator	2026-03-17T14:00:00Z
note-gregory-thaumaturgus	rationale	person	gregory-thaumaturgus		[[person:gregory-thaumaturgus|Gregory Thaumaturgus]] (c. 213–270 CE) was a student of [[person:origen-of-alexandria|Origen]] at Caesarea Maritima, whose *Address to Origen* (c. 238 CE) is the most complete surviving firsthand account of Origen's school and teaching methods. After studying under Origen for five years, Gregory became bishop of Neocaesarea in Pontus, reportedly converting nearly all its pagan population — hence 'Thaumaturgus' (Wonder-Worker). His *Creed of Gregory* is one of the earliest extant extra-biblical trinitarian creeds. His biography (by Gregory of Nyssa, c. 380 CE) is hagiographically embellished and historically unreliable for the miraculous elements. The `teacher_of` relationship between Origen and Gregory is attested by Gregory's own words in the *Address to Origen*, making it one of the most secure teacher-student relationships in the patristic data.	cascade-curator	2026-03-16T22:30:00Z
note-group-present-at-methodology	rationale	group			The `group_present_at` predicate models the presence of a Christian community or sect in a geographic place at a given time. The evidence standards vary: (1) `attested` (certain=1): an ancient source explicitly names the group in that place. (2) `probable` (cert=0.7): strong inference from multiple contextual sources, e.g., a letter addressing a community there, or a bishop's see named for the place. (3) `possible` (cert=0.5): a single indirect reference, or later tradition. Examples: the Marcionite church at Rome is attested by Justin (*1 Apol* 26), Irenaeus (AH 1.27), and Tertullian (*Adv. Marc.*). The Valentinians at Rome are attested by Irenaeus AH 3.4. By contrast, 'docetists at Phrygia' is modeled as `probable` because Ignatius warns against docetists addressed in Asia letters, and Phrygia is in that region, but no source explicitly names a Phrygian docetist community. Certainty levels on group_present_at claims reflect these distinctions.	cascade-curator	2026-03-16T22:30:00Z
note-hebrews-authorship	dispute	work			The authorship of the Epistle to the Hebrews is one of the most debated questions in NT scholarship. The letter is anonymous; the Pauline attribution in the KJV title ('The Epistle of Paul to the Hebrews') has no manuscript support. Ancient proposals include Barnabas (Tertullian), Apollos (Luther, Montefiore), Priscilla (Harnack), Luke, and Clement of Rome. Origen famously concluded: 'who actually wrote the epistle, only God knows' (Eusebius HE 6.25.14). The letter's Greek style is distinct from Paul's authenticated letters. No `authored_by` claim is made for Hebrews in this dataset; any authorship claim should be marked `possible` or `claimed_tradition` at best.	cascade-curator	2026-03-16T19:30:00Z
note-hebrews-authorship-evidence	dispute	work	epistle-to-the-hebrews		The Epistle to the Hebrews presents the most complex authorship problem in the NT. The letter is anonymous; Paul's name appears in no manuscript. Ancient attributions: Origen (*c.* 230 CE, in Eusebius HE 6.25.11–14): 'Who wrote the epistle, in truth God knows' — while noting the thought is Pauline but the style is better Greek than Paul. Tertullian attributed it to Barnabas. Clement of Alexandria: Luke translated Paul's Hebrew original (Eusebius HE 6.14.2). Modern scholarly options: Paul, Barnabas, Luke, Apollos (Luther's suggestion), Priscilla (Harnack), or an unknown Pauline school author. Style analysis: Hebrews has the most polished Greek in the NT, with periodic sentences and extensive use of *qal wahomer* (lesser-to-greater) argument — very different from Paul's authentic letters. In this dataset, Pauline authorship claims carry `possible` certainty; Alexandrian/Pauline-school authorship carries `probable`.	cascade-curator	2026-03-17T01:30:00Z
note-hegesippus-memoirs	rationale	person	hegesippus	clm-hegesippus-active-rome	Hegesippus (c. 110–180 CE) was a Jewish Christian apologist whose five-volume *Memoirs* (*Hypomnemata*) are lost except in extensive quotations by Eusebius. His significance: (1) He provides the earliest episcopal succession list for Rome (Eusebius HE 4.22.3), which he compiled during a journey from Corinth to Rome; (2) He is the primary source for the tradition of James the Lord's brother and his martyrdom; (3) He used the term *ekklesia* to distinguish the true church from heretical communities. Eusebius describes Hegesippus as visiting many bishops and finding the same teaching (*didache*) everywhere — an early appeal to apostolic consensus. His Jewish-Christian perspective and proximity to the Palestinian tradition make him an important (if fragmentarily preserved) witness to 2nd-century catholicism. All claims derived from Hegesippus are mediated through Eusebius's selective quotation.	cascade-curator	2026-03-17T01:00:00Z
note-hierapolis-modeling	rationale	group	disciples-of-jesus	clm-group-disciples-hierapolis	[[bible:Col.4.12-Col.4.13|Colossians 4:12-13]] explicitly attests believers in [[place:hierapolis]] through Epaphras's concern, but it does not explicitly name a distinct church there. This batch therefore records generic disciple presence rather than creating a new communion entity.	cascade	2026-03-10T16:30:00Z
note-hippolytus-apostolic-tradition	rationale	work	apostolic-tradition	clm-ca-by-hippolytus	The *Apostolic Tradition* attributed to [[person:hippolytus-of-rome|Hippolytus of Rome]] (c. 215 CE) is one of the most important early Christian liturgical documents, preserving the eucharistic prayer, baptismal rite, ordination prayers, and community regulations. However, its attribution to Hippolytus is strongly contested. The current critical consensus (Bradshaw, Johnson, Phillips) questions both Hippolytine authorship and Roman provenance. The text may be a composite document from the 3rd–4th centuries, possibly from Egypt or Syria. Despite this, it remains significant evidence for early liturgical practice. Claims about the *Apostolic Tradition*'s propositions are modeled as `probable` for Hippolytine authorship and `attested` for the liturgical content itself (which is independently attested regardless of exact authorship).	cascade-curator	2026-03-16T23:30:00Z
note-hippolytus-callistus-dispute	dispute	person	hippolytus-of-rome	clm-hippolytus-callistus-schism-year	The rivalry between [[person:hippolytus-of-rome|Hippolytus]] and [[person:callistus-i|Callistus I]] (bishop of Rome 217–222 CE) involved both theological and disciplinary disputes. Hippolytus accused Callistus of modalism (Sabellianism) and of laxity in admitting the lapsed and clerics who had remarried. The Philosophumena (Refutation of All Heresies) is Hippolytus's polemical account. The historicity of Hippolytus's own counter-episcopacy is debated: the Liberian Catalogue lists him as a schismatic bishop. He was ultimately reconciled to Rome and martyred with Pope Pontian under Maximinus Thrax (235 CE). Claims modeling his `rival_bishop` role are attested from Hippolytus's own polemical writings, filtered through his obvious bias against Callistus.	cascade-curator	2026-03-16T19:30:00Z
note-hippolytus-novatian	rationale	person	hippolytus-of-rome	clm-hippolytus-teacher-of-novatian	Novatian's De Trinitate shows strong influence from Hippolytus's Logos theology. The teacher_of claim is modeled as probable based on theological dependence and Roman church context.	cascade-batch-500	2026-03-12T12:00:00Z
note-hippolytus-rival-bishop	rationale	person	hippolytus-of-rome	clm-hippolytus-rival-bishop-rome	Hippolytus established a rival episcopal succession against Callistus I c. 217. Modeled as probable to reflect contested status.	cascade-batch-500	2026-03-12T12:00:00Z
note-ignatius-letter-series	rationale	person	ignatius-of-antioch	clm-ignatius-martyrdom-year	[[person:ignatius-of-antioch|Ignatius of Antioch]] wrote seven letters while being transported to martyrdom in Rome (c. 107–117 CE under Trajan): to Ephesus, Magnesia, Tralles, Rome, Philadelphia, Smyrna, and to [[person:polycarp-of-smyrna|Polycarp]]. These survive in three recensions: Short (Syriac, 3 letters), Middle (Greek, 7 letters — accepted as authentic), and Long (spurious expansions). The Middle Recension is the scholarly consensus for authenticity (Lightfoot, Zahn, against Downer and Pearson's challenges). Ignatius is the primary early source for: monarchical episcopate, the Eucharist as 'medicine of immortality,' anti-docetic polemic, and martyrdom theology. The exact year is uncertain (Trajan reign = 98–117 CE); 107–115 CE is the standard range. See also note `note-ignatius-middle-recension`.	cascade-curator	2026-03-16T21:30:00Z
note-ignatius-martyrdom-sources	dispute	person	ignatius-of-antioch		[[person:ignatius-of-antioch|Ignatius]]'s martyrdom at Rome (c. 107–117 CE) is attested by the seven authentic letters themselves — written en route to Rome — and by Polycarp's *Epistle to the Philippians* 13 (which asks for news of Ignatius). However, no independent contemporary account of the actual execution survives. The *Martyrium Ignatii Antiocheni* is a later legendary account, probably 4th-5th century, with historically unreliable details. Eusebius (*HE* 3.36) reports Ignatius's martyrdom under Trajan (98–117 CE). The year c. 107–117 CE is therefore `probable`: we know it was during Trajan's reign, the letters confirm transport to Rome, and Rome is the implied destination (*Ign. Rom.* passim). The exact year cannot be established. Ignatius's theology of martyrdom: he actively seeks martyrdom, warns the Romans not to intercede on his behalf, describes the wild beasts as grinding him into 'pure bread for Christ' — the most developed early theology of voluntary martyrdom.	cascade-curator	2026-03-17T03:00:00Z
note-ignatius-middle-recension	rationale	person	ignatius-of-antioch	clm-ignatius-bishop-antioch	The seven letters of [[person:ignatius-of-antioch|Ignatius]] in the middle recension (Eph, Magn, Trall, Rom, Phil, Smyrn, Polyc) are widely accepted as authentic (Lightfoot, Zahn, Schoedel). The longer and shorter recensions are rejected as interpolated/abbreviated. All claims based on Ignatius's letters use the middle recension.	cascade-curator	2026-03-16T13:00:00Z
note-irenaeus-ah-dating	rationale	work	against-heresies	clm-irenaeus-ah-year	[[work:against-heresies|Against Heresies]] (*Adversus Haereses*) was composed in stages by [[person:irenaeus-of-lyons|Irenaeus]] c. 175–185 CE. The five-book work's internal evidence (AH 2.22.5 reference to 'those who have seen John' as still living) suggests the early books were written c. 175–180 CE; the later books likely c. 180–185 CE. It is the most comprehensive anti-heretical treatise of the 2nd century, surveying Valentinian, Marcionite, Basilidean, and other Gnostic systems. AH 3.3.1–4 contains the famous Roman episcopal succession list (Peter → Linus → Anacletus → Clement → ...) and the appeal to apostolic tradition. Book 5's eschatology and millennialism are unique among Irenaeus's preserved positions. The original Greek is largely lost; the work survives in a close Latin translation and in Armenian and Syriac fragments.	cascade-curator	2026-03-16T21:30:00Z
note-irenaeus-infant-baptism	rationale	work	against-heresies	clm-irenaeus-ah-affirms-infant-baptism	"AH 2.22.4 states Christ ""became an infant for infants"" and sanctified every age. This is the standard patristic citation for infant baptism theology, but the text does not use the word ""baptism"" explicitly. The claim is modeled as attested because Origen (Comm. Romans 5.9) cites ""the tradition from the apostles"" for infant baptism and presupposes Irenaeus is in that stream. Certainty is attested but the inference path is one level indirect."	cascade	2026-03-10T21:00:00Z
note-irenaeus-on-nt-canon	rationale	person	irenaeus-of-lyons		[[person:irenaeus-of-lyons|Irenaeus]] (*AH* 3.1.1–3.3.4) is the first author to explicitly name and argue for a four-Gospel canon: Matthew (for Hebrew Jews), Mark (Peter's preaching), Luke (Paul's Gospel), John (for the Logos). His argument for exactly four Gospels from AH 3.11.8 is famous: 'there are four principal winds, four quarters of the world, four living creatures before the throne — therefore four Gospels.' Irenaeus also accepted the Pauline epistles (including the Pastorals and Hebrews), Acts, Revelation, and 1 John as authoritative Scripture. He is thus the earliest witness to a recognizably 'canonical' NT core. His acceptance of Revelation against Gaius (who rejected it as Cerinthian) is significant for Revelation's canonical history. Claims about Irenaeus's canonical positions are modeled as `attested` based on explicit statements in *Against Heresies* and his surviving fragments.	cascade-curator	2026-03-17T01:30:00Z
note-irenaeus-recapitulation	rationale	person	irenaeus-of-lyons		[[person:irenaeus-of-lyons|Irenaeus]]'s *anakephalaiosis* (recapitulation) theology — first fully developed in AH 3 and 5 — holds that Christ recapitulates (*anakepha-laioō*) all humanity in himself, retracing and undoing Adam's steps. Adam disobeyed at a tree (the forbidden fruit); Christ obeys on a tree (the cross). Adam was made of virgin earth; Christ born of a virgin. Adam fell in a garden; Christ's agony begins in Gethsemane. The recapitulation motif requires the full humanity of Christ — making it both anti-Docetist and anti-Marcionite. Irenaeus's recapitulation is also the basis for his 'physical redemption' soteriology: Christ became what we are so that we might become what he is (*AH* 5.praef.). This proposition is attested in AH 3.18-22 and 5.1-21 and is modeled as `attested` in the dataset under the `work_affirms_proposition` predicate for Against Heresies.	cascade-curator	2026-03-17T00:30:00Z
note-jacob-of-nisibis-commentary	commentary	person	jacob-of-nisibis	clm-jacob-bishop-nisibis	[[person:jacob-of-nisibis|Jacob of Nisibis]] (died c. 338 CE) was the first bishop of [[place:nisibis|Nisibis]] (modern Nusaybin, Turkey/Syria border) and the spiritual father of [[person:ephrem-the-syrian|Ephrem the Syrian]]. **Historical role**: - Bishop of Nisibis from c. 308 CE; - Attended the First Council of Nicaea (325 CE) and opposed Arius; - Credited with founding the School of Nisibis, one of the great intellectual centers of Syriac Christianity; - Participated in the defense of Nisibis against Persian sieges. **Sources**: Ephrem's *Carmina Nisibena* (Hymns of Nisibis) are the most important primary witness to Jacob's life and work; Theodoret *HE* 1.7 also mentions him. **Nisibis**: After the Roman cession of Nisibis to Persia in 363 CE (following Julian's defeat), the Christian community and school relocated to Edessa, then later re-established. **Dataset note**: The Jacob-Ephrem teacher relationship is a central claim in this dataset's Syriac Christianity coverage; Ephrem's own hymns are the strongest evidence.	cascade-curator	2026-03-17T14:00:00Z
note-jerusalem-church-post-70	rationale	group			The fate of the Jerusalem church after the Roman destruction of Jerusalem (70 CE) is important for understanding early Jewish Christianity. Eusebius (*HE* 3.5.3) reports the Jerusalem Christians fled to Pella in Transjordan before the siege — the 'Pella flight' tradition. This is accepted by many scholars but questioned by others (Brandon, Weiss) as a late apologetic construction. After 70 CE, Jerusalem/Aelia Capitolina (renamed after 135 CE) had a gentile-majority Christian community under a non-Jewish bishop (Marcus, according to Eusebius HE 4.6). Jewish Christians (Ebionites, Nazarenes) survived in Transjordan, Syria, and Egypt. Claims about the Jerusalem church's presence and leadership after 70 CE carry `probable` certainty and depend heavily on Eusebius, whose reliability for this period is uncertain.	cascade-curator	2026-03-17T01:00:00Z
note-johannine-authorship-debate	dispute	work	gospel-of-john		The Johannine authorship question encompasses the Gospel, three epistles, and Revelation. The traditional view: the Apostle John (son of Zebedee) wrote all five. The critical problems: (1) Dionysius of Alexandria (*c.* 260 CE, in Eusebius HE 7.25) first argued that Revelation and the Gospel/Epistles are by different authors based on Greek style. (2) The Gospel and 1 John share vocabulary and theology closely; 2–3 John identify the author as 'the Elder.' (3) Papias (*c.* 130 CE) distinguishes 'John the Apostle' from 'John the Elder,' suggesting two Johns at Ephesus. Current scholarly positions: - Gospel: probably the 'Beloved Disciple' community at Ephesus, c. 90–100 CE. - 1 John: same tradition, slightly later. - 2–3 John: 'the Elder,' probably the same author as 1 John. - Revelation: different author, probably 'John the Elder' or an unknown John. Claims about Johannine authorship carry `probable` for apostolic attribution, with the note that this attribution is traditional and contested.	cascade-curator	2026-03-17T01:00:00Z
note-john-apostle-ephesus	dispute	person	john-son-of-zebedee		The tradition that John the son of Zebedee lived and died at Ephesus is one of the most important and contested claims in early church history. Evidence for: (1) Irenaeus (*AH* 3.1.1): 'John the disciple of the Lord, who also had leaned upon His breast, did himself publish a Gospel during his residence at Ephesus in Asia'; (2) Polycarp claimed to know John (via Irenaeus *Ep. Flor.* apud Eusebius HE 5.20); (3) The seven letters to Asia in Revelation 2–3 suggest Johannine authority over the Ephesian region. Evidence against: (1) Papias (*apud* Philip of Side and Georgius Hamartolus) may record that both James and John were martyred early by Jews — predating an Ephesian ministry; (2) Mk 10:39 ('you will drink my cup') might predict early martyrdom for John too; (3) The 'Elder John' of 2–3 John and Papias could be the real Ephesian leader, distinct from the Apostle. In this dataset: John's presence in Ephesus and authorship of the Fourth Gospel carry `probable` certainty, reflecting the strong Irenaean tradition against genuine uncertainty about the Apostle vs. Elder distinction.	cascade-curator	2026-03-17T07:00:00Z
note-john-bishop-ephesus	rationale	person	john-son-of-zebedee	clm-john-zebedee-bishop-ephesus	The term bishop applied to John at Ephesus is anachronistic. Irenaeus and Polycrates name John as the apostolic authority. Modeled as probable.	cascade-batch-500	2026-03-12T12:00:00Z
note-john-teacher-polycarp-sourcing	rationale	person	polycarp-of-smyrna	clm-john-teacher-of-polycarp	The claim that John the Apostle taught Polycarp rests on [[person:irenaeus-of-lyons]]'s own statement in AH 3.3.4 and his letter to Florinus (Eusebius HE 5.20). This is not Polycarp's own claim but Irenaeus's eyewitness testimony that he heard Polycarp describe his contact with John and others who had seen Christ. The claim is modeled as attested because Irenaeus is a first-hand witness to Polycarp's teaching.	cascade	2026-03-10T21:00:00Z
note-josephus-biography	rationale	person	josephus	clm-antiquities-by-josephus	Flavius Josephus (c. 37–100 CE) wrote in Greek for Roman audiences, aiming to present Judaism favorably. His works are our primary non-NT source for 1st-century Judaea. Key passages for this dataset: (1) *Ant.* 18.63–64: *Testimonium Flavianum* — Jesus reference; partial authenticity is the scholarly majority position; (2) *Ant.* 20.200: James 'the brother of Jesus who was called Christ' executed c. 62 CE — widely accepted as authentic; (3) *Ant.* 18.116–119: John the Baptist — politically motivated execution by Herod Antipas; independent of Gospel accounts; (4) *JW* 2.119–166: the three Jewish philosophical schools (Pharisees, Sadducees, Essenes); (5) *JW* 6.249–266: the burning of the Temple, 70 CE. Methodological note: Josephus is an apologetic historian writing under Roman patronage — he minimizes Roman atrocities and Jewish resistance. His accounts require critical analysis against archaeological evidence and the Dead Sea Scrolls.	cascade-curator	2026-03-17T11:00:00Z
note-josephus-relevance	rationale	work	antiquities-of-the-jews		Flavius Josephus (c. 37–100 CE) provides the most important non-Christian Jewish witness to the period of Christian origins. Key passages in this dataset: (1) *Ant.* 18.63–64 (*Testimonium Flavianum*): mentions Jesus, 'a wise man'; the current text is partly interpolated by Christian scribes (Origen does not know the 'he was the Christ' phrase; the Arabic version of Agapius preserves a more restrained original); (2) *Ant.* 20.200: death of 'James the brother of Jesus who was called Christ'; widely accepted as authentic; (3) *Ant.* 18.116–119: John the Baptist's execution by Herod Antipas for political reasons — independent of Gospel accounts; (4) *JW* 2.119ff: the three Jewish 'philosophies' (Pharisees, Sadducees, Essenes), providing context for the Jewish sectarian matrix. Josephus's testimony is rated `attested` for the Jamesian and Baptist passages and `probable` for the Testimonium's historical core (bracketing interpolations).	cascade-curator	2026-03-17T05:30:00Z
note-jubilees	commentary	work	jubilees		The *Book of Jubilees* (c. 160–140 BCE, Hebrew, translated into Greek and Ethiopic; partially preserved in DSS fragments) is a retelling of Genesis–Exodus 14 structured around a 49-year 'jubilee' calendar. Canonical status: Scripture in the Ethiopian Orthodox Church; found at Qumran in 15 copies (showing its importance to the sect). Theological themes: (1) Solar calendar of 364 days (364 = 4×91; a perfect calendar with no intercalation needed); this differs from the lunar calendar used in Jerusalem and is a polemical feature; (2) Strict separation of Israel from Gentiles; (3) Detailed angelology (angels dictate the book to Moses); (4) Dating all biblical events to jubilee periods. Connection to early Christianity: the solar calendar of Jubilees may explain how Jesus could celebrate Passover on Tuesday evening while the Jerusalem authorities observed it two days later — a possible resolution of the Synoptic/Johannine chronological tension. In this dataset, Jubilees is used as contextual background for Second Temple Judaism's calendar and legal disputes.	cascade-curator	2026-03-17T11:00:00Z
note-julius-africanus	commentary	person	julius-africanus	clm-julius-africanus-active-rome	[[person:julius-africanus|Julius Africanus]] (c. 160–c. 240 CE) was a Christian chronographer and polymath, active in both Emmaus-Nicopolis and Rome. **Works**: - *Chronographiae* (5 volumes): a world chronicle synchronizing biblical and pagan history; calculated the birth of Christ in the 5500th year since creation; influential on Eusebius's *Chronicle*; - *Kestoi* (24 books): a miscellany covering military science, medicine, magic, and natural history — dedicated to Emperor Alexander Severus; - Letters to Origen (on the Susanna narrative) and to Aristides (on the genealogies of Christ). **Career**: At the request of Emperor Alexander Severus, built a library at the Pantheon in Rome; also associated with Emmaus-Nicopolis, where he may have been a city official. Eusebius *HE* 6.31 is the primary source. **Historical significance**: His chronological system shaped patristic and Byzantine historiography; his 5500 AM date for the Incarnation differs from Eusebius's 5200 AM. **Dataset note**: Claims cover his activity in both Emmaus and Rome, attested by Eusebius HE 6.31.	cascade-curator	2026-03-17T14:30:00Z
note-justin-apologies	rationale	person	justin-martyr		[[person:justin-martyr|Justin Martyr]]'s apologetic corpus includes: (1) *First Apology* (c. 155 CE) — addressed to Emperor Antoninus Pius, defending Christians against accusations and describing early Christian worship in detail; (2) *Second Apology* (c. 157 CE, or a continuation/appendix of the First) — addressed to the Roman Senate, shorter and more pointed; (3) *Dialogue with Trypho* (c. 155–160 CE) — the longest early Christian apologetic to Judaism, demonstrating that Christ fulfills Hebrew scripture. The First Apology (ch. 65–67) contains the earliest detailed description of Sunday Christian worship (reading, homily, prayers, Eucharist, collection), making it indispensable for early liturgical history. Justin's Logos theology (drawn from Middle Platonism) is the earliest sustained philosophical christology in extant sources.	cascade-curator	2026-03-16T21:30:00Z
note-justin-death-in-rome	rationale	person	justin-martyr	clm-justin-martyrdom-year	[[person:justin-martyr|Justin Martyr]]'s death is attested by the *Acta Iustini* (Acts of Justin), which preserve the trial record before Prefect Rusticus in Rome c. 163–167 CE. Justin refused to sacrifice and was beheaded along with six companions. Eusebius HE 4.11–16 places his death under Marcus Aurelius. The year 165 CE is the traditional date based on the prefecture of Q. Junius Rusticus (163–168 CE). The martyrdom at Rome is confirmed by the *Acta* and by Tatian's statement that he witnessed Justin's death (Oration 19). The claim certainty `probable` reflects the 163–168 CE range of the prefectural dates.	cascade-curator	2026-03-16T19:30:00Z
note-justin-ephesus	rationale	person	justin-martyr	clm-justin-active-ephesus	Justin records his encounter with Trypho in Ephesus in the Dialogue prologue. His pre-Roman period likely included time in Ephesus.	cascade-batch-500	2026-03-12T12:00:00Z
note-justin-logos-theology	rationale	person	justin-martyr		[[person:justin-martyr|Justin Martyr]]'s Logos theology (*1 Apol.* 5, 21, 32–33; *2 Apol.* 6, 8, 10, 13; *Dial.* 61, 128) draws on Middle Platonism: the Logos is the first-begotten of God (*prōtotokos*), the divine Reason immanent in creation and now fully incarnate in Jesus. Crucially, Justin argues that pagan philosophers who lived 'according to the Logos' (e.g., Socrates, Heraclitus) were 'Christians before Christ' — a position that makes Greek philosophy a *praeparatio evangelica*. Justin's subordinationist tendency (the Logos is numerically distinct from the Father, generated for creation) influenced later Western theology but is distinct from Nicene co-equality. The claim `work_affirms_proposition logos-pre-existent` for Justin's works is attested with high confidence across all three major texts.	cascade-curator	2026-03-17T00:30:00Z
note-letter-diognetus	commentary	work	letter-to-diognetus		The *Letter to Diognetus* is one of the most elegant Christian apologetic texts, notable for its description of Christians as a 'third race' distinct from Jews and pagans. Date and authorship are entirely unknown; traditionally grouped with the Apostolic Fathers though its style and theology suggest a 2nd–3rd century date. The famous passage (Ep. Diog. 5–6): Christians 'live in their own countries but as aliens; they share in everything as citizens and endure everything as foreigners. Every foreign land is a homeland to them, and every homeland is foreign... They are in the world what the soul is in the body.' Chapters 11–12 are now widely recognized as a separate document (possibly a homily by Hippolytus or another author) appended to the original letter. The only manuscript (Codex Argentoratensis) was destroyed in the Strasbourg fire of 1870 — all modern texts derive from 16th-century copies. In this dataset, *Letter to Diognetus* is used to support claims about early Christian self-understanding as a distinct religious community.	cascade-curator	2026-03-17T11:00:00Z
note-lords-day	rationale	work		clm-acts-affirms-eucharist-sunday	Sunday as the primary Christian worship day is well-attested by c. 100–150 CE. Key texts: (1) Acts 20:7: 'on the first day of the week...to break bread'; (2) 1 Cor 16:2: 'on the first day of every week, set aside money'; (3) Rev 1:10: 'I was in the Spirit on the Lord's Day' (*kyriakē hēmera*); (4) *Didache* 14.1: 'On the Lord's Day gather and break bread'; (5) Ignatius *Magn.* 9.1: Christians 'no longer observe the Sabbath but live by the Lord's Day'; (6) Justin *1 Apol.* 67: 'On the day called Sunday, all who live in cities or country gather together.' The transition from Sabbath to Sunday: Christian communities may have observed both initially; the shift is polemic in Ignatius (anti-Judaism), pragmatic in Justin (weekly resurrection celebration). Pliny (*Ep.* 10.96, c. 112 CE): Christians meet 'on a fixed day' before dawn — consistent with Sunday. In this dataset, Sunday gathering claims carry `attested` certainty with high confidence where direct textual witnesses name Sunday explicitly.	cascade-curator	2026-03-17T07:00:00Z
note-lords-prayer	commentary	work	teaching-of-the-twelve-apostles		The Lord's Prayer (*Pater Noster*) is attested in two forms: Mt 6:9–13 (longer, liturgical, with doxology in later MSS) and Lk 11:2–4 (shorter, simpler). Most scholars regard Luke's as earlier. The *Didache* 8.2–3 quotes Matthew's version and commands: 'Pray thus three times a day' — the first evidence for structured daily Christian prayer. Tertullian (*De Oratione*, c. 198–200 CE) wrote the first extended commentary, calling it a *breviarum totius evangelii* ('summary of the whole Gospel'). Cyprian (*De Dominica Oratione*, c. 251 CE) wrote the second major commentary, emphasizing the corporate 'Our' as ecclesiological: one cannot say 'our' while outside the church. Origen (*De Oratione*, c. 233–234 CE): distinguishes prayer forms and gives detailed allegorical exegesis of each petition. The doxology ('For yours is the kingdom...') appears in the *Didache* 8.2 but not in the earliest Gospel manuscripts — likely a liturgical addition. In this dataset, 'prayer three times daily' and 'Lord's Prayer in liturgy' are coded as `work_affirms_proposition` from the Didache.	cascade-curator	2026-03-17T08:30:00Z
note-lyons-persecution	rationale	event	lyons-persecution	clm-lyons-persecution-year	The persecution at Lyons and Vienne in 177 CE is attested by the letter of the churches of Gaul preserved in Eusebius HE 5.1–3, one of the most detailed and moving martyrdom accounts in early Christianity. It describes the torture and deaths of Blandina, Pothinus (the aged bishop), and others. [[person:irenaeus-of-lyons|Irenaeus]] was a presbyter at Lyons at this time; he was sent to Rome as an emissary and survived the persecution. The year 177 CE is confirmed by the reference to Marcus Aurelius and Commodus as co-emperors. The year claim is therefore `attested` with high confidence.	cascade-curator	2026-03-16T19:30:00Z
note-marcion-hostile-sources	dispute	person	marcion-of-sinope	clm-marcion-antitheses-opposes-ot-scripture	All surviving evidence for [[person:marcion-of-sinope|Marcion]]'s teachings comes from his opponents ([[person:irenaeus-of-lyons|Irenaeus]], [[person:tertullian|Tertullian]], Epiphanius). His own writings are lost. The claims about his doctrines are attested as what his opponents *described* him as teaching; there is a methodological limitation in that we cannot verify these descriptions against Marcion's own words. Tertullian's reconstruction of Marcion's Antitheses in Adv. Marcionem is the closest we get.	cascade-curator	2026-03-16T13:00:00Z
note-marcionite-canon	rationale	person	marcion-of-sinope		[[person:marcion-of-sinope|Marcion]] of Sinope (c. 85–160 CE) produced the first known Christian scriptural canon (c. 144 CE), consisting of: (1) *Evangelion* — a version of Luke's Gospel with passages Marcion regarded as Jewish interpolations removed; (2) *Apostolikon* — 10 Pauline letters (excluding the Pastorals) also edited. Debate: Did Marcion shorten an existing Gospel of Luke, or does the current Luke expand an original Marcion-like text? Majority view (Harnack, Tertullian): Marcion abridged Luke. Minority view (Tyson, BeDuhn): Marcion preserves an earlier, shorter form. Regardless, Marcion's canon provoked the proto-orthodox response that eventually produced the NT canon as we know it. Marcion's theological motivation: Paul's antithesis of Law and Gospel implies the OT God (Creator/Judge) is different from the NT God (Father of Christ). Tertullian's *Adversus Marcionem* (5 books) is the fullest refutation and the primary source for Marcion's theology.	cascade-curator	2026-03-17T00:30:00Z
note-martyrdom-of-polycarp	rationale	person	polycarp-of-smyrna		The *Martyrdom of Polycarp* (c. 156 CE, from the church at Smyrna) is the earliest account of a Christian martyrdom outside the NT, and the first to use the term 'martyr' (*martys*) in its developed theological sense. It establishes the martyrdom paradigm: the martyr follows Christ's passion, refuses to recant, is burned but miraculously unharmed until stabbed, and his bones are venerated as 'more precious than gold.' Date debate: the text gives the date as 23 February in the proconsulship of Statius Quadratus, which most scholars date to c. 156 CE; some argue for 167 CE. The account includes a secondary narrative of Quintus, who initially volunteered for martyrdom but apostatized — contrasted with Polycarp's model comportment. The anniversary celebration of the martyrdom at Polycarp's tomb is the first attested Christian commemoration of a martyr — the foundation of the saints' calendar tradition. Year claims for this event carry `probable` certainty given the proconsular dating ambiguity.	cascade-curator	2026-03-17T03:00:00Z
note-melito-of-sardis	rationale	person	melito-of-sardis		[[person:melito-of-sardis|Melito of Sardis]] (d. c. 180 CE) was bishop of Sardis and one of the most prolific 2nd-century Christian writers. Almost all his works are lost; only the *Peri Pascha* (*On the Passover*) survives complete (discovered in Papyrus Bodmer XIII, 1960). Key contributions: (1) First known Christian list of OT canonical books (Eusebius HE 4.26.14), which closely matches the Hebrew Bible but includes Wisdom; (2) *Peri Pascha* is the most vivid example of early Christian anti-Judaism, with its 'God has been murdered' polemic — important for the history of Christian antisemitism; (3) First explicit use of the term 'Old Testament' (*palaia diatheke*) in Christian literature; (4) He was a Quartodeciman, celebrating Easter on Nisan 14 regardless of weekday. Melito's *Peri Pascha* is also significant as the first developed liturgical homily in Christian literature, displaying elaborate rhetorical artistry.	cascade-curator	2026-03-17T02:00:00Z
note-melito-paschal	rationale	work			[[work:homily-on-the-passover|Melito of Sardis's *Peri Pascha*]] (c. 160–170 CE) is the earliest complete Christian sermon, recovered in its full Syriac and Greek forms only in the 20th century. It is a typological homily on the Passover interpreted christologically, notable for its rich rhetorical style, explicit anti-Jewish rhetoric, and early high-Christology (52: 'God has been murdered'). Melito was Quartodeciman (Eusebius HE 4.26), celebrating Easter on 14 Nisan. The *Peri Pascha* is the primary source for Quartodeciman paschal theology. Some scholars see the anti-Jewish polemic as a response to a vigorous Jewish community in Sardis; the Sardis synagogue is the largest known ancient synagogue.	cascade-curator	2026-03-16T19:30:00Z
note-monarchianism-modalism	dispute	group			Monarchianism is the theological tendency to preserve the 'monarchy' (single rule) of God by stressing divine unity over trinitarian distinction. Two types: (1) *Dynamic/Adoptionist*: Jesus was a human being who was 'adopted' into divine sonship at baptism — represented by Theodotus the Cobbler (Rome, c. 190 CE), Artemon, and Paul of Samosata. (2) *Modalist/Patripassianist*: Father, Son, and Spirit are three modes of one divine Person — represented by Noetus of Smyrna, Praxeas (c. 200 CE, attacked by Tertullian's *Adv. Praxean*), and Sabellius (Rome, c. 215 CE). Hippolytus accused his own bishop Callistus I of Sabellianism. Modalism was widespread at Rome in the early 3rd century. The labels 'Sabellian,' 'Patripassian,' and 'modalist' are often used interchangeably in secondary literature; they refer to the same basic position with slight variations.	cascade-curator	2026-03-16T23:30:00Z
note-montanism-new-prophecy	dispute	group	montanists		The Montanist movement (New Prophecy) arose in Phrygia c. 155–172 CE under [[person:montanus|Montanus]], [[person:priscilla|Priscilla]], and Maximilla, who claimed to be vehicles of the Paraclete's new revelations. The movement emphasized the imminent parousia, strict ascetic practice, and the authority of ecstatic prophecy over episcopal hierarchy. The date of origin is uncertain (Eusebius gives varying accounts). The movement spread to Rome and Carthage (Tertullian). Montanism was condemned by Asian bishops (anonymous anti-Montanist writings cited by Eusebius HE 5.16–17) and later by synods. The theological dispute centered on whether the Paraclete could add new binding revelation after the apostolic age. The Montanist schism is classified as a disciplinary/prophetic dispute rather than a christological or trinitarian heresy.	cascade-curator	2026-03-16T19:30:00Z
note-montanist-schism	rationale	group	montanists	clm-montanists-schismed-from-ephesian	The Montanist movement originated in Phrygia as a prophetic revival within the Asian churches. Modeled against the Ephesian church as metropolitan see of Asia.	cascade-batch-500	2026-03-12T12:00:00Z
note-muratorian-fragment	rationale	work			The Muratorian Fragment (or Canon) is the earliest surviving list of NT books recognized as authoritative in a particular Christian community. Discovered by Ludovico Muratori (1740) in an 8th-century manuscript, it is written in poor Latin and probably translated from Greek. Traditional dating: c. 170–200 CE, Rome (based on its reference to Pius I as recent: 'very recently in our times'). Alternative dating: some scholars (Sundberg, Hahneman) argue for a 4th-century Eastern origin, but the traditional early Roman date remains the majority view. Contents: accepts 4 Gospels, Acts, 13 Paulines (not Hebrews), Jude, 1–2 John, Wisdom of Solomon, Revelation of John, Apocalypse of Peter (with reservation). Rejects: Marcionite epistles, Shepherd of Hermas (too recent for public use). The Fragment's value: it shows a recognizable NT core taking shape in the West by the late 2nd century, with contested periphery books.	cascade-curator	2026-03-17T02:00:00Z
note-neronian-persecution	rationale	event	neronian-persecution	clm-neronian-persecution-year	The Neronian persecution of 64 CE is attested by Tacitus (*Annals* 15.44), who describes Nero blaming Christians for the great fire of Rome. Tacitus calls them 'hated for their abominations' (*per flagitia invisos*) and describes their execution. This is the earliest pagan witness to a Roman persecution of Christians. The connection to Peter's and Paul's martyrdoms is traditional (Eusebius, 1 Clement 5) but the exact year of their deaths is not directly stated by Tacitus. The `probable` certainty on the Peter/Paul martyrdom year reflects this: 64–68 CE is the probable range, with 64 CE traditional for the Neronian fire connection.	cascade-curator	2026-03-16T19:30:00Z
note-nicene-creed-text	rationale	event	council-of-nicaea-325		The original Nicene Creed of 325 CE (distinct from the 381 Niceno-Constantinopolitan Creed used in liturgy today) reads in key part: *'We believe in one Lord Jesus Christ, the Son of God, begotten of the Father as only-begotten, that is, from the essence (οὐσίας) of the Father, God from God, Light from Light, true God from true God, begotten not made, of one substance (ὁμοούσιον) with the Father...'* followed by anathemas against anyone who says: *'there was when he was not,'* or *'he did not exist before he was born,'* or *'he came into being from nothing,'* or *'he is of a different substance (ὑποστάσεως) or essence (οὐσίας) from the Father.'* **Homoousios controversy**: The term *homoousios* was not biblical and had been condemned at the Synod of Antioch (268 CE) in the Paul of Samosata controversy — a fact the Arians exploited. Athanasius spent decades defending its legitimacy in works like *De Decretis Nicaenae Synodi*. **Dataset note**: The Nicene creed text is attested in multiple sources including Eusebius's letter to his church (*apud* Theodoret *HE* 1.12) and Athanasius's writings.	cascade-curator	2026-03-17T14:00:00Z
note-nicolaitans-modeling	rationale	group	nicolaitans	clm-group-nicolaitans-ephesus	[[bible:Rev.2.6|Revelation 2:6]] and [[bible:Rev.2.15|Revelation 2:15]] name the Nicolaitans through their works or teaching in [[place:ephesus]] and [[place:pergamum]]. The resulting presence claims are therefore modeled as probable group presence rather than direct census-style attestations.	cascade	2026-03-10T17:00:00Z
note-novatian-de-trinitate	rationale	work	de-trinitate-novatian	clm-detrin-by-novatian	[[work:de-trinitate-novatian|Novatian's *De Trinitate*]] (c. 240–250 CE) is the earliest surviving comprehensive Latin trinitarian treatise, written before Novatian's schism with Cornelius over the lapsed. It defends: the full divinity of Christ against adoptionism, the distinction of Father and Son against modalism (Sabellian monarchianism), and the monarchia (one divine rule) against apparent ditheism. The work is orthodox by Nicene standards; Novatian's later schism was disciplinary, not doctrinal. The *De Trinitate* was long misattributed to Tertullian (as the 'Adversus Praxean II') before Weyer's 1962 critical edition confirmed Novatian's authorship. Claims about Novatian's trinitarian theology derive primarily from this work and are `attested` with high confidence.	cascade-curator	2026-03-16T23:30:00Z
note-novatian-rigorism	rationale	person	novatian	clm-novatian-schism-year	[[person:novatian|Novatian]] established a rival bishopric at Rome c. 251 CE, opposing [[person:cornelius-pope|Cornelius]] over the question of readmitting the lapsed (those who had apostatized in the Decian persecution). Novatian held that the church had no power to restore apostates even on their deathbed — a rigorist position condemned by Cyprian and the African councils. The Novatianist schism persisted until the 5th century. His `De Trinitate` is the earliest major Latin trinitarian treatise and is orthodox; his schism was disciplinary, not doctrinal.	cascade-curator	2026-03-16T19:30:00Z
note-novatian-schism	dispute	person	novatian	clm-novatian-active-rome	Novatian (c. 200–258 CE) was a Roman presbyter and the first major schismatic in the West. After Cornelius was elected bishop of Rome (251 CE), Novatian had himself consecrated as a rival bishop by three provincial bishops — establishing the first known anti-pope. Cause: Novatian's rigorism — the lapsed (*lapsi*) who apostasized during the Decian persecution (249–250 CE) could never be readmitted to communion. Cyprian's middle path: the lapsed could be readmitted after appropriate penance — a prolonged period determined by their offense (offering sacrifice = longest; obtaining libellus = shorter). Novatian's theology: his *De Trinitate* (c. 250 CE) is the first extant Latin theological treatise on the Trinity and is theologically orthodox (*homoousios* equivalent) — his schism was disciplinary, not doctrinal. The Novatianist church survived into the 5th century in some areas. Significance: the debate established the Catholic principle that the unity and catholicity of the church outweigh disciplinary rigorism — a principle further developed by Augustine against the Donatists.	cascade-curator	2026-03-17T08:30:00Z
note-nt-apocrypha-overview	commentary	work			The NT Apocrypha includes texts that parallel NT genres (gospels, acts, epistles, apocalypses) but were not included in the 27-book canon. Major texts in this dataset's scope (0–400 CE): - *Gospel of Thomas* (NH II.2, c. 50–150 CE): 114 sayings of Jesus, possibly containing authentic independent traditions alongside gnostic redaction. - *Gospel of Peter* (fragment, c. 100–150 CE): passion and resurrection narrative. - *Protoevangelium of James* (c. 150 CE): infancy gospel; source of Mary traditions. - *Acts of Paul* (c. 160–190 CE): includes 3 Corinthians and Acts of Paul and Thecla. - *Acts of Thomas* (c. 200–225 CE): Thomas's Indian mission. - *Acts of Peter* (c. 180–190 CE): Peter's ministry and martyrdom in Rome. - *Apocalypse of Peter* (c. 100–135 CE): vivid afterlife descriptions; accepted in Muratorian Fragment with reservation. In this dataset, NT apocryphal works are used as evidence where they attest to the presence of theological traditions or historical memories, with appropriate certainty ratings reflecting their genre and distance from events.	cascade-curator	2026-03-17T05:00:00Z
note-nt-canon-formation-summary	commentary	work			NT canon formation was gradual, with key milestones: c. 50–100 CE: Paul's letters circulated among churches; Gospels composed. c. 100–150 CE: Gospel collections emerging; 2 Peter knows Pauline letter collection (3:15–16); Marcion's truncated canon provokes Catholic response. c. 140–180 CE: Marcion excludes OT and non-Pauline letters; Justin (*1 Apol.* 67) reads 'memoirs of the apostles' (Gospels) in worship. c. 170–200 CE: Irenaeus (AH 3.11.8) argues for four and only four Gospels; Muratorian Fragment (c. 180–200 CE) lists canonical books for Rome. c. 200–300 CE: Origen surveys canon (*Comm. Matt.* apud Eusebius HE 6.25), distinguishing *homologoumena* (agreed) from *antilegomena* (disputed). 367 CE: Athanasius's Festal Letter 39 lists all 27 NT books as canonical. 393/397 CE: Councils of Hippo and Carthage ratify the 27-book NT. Key contested books: Hebrews (West), Revelation (East), James, 2 Peter, 2–3 John, Jude. Key excluded books that circulated widely: Shepherd of Hermas, Didache, Barnabas, Apocalypse of Peter, 1 Clement.	cascade-curator	2026-03-17T06:30:00Z
note-nt-epistolary-addressing	rationale	work			The `addressed_to_place` predicate for NT epistles reflects explicit address lines in the letter prescript (e.g., 'to all in Rome' — Rom 1:7; 'to the Corinthians' — 1 Cor 1:2). These are direct textual attestations of intended audience, not inferences. The `attested` certainty for addressed_to_place claims on genuine Paulines is therefore appropriate. For disputed or pseudonymous letters, the address still attests the intended audience (even if not Paul's actual audience), so `attested` remains correct for the address claim while authorship claims may be `probable` or `possible`. 1 Peter's unusual multiple-province address (Pontus, Galatia, Cappadocia, Asia, Bithynia — 1 Pet 1:1) is modeled as five separate `addressed_to_place` claims, each `attested` as explicit in the letter regardless of authorship questions. Circular letters (like Ephesians, which lacks 'in Ephesus' in some MSS) are modeled as `probable` for the place attribution.	cascade-curator	2026-03-16T22:30:00Z
note-origen-allegorical-method	rationale	person	origen-of-alexandria		[[person:origen-of-alexandria|Origen]]'s allegorical method (*De Principiis* 4.1–3) operates on three senses of scripture: literal/somatic, moral/psychic, and spiritual/pneumatic. He argues that some passages have no literal sense and force the reader to seek the spiritual meaning. This method, inherited from Philo of Alexandria and further developed by Origen, became the dominant exegetical approach in the Alexandrian and later Eastern traditions. Origen's allegorical readings were controversial: Methodius of Olympus and Epiphanius attacked his spiritualized eschatology (bodily resurrection questioned). The First Origenist Controversy (c. 394–403 CE) and Second Origenist Controversy (c. 543 CE, leading to his condemnation at Constantinople II) were focused on: pre-existence of souls, universal restoration (apokatastasis), and the spiritual body. These condemnations are posthumous and do not affect the attestation of his *De Principiis* propositions during his lifetime.	cascade-curator	2026-03-16T19:30:00Z
note-origen-allegory	commentary	person	origen-of-alexandria		Origen's allegorical method (*theoria*) is his most influential and controversial contribution. Grounded in his *De Principiis* (4.1–3), he proposes three senses of Scripture: literal/bodily, moral/psychic, spiritual/pneumatic (after 1 Cor 2:14–15). The method allowed Origen to: (1) Resolve apparent Biblical contradictions by treating them as intentional flags for deeper meaning; (2) Incorporate Platonic and Stoic philosophy into Christian interpretation; (3) Defend the OT's theological value against Marcionite criticism. Controversy: at the Council of Constantinople (553 CE), fifteen anathemas against 'Origenism' were issued, targeting: pre-existence of souls, universal restoration (*apokatastasis*), and the spiritual body in resurrection. The paradox: Origen's method dominated Christian biblical interpretation for centuries (through the Alexandrian school, Ambrose, Jerome initially) while his specific theological conclusions were condemned. In this dataset, Origen's theological claims derived from his writings use `explicit` mode and `attested` certainty for what the text says he taught; `probable` for what his method implied.	cascade-curator	2026-03-17T05:30:00Z
note-origen-commentary-john	rationale	work	commentary-on-john-origen	clm-comjohn-by-origen	[[work:commentary-on-john-origen|Origen's *Commentary on John*]] is the earliest surviving comprehensive biblical commentary in Christian history. Begun at Alexandria (books 1–5 referenced by Eusebius as written before Origen's move), continued at Caesarea. 9 of the original 32 books survive fully; fragments of others are preserved. Book 1's prologue contains Origen's famous explanation of the fourfold sense of Scripture applied to the Johannine prologue. Books 2 and 6 preserve his detailed treatment of Jn 1:1–7, providing the earliest extended Logos Christology exegesis. The *Commentary on John* is the primary source for Origen's high Christology and his subordinationist tendency (the Logos is 'second God', *deuteros theos*). Proposition claims about Origen's Logos theology derive primarily from this work.	cascade-curator	2026-03-16T23:30:00Z
note-origen-expulsion-alexandria	rationale	person	origen-of-alexandria	clm-origen-active-caesarea	[[person:origen-of-alexandria|Origen]] was expelled from Alexandria by Bishop Demetrius c. 231 CE following his unauthorized ordination by Palestinian bishops (Eusebius HE 6.8, 6.23). He settled at Caesarea Maritima where he continued his prolific writing and teaching until his death c. 253/254 CE. The `active_in=caesarea` claims post-231 are therefore attested; the `active_in=alexandria` claims are bounded to his pre-231 period. His ordination controversy is not a heresy trial — Origen remained orthodox.	cascade-curator	2026-03-16T19:30:00Z
note-origen-hexapla	rationale	person	origen-of-alexandria	clm-origen-active-caesarea	Origen's *Hexapla* (c. 230–240 CE, compiled at Caesarea Maritima) was an unprecedented six-column critical edition of the Old Testament in Hebrew and Greek: (1) Hebrew text, (2) Hebrew transliterated in Greek letters, (3) Aquila's translation, (4) Symmachus's translation, (5) Origen's revised Septuagint with critical marks (*obeli* and *asterisci*), (6) Theodotion's translation. For some books a seventh and eighth column existed (*Octapla*). The Hexapla itself (estimated at 6,000 pages) was too large to copy; only Origen's revised LXX column (column 5) was copied and circulated, becoming the basis for subsequent LXX manuscripts. The Hexapla demonstrates Origen's commitment to textual scholarship — his use of the Hebrew text against Marcionite claims and his awareness of LXX variants make it the most sophisticated critical work in early Christian biblical scholarship.	cascade-curator	2026-03-17T01:00:00Z
note-origen-homilies	rationale	person	origen-of-alexandria	clm-origen-active-caesarea	Origen's homilies represent a significant portion of his surviving output, mostly preserved in Latin translations by Rufinus of Aquileia and Jerome. Key collections: Homilies on Genesis, Exodus, Leviticus, Numbers, Joshua, Judges, Psalms, Song of Songs, Jeremiah, Ezekiel, Luke. The Greek originals survive for: 20 Homilies on Jeremiah (complete), a few on Psalms. Origen's homilies were preached at Caesarea after his ordination as presbyter c. 230 CE — the first dated instance of a scholar being employed as a regular preacher. They represent popular instruction rather than scholarly commentary, using allegorical interpretation for congregational edification. Jerome's translations sometimes soften or correct what he considered theologically problematic; Rufinus's are generally more faithful. Proposition claims derived from Origen's homilies carry `attested` certainty with medium confidence (reflecting the Latin translation layer), except where the Greek original survives.	cascade-curator	2026-03-17T03:00:00Z
note-origen-on-prayer	rationale	work	on-prayer-origen	clm-onprayer-by-origen	[[work:on-prayer-origen|Origen's *On Prayer*]] (c. 233–234 CE) is addressed to his patron Ambrose and Tatiana. It is the most comprehensive early Christian treatise on prayer: covering the theology of prayer, Lord's Prayer exegesis, posture in prayer (standing, facing east), and types of prayer. Notably, Origen argues that prayer should be directed to the Father *through* the Son — not to Christ directly — which became controversial. The work is a primary source for: liturgical posture, the Lord's Prayer tradition, and early pneumatology. Its authorship by Origen is uncontested; its date is established by Eusebius HE 6.18 and internal references to Ambrose.	cascade-curator	2026-03-16T23:30:00Z
note-origen-preexistence-souls	dispute	person	origen-of-alexandria		One of the most controversial teachings attributed to [[person:origen-of-alexandria|Origen]] is the pre-existence of souls (*De Principiis* 1.5–8; 2.8–9). Origen taught that rational beings (*logikoi*) were created as equal minds (*noes*) in the beginning; their varying degrees of cooling/falling away determined their embodiment as angels, humans, or demons. The material world is thus a remedial school for fallen souls. This was condemned as heretical at the Second Council of Constantinople (553 CE), 15 anathemas against 'Origenism.' However, it is disputed how much of condemned 'Origenism' reflects Origen himself vs. Evagrius Ponticus (d. 399 CE) who systemized Origen's ideas more radically. The pre-existence teaching survives in Rufinus's Latin translation of *De Principiis*, which may soften the more problematic formulations. Claims derived from *De Principiis* about pre-existence are modeled as `attested` for the proposition itself, with the authorial note flagging the transmission problem.	cascade-curator	2026-03-17T00:30:00Z
note-origen-spiritual-senses	rationale	person	origen-of-alexandria		Origen's threefold (or fourfold) sense of Scripture is foundational for medieval Christian hermeneutics: (1) *Somatic/literal* — the plain historical meaning; (2) *Psychic/moral* — the ethical application for the soul; (3) *Pneumatic/spiritual/allegorical* — the deeper theological or eschatological meaning, accessible to the mature Christian. Origen derived this from the Stoic threefold analysis of texts and applied it systematically in *De Principiis* 4.1–3 and throughout his commentaries. He insisted the literal sense is always true but sometimes deficient — when the literal reading is absurd or immoral, this signals that the spiritual sense is the intended meaning. The claim `work_affirms_proposition allegorical-interpretation` is `attested` for *De Principiis*, Origen's *Commentary on John*, and his *Homilies* across multiple books of Scripture. Origen's method was later criticized by Epiphanius and Jerome, and post-553 CE condemnation of 'Origenism' partly targeted his allegorical excesses.	cascade-curator	2026-03-17T01:30:00Z
note-papias-fragments	rationale	person	papias-of-hierapolis		Papias of Hierapolis (c. 60–130 CE) wrote a five-volume *Exposition of the Dominical Oracles* — entirely lost except for fragments preserved in Eusebius (*HE* 3.39) and Irenaeus (*AH* 5.33.3–4). Key fragments: (1) HE 3.39.3–4: Papias preferred oral tradition from 'the elders' over written documents — 'a living and abiding voice is worth more than any book'; (2) HE 3.39.15: 'Matthew composed the oracles (*logia*) in the Hebrew language'; 'Mark, who had been Peter's interpreter, wrote down accurately everything he remembered of what was said and done by the Lord' — the foundational texts for Gospel authorship tradition; (3) HE 3.39.11: Papias knew Aristion and the Elder John 'personally'; (4) Millennial kingdom: Papias describes a lavish earthly millennium — derided by Eusebius as 'very limited in understanding.' Papias is the crucial link between the apostolic generation and the mid-2nd century: his testimony about Gospel authorship is the earliest external evidence but is itself secondhand. In this dataset: Papias's testimony is rated `probable` — reliable tradition but not firsthand apostolic data.	cascade-curator	2026-03-17T08:00:00Z
note-papias-john-elder	rationale	person	papias-of-hierapolis	clm-john-teacher-of-papias	"Papias (Frag 1 apud Eusebius HE 3.39.4) says he inquired about what ""the elders"" said, including John and Matthew. Eusebius himself debated whether this John is the Apostle or ""the Elder John."" Irenaeus takes it as the Apostle. The claim teacher_of is modeled as probable (not attested) to reflect this ambiguity in Eusebius's own commentary."	cascade	2026-03-10T21:00:00Z
note-pastoral-epistles	dispute	work			The three Pastoral Epistles (1 Timothy, 2 Timothy, Titus) share distinctive vocabulary (175 hapax legomena not found in the seven authentic Paulines), theological concerns (church order, sound doctrine against heresy, bishop/elder qualifications), and a more settled institutional setting than Paul's authentic letters. Scholarly consensus: pseudonymous, written c. 80–100 CE by a Pauline disciple. Minority view: authentic Paulines from a later period of Paul's ministry, possibly after a hypothetical release from the Acts 28 imprisonment. The Pastorals are the primary NT source for the episcopate/presbyterate/diaconate distinction. They are the first NT works to use the term *episkopos* in a way that resembles the later monarchical bishop. Claims about Pastoral Epistles propositions are modeled as `probable` for Pauline authorship; the propositional content of the letters is modeled as attested regardless of authorship since the text is not in dispute, only who wrote it.	cascade-curator	2026-03-16T21:30:00Z
note-paul-of-samosata	dispute	person			Paul of Samosata, bishop of Antioch c. 260–268 CE, was condemned for heresy at the Synod of Antioch (268 CE). He is the primary exponent of 'homoousios' in a heretical sense before Nicaea — he used the term to describe the Father and Son as 'of the same substance' in a modalist way. Ironically, Nicaea (325 CE) later redeployed 'homoousios' in an orthodox sense against Arius. His Christology was adoptionist: Jesus was a man uniquely indwelt by the divine Logos/Wisdom but not pre-existent. He reportedly introduced choral singing of hymns to himself in the liturgy. Primary sources: the synodal letter (preserved in Eusebius HE 7.27–30, 7.32). Paul's own writings are lost. Claims about his theology are mediated through hostile conciliar sources and should be marked accordingly.	cascade-curator	2026-03-16T23:30:00Z
note-pauline-deutero	dispute	work			The Pauline corpus includes seven letters universally accepted as authentic (Romans, 1–2 Corinthians, Galatians, Philippians, 1 Thessalonians, Philemon) and six whose authorship is disputed by modern scholarship. Deutero-Pauline: Ephesians, Colossians, 2 Thessalonians (probably pseudonymous). Pastoral Epistles (1–2 Timothy, Titus): almost certainly pseudonymous by scholarly consensus, written 80–100 CE in Paul's name. All `authored_by=paul` claims for these disputed letters are modeled as `probable` or `claimed_tradition` in this dataset to reflect the scholarly consensus. The ancient church accepted all thirteen as Pauline without question.	cascade-curator	2026-03-16T19:30:00Z
note-pauline-household-codes	dispute	work			The 'household codes' (*Haustafel*) in the Pauline corpus (Eph 5:22–6:9; Col 3:18–4:1; 1 Pet 2:18–3:7; Titus 2:1–10; 1 Tim 2:8–15, 6:1–2) address the three pairs: wife/husband, children/father, slave/master. Their origin is debated: drawn from Hellenistic-Jewish ethics (Philo, Josephus), Stoic philosophy, or an early Christian tradition (Balch, Elliott). Theological significance: the codes represent a 'patriarchalization' of the early church — accommodating the Christian community to the surrounding Greco-Roman social structure, possibly in response to external criticism. This contrasts with: Gal 3:28 ('neither slave nor free, neither male nor female'), the apparent leadership of women in Pauline communities (Rom 16), and the egalitarian ethos of some house churches. The tension between Gal 3:28 and the household codes is a key hermeneutical debate in NT scholarship. In this dataset, claims about early Christian social ethics derive primarily from the letter texts themselves and are not assigned to 'Pauline school' vs 'authentic Paul' categories.	cascade-curator	2026-03-17T03:00:00Z
note-persecution-cycles-overview	commentary	event			Roman persecution of Christians was episodic, local, and legally ambiguous until the 3rd century. Key phases: (1) Neronian (64 CE): local, after the Roman fire; extra-judicial mob violence. (2) Domitianic (c. 81–96 CE): likely localized; debated how systematic. (3) Trajanic (c. 112 CE): Pliny's letter shows prosecution only when denounced, no active search; recantation accepted. (4) Hadrianic/Antonine rescripts: required proper accusation and proof. (5) Decian (249–251 CE): first empire-wide edict requiring universal sacrifice. (6) Valerianic (257–260 CE): targeted clergy and property. (7) Diocletianic/Great Persecution (303–313 CE): most severe, four edicts. The dataset models each persecution as a distinct event with `event_has_year` and participant claims for known martyrs and confessors. Years marked `attested` draw on contemporary sources; years marked `probable` reflect uncertainty in martyrology dating.	cascade-curator	2026-03-17T01:00:00Z
note-peter-apostle-biography	rationale	person	simon-peter		Simon Peter (Aramaic: *Kêphâ* = Rock; Greek: *Petros*) is the most prominent figure in the Synoptic Gospels and Acts. Key data points: (1) Galilean fisherman, brother of Andrew (Mk 1:16; Mt 4:18); (2) Called first among the Twelve; named 'Cephas/Peter' by Jesus (Mk 3:16; Jn 1:42); (3) Leader of the Jerusalem church after the resurrection (Gal 1:18; Acts 1–5); (4) Key figure at the Jerusalem Council c. 48 CE (Gal 2:7–8); (5) Rebuked by Paul at Antioch over table fellowship (Gal 2:11–14); (6) Presence in Rome: attested by 1 Clem 5:4, Ignatius *Rom* 4:3 ('I do not command you as Peter and Paul did'); implied by 1 Pet 5:13 ('Babylon'); (7) Martyrdom at Rome under Nero: probable (c. 64–68 CE). The Vatican tradition of Peter's burial at St Peter's Basilica: archaeological excavations 1940–1949 found a 2nd-century shrine (*tropaion*) above remains identified as possibly Petrine; most Catholic archaeologists accept this identification; Protestant scholars remain cautious. In this dataset, claims about Peter in Rome and his martyrdom carry `probable` certainty based on early literary attestation.	cascade-curator	2026-03-17T07:00:00Z
note-peter-bishop-antioch	rationale	person	simon-peter	clm-peter-bishop-antioch	Patristic tradition names Peter as first bishop of Antioch. Formal episcopal terminology is anachronistic for Peter.	cascade-batch-500	2026-03-12T12:00:00Z
note-peter-bishop-rome	rationale	person	simon-peter	clm-peter-bishop-rome	Irenaeus AH 3.3.1-3 names Peter as co-founder of the Roman church. Modeled as probable because monarchical episcopacy postdates Peter.	cascade-batch-500	2026-03-12T12:00:00Z
note-philemon-colossae-context	rationale	work	epistle-to-philemon	clm-philemon-addressed-colossae	[[bible:Phlm.1.1-Phlm.1.2|Philemon 1:1-2]] names the household-church circle, and [[bible:Col.4.17|Colossians 4:17]] places [[person:archippus]] inside the Colossian closing frame. The resulting Colossae links for [[work:epistle-to-philemon]], [[person:philemon]], [[person:apphia]], and [[person:archippus]] are therefore modeled as probable contextual connections rather than direct place formulas.	cascade	2026-03-10T16:45:00Z
note-philemon-slavery	commentary	work	epistle-to-philemon	clm-philemon-by-paul	Paul's letter to Philemon (c. 54–62 CE) is the most personal and legally specific of his letters, concerning the slave Onesimus. Paul's argument: (1) Onesimus has become a Christian under Paul ('my child'); (2) Paul sends him back to Philemon with a formal recommendation letter; (3) Paul hints strongly (but does not command) that Philemon manumit Onesimus ('that you might have him back forever, no longer as a slave, but better than a slave — as a dear brother,' v.15–16). The letter does not condemn slavery as an institution — Paul works within existing social structures. This has been both cited in defense of slavery (antebellum US) and critiqued as insufficient by abolitionists. Interpretation debate: Is Paul requesting manumission? Most scholars say yes (Nordling, Callahan), though some argue Paul is only asking for Onesimus's return as a co-worker (Callahan). The letter's preservation in the canon may itself testify to Philemon acting on Paul's request — i.e., Onesimus was freed and became a church leader.	cascade-curator	2026-03-17T05:00:00Z
note-place-attestation-methodology	rationale	work			The `place_presence_status` predicate records when a place first appears in Christian historical sources — not when it was settled or founded. A `place_presence_status=attested_late` value signals that the place first appears in Christian contexts only in later sources (4th century+), even if the place itself is ancient. This matters for places like: Pontus (attested in 1 Peter's address, c. 60–100 CE, but Christian community details only in Pliny's letter c. 112 CE), Cappadocia (1 Peter address), Bithynia (Pliny's letter to Trajan, c. 112 CE, the earliest explicit reference to Christians in that province), Dalmatia (2 Tim 4:10 mentions it, but only as a travel destination, not a community). The year_start on place_presence_status claims represents the earliest textual attestation date in our sources, with certainty levels reflecting source reliability.	cascade-curator	2026-03-16T22:30:00Z
note-pliny-ep-10-96	rationale	work			Pliny the Younger's letter to Emperor Trajan (*Ep.* 10.96, c. 112 CE) is the earliest surviving pagan description of Christian worship practice and the first external evidence of Christian hymnody. Key data: (1) Christians sing hymns 'to Christ as to a god' (*carmen Christo quasi deo*) antiphonally; (2) They take an oath not to commit theft, robbery, or adultery; (3) Deaconesses (*ministrae*) are mentioned; (4) They meet on a fixed day (Sunday) before dawn and again to eat; (5) The practice had spread through 'city, villages, and rural areas' of Bithynia. Pliny's procedure: denounced Christians are examined; those who persist are executed not for crimes but for their name's obstinacy. Roman citizens are sent to Rome. Trajan's rescript (10.97): do not seek them out; anonymous accusations unacceptable; give opportunity to recant. This evidence is foundational for: early Christian worship reconstruction, the legal status of Christianity, and regional spread in Asia Minor c. 112 CE.	cascade-curator	2026-03-17T05:00:00Z
note-polycarp-ignatius-relationship	rationale	person	polycarp-of-smyrna		The relationship between [[person:ignatius-of-antioch|Ignatius of Antioch]] and [[person:polycarp-of-smyrna|Polycarp of Smyrna]] is one of the most significant in early Christianity. Primary evidence: Ignatius wrote a personal letter to Polycarp (one of his seven authentic letters) while en route to martyrdom in Rome, addressing him as an established bishop and giving pastoral advice. Polycarp's *Epistle to the Philippians* (Pol. Phil. 13) refers to Ignatius's letters and asks for information about Ignatius. The teacher-student claim (`clm-ignatius-teacher-of-polycarp`) draws on the testimony that Polycarp was a disciple of John (disputed — see `note-papias-john-elder`) and that Ignatius addressed him as a fellow bishop, not as a student per se. The `teacher_of` predicate here is used in the broader sense of theological influence rather than a formal school relationship. Certainty is `probable` because no source explicitly calls Polycarp Ignatius's student.	cascade-curator	2026-03-17T00:30:00Z
note-polycarp-martyrdom-document	rationale	event		clm-polycarp-martyrdom-year	The *Martyrdom of Polycarp* is the earliest surviving Christian martyrdom account outside the New Testament, written as a letter from the church of Smyrna to the church of Philomelium shortly after the event. The date is disputed: the traditional 155/156 CE (based on the proconsulship of Statius Quadratus) is challenged by those who prefer 167/168 CE or even 177 CE. The martyrdom account reports Polycarp's age as 86 years in the faith, which would place his conversion c. 69–81 CE — consistent with contact with the apostolic generation. The claim certainty is `probable` for the year due to this prosopographical uncertainty.	cascade-curator	2026-03-16T19:30:00Z
note-polycarp-philippians	rationale	work	epistle-of-polycarp-to-philippians		[[work:epistle-of-polycarp-to-philippians|Polycarp's Epistle to the Philippians]] is a composite document: scholars (Harrison, 1936) have argued chapters 13–14 were written c. 110 CE (contemporaneous with Ignatius, while Polycarp was still alive) and chapters 1–12 were written c. 135–137 CE (after the death of Valens the presbyter mentioned in ch. 11). Most scholars now accept the letter as a unity written c. 110–120 CE. The letter is the primary source for: Polycarp's teaching on righteousness, his anti-docetic polemic ('every spirit that does not confess that Jesus Christ has come in the flesh, is an antichrist' — *Phil* 7.1, quoting 1 John 4:2), and his catalog of virtues for church officers. It quotes or alludes to Matthew, Philippians, Ephesians, 1–2 Thessalonians, 1–2 Timothy, 1 Peter, 1 John, and 1 Clement — making it important evidence for early 2nd-century NT usage.	cascade-curator	2026-03-17T01:00:00Z
note-polycarp-quartodeciman	rationale	person	polycarp-of-smyrna	clm-polycarp-in-quartodeciman-visit	Polycarp visited Rome under Anicetus c. 155 to discuss Easter date. The formal Quartodeciman controversy is dated c. 190-195 under Victor, but the Polycarp-Anicetus precedent is crucial context.	cascade-batch-500	2026-03-12T12:00:00Z
note-presbyter-bishop-distinction	commentary	work			The evolution from collegial presbyters to monarchical bishops is one of the most debated developments in early church history. NT evidence: Phil 1:1 (bishops and deacons, no monarchical bishop); Acts 20:17/28 (elders = bishops, used interchangeably); 1 Tim 3:1–7 (single bishop, plural deacons); Titus 1:5–7 (elders = bishops). Early 2nd century: [[person:ignatius-of-antioch|Ignatius]] (c. 107–117 CE) is the first unambiguous witness to a single monarchical bishop presiding over presbyters and deacons — but this structure he describes as the norm for Asia Minor and Syria, not necessarily universal. Rome: 1 Clement (c. 96 CE) shows no monarchical bishop — it writes from 'the church' to Corinth, naming no individual bishop. By c. 150–180 CE, monarchical episcopate is attested in Rome (Hegesippus, Irenaeus) and is rapidly becoming universal. The `bishop_of` predicate in this dataset uses `probable` certainty for figures before c. 110 CE to reflect the ongoing presbyteral-episcopal ambiguity.	cascade-curator	2026-03-17T03:00:00Z
note-priscilla-aquila	rationale	person	priscilla		[[person:priscilla|Priscilla]] (also Prisca) and [[person:aquila|Aquila]] are among the most significant figures in Pauline Christianity. They appear in six NT texts: Acts 18:2, 18, 26; Rom 16:3; 1 Cor 16:19; 2 Tim 4:19. Key features: (1) Consistently named together, usually with Priscilla first (unusual for a woman); (2) Jewish Christian tentmakers from Pontus expelled from Rome under Claudius (c. 49 CE, Acts 18:2); (3) They hosted a church in their home at Corinth, Ephesus, and Rome; (4) They corrected Apollos's theology at Ephesus (Acts 18:26); (5) Paul calls them 'my co-workers in Christ Jesus' who 'risked their necks' for him (Rom 16:3–4). The theory that Priscilla authored Hebrews (Harnack, 1900) is based on: the anonymous authorship, the 'we' of Heb 13:18, the woman-led house church context, and the Pauline connections. It remains a minority scholarly view. The `active_in` and `coworker_of` claims for Priscilla/Aquila carry `attested` certainty for Corinth and Ephesus, `probable` for Rome.	cascade-curator	2026-03-17T01:30:00Z
note-priscilla-aquila-ephesus-context	rationale	group	ephesian-church	clm-aquila-ephesian-church	[[bible:1Cor.16.19|1 Corinthians 16:19]] names the house church of [[person:aquila]] and [[person:priscilla]], but the city is inferred from the letter's Asia/Ephesus setting rather than repeated explicitly in the verse. Their [[group:ephesian-church]] affiliations are therefore modeled as probable contextual links.	cascade	2026-03-10T17:15:00Z
note-psalms-of-solomon	commentary	work	psalms-of-solomon		The *Psalms of Solomon* (c. 70–40 BCE, probably Pharisaic in origin) are 18 psalms preserved in Greek and Syriac, not attributed to Solomon in the oldest manuscripts. They describe the Hasmonean rulers as wicked usurpers and celebrate the Roman conquest of Jerusalem (63 BCE, Pompey) as divine judgment, then lament Pompey's death (48 BCE) as further judgment. Key messianic content: Ps. Sol. 17–18 contain the most detailed pre-Christian Jewish messianic expectation — a Davidic king who will purge Jerusalem of Gentiles, rule in righteousness, and gather the dispersed of Israel. The Messiah is called 'Lord Messiah' (*kyrios christos*, Ps. Sol. 17:32) — a direct terminological parallel to NT usage. Relevance to this dataset: the Psalms of Solomon provide the closest Jewish parallel to early Christian messianic expectation and demonstrate that 'Christ/Messiah' as a title for a coming Davidic ruler was well established in Palestinian Judaism before Jesus. In this dataset, Psalms of Solomon passages are cited as `contextualizes` evidence for messianic claims.	cascade-curator	2026-03-17T11:00:00Z
note-quartodeciman-dispute	dispute	event		clm-quartodeciman-year	The Quartodeciman controversy (c. 190–195 CE) pitted [[person:victor-i-of-rome|Victor I]] of Rome, who demanded all churches celebrate Easter on the Sunday after Passover, against the Asian churches led by [[person:polycrates-of-ephesus|Polycrates of Ephesus]], who maintained the tradition of celebrating on 14 Nisan (hence 'Quartodeciman' = fourteenth). [[person:irenaeus-of-lyons|Irenaeus]] mediated, arguing diversity on this point had never broken communion (Eusebius HE 5.23–25). Victor threatened excommunication; it is debated whether he actually carried this out. The Polycarp-Anicetus precedent (c. 155 CE) established that peaceful disagreement was possible. The controversy is foundational for understanding early episcopal authority and its limits.	cascade-curator	2026-03-16T19:30:00Z
note-quartodeciman-irenaeus-mediation	rationale	person	irenaeus-of-lyons	clm-irenaeus-in-quartodeciman	Irenaeus's role in the Quartodeciman controversy is fully attested by Eusebius HE 5.24, which preserves a summary of Irenaeus's letter to Victor urging peace. Irenaeus's argument was not to adjudicate which side was right but to insist that diversity on this point had never broken ecclesial unity — citing Polycarp's own visit to Anicetus as precedent. The participant_in claim is therefore attested with a mediator rather than partisan role.	cascade	2026-03-10T21:00:00Z
note-revelation-authorship	dispute	work			The authorship of Revelation is disputed. The author identifies himself as 'John' (Rev 1:1, 1:9, 22:8) writing from Patmos, but ancient sources debate whether this is John the Apostle (Irenaeus AH 5.30, Justin Dial. 81), 'the Elder John' (Papias, as argued by Dionysius of Alexandria in Eusebius HE 7.25), or another John entirely. Dionysius of Alexandria conducted the first critical stylistic comparison with the Gospel of John and concluded they were by different authors. The date is also disputed: Domitian (c. 95 CE, majority view) vs. Nero (c. 68 CE, based on internal evidence). Claims about Revelation's authorship are modeled as `claimed_tradition` for the apostolic attribution.	cascade-curator	2026-03-16T19:30:00Z
note-roman-episcopal-succession	rationale	group			The Roman episcopal succession list is attested in multiple 2nd–3rd century sources with some variation: Hegesippus (c. 165 CE, quoted in Eusebius HE 4.22), Irenaeus (*AH* 3.3.3, c. 180 CE), and Eusebius (*HE* 3.2, 4–15, c. 313 CE). The standard list: Peter → Linus → Anacletus/Anencletus → Clement → Evaristus → Alexander I → Sixtus I → Telesphorus → Hyginus → Pius I → Anicetus → Soter → Eleutherius → Victor → Zephyrinus → Callistus → Urban → Pontian → Anterus → Fabian → Cornelius → Lucius → Stephen → Sixtus II → Dionysius → Felix I → Eutychianus → Caius → Marcellinus. The earliest figures (Linus through Clement) are disputed as to whether they represent monarchical bishops or leading elders. The `bishop_of` predicate for these early figures carries `probable` certainty reflecting this ambiguity. From Victor I (c. 189–199 CE) onward, the episcopal office is clearly monarchical. See also `note-clement-bishop-precision` and `note-clement-rome-episcopal`.	cascade-curator	2026-03-17T00:30:00Z
note-romans-pauline-summary	rationale	work	epistle-to-the-romans	clm-romans-by-paul	Romans (c. 56–58 CE, from Corinth) is Paul's most systematic theological letter — often described as his magnum opus. Structure: (1) 1–4: righteousness of God, human sinfulness, justification by faith; (2) 5–8: life in Christ, the Spirit, future glory; (3) 9–11: Israel and salvation history ('the mystery of Israel'); (4) 12–16: practical ethics, community relations. Unusual character: unlike Paul's other letters, Romans was not written to a community Paul founded. He wrote in preparation for his planned visit (Rom 15:24), possibly to secure support for a mission to Spain, and possibly to mediate Jewish-Gentile tensions in the Roman house churches. Authorship is `attested` — universally accepted, one of the seven undisputed Pauline letters (with 1–2 Cor, Gal, Phil, 1 Thess, Phlm). The letter cites Phoebe as a *diakonos* of Cenchreae (16:1) — key evidence for women in ministry leadership in early Christianity.	cascade-curator	2026-03-17T06:30:00Z
note-rule-of-faith	rationale	work			The *regula fidei* ('rule of faith') is the pre-creedal summary of Christian doctrine used as a hermeneutical norm in 2nd–3rd century theology. Key witnesses: (1) Irenaeus (*AH* 1.10.1): trinitarian structure — one God who made all things; Christ Jesus who became flesh; the Holy Spirit who through the prophets proclaimed the divine economy; (2) Tertullian (*De Praes.* 13; *De Virg. Vel.* 1): similar trinitarian summary, used to adjudicate appeals to Scripture against heretics; (3) Origen (*De Princ.* Preface): identifies the 'ecclesiastical preaching' as the fixed deposit distinct from speculative theology. The *regula* differs from the later creeds in: being narrative and doxological rather than propositional; varying in exact wording between authors; functioning as an interpretive key rather than a legal formula. Relationship to canon and creed: the *regula* is chronologically prior to the fixed NT canon and the developed creeds, showing that doctrinal consensus preceded textual canonization. In this dataset, claims about the *regula fidei* content are modeled as `work_affirms_proposition` linked to the relevant patristic work.	cascade-curator	2026-03-17T08:30:00Z
note-saturninus-docetist	rationale	person	saturninus	clm-saturninus-member-docetists	Saturninus taught the Saviour was unborn, incorporeal, and only appeared human — classically docetist. His membership in the broader docetist movement is modeled as probable.	cascade-batch-500	2026-03-12T12:00:00Z
note-seed-scope	rationale	event	baptism-of-jesus		Seed dataset is intentionally limited to the public ministry of [[person:jesus-of-nazareth]]. Places like [[place:galilee]] and [[place:jerusalem]] are included only insofar as they are needed for ministry-period claims.	seed-script	2026-03-09T00:00:00Z
note-seed-sources	commentary	work	antiquities-of-the-jews	clm-john-active-wilderness	Primary evidence in this starter set is weighted toward the canonical Gospels. [[work:antiquities-of-the-jews|Josephus's Antiquities]] is included as a contextual non-Christian witness for [[person:john-the-baptist]] and [[person:pontius-pilate]].	seed-script	2026-03-09T00:00:00Z
note-shapur-persecution-context	rationale	event		clm-shapur-persecution-year	The Shapurian persecution under Shapur II (337–379 CE) was directed primarily at Persian Christians in the Sasanid Empire, coinciding with Constantine I's Christianization of the Roman Empire. Shapur II regarded his empire's Christians as potential Roman sympathizers and imposed heavy taxes, then outright persecution. The Syriac *Acts of the Persian Martyrs* (Bedjan edition) document the execution of thousands of Persian Christians, including bishops, priests, and lay people. [[person:aphrahat|Aphrahat the Persian Sage]] wrote his *Demonstrations* (337–345 CE) during this persecution, addressing communities under severe pressure. The *fall-of-nisibis* event (363 CE, ceded to Persia by Jovian after Julian's defeat) is related context: [[person:ephrem-the-syrian|Ephrem]] fled Nisibis at this point, settling in Edessa for the final decade of his life. Year claims for Persian martyrdom events carry `probable` certainty reflecting the limited precision of Syriac martyrology dating.	cascade-curator	2026-03-16T21:30:00Z
note-shepherd-hermas-canon	dispute	work	shepherd-of-hermas		The *Shepherd of Hermas* (c. 100–160 CE) occupied a unique position in the early church: widely read and highly regarded, it appears in the Codex Sinaiticus after Revelation, suggesting full canonical status in some communities. The Muratorian Fragment (c. 170–200 CE, probably Roman) accepts Hermas's spiritual value but excludes it from public reading — because it was written 'recently' by Hermas, brother of Bishop Pius I of Rome. Origen (*Comm. Rom.* 10.31) cites it as Scripture. Eusebius (*HE* 3.3.6) classifies it as *notha* (spurious). Athanasius (*Festal Letter* 39, 367 CE) lists it as useful for instruction but not canonical. The Hermas debate illustrates the fluidity of canonical boundaries before the 4th century. In this dataset, proposition claims derived from Hermas are modeled as `work_affirms_proposition` rather than treated as Scripture, following the modern scholarly convention.	cascade-curator	2026-03-17T01:00:00Z
note-shepherd-of-hermas	commentary	work	shepherd-of-hermas		The *Shepherd of Hermas* (c. 100–155 CE, Rome) is the longest of the Apostolic Fathers and was extremely popular in the early church, treated as canonical by some (Irenaeus, Clement of Alexandria, Origen). Structure: Five Visions, Twelve Mandates, Ten Similitudes. Authorship: the Muratorian Fragment identifies the author as 'Hermas, brother of Pius, bishop of Rome' (c. 140–154 CE) — but internal tradition claims a Clement of Rome connection. Likely composed in stages c. 100–155 CE. Theological distinctives: (1) Second repentance — one post-baptismal repentance opportunity for the 'lapsed'; central for penitential theology; (2) Angelology — the 'Shepherd' is the angel of repentance; (3) Christology is fluid/unclear (Spirit-Christology? Angel-Christology?); (4) The church as a tower being built from living stones. Significance: primary evidence for Rome's theology of penance c. 100–150 CE; popular with catechumens; status as canonical eventually declined when the canon was formally settled. In this dataset, Hermas serves as evidence for Roman Christian theology and practice in the early-mid 2nd century.	cascade-curator	2026-03-17T08:00:00Z
note-syriac-christian-tradition	commentary	group			Syriac Christianity (centered on Edessa/Osrhoene) represents one of the earliest and most distinctive branches of early Christianity, developing independently of the Greek-speaking Mediterranean tradition. Key features: (1) Syriac (eastern Aramaic) as liturgical language, closely related to Jesus's own Aramaic dialect; (2) Tatian's *Diatessaron* (gospel harmony) was the standard Gospel text in Syriac churches until the 5th century; (3) Distinct christological vocabulary (*shem*, *ruha*) and ascetic tradition; (4) [[person:ephrem-the-syrian|Ephrem the Syrian]] (c. 306–373 CE) represents the classical Syriac tradition at its height; (5) Bardaisan of Edessa shows that early Edessene Christianity was theologically diverse before orthodox consolidation. The Syriac tradition's relationship to Mesopotamian Jewish Christianity and to Thomas Christianity makes it essential context for understanding eastward Christian expansion.	cascade-curator	2026-03-16T21:30:00Z
note-syriac-peshitta	rationale	work			The Peshitta (from Syriac *pešîttā*, 'simple/common') is the standard version of the Christian Bible in Syriac, serving a role analogous to the Latin Vulgate in Western Christianity. The OT Peshitta was translated from Hebrew, largely pre-Christian, possibly by the Jewish community of Adiabene; some books may have been translated by Jewish Christians. The NT Peshitta's origins are complex: (1) Tatian's *Diatessaron* was the standard Gospel text in Syriac Christianity until the 5th century; (2) The four separate Gospels in the Peshitta were introduced by Rabbula, bishop of Edessa (d. 435 CE), replacing the Diatessaron; (3) The Peshitta NT contains only 22 books — it lacks 2 Peter, 2–3 John, Jude, and Revelation (which remain outside the Syriac canon in many communities). Claims in this dataset about Syriac Christianity's Scripture use should note the Diatessaron-Peshitta transition and the narrower Syriac NT canon.	cascade-curator	2026-03-17T02:00:00Z
note-tacitus-annals-15-44	rationale	work	annals-of-tacitus		Tacitus's *Annals* 15.44 (written c. 116–120 CE) is one of the two most important pagan references to Jesus and early Christianity. The passage: 'Christus, from whom the name had its origin, suffered the extreme penalty during the reign of Tiberius at the hands of one of our procurators, Pontius Pilatus, and a most mischievous superstition, thus checked for the moment, again broke out not only in Judaea, the first source of the evil, but even in Rome.' Significance: (1) Independent Roman confirmation of Jesus's execution under Pilate; (2) Locates early Christian expansion in both Judaea and Rome by Nero's time (64 CE); (3) The term 'superstition' (*superstitio*) is technically negative — Tacitus clearly does not sympathize with Christians. Authenticity: accepted by virtually all historians; the interpolation theory (Hochart, Price) has minimal scholarly support. The passage's value for this dataset: confirms the Neronian persecution context and the Roman Christian community by 64 CE.	cascade-curator	2026-03-17T05:00:00Z
note-tacitus-authorship	rationale	person	tacitus	clm-annals-by-tacitus	[[person:tacitus|Tacitus]] (c. 56–120 CE) is the most important Roman historian for early Christian history. His two major works: - *Annals* (c. 116–120 CE): covers Tiberius through Nero; includes the famous passage on Nero's persecution of Christians (15.44); - *Histories* (c. 100–110 CE): covers 69–96 CE; includes a hostile ethnography of Jews in Book 5. His authorship is inferred from: Pliny the Younger's correspondence (9 letters to 'Tacitus'); explicit self-identification in *Agricola* and *Germania*; stylistic continuity across all works. Value as a source: Tacitus had access to senatorial archives and official records; he is explicitly hostile to Christians (*exitiabilis superstitio*, 'a destructive superstition') and to Jews, making his attestations to the Christian origins in Judaea all the more significant as external, non-sympathetic confirmation. In this dataset, Tacitus's works are used as `contextualizes` or `supports` evidence where they explicitly name events, places, or persons.	cascade-curator	2026-03-17T11:00:00Z
note-tatian-diatessaron	commentary	person		clm-tatian-affirms-gospel-harmony	[[person:tatian-the-assyrian|Tatian]] (c. 120–c. 180 CE) was an Assyrian apologist and theologian, student of Justin Martyr, and founder of the Encratite sect. **The Diatessaron**: Tatian's most influential work was a harmony of the four Gospels (*Diatessaron* = 'through four') composed c. 170 CE; likely written in Syriac for the Eastern church. It was the standard Gospel text in Syriac Christianity until replaced by the separate Gospels in the 5th century (Theodoret of Cyrrhus reportedly destroyed 200 copies). The Diatessaron is known through: secondary quotations; the *Commentarius* of Ephrem the Syrian; an Arabic translation; and a Latin excerpt (*Codex Fuldensis*). **Oration to the Greeks**: Tatian's surviving apologetic work attacks Greek philosophy and culture as inferior to 'barbarian' (i.e., biblical) wisdom; provides early testimony on idol worship and demonology. **Encratism**: After Justin's martyrdom, Tatian returned to Syria and founded the Encratites, who rejected marriage, meat, and wine (using water in the Eucharist — *Aquarii*). Eusebius *HE* 4.29 describes this development. **Dataset note**: Claims cover his affirmation of the Gospel harmony (Diatessaron) and encratite teaching, evidenced by Tertullian and Eusebius.	cascade-curator	2026-03-17T14:30:00Z
note-tatian-return-east	rationale	person	tatian-the-assyrian	clm-tatian-active-edessa	After Justin's death Tatian returned East. The Diatessaron's Syriac composition localizes him at Edessa.	cascade-batch-500	2026-03-12T12:00:00Z
note-tatian-student-of-justin	rationale	person	tatian-the-assyrian	clm-justin-teacher-of-tatian	Tatian mentions in Oration 29 that he studied under an unnamed teacher whose teachings changed his life; patristic tradition (Irenaeus AH 1.28.1, Eusebius HE 4.29) identifies this as Justin Martyr. Tatian's Oration reflects close theological dependence on Justin's Logos theology and apologist method. The teacher_of claim is modeled as attested (not merely probable) because Irenaeus explicitly names the connection.	cascade	2026-03-10T21:00:00Z
note-term-catholic-church	rationale	person	ignatius-of-antioch	clm-ignatius-affirms-succession	The term 'catholic church' (*hē katholikē ekklēsia*, the universal/whole church) first appears in [[person:ignatius-of-antioch|Ignatius of Antioch]] (*Smyrn.* 8.2, c. 107–117 CE): 'Wherever the bishop appears, there let the congregation be, just as wherever Jesus Christ is, there is the catholic church.' The term means 'universal' or 'whole' — the church that includes all Christians everywhere, as distinguished from local congregations. In Ignatius, the term is not yet polemically used (it does not distinguish orthodoxy from heresy); it simply affirms the unity of the whole body gathered under the bishop. The polemical use — 'catholic' as 'orthodox' vs. 'heretical' — develops through the Quartodeciman controversy and against Marcionism. By the 3rd century, 'Catholic church' had become the standard self-designation of the proto-orthodox mainstream over against schismatic and heretical groups.	cascade-curator	2026-03-17T02:00:00Z
note-term-christian	rationale	work			The term 'Christian' (*Christianos*) first appears in Acts 11:26: 'the disciples were first called Christians in Antioch.' This is the earliest textual attestation of the label, dated c. 40–50 CE within the narrative. Pliny the Younger (*Ep.* 10.96, c. 112 CE) uses it as an established self-designation among the accused. Tacitus (*Ann.* 15.44, written c. 117 CE) identifies Christians as followers of 'Christus' executed under Pilate. The term was likely coined by outsiders (as a gentile nickname for 'Messiah-people') before being adopted by believers. Ignatius (*Ign. Magn.* 10, *Ign. Rom.* 3, *Ign. Eph.* 11) is the first Christian writer to use the term self-consciously as a positive identity marker: 'it is not my business to only be called a Christian, but also to be one.' Claims in this dataset that use 'Christian' as a descriptor reflect this established usage by the time of our earliest sources.	cascade-curator	2026-03-17T00:30:00Z
note-tertullian-apol-context	rationale	work	apologeticum	clm-apologeticum-by-tertullian	Tertullian's *Apologeticum* (c. 197 CE) is the most systematic and rhetorically sophisticated 2nd-century defense of Christianity to pagan authorities. Addressed formally to Roman provincial governors, it argues: (1) Christians are innocent of the three main charges: atheism, treason, immorality; (2) Roman law's procedure against Christians is unjust — the name alone is punished; (3) Christianity surpasses Roman religion in morality and philosophical coherence; (4) The famous reversal: 'The blood of Christians is seed' (*Apol.* 50.13), often misquoted as 'The blood of martyrs is the seed of the church.' The *Apologeticum* is the primary Latin source for: 2nd-century Christian worship practices (ch. 39 — the weekly assembly, love feast, Scripture reading, prayer), Christian ethics, and the theology of martyrdom as witness. Its relationship to earlier Greek apologists (Athenagoras, Justin) is debated — Tertullian may have known Justin's *Apology* but the dependence is not direct.	cascade-curator	2026-03-17T01:00:00Z
note-tertullian-de-baptismo	rationale	work	de-baptismo		[[work:de-baptismo|Tertullian's *De Baptismo*]] (c. 200–206 CE) is the earliest surviving Christian treatise exclusively on baptism. Key positions: (1) Baptism is necessary for salvation but not magically efficacious — it requires appropriate repentance and faith. (2) The formula is trinitarian (Father, Son, Holy Spirit), citing Matthew 28:19. (3) Tertullian argues against infant baptism (ch. 18) — 'Why, indeed, is it necessary... that the sponsors likewise should be thrust into danger?' — the earliest extant argument against the practice, and the only pre-Nicene anti-paedobaptist statement from a major author. (4) He defends the validity of water baptism against Quintilla's group (who rejected the material rite). The work is also the primary source for 2nd–3rd century baptismal liturgy: anointing, hand-laying, milk-and-honey, weekly celebrations of the resurrection. Its pre-Montanist authorship is generally accepted; Tertullian's later Montanist writings take a stricter position on baptism's moral demands.	cascade-curator	2026-03-17T00:30:00Z
note-tertullian-de-carne	rationale	work	de-carne-christi	clm-de-carne-by-tertullian	[[work:de-carne-christi|Tertullian's *De Carne Christi*]] (c. 210 CE) is the most systematic early Christian defense of the physical reality of the incarnation against Docetist and Marcionite positions. The famous anti-Docetist slogan 'credo quia absurdum' (I believe because it is absurd) does not actually appear in the text in that form; the actual statement (ch. 5) is: 'And the Son of God died; it is by all means to be believed, because it is absurd.' The work is also the primary Latin source for the Valentinian and Marcionite positions on Christ's body, making it essential for understanding 2nd–3rd century christological debates. Proposition claims about Christ's physical birth and physical resurrection (*De Resurr. Carnis*) draw heavily on Tertullian's anti-Docetist corpus.	cascade-curator	2026-03-16T23:30:00Z
note-tertullian-montanism	rationale	person	tertullian		[[person:tertullian|Tertullian]] joined the New Prophecy (Montanist) movement c. 207–213 CE, after which his works show increasingly rigorist positions on second marriage, flight from persecution, military service, and the authority of the Paraclete's new revelations over ecclesiastical hierarchy. Works written in his Montanist period include *De Monogamia*, *De Ieiunio*, *De Fuga*, and *De Pudicitia*. His earlier apologetic and theological works (*Apologeticum*, *Adv. Marcionem*, *Adv. Praxean*, *De Baptismo*, *De Praescriptione*) are broadly catholic. The chronology is debated; Tertullian may never have formally joined an organized Montanist sect but rather developed his own independent rigorist position. Proposition claims from his Montanist works are flagged with this context where relevant.	cascade-curator	2026-03-16T19:30:00Z
note-tertullian-overview	commentary	person	tertullian		[[person:tertullian|Tertullian]] (c. 155–c. 240 CE) is the father of Latin theology and one of the most prolific early Christian writers. **Phases**: - *Orthodox phase* (c. 196–207): defends Christianity against pagans (*Apologeticum*), against heretics (*De Praescriptione*, *Adversus Marcionem*, *Adversus Praxean*), and writes on discipline (*De Baptismo*, *De Oratione*); - *Montanist phase* (c. 207–212+): joins the New Prophecy movement; writes polemics against the institutional church (*De Ieiunio*, *De Monogamia*, *De Pudicitia*). **Theological contributions**: - Coined or fixed key Latin theological vocabulary: *trinitas*, *persona*, *substantia*, *satisfactio*, *sacramentum*; - Developed the rule of faith (*regula fidei*) as hermeneutical principle; - Articulated the doctrine of two natures in Christ (*Adversus Praxean*). **Controversies**: His Montanist phase and rigorist ethics (opposing second marriage, theatrical shows, military service) make his relationship to mainstream orthodoxy complex. Jerome (*De Viris Ill.* 53) says he 'fell away from the church on account of the envy and abuse of the Roman clergy.' **Dataset note**: Multiple Tertullian claims in this dataset cover his Carthaginian origins, Trinitarian formula, catechumenate, fasting, and Montanist membership.	cascade-curator	2026-03-17T14:30:00Z
note-tertullian-universal-rhetoric	dispute	work	adversus-judaeos-tertullian	clm-adv-jud-mentions-universal	Tertullian's list of nations who have come to faith in Christ ([[work:adversus-judaeos-tertullian|Adv. Jud.]] 7) is a rhetorical flourish arguing for the fulfillment of Psalm 2 and Isaiah 45. The list includes Parthians, Medes, Elamites, British, Moors, and others. It should not be read as documentary evidence of organized Christian communities in each named region; rather it attests Tertullian's *claim* that Christianity had reached these areas. The claims based on this passage are tagged `claimed_tradition` or `contextualizes` rather than `supports` for specific regional presence.	cascade-curator	2026-03-16T13:00:00Z
note-theophilus-of-antioch	rationale	person	theophilus-of-antioch	clm-ad-autolycum-by-theophilus	[[person:theophilus-of-antioch|Theophilus of Antioch]] (bishop c. 169–183 CE) is notable for several 'firsts' in Christian literature: (1) First Christian author to use the word *Trias* (Trinity) for the Father, Word, and Wisdom (*Ad Autolycum* 2.15); (2) *Ad Autolycum* is the earliest surviving complete Christian apologetic work in Greek addressed to a named pagan; (3) He demonstrates detailed engagement with Greek philosophical tradition while insisting on the superiority of Hebrew chronology and Scripture. His trinitarian formula distinguishes him from later binitarian apologists: Theophilus explicitly includes the Holy Spirit in the divine triad. The claim `clm-ad-autolycum-affirms-trinity` is modeled as `attested` with high confidence based on *Ad Autolycum* 2.15.	cascade-curator	2026-03-17T02:00:00Z
note-theophilus-trinity-term	rationale	work	ad-autolycum	clm-ad-autolycum-affirms-logos	[[work:ad-autolycum]] 2.15 contains the first known Christian use of the Greek term Τριάς (Trinity), applied to God, his Word, and his Wisdom. This is significant enough to warrant the editorial note. The Logos proposition claimed (logos-is-pre-existent-son-of-god) is a fit because Theophilus explicitly describes the Logos as begotten from God before creation. The Trinity term itself is not captured as a separate proposition but is contextually significant for the Logos claim.	cascade	2026-03-10T21:00:00Z
note-third-epistle-john	commentary	work	third-epistle-of-john		3 John (the shortest NT book at 219 Greek words) is a personal letter from 'the Elder' to Gaius, praising his hospitality to traveling missionaries and criticizing Diotrephes 'who loves to be first' and refuses to receive the Elder's messengers. Historical significance: 3 John provides a rare glimpse of conflict between itinerant charismatic authority (the Elder) and local episcopal authority (Diotrephes). The conflict illuminates the transition from apostolic/prophetic to monarchical-episcopal governance. Authorship: same 'Elder' as 2 John; traditionally John the Apostle, but may be a distinct Elder John (Papias's testimony, Eusebius HE 3.39). Diotrephes: sometimes read as a proto-Gnostic or simply as an independent-minded local bishop. The text does not specify his theology. Demetrius is commended — possibly the letter-carrier. Canonical status: among the *antilegomena* of Eusebius (HE 3.25.3); included in Athanasius's canon (367 CE). In this dataset, 3 John is used as evidence for early church governance conflicts and the authority of 'the Elder.'	cascade-curator	2026-03-17T11:00:00Z
note-thomas-india-tradition	dispute	person	thomas	clm-acts-thomas-mentions-india-reached	The claim that [[person:thomas|Thomas the Apostle]] preached in India rests on the [[work:acts-of-thomas|Acts of Thomas]] (c. 220-240 CE) and later church tradition preserved in [[work:rufinus-ecclesiastical-history|Rufinus]] and [[work:ecclesiastical-history-of-eusebius|Eusebius]]. The Acts of Thomas is a Syriac apocryphal work composed long after the events it purports to describe. Mainstream scholarship treats the India mission as legendary, though the 'Thomas Christians' of India (Nasrani) trace their origin to this tradition. Claims based on this evidence are tagged `claimed_tradition` rather than `attested`.	cascade-curator	2026-03-16T13:00:00Z
note-valentinian-school	dispute	person	valentinus	clm-valentinus-active-rome	Valentinus (c. 100–160 CE) founded the most influential Gnostic school of the 2nd century. Educated at Alexandria, he came to Rome c. 136 CE and reportedly came close to being elected bishop (Tertullian *Adv. Val.* 4). His system: a complex divine Pleroma of 30 Aeons arranged in syzygies (male-female pairs), from which the Demiurge (a lower deity, not the highest God) created the material world. Humans contain divine sparks that must ascend back to the Pleroma through Gnosis. Primary sources: fragments preserved in Clement of Alexandria (*Strom.*) and Hippolytus (*Ref.* 6.29–37); the *Gospel of Truth* (Nag Hammadi I.3 and XII.2) is possibly by Valentinus himself. His school split into Eastern (Theodotus) and Western (Ptolemy, Heracleon) branches after his death. Irenaeus (*AH* 1.1–8) provides the fullest account of Ptolemaic Valentinianism. Irenaeus's *Against Heresies* was written specifically against Valentinianism (Ptolemy's school, in Lyon) — making Valentinus the polemical center of 2nd-century anti-Gnostic literature. In this dataset, Valentinian theological claims use `probable` certainty and `strong_inference` mode where only Irenaeus's secondary account survives.	cascade-curator	2026-03-17T08:00:00Z
note-valentinus-biography	rationale	person	valentinus	clm-valentinus-active-rome	[[person:valentinus|Valentinus]] (c. 100–160 CE) was the most sophisticated Gnostic theologian of the 2nd century, active in Rome c. 136–165 CE. According to Tertullian (*Adv. Val.* 4), he was a candidate for bishop of Rome but lost the election to a confessor, precipitating his move toward heterodoxy. This account is from a hostile source and should be treated cautiously. Valentinus's own writings survive only in fragments: the *Gospel of Truth* (from Nag Hammadi, NH I.3) is attributed to Valentinus by Irenaeus (AH 3.11.9), though this identification is debated. His system: a complex Pleroma of 30 Aeons, the Fall of Sophia, the Demiurge, and three classes of humans (pneumatic, psychic, hylic). His pupils Ptolemy and Heracleon systematized 'Eastern' Valentinianism; Marcus (of the Marcosians) is a distinct offshoot. The `active_in=rome` claim is `attested` based on explicit statement in Irenaeus AH 3.4.3 and Tertullian.	cascade-curator	2026-03-17T01:30:00Z
note-valerian-persecution	rationale	event	cyprians-martyrdom	clm-cyprians-martyrdom-year	The Valerian persecution (257–260 CE) specifically targeted Christian clergy and prohibited assemblies at cemeteries. Edict I (257 CE) required clergy to perform state cult sacrifice; Edict II (258 CE) mandated execution of bishops, priests, and deacons. [[person:cyprian-of-carthage|Cyprian]] was martyred on 14 September 258 CE under Proconsul Galerius Maximus — the first bishop of Carthage to be martyred. The *Acta Proconsularia Cypriani* preserve the trial transcript. This is one of the most precisely documented early Christian martyrdoms: day, month, year, and the official record all survive. The `cyprians-martyrdom` event year 258 CE is therefore `attested` with high confidence.	cascade-curator	2026-03-16T19:30:00Z
note-wisdom-of-solomon	commentary	work	wisdom-of-solomon		The *Wisdom of Solomon* (c. 100 BCE–50 CE, Alexandria, Greek) is a deuterocanonical/apocryphal text that is canonical in Catholic and Orthodox traditions but not in Protestant or Jewish canons. Author: Pseudonymously Solomon; actually an Alexandrian Jewish author writing sophisticated Greek (likely c. 30 BCE–10 CE based on literary and historical allusions). Key themes: (1) The fate of the righteous and wicked in afterlife (Wis 3:1–9: 'the souls of the righteous are in God's hands'); (2) Wisdom as a divine hypostasis — a female personification who participates in creation; (3) Anti-idolatry polemic (Wis 13–15). NT connections: Wis 7:25–26 on Wisdom's attributes influenced Heb 1:3 and Col 1:15 (Christ as image and radiance of God); Wis 2:12–20 ('if the righteous man is God's son, he will help him') may lie behind Mt 27:43's mockery of Jesus on the cross. In this dataset, Wisdom of Solomon passages are cited as contextual background for early Christian Christological development.	cascade-curator	2026-03-17T11:00:00Z
note-women-early-church	dispute	work			The role of women in early Christianity is among the most debated questions in NT and patristic scholarship. Key evidence clusters: (1) *Pauline letters*: Phoebe — *diakonos* and *prostatis* (Rom 16:1–2); Prisca/Priscilla — Paul's co-worker (*synergos*, Rom 16:3); Junia — 'outstanding among the apostles' (Rom 16:7); Philip's prophesying daughters (Acts 21:9). (2) *Corinthian correspondence*: women prophesy (1 Cor 11:5); the silence command (1 Cor 14:34–35) may be a later interpolation (Payne, Allison) or addressed to a specific disruptive behavior. (3) *Pastoral Epistles* (later): 1 Tim 2:12 ('I do not permit a woman to teach or have authority') — most restrictive; reflects later consolidation. (4) *Pliny Ep.* 10.96: *ministrae* = deaconesses (early 2nd century, Bithynia). (5) *Didascalia* (c. 230–250 CE): explicit deaconess office. (6) Montanism: Prisca and Maximilla as prophets; the New Prophecy explicitly endorsed female prophetic leadership. The trajectory: egalitarian house-church practice → gradual institutionalization → restriction of women to deaconess role (mainly serving women) → exclusion from presbyterate by c. 300 CE.	cascade-curator	2026-03-17T08:00:00Z
